{"type":"FeatureCollection","features":[{"type":"Feature","geometry":{"type":"Point","coordinates":[19.555635,50.206885]},"properties":{"name":"Lgota II","band":0,"modes":"bus","arr":["457"],"off":[0,-0.8]}},{"type":"Feature","geometry":{"type":"Point","coordinates":[19.555635,50.206885]},"properties":{"line":"457","mode":"bus","color":"#0059a9","colorDark":"#00294f","band":0,"off":[0,1.1]}},{"type":"Feature","geometry":{"type":"Point","coordinates":[19.462015,50.264812]},"properties":{"name":"Bukowno Dworzec PKP","band":0,"modes":"bus","arr":["457","463","464","465","466","467"],"off":[0,-0.8]}},{"type":"Feature","geometry":{"type":"Point","coordinates":[19.462015,50.264812]},"properties":{"line":"457","mode":"bus","color":"#0059a9","colorDark":"#00294f","band":0,"off":[-6.8,1.1]}},{"type":"Feature","geometry":{"type":"Point","coordinates":[19.462015,50.264812]},"properties":{"line":"463","mode":"bus","color":"#0059a9","colorDark":"#00294f","band":0,"off":[-3.4,1.1]}},{"type":"Feature","geometry":{"type":"Point","coordinates":[19.462015,50.264812]},"properties":{"line":"464","mode":"bus","color":"#0059a9","colorDark":"#00294f","band":0,"off":[0,1.1]}},{"type":"Feature","geometry":{"type":"Point","coordinates":[19.462015,50.264812]},"properties":{"line":"465","mode":"bus","color":"#0059a9","colorDark":"#00294f","band":0,"off":[3.4,1.1]}},{"type":"Feature","geometry":{"type":"Point","coordinates":[19.462015,50.264812]},"properties":{"line":"466","mode":"bus","color":"#0059a9","colorDark":"#00294f","band":0,"off":[6.8,1.1]}},{"type":"Feature","geometry":{"type":"Point","coordinates":[19.462015,50.264812]},"properties":{"line":"467","mode":"bus","color":"#0059a9","colorDark":"#00294f","band":0,"off":[0,3.1]}},{"type":"Feature","geometry":{"type":"Point","coordinates":[19.565681,50.282008]},"properties":{"name":"Olkusz Supersam ZKGKM","band":0,"modes":"bus","arr":["457","462","463","470","471","473","474","475","476","477","BP","G","SŁ","WK","ZP","ZZ","Ż"],"off":[0,-0.8],"sc":0.9}},{"type":"Feature","geometry":{"type":"Point","coordinates":[19.565681,50.282008]},"properties":{"name":"Olkusz Supersam ZKG KM","band":0,"modes":"bus","arr":["457","462","463","470","471","473","474","475","476","477","BP","G","SŁ","WK","ZP","ZZ","Ż"],"off":[0,-3],"sc":0.9}},{"type":"Feature","geometry":{"type":"Point","coordinates":[19.565681,50.282008]},"properties":{"name":"Olkusz Rabsztyńska Wulkanizacja","band":0,"modes":"bus","arr":["457","462","463","470","471","473","474","475","476","477","BP","G","SŁ","WK","ZP","ZZ","Ż"],"off":[0,-5.2],"sc":0.9}},{"type":"Feature","geometry":{"type":"Point","coordinates":[19.565681,50.282008]},"properties":{"line":"457","mode":"bus","color":"#0059a9","colorDark":"#00294f","band":0,"sc":0.9,"off":[-6.8,1.1]}},{"type":"Feature","geometry":{"type":"Point","coordinates":[19.565681,50.282008]},"properties":{"line":"462","mode":"bus","color":"#0059a9","colorDark":"#00294f","band":0,"sc":0.9,"off":[-3.4,1.1]}},{"type":"Feature","geometry":{"type":"Point","coordinates":[19.565681,50.282008]},"properties":{"line":"463","mode":"bus","color":"#0059a9","colorDark":"#00294f","band":0,"sc":0.9,"off":[0,1.1]}},{"type":"Feature","geometry":{"type":"Point","coordinates":[19.565681,50.282008]},"properties":{"line":"470","mode":"bus","color":"#0059a9","colorDark":"#00294f","band":0,"sc":0.9,"off":[3.4,1.1]}},{"type":"Feature","geometry":{"type":"Point","coordinates":[19.565681,50.282008]},"properties":{"line":"471","mode":"bus","color":"#0059a9","colorDark":"#00294f","band":0,"sc":0.9,"off":[6.8,1.1]}},{"type":"Feature","geometry":{"type":"Point","coordinates":[19.565681,50.282008]},"properties":{"line":"473","mode":"bus","color":"#0059a9","colorDark":"#00294f","band":0,"sc":0.9,"off":[-6.8,3.1]}},{"type":"Feature","geometry":{"type":"Point","coordinates":[19.565681,50.282008]},"properties":{"line":"474","mode":"bus","color":"#0059a9","colorDark":"#00294f","band":0,"sc":0.9,"off":[-3.4,3.1]}},{"type":"Feature","geometry":{"type":"Point","coordinates":[19.565681,50.282008]},"properties":{"line":"475","mode":"bus","color":"#0059a9","colorDark":"#00294f","band":0,"sc":0.9,"off":[0,3.1]}},{"type":"Feature","geometry":{"type":"Point","coordinates":[19.565681,50.282008]},"properties":{"line":"476","mode":"bus","color":"#0059a9","colorDark":"#00294f","band":0,"sc":0.9,"off":[3.4,3.1]}},{"type":"Feature","geometry":{"type":"Point","coordinates":[19.565681,50.282008]},"properties":{"line":"477","mode":"bus","color":"#0059a9","colorDark":"#00294f","band":0,"sc":0.9,"off":[6.8,3.1]}},{"type":"Feature","geometry":{"type":"Point","coordinates":[19.565681,50.282008]},"properties":{"line":"BP","mode":"bus","color":"#0059a9","colorDark":"#00294f","band":0,"sc":0.9,"off":[-6.8,5.1]}},{"type":"Feature","geometry":{"type":"Point","coordinates":[19.565681,50.282008]},"properties":{"line":"G","mode":"bus","color":"#0059a9","colorDark":"#00294f","band":0,"sc":0.9,"off":[-3.4,5.1]}},{"type":"Feature","geometry":{"type":"Point","coordinates":[19.565681,50.282008]},"properties":{"line":"SŁ","mode":"bus","color":"#0059a9","colorDark":"#00294f","band":0,"sc":0.9,"off":[0,5.1]}},{"type":"Feature","geometry":{"type":"Point","coordinates":[19.565681,50.282008]},"properties":{"line":"WK","mode":"bus","color":"#0059a9","colorDark":"#00294f","band":0,"sc":0.9,"off":[3.4,5.1]}},{"type":"Feature","geometry":{"type":"Point","coordinates":[19.565681,50.282008]},"properties":{"line":"ZP","mode":"bus","color":"#0059a9","colorDark":"#00294f","band":0,"sc":0.9,"off":[6.8,5.1]}},{"type":"Feature","geometry":{"type":"Point","coordinates":[19.565681,50.282008]},"properties":{"line":"ZZ","mode":"bus","color":"#0059a9","colorDark":"#00294f","band":0,"sc":0.9,"off":[-1.7,7.1]}},{"type":"Feature","geometry":{"type":"Point","coordinates":[19.565681,50.282008]},"properties":{"line":"Ż","mode":"bus","color":"#0059a9","colorDark":"#00294f","band":0,"sc":0.9,"off":[1.7,7.1]}},{"type":"Feature","geometry":{"type":"Point","coordinates":[19.567676,50.26844]},"properties":{"name":"Olkusz Szpital","band":0,"modes":"bus","arr":["461","465","466","472","475","477","BP","SŁ","Ż"],"off":[0,-0.8]}},{"type":"Feature","geometry":{"type":"Point","coordinates":[19.567676,50.26844]},"properties":{"name":"Olkusz E. Orzeszkowej","band":0,"modes":"bus","arr":["461","465","466","472","475","477","BP","SŁ","Ż"],"off":[0,-1.9]}},{"type":"Feature","geometry":{"type":"Point","coordinates":[19.567676,50.26844]},"properties":{"line":"461","mode":"bus","color":"#0059a9","colorDark":"#00294f","band":0,"off":[-6.8,1.1]}},{"type":"Feature","geometry":{"type":"Point","coordinates":[19.567676,50.26844]},"properties":{"line":"465","mode":"bus","color":"#0059a9","colorDark":"#00294f","band":0,"off":[-3.4,1.1]}},{"type":"Feature","geometry":{"type":"Point","coordinates":[19.567676,50.26844]},"properties":{"line":"466","mode":"bus","color":"#0059a9","colorDark":"#00294f","band":0,"off":[0,1.1]}},{"type":"Feature","geometry":{"type":"Point","coordinates":[19.567676,50.26844]},"properties":{"line":"472","mode":"bus","color":"#0059a9","colorDark":"#00294f","band":0,"off":[3.4,1.1]}},{"type":"Feature","geometry":{"type":"Point","coordinates":[19.567676,50.26844]},"properties":{"line":"475","mode":"bus","color":"#0059a9","colorDark":"#00294f","band":0,"off":[6.8,1.1]}},{"type":"Feature","geometry":{"type":"Point","coordinates":[19.567676,50.26844]},"properties":{"line":"477","mode":"bus","color":"#0059a9","colorDark":"#00294f","band":0,"off":[-5.1,3.1]}},{"type":"Feature","geometry":{"type":"Point","coordinates":[19.567676,50.26844]},"properties":{"line":"BP","mode":"bus","color":"#0059a9","colorDark":"#00294f","band":0,"off":[-1.7,3.1]}},{"type":"Feature","geometry":{"type":"Point","coordinates":[19.567676,50.26844]},"properties":{"line":"SŁ","mode":"bus","color":"#0059a9","colorDark":"#00294f","band":0,"off":[1.7,3.1]}},{"type":"Feature","geometry":{"type":"Point","coordinates":[19.567676,50.26844]},"properties":{"line":"Ż","mode":"bus","color":"#0059a9","colorDark":"#00294f","band":0,"off":[5.1,3.1]}},{"type":"Feature","geometry":{"type":"Point","coordinates":[19.573984,50.274629]},"properties":{"name":"Olkusz Dworzec PKS","band":0,"modes":"bus","arr":["460","461","462","464","465","466","472","475","476","BP","M","Ż"],"off":[0,-0.8]}},{"type":"Feature","geometry":{"type":"Point","coordinates":[19.573984,50.274629]},"properties":{"line":"460","mode":"bus","color":"#0059a9","colorDark":"#00294f","band":0,"off":[-6.8,1.1]}},{"type":"Feature","geometry":{"type":"Point","coordinates":[19.573984,50.274629]},"properties":{"line":"461","mode":"bus","color":"#0059a9","colorDark":"#00294f","band":0,"off":[-3.4,1.1]}},{"type":"Feature","geometry":{"type":"Point","coordinates":[19.573984,50.274629]},"properties":{"line":"462","mode":"bus","color":"#0059a9","colorDark":"#00294f","band":0,"off":[0,1.1]}},{"type":"Feature","geometry":{"type":"Point","coordinates":[19.573984,50.274629]},"properties":{"line":"464","mode":"bus","color":"#0059a9","colorDark":"#00294f","band":0,"off":[3.4,1.1]}},{"type":"Feature","geometry":{"type":"Point","coordinates":[19.573984,50.274629]},"properties":{"line":"465","mode":"bus","color":"#0059a9","colorDark":"#00294f","band":0,"off":[6.8,1.1]}},{"type":"Feature","geometry":{"type":"Point","coordinates":[19.573984,50.274629]},"properties":{"line":"466","mode":"bus","color":"#0059a9","colorDark":"#00294f","band":0,"off":[-6.8,3.1]}},{"type":"Feature","geometry":{"type":"Point","coordinates":[19.573984,50.274629]},"properties":{"line":"472","mode":"bus","color":"#0059a9","colorDark":"#00294f","band":0,"off":[-3.4,3.1]}},{"type":"Feature","geometry":{"type":"Point","coordinates":[19.573984,50.274629]},"properties":{"line":"475","mode":"bus","color":"#0059a9","colorDark":"#00294f","band":0,"off":[0,3.1]}},{"type":"Feature","geometry":{"type":"Point","coordinates":[19.573984,50.274629]},"properties":{"line":"476","mode":"bus","color":"#0059a9","colorDark":"#00294f","band":0,"off":[3.4,3.1]}},{"type":"Feature","geometry":{"type":"Point","coordinates":[19.573984,50.274629]},"properties":{"line":"BP","mode":"bus","color":"#0059a9","colorDark":"#00294f","band":0,"off":[6.8,3.1]}},{"type":"Feature","geometry":{"type":"Point","coordinates":[19.573984,50.274629]},"properties":{"line":"M","mode":"bus","color":"#0059a9","colorDark":"#00294f","band":0,"off":[-1.7,5.1]}},{"type":"Feature","geometry":{"type":"Point","coordinates":[19.573984,50.274629]},"properties":{"line":"Ż","mode":"bus","color":"#0059a9","colorDark":"#00294f","band":0,"off":[1.7,5.1]}},{"type":"Feature","geometry":{"type":"Point","coordinates":[19.406465,50.292397]},"properties":{"name":"Międzygórze I","band":0,"modes":"bus","arr":["460","462","467"],"off":[0,-0.8]}},{"type":"Feature","geometry":{"type":"Point","coordinates":[19.406465,50.292397]},"properties":{"name":"Międzygórze","band":0,"modes":"bus","arr":["460","462","467"],"off":[0,-1.9]}},{"type":"Feature","geometry":{"type":"Point","coordinates":[19.406465,50.292397]},"properties":{"line":"460","mode":"bus","color":"#0059a9","colorDark":"#00294f","band":0,"off":[-3.4,1.1]}},{"type":"Feature","geometry":{"type":"Point","coordinates":[19.406465,50.292397]},"properties":{"line":"462","mode":"bus","color":"#0059a9","colorDark":"#00294f","band":0,"off":[0,1.1]}},{"type":"Feature","geometry":{"type":"Point","coordinates":[19.406465,50.292397]},"properties":{"line":"467","mode":"bus","color":"#0059a9","colorDark":"#00294f","band":0,"off":[3.4,1.1]}},{"type":"Feature","geometry":{"type":"Point","coordinates":[19.403077,50.287188]},"properties":{"name":"Bukowno Sławkowska Pętla","band":0,"modes":"bus","arr":["460"],"off":[0,-0.8]}},{"type":"Feature","geometry":{"type":"Point","coordinates":[19.403077,50.287188]},"properties":{"line":"460","mode":"bus","color":"#0059a9","colorDark":"#00294f","band":0,"off":[0,1.1]}},{"type":"Feature","geometry":{"type":"Point","coordinates":[19.388612,50.297884]},"properties":{"name":"Sławków Rynek","band":0,"modes":"bus","arr":["460","461","463"],"off":[0,-0.8]}},{"type":"Feature","geometry":{"type":"Point","coordinates":[19.388612,50.297884]},"properties":{"line":"460","mode":"bus","color":"#0059a9","colorDark":"#00294f","band":0,"off":[-3.4,1.1]}},{"type":"Feature","geometry":{"type":"Point","coordinates":[19.388612,50.297884]},"properties":{"line":"461","mode":"bus","color":"#0059a9","colorDark":"#00294f","band":0,"off":[0,1.1]}},{"type":"Feature","geometry":{"type":"Point","coordinates":[19.388612,50.297884]},"properties":{"line":"463","mode":"bus","color":"#0059a9","colorDark":"#00294f","band":0,"off":[3.4,1.1]}},{"type":"Feature","geometry":{"type":"Point","coordinates":[19.562894,50.260759]},"properties":{"name":"Olkusz Os. Młodych Pętla","band":0,"modes":"bus","arr":["460","464","465","466","470","474","475","M","PS","PSK"],"off":[0,-0.8]}},{"type":"Feature","geometry":{"type":"Point","coordinates":[19.562894,50.260759]},"properties":{"line":"460","mode":"bus","color":"#0059a9","colorDark":"#00294f","band":0,"off":[-6.8,1.1]}},{"type":"Feature","geometry":{"type":"Point","coordinates":[19.562894,50.260759]},"properties":{"line":"464","mode":"bus","color":"#0059a9","colorDark":"#00294f","band":0,"off":[-3.4,1.1]}},{"type":"Feature","geometry":{"type":"Point","coordinates":[19.562894,50.260759]},"properties":{"line":"465","mode":"bus","color":"#0059a9","colorDark":"#00294f","band":0,"off":[0,1.1]}},{"type":"Feature","geometry":{"type":"Point","coordinates":[19.562894,50.260759]},"properties":{"line":"466","mode":"bus","color":"#0059a9","colorDark":"#00294f","band":0,"off":[3.4,1.1]}},{"type":"Feature","geometry":{"type":"Point","coordinates":[19.562894,50.260759]},"properties":{"line":"470","mode":"bus","color":"#0059a9","colorDark":"#00294f","band":0,"off":[6.8,1.1]}},{"type":"Feature","geometry":{"type":"Point","coordinates":[19.562894,50.260759]},"properties":{"line":"474","mode":"bus","color":"#0059a9","colorDark":"#00294f","band":0,"off":[-6.8,3.1]}},{"type":"Feature","geometry":{"type":"Point","coordinates":[19.562894,50.260759]},"properties":{"line":"475","mode":"bus","color":"#0059a9","colorDark":"#00294f","band":0,"off":[-3.4,3.1]}},{"type":"Feature","geometry":{"type":"Point","coordinates":[19.562894,50.260759]},"properties":{"line":"M","mode":"bus","color":"#0059a9","colorDark":"#00294f","band":0,"off":[0,3.1]}},{"type":"Feature","geometry":{"type":"Point","coordinates":[19.562894,50.260759]},"properties":{"line":"PS","mode":"bus","color":"#0059a9","colorDark":"#00294f","band":0,"off":[3.4,3.1]}},{"type":"Feature","geometry":{"type":"Point","coordinates":[19.562894,50.260759]},"properties":{"line":"PSK","mode":"bus","color":"#0059a9","colorDark":"#00294f","band":0,"off":[6.8,3.1]}},{"type":"Feature","geometry":{"type":"Point","coordinates":[19.399543,50.299486]},"properties":{"name":"Sławków Walcownia","band":0,"modes":"bus","arr":["460"],"off":[0,-0.8]}},{"type":"Feature","geometry":{"type":"Point","coordinates":[19.399543,50.299486]},"properties":{"line":"460","mode":"bus","color":"#0059a9","colorDark":"#00294f","band":0,"off":[0,1.1]}},{"type":"Feature","geometry":{"type":"Point","coordinates":[19.479397,50.304721]},"properties":{"name":"Bolesław Wyzwolenia I","band":0,"modes":"bus","arr":["467"],"off":[0,-0.8]}},{"type":"Feature","geometry":{"type":"Point","coordinates":[19.479397,50.304721]},"properties":{"line":"467","mode":"bus","color":"#0059a9","colorDark":"#00294f","band":0,"off":[0,1.1]}},{"type":"Feature","geometry":{"type":"Point","coordinates":[19.460797,50.318124]},"properties":{"name":"Laski Pętla","band":0,"modes":"bus","arr":["463"],"off":[0,-0.8]}},{"type":"Feature","geometry":{"type":"Point","coordinates":[19.460797,50.318124]},"properties":{"line":"463","mode":"bus","color":"#0059a9","colorDark":"#00294f","band":0,"off":[0,1.1]}},{"type":"Feature","geometry":{"type":"Point","coordinates":[19.420173,50.311245]},"properties":{"name":"Krzykawa Remiza","band":0,"modes":"bus","arr":["461"],"off":[0,-0.8]}},{"type":"Feature","geometry":{"type":"Point","coordinates":[19.420173,50.311245]},"properties":{"line":"461","mode":"bus","color":"#0059a9","colorDark":"#00294f","band":0,"off":[0,1.1]}},{"type":"Feature","geometry":{"type":"Point","coordinates":[19.414552,50.302565]},"properties":{"name":"Krzykawa Skrzyż.","band":0,"modes":"bus","arr":["461"],"off":[0,-0.8]}},{"type":"Feature","geometry":{"type":"Point","coordinates":[19.414552,50.302565]},"properties":{"line":"461","mode":"bus","color":"#0059a9","colorDark":"#00294f","band":0,"off":[0,1.1]}},{"type":"Feature","geometry":{"type":"Point","coordinates":[19.484088,50.266139]},"properties":{"name":"Bukowno Leśna Pętla","band":0,"modes":"bus","arr":["466","467A"],"off":[0,-0.8]}},{"type":"Feature","geometry":{"type":"Point","coordinates":[19.484088,50.266139]},"properties":{"line":"466","mode":"bus","color":"#0059a9","colorDark":"#00294f","band":0,"off":[-1.7,1.1]}},{"type":"Feature","geometry":{"type":"Point","coordinates":[19.484088,50.266139]},"properties":{"line":"467A","mode":"bus","color":"#0059a9","colorDark":"#00294f","band":0,"off":[1.7,1.1]}},{"type":"Feature","geometry":{"type":"Point","coordinates":[19.427258,50.23629]},"properties":{"name":"Bór Biskupi Wiejska","band":0,"modes":"bus","arr":["466","467","467A"],"off":[0,-0.8]}},{"type":"Feature","geometry":{"type":"Point","coordinates":[19.427258,50.23629]},"properties":{"line":"466","mode":"bus","color":"#0059a9","colorDark":"#00294f","band":0,"off":[-3.4,1.1]}},{"type":"Feature","geometry":{"type":"Point","coordinates":[19.427258,50.23629]},"properties":{"line":"467","mode":"bus","color":"#0059a9","colorDark":"#00294f","band":0,"off":[0,1.1]}},{"type":"Feature","geometry":{"type":"Point","coordinates":[19.427258,50.23629]},"properties":{"line":"467A","mode":"bus","color":"#0059a9","colorDark":"#00294f","band":0,"off":[3.4,1.1]}},{"type":"Feature","geometry":{"type":"Point","coordinates":[19.426446,50.233559]},"properties":{"name":"Bór Biskupi Pętla","band":0,"modes":"bus","arr":["466","467A"],"off":[0,-0.8]}},{"type":"Feature","geometry":{"type":"Point","coordinates":[19.426446,50.233559]},"properties":{"line":"466","mode":"bus","color":"#0059a9","colorDark":"#00294f","band":0,"off":[-1.7,1.1]}},{"type":"Feature","geometry":{"type":"Point","coordinates":[19.426446,50.233559]},"properties":{"line":"467A","mode":"bus","color":"#0059a9","colorDark":"#00294f","band":0,"off":[1.7,1.1]}},{"type":"Feature","geometry":{"type":"Point","coordinates":[19.475126,50.233212]},"properties":{"name":"Podlesie Ogrodowa Pętla","band":0,"modes":"bus","arr":["466","467","467A"],"off":[0,-0.8]}},{"type":"Feature","geometry":{"type":"Point","coordinates":[19.475126,50.233212]},"properties":{"line":"466","mode":"bus","color":"#0059a9","colorDark":"#00294f","band":0,"off":[-3.4,1.1]}},{"type":"Feature","geometry":{"type":"Point","coordinates":[19.475126,50.233212]},"properties":{"line":"467","mode":"bus","color":"#0059a9","colorDark":"#00294f","band":0,"off":[0,1.1]}},{"type":"Feature","geometry":{"type":"Point","coordinates":[19.475126,50.233212]},"properties":{"line":"467A","mode":"bus","color":"#0059a9","colorDark":"#00294f","band":0,"off":[3.4,1.1]}},{"type":"Feature","geometry":{"type":"Point","coordinates":[19.618746,50.341971]},"properties":{"name":"Jaroszowiec PKP","band":0,"modes":"bus","arr":["474","476"],"off":[0,-0.8]}},{"type":"Feature","geometry":{"type":"Point","coordinates":[19.618746,50.341971]},"properties":{"line":"474","mode":"bus","color":"#0059a9","colorDark":"#00294f","band":0,"off":[-1.7,1.1]}},{"type":"Feature","geometry":{"type":"Point","coordinates":[19.618746,50.341971]},"properties":{"line":"476","mode":"bus","color":"#0059a9","colorDark":"#00294f","band":0,"off":[1.7,1.1]}},{"type":"Feature","geometry":{"type":"Point","coordinates":[19.635126,50.389714]},"properties":{"name":"Krzywopłoty Paderewskiego","band":0,"modes":"bus","arr":["474"],"off":[0,-0.8]}},{"type":"Feature","geometry":{"type":"Point","coordinates":[19.635126,50.389714]},"properties":{"line":"474","mode":"bus","color":"#0059a9","colorDark":"#00294f","band":0,"off":[0,1.1]}},{"type":"Feature","geometry":{"type":"Point","coordinates":[19.621722,50.372045]},"properties":{"name":"Cieślin Dom Ludowy","band":0,"modes":"bus","arr":["470"],"off":[0,-0.8]}},{"type":"Feature","geometry":{"type":"Point","coordinates":[19.621722,50.372045]},"properties":{"line":"470","mode":"bus","color":"#0059a9","colorDark":"#00294f","band":0,"off":[0,1.1]}},{"type":"Feature","geometry":{"type":"Point","coordinates":[19.579688,50.406374]},"properties":{"name":"Hucisko Pętla","band":0,"modes":"bus","arr":["470"],"off":[0,-0.8]}},{"type":"Feature","geometry":{"type":"Point","coordinates":[19.579688,50.406374]},"properties":{"line":"470","mode":"bus","color":"#0059a9","colorDark":"#00294f","band":0,"off":[0,1.1]}},{"type":"Feature","geometry":{"type":"Point","coordinates":[19.526609,50.400751]},"properties":{"name":"Rodaki Pętla","band":0,"modes":"bus","arr":["471","476","477"],"off":[0,-0.8]}},{"type":"Feature","geometry":{"type":"Point","coordinates":[19.526609,50.400751]},"properties":{"line":"471","mode":"bus","color":"#0059a9","colorDark":"#00294f","band":0,"off":[-3.4,1.1]}},{"type":"Feature","geometry":{"type":"Point","coordinates":[19.526609,50.400751]},"properties":{"line":"476","mode":"bus","color":"#0059a9","colorDark":"#00294f","band":0,"off":[0,1.1]}},{"type":"Feature","geometry":{"type":"Point","coordinates":[19.526609,50.400751]},"properties":{"line":"477","mode":"bus","color":"#0059a9","colorDark":"#00294f","band":0,"off":[3.4,1.1]}},{"type":"Feature","geometry":{"type":"Point","coordinates":[19.493441,50.364511]},"properties":{"name":"Chechło Pętla","band":0,"modes":"bus","arr":["472"],"off":[0,-0.8]}},{"type":"Feature","geometry":{"type":"Point","coordinates":[19.493441,50.364511]},"properties":{"line":"472","mode":"bus","color":"#0059a9","colorDark":"#00294f","band":0,"off":[0,1.1]}},{"type":"Feature","geometry":{"type":"Point","coordinates":[19.6026,50.361117]},"properties":{"name":"Golczowice Pętla","band":0,"modes":"bus","arr":["473","474"],"off":[0,-0.8]}},{"type":"Feature","geometry":{"type":"Point","coordinates":[19.6026,50.361117]},"properties":{"line":"473","mode":"bus","color":"#0059a9","colorDark":"#00294f","band":0,"off":[-1.7,1.1]}},{"type":"Feature","geometry":{"type":"Point","coordinates":[19.6026,50.361117]},"properties":{"line":"474","mode":"bus","color":"#0059a9","colorDark":"#00294f","band":0,"off":[1.7,1.1]}},{"type":"Feature","geometry":{"type":"Point","coordinates":[19.596123,50.298871]},"properties":{"name":"Rabsztyn","band":0,"modes":"bus","arr":["475"],"off":[0,-0.8]}},{"type":"Feature","geometry":{"type":"Point","coordinates":[19.596123,50.298871]},"properties":{"line":"475","mode":"bus","color":"#0059a9","colorDark":"#00294f","band":0,"off":[0,1.1]}},{"type":"Feature","geometry":{"type":"Point","coordinates":[19.66866,50.30652]},"properties":{"name":"Braciejówka Pętla","band":0,"modes":"bus","arr":["BP"],"off":[0,-0.8]}},{"type":"Feature","geometry":{"type":"Point","coordinates":[19.66866,50.30652]},"properties":{"line":"BP","mode":"bus","color":"#0059a9","colorDark":"#00294f","band":0,"off":[0,1.1]}},{"type":"Feature","geometry":{"type":"Point","coordinates":[19.629812,50.313149]},"properties":{"name":"Podlesie II","band":0,"modes":"bus","arr":["BP"],"off":[0,-0.8]}},{"type":"Feature","geometry":{"type":"Point","coordinates":[19.629812,50.313149]},"properties":{"line":"BP","mode":"bus","color":"#0059a9","colorDark":"#00294f","band":0,"off":[0,1.1]}},{"type":"Feature","geometry":{"type":"Point","coordinates":[19.642633,50.335396]},"properties":{"name":"Pazurek","band":0,"modes":"bus","arr":["BP"],"off":[0,-0.8]}},{"type":"Feature","geometry":{"type":"Point","coordinates":[19.642633,50.335396]},"properties":{"line":"BP","mode":"bus","color":"#0059a9","colorDark":"#00294f","band":0,"off":[0,1.1]}},{"type":"Feature","geometry":{"type":"Point","coordinates":[19.580091,50.242175]},"properties":{"name":"Witeradów IV","band":0,"modes":"bus","arr":["G"],"off":[0,-0.8]}},{"type":"Feature","geometry":{"type":"Point","coordinates":[19.580091,50.242175]},"properties":{"line":"G","mode":"bus","color":"#0059a9","colorDark":"#00294f","band":0,"off":[0,1.1]}},{"type":"Feature","geometry":{"type":"Point","coordinates":[19.636152,50.205609]},"properties":{"name":"Gorenice Pętla","band":0,"modes":"bus","arr":["G"],"off":[0,-0.8]}},{"type":"Feature","geometry":{"type":"Point","coordinates":[19.636152,50.205609]},"properties":{"line":"G","mode":"bus","color":"#0059a9","colorDark":"#00294f","band":0,"off":[0,1.1]}},{"type":"Feature","geometry":{"type":"Point","coordinates":[19.547214,50.283908]},"properties":{"name":"Olkusz Cmentarz","band":0,"modes":"bus","arr":["PS","SŁ"],"off":[0,-0.8]}},{"type":"Feature","geometry":{"type":"Point","coordinates":[19.547214,50.283908]},"properties":{"line":"PS","mode":"bus","color":"#0059a9","colorDark":"#00294f","band":0,"off":[-1.7,1.1]}},{"type":"Feature","geometry":{"type":"Point","coordinates":[19.547214,50.283908]},"properties":{"line":"SŁ","mode":"bus","color":"#0059a9","colorDark":"#00294f","band":0,"off":[1.7,1.1]}},{"type":"Feature","geometry":{"type":"Point","coordinates":[19.537107,50.285501]},"properties":{"name":"Olkusz Kopalnia Pomorzany","band":0,"modes":"bus","arr":["PSK"],"off":[0,-0.8]}},{"type":"Feature","geometry":{"type":"Point","coordinates":[19.537107,50.285501]},"properties":{"line":"PSK","mode":"bus","color":"#0059a9","colorDark":"#00294f","band":0,"off":[0,1.1]}},{"type":"Feature","geometry":{"type":"Point","coordinates":[19.587991,50.283734]},"properties":{"name":"Olkusz Jasna II","band":0,"modes":"bus","arr":["SŁ"],"off":[0,-0.8]}},{"type":"Feature","geometry":{"type":"Point","coordinates":[19.587991,50.283734]},"properties":{"line":"SŁ","mode":"bus","color":"#0059a9","colorDark":"#00294f","band":0,"off":[0,1.1]}},{"type":"Feature","geometry":{"type":"Point","coordinates":[19.579779,50.282042]},"properties":{"name":"Olkusz Miła","band":0,"modes":"bus","arr":["SŁ"],"off":[0,-0.8]}},{"type":"Feature","geometry":{"type":"Point","coordinates":[19.579779,50.282042]},"properties":{"line":"SŁ","mode":"bus","color":"#0059a9","colorDark":"#00294f","band":0,"off":[0,1.1]}},{"type":"Feature","geometry":{"type":"Point","coordinates":[19.684489,50.258272]},"properties":{"name":"Zadole Kosmolowskie Pętla","band":0,"modes":"bus","arr":["WK"],"off":[0,-0.8]}},{"type":"Feature","geometry":{"type":"Point","coordinates":[19.684489,50.258272]},"properties":{"line":"WK","mode":"bus","color":"#0059a9","colorDark":"#00294f","band":0,"off":[0,1.1]}},{"type":"Feature","geometry":{"type":"Point","coordinates":[19.606871,50.268677]},"properties":{"name":"Sieniczno Orzechówka","band":0,"modes":"bus","arr":["WK"],"off":[0,-0.8]}},{"type":"Feature","geometry":{"type":"Point","coordinates":[19.606871,50.268677]},"properties":{"line":"WK","mode":"bus","color":"#0059a9","colorDark":"#00294f","band":0,"off":[0,1.1]}},{"type":"Feature","geometry":{"type":"Point","coordinates":[19.644934,50.254784]},"properties":{"name":"Kogutek Zadole Kosmolowskie","band":0,"modes":"bus","arr":["ZP","ZZ"],"off":[0,-0.8]}},{"type":"Feature","geometry":{"type":"Point","coordinates":[19.644934,50.254784]},"properties":{"line":"ZP","mode":"bus","color":"#0059a9","colorDark":"#00294f","band":0,"off":[-1.7,1.1]}},{"type":"Feature","geometry":{"type":"Point","coordinates":[19.644934,50.254784]},"properties":{"line":"ZZ","mode":"bus","color":"#0059a9","colorDark":"#00294f","band":0,"off":[1.7,1.1]}},{"type":"Feature","geometry":{"type":"Point","coordinates":[19.637252,50.217884]},"properties":{"name":"Zawada Pętla","band":0,"modes":"bus","arr":["ZZ"],"off":[0,-0.8]}},{"type":"Feature","geometry":{"type":"Point","coordinates":[19.637252,50.217884]},"properties":{"line":"ZZ","mode":"bus","color":"#0059a9","colorDark":"#00294f","band":0,"off":[0,1.1]}},{"type":"Feature","geometry":{"type":"Point","coordinates":[19.539891,50.241188]},"properties":{"name":"Żurada Pętla","band":0,"modes":"bus","arr":["Ż"],"off":[0,-0.8]}},{"type":"Feature","geometry":{"type":"Point","coordinates":[19.539891,50.241188]},"properties":{"line":"Ż","mode":"bus","color":"#0059a9","colorDark":"#00294f","band":0,"off":[0,1.1]}},{"type":"Feature","geometry":{"type":"Point","coordinates":[19.555635,50.206885]},"properties":{"name":"Lgota II","band":1,"modes":"bus","arr":["457"],"off":[0,-0.8]}},{"type":"Feature","geometry":{"type":"Point","coordinates":[19.555635,50.206885]},"properties":{"line":"457","mode":"bus","color":"#0059a9","colorDark":"#00294f","band":1,"off":[0,1.1]}},{"type":"Feature","geometry":{"type":"Point","coordinates":[19.462015,50.264812]},"properties":{"name":"Bukowno Dworzec PKP","band":1,"modes":"bus","arr":["457","463","464","465","466","467"],"off":[0,-0.8]}},{"type":"Feature","geometry":{"type":"Point","coordinates":[19.462015,50.264812]},"properties":{"line":"457","mode":"bus","color":"#0059a9","colorDark":"#00294f","band":1,"off":[-6.8,1.1]}},{"type":"Feature","geometry":{"type":"Point","coordinates":[19.462015,50.264812]},"properties":{"line":"463","mode":"bus","color":"#0059a9","colorDark":"#00294f","band":1,"off":[-3.4,1.1]}},{"type":"Feature","geometry":{"type":"Point","coordinates":[19.462015,50.264812]},"properties":{"line":"464","mode":"bus","color":"#0059a9","colorDark":"#00294f","band":1,"off":[0,1.1]}},{"type":"Feature","geometry":{"type":"Point","coordinates":[19.462015,50.264812]},"properties":{"line":"465","mode":"bus","color":"#0059a9","colorDark":"#00294f","band":1,"off":[3.4,1.1]}},{"type":"Feature","geometry":{"type":"Point","coordinates":[19.462015,50.264812]},"properties":{"line":"466","mode":"bus","color":"#0059a9","colorDark":"#00294f","band":1,"off":[6.8,1.1]}},{"type":"Feature","geometry":{"type":"Point","coordinates":[19.462015,50.264812]},"properties":{"line":"467","mode":"bus","color":"#0059a9","colorDark":"#00294f","band":1,"off":[0,3.1]}},{"type":"Feature","geometry":{"type":"Point","coordinates":[19.563643,50.280788]},"properties":{"name":"Olkusz Supersam ZKGKM","band":1,"modes":"bus","arr":["457","462","463","470","471","473","474","476","477","BP","G","SŁ","WK","ZP","ZZ","Ż"],"off":[0,-0.8],"sc":0.92}},{"type":"Feature","geometry":{"type":"Point","coordinates":[19.563643,50.280788]},"properties":{"name":"Olkusz Supersam ZKG KM","band":1,"modes":"bus","arr":["457","462","463","470","471","473","474","476","477","BP","G","SŁ","WK","ZP","ZZ","Ż"],"off":[0,-3],"sc":0.92}},{"type":"Feature","geometry":{"type":"Point","coordinates":[19.563643,50.280788]},"properties":{"line":"457","mode":"bus","color":"#0059a9","colorDark":"#00294f","band":1,"sc":0.92,"off":[-6.8,1.1]}},{"type":"Feature","geometry":{"type":"Point","coordinates":[19.563643,50.280788]},"properties":{"line":"462","mode":"bus","color":"#0059a9","colorDark":"#00294f","band":1,"sc":0.92,"off":[-3.4,1.1]}},{"type":"Feature","geometry":{"type":"Point","coordinates":[19.563643,50.280788]},"properties":{"line":"463","mode":"bus","color":"#0059a9","colorDark":"#00294f","band":1,"sc":0.92,"off":[0,1.1]}},{"type":"Feature","geometry":{"type":"Point","coordinates":[19.563643,50.280788]},"properties":{"line":"470","mode":"bus","color":"#0059a9","colorDark":"#00294f","band":1,"sc":0.92,"off":[3.4,1.1]}},{"type":"Feature","geometry":{"type":"Point","coordinates":[19.563643,50.280788]},"properties":{"line":"471","mode":"bus","color":"#0059a9","colorDark":"#00294f","band":1,"sc":0.92,"off":[6.8,1.1]}},{"type":"Feature","geometry":{"type":"Point","coordinates":[19.563643,50.280788]},"properties":{"line":"473","mode":"bus","color":"#0059a9","colorDark":"#00294f","band":1,"sc":0.92,"off":[-6.8,3.1]}},{"type":"Feature","geometry":{"type":"Point","coordinates":[19.563643,50.280788]},"properties":{"line":"474","mode":"bus","color":"#0059a9","colorDark":"#00294f","band":1,"sc":0.92,"off":[-3.4,3.1]}},{"type":"Feature","geometry":{"type":"Point","coordinates":[19.563643,50.280788]},"properties":{"line":"476","mode":"bus","color":"#0059a9","colorDark":"#00294f","band":1,"sc":0.92,"off":[0,3.1]}},{"type":"Feature","geometry":{"type":"Point","coordinates":[19.563643,50.280788]},"properties":{"line":"477","mode":"bus","color":"#0059a9","colorDark":"#00294f","band":1,"sc":0.92,"off":[3.4,3.1]}},{"type":"Feature","geometry":{"type":"Point","coordinates":[19.563643,50.280788]},"properties":{"line":"BP","mode":"bus","color":"#0059a9","colorDark":"#00294f","band":1,"sc":0.92,"off":[6.8,3.1]}},{"type":"Feature","geometry":{"type":"Point","coordinates":[19.563643,50.280788]},"properties":{"line":"G","mode":"bus","color":"#0059a9","colorDark":"#00294f","band":1,"sc":0.92,"off":[-6.8,5.1]}},{"type":"Feature","geometry":{"type":"Point","coordinates":[19.563643,50.280788]},"properties":{"line":"SŁ","mode":"bus","color":"#0059a9","colorDark":"#00294f","band":1,"sc":0.92,"off":[-3.4,5.1]}},{"type":"Feature","geometry":{"type":"Point","coordinates":[19.563643,50.280788]},"properties":{"line":"WK","mode":"bus","color":"#0059a9","colorDark":"#00294f","band":1,"sc":0.92,"off":[0,5.1]}},{"type":"Feature","geometry":{"type":"Point","coordinates":[19.563643,50.280788]},"properties":{"line":"ZP","mode":"bus","color":"#0059a9","colorDark":"#00294f","band":1,"sc":0.92,"off":[3.4,5.1]}},{"type":"Feature","geometry":{"type":"Point","coordinates":[19.563643,50.280788]},"properties":{"line":"ZZ","mode":"bus","color":"#0059a9","colorDark":"#00294f","band":1,"sc":0.92,"off":[6.8,5.1]}},{"type":"Feature","geometry":{"type":"Point","coordinates":[19.563643,50.280788]},"properties":{"line":"Ż","mode":"bus","color":"#0059a9","colorDark":"#00294f","band":1,"sc":0.92,"off":[0,7.1]}},{"type":"Feature","geometry":{"type":"Point","coordinates":[19.568704,50.269703]},"properties":{"name":"Olkusz Szpital","band":1,"modes":"bus","arr":["466"],"off":[0,-0.8]}},{"type":"Feature","geometry":{"type":"Point","coordinates":[19.568704,50.269703]},"properties":{"line":"466","mode":"bus","color":"#0059a9","colorDark":"#00294f","band":1,"off":[0,1.1]}},{"type":"Feature","geometry":{"type":"Point","coordinates":[19.573984,50.274629]},"properties":{"name":"Olkusz Dworzec PKS","band":1,"modes":"bus","arr":["460","461","462","464","465","466","472","475","476","BP","M","Ż"],"off":[0,-0.8]}},{"type":"Feature","geometry":{"type":"Point","coordinates":[19.573984,50.274629]},"properties":{"line":"460","mode":"bus","color":"#0059a9","colorDark":"#00294f","band":1,"off":[-6.8,1.1]}},{"type":"Feature","geometry":{"type":"Point","coordinates":[19.573984,50.274629]},"properties":{"line":"461","mode":"bus","color":"#0059a9","colorDark":"#00294f","band":1,"off":[-3.4,1.1]}},{"type":"Feature","geometry":{"type":"Point","coordinates":[19.573984,50.274629]},"properties":{"line":"462","mode":"bus","color":"#0059a9","colorDark":"#00294f","band":1,"off":[0,1.1]}},{"type":"Feature","geometry":{"type":"Point","coordinates":[19.573984,50.274629]},"properties":{"line":"464","mode":"bus","color":"#0059a9","colorDark":"#00294f","band":1,"off":[3.4,1.1]}},{"type":"Feature","geometry":{"type":"Point","coordinates":[19.573984,50.274629]},"properties":{"line":"465","mode":"bus","color":"#0059a9","colorDark":"#00294f","band":1,"off":[6.8,1.1]}},{"type":"Feature","geometry":{"type":"Point","coordinates":[19.573984,50.274629]},"properties":{"line":"466","mode":"bus","color":"#0059a9","colorDark":"#00294f","band":1,"off":[-6.8,3.1]}},{"type":"Feature","geometry":{"type":"Point","coordinates":[19.573984,50.274629]},"properties":{"line":"472","mode":"bus","color":"#0059a9","colorDark":"#00294f","band":1,"off":[-3.4,3.1]}},{"type":"Feature","geometry":{"type":"Point","coordinates":[19.573984,50.274629]},"properties":{"line":"475","mode":"bus","color":"#0059a9","colorDark":"#00294f","band":1,"off":[0,3.1]}},{"type":"Feature","geometry":{"type":"Point","coordinates":[19.573984,50.274629]},"properties":{"line":"476","mode":"bus","color":"#0059a9","colorDark":"#00294f","band":1,"off":[3.4,3.1]}},{"type":"Feature","geometry":{"type":"Point","coordinates":[19.573984,50.274629]},"properties":{"line":"BP","mode":"bus","color":"#0059a9","colorDark":"#00294f","band":1,"off":[6.8,3.1]}},{"type":"Feature","geometry":{"type":"Point","coordinates":[19.573984,50.274629]},"properties":{"line":"M","mode":"bus","color":"#0059a9","colorDark":"#00294f","band":1,"off":[-1.7,5.1]}},{"type":"Feature","geometry":{"type":"Point","coordinates":[19.573984,50.274629]},"properties":{"line":"Ż","mode":"bus","color":"#0059a9","colorDark":"#00294f","band":1,"off":[1.7,5.1]}},{"type":"Feature","geometry":{"type":"Point","coordinates":[19.406465,50.292397]},"properties":{"name":"Międzygórze I","band":1,"modes":"bus","arr":["460","462","467"],"off":[0,-0.8]}},{"type":"Feature","geometry":{"type":"Point","coordinates":[19.406465,50.292397]},"properties":{"name":"Międzygórze","band":1,"modes":"bus","arr":["460","462","467"],"off":[0,-1.9]}},{"type":"Feature","geometry":{"type":"Point","coordinates":[19.406465,50.292397]},"properties":{"line":"460","mode":"bus","color":"#0059a9","colorDark":"#00294f","band":1,"off":[-3.4,1.1]}},{"type":"Feature","geometry":{"type":"Point","coordinates":[19.406465,50.292397]},"properties":{"line":"462","mode":"bus","color":"#0059a9","colorDark":"#00294f","band":1,"off":[0,1.1]}},{"type":"Feature","geometry":{"type":"Point","coordinates":[19.406465,50.292397]},"properties":{"line":"467","mode":"bus","color":"#0059a9","colorDark":"#00294f","band":1,"off":[3.4,1.1]}},{"type":"Feature","geometry":{"type":"Point","coordinates":[19.403077,50.287188]},"properties":{"name":"Bukowno Sławkowska Pętla","band":1,"modes":"bus","arr":["460"],"off":[0,-0.8]}},{"type":"Feature","geometry":{"type":"Point","coordinates":[19.403077,50.287188]},"properties":{"line":"460","mode":"bus","color":"#0059a9","colorDark":"#00294f","band":1,"off":[0,1.1]}},{"type":"Feature","geometry":{"type":"Point","coordinates":[19.388612,50.297884]},"properties":{"name":"Sławków Rynek","band":1,"modes":"bus","arr":["460","461","463"],"off":[0,-0.8]}},{"type":"Feature","geometry":{"type":"Point","coordinates":[19.388612,50.297884]},"properties":{"line":"460","mode":"bus","color":"#0059a9","colorDark":"#00294f","band":1,"off":[-3.4,1.1]}},{"type":"Feature","geometry":{"type":"Point","coordinates":[19.388612,50.297884]},"properties":{"line":"461","mode":"bus","color":"#0059a9","colorDark":"#00294f","band":1,"off":[0,1.1]}},{"type":"Feature","geometry":{"type":"Point","coordinates":[19.388612,50.297884]},"properties":{"line":"463","mode":"bus","color":"#0059a9","colorDark":"#00294f","band":1,"off":[3.4,1.1]}},{"type":"Feature","geometry":{"type":"Point","coordinates":[19.562894,50.260759]},"properties":{"name":"Olkusz Os. Młodych Pętla","band":1,"modes":"bus","arr":["460","464","465","466","470","474","475","M","PS","PSK"],"off":[0,-0.8]}},{"type":"Feature","geometry":{"type":"Point","coordinates":[19.562894,50.260759]},"properties":{"line":"460","mode":"bus","color":"#0059a9","colorDark":"#00294f","band":1,"off":[-6.8,1.1]}},{"type":"Feature","geometry":{"type":"Point","coordinates":[19.562894,50.260759]},"properties":{"line":"464","mode":"bus","color":"#0059a9","colorDark":"#00294f","band":1,"off":[-3.4,1.1]}},{"type":"Feature","geometry":{"type":"Point","coordinates":[19.562894,50.260759]},"properties":{"line":"465","mode":"bus","color":"#0059a9","colorDark":"#00294f","band":1,"off":[0,1.1]}},{"type":"Feature","geometry":{"type":"Point","coordinates":[19.562894,50.260759]},"properties":{"line":"466","mode":"bus","color":"#0059a9","colorDark":"#00294f","band":1,"off":[3.4,1.1]}},{"type":"Feature","geometry":{"type":"Point","coordinates":[19.562894,50.260759]},"properties":{"line":"470","mode":"bus","color":"#0059a9","colorDark":"#00294f","band":1,"off":[6.8,1.1]}},{"type":"Feature","geometry":{"type":"Point","coordinates":[19.562894,50.260759]},"properties":{"line":"474","mode":"bus","color":"#0059a9","colorDark":"#00294f","band":1,"off":[-6.8,3.1]}},{"type":"Feature","geometry":{"type":"Point","coordinates":[19.562894,50.260759]},"properties":{"line":"475","mode":"bus","color":"#0059a9","colorDark":"#00294f","band":1,"off":[-3.4,3.1]}},{"type":"Feature","geometry":{"type":"Point","coordinates":[19.562894,50.260759]},"properties":{"line":"M","mode":"bus","color":"#0059a9","colorDark":"#00294f","band":1,"off":[0,3.1]}},{"type":"Feature","geometry":{"type":"Point","coordinates":[19.562894,50.260759]},"properties":{"line":"PS","mode":"bus","color":"#0059a9","colorDark":"#00294f","band":1,"off":[3.4,3.1]}},{"type":"Feature","geometry":{"type":"Point","coordinates":[19.562894,50.260759]},"properties":{"line":"PSK","mode":"bus","color":"#0059a9","colorDark":"#00294f","band":1,"off":[6.8,3.1]}},{"type":"Feature","geometry":{"type":"Point","coordinates":[19.399543,50.299486]},"properties":{"name":"Sławków Walcownia","band":1,"modes":"bus","arr":["460"],"off":[0,-0.8]}},{"type":"Feature","geometry":{"type":"Point","coordinates":[19.399543,50.299486]},"properties":{"line":"460","mode":"bus","color":"#0059a9","colorDark":"#00294f","band":1,"off":[0,1.1]}},{"type":"Feature","geometry":{"type":"Point","coordinates":[19.479397,50.304721]},"properties":{"name":"Bolesław Wyzwolenia I","band":1,"modes":"bus","arr":["467"],"off":[0,-0.8]}},{"type":"Feature","geometry":{"type":"Point","coordinates":[19.479397,50.304721]},"properties":{"line":"467","mode":"bus","color":"#0059a9","colorDark":"#00294f","band":1,"off":[0,1.1]}},{"type":"Feature","geometry":{"type":"Point","coordinates":[19.460797,50.318124]},"properties":{"name":"Laski Pętla","band":1,"modes":"bus","arr":["463"],"off":[0,-0.8]}},{"type":"Feature","geometry":{"type":"Point","coordinates":[19.460797,50.318124]},"properties":{"line":"463","mode":"bus","color":"#0059a9","colorDark":"#00294f","band":1,"off":[0,1.1]}},{"type":"Feature","geometry":{"type":"Point","coordinates":[19.420173,50.311245]},"properties":{"name":"Krzykawa Remiza","band":1,"modes":"bus","arr":["461"],"off":[0,-0.8]}},{"type":"Feature","geometry":{"type":"Point","coordinates":[19.420173,50.311245]},"properties":{"line":"461","mode":"bus","color":"#0059a9","colorDark":"#00294f","band":1,"off":[0,1.1]}},{"type":"Feature","geometry":{"type":"Point","coordinates":[19.414552,50.302565]},"properties":{"name":"Krzykawa Skrzyż.","band":1,"modes":"bus","arr":["461"],"off":[0,-0.8]}},{"type":"Feature","geometry":{"type":"Point","coordinates":[19.414552,50.302565]},"properties":{"line":"461","mode":"bus","color":"#0059a9","colorDark":"#00294f","band":1,"off":[0,1.1]}},{"type":"Feature","geometry":{"type":"Point","coordinates":[19.566647,50.267176]},"properties":{"name":"Olkusz E. Orzeszkowej","band":1,"modes":"bus","arr":["461","465","472","475","477","BP","SŁ","Ż"],"off":[0,-0.8]}},{"type":"Feature","geometry":{"type":"Point","coordinates":[19.566647,50.267176]},"properties":{"line":"461","mode":"bus","color":"#0059a9","colorDark":"#00294f","band":1,"off":[-6.8,1.1]}},{"type":"Feature","geometry":{"type":"Point","coordinates":[19.566647,50.267176]},"properties":{"line":"465","mode":"bus","color":"#0059a9","colorDark":"#00294f","band":1,"off":[-3.4,1.1]}},{"type":"Feature","geometry":{"type":"Point","coordinates":[19.566647,50.267176]},"properties":{"line":"472","mode":"bus","color":"#0059a9","colorDark":"#00294f","band":1,"off":[0,1.1]}},{"type":"Feature","geometry":{"type":"Point","coordinates":[19.566647,50.267176]},"properties":{"line":"475","mode":"bus","color":"#0059a9","colorDark":"#00294f","band":1,"off":[3.4,1.1]}},{"type":"Feature","geometry":{"type":"Point","coordinates":[19.566647,50.267176]},"properties":{"line":"477","mode":"bus","color":"#0059a9","colorDark":"#00294f","band":1,"off":[6.8,1.1]}},{"type":"Feature","geometry":{"type":"Point","coordinates":[19.566647,50.267176]},"properties":{"line":"BP","mode":"bus","color":"#0059a9","colorDark":"#00294f","band":1,"off":[-3.4,3.1]}},{"type":"Feature","geometry":{"type":"Point","coordinates":[19.566647,50.267176]},"properties":{"line":"SŁ","mode":"bus","color":"#0059a9","colorDark":"#00294f","band":1,"off":[0,3.1]}},{"type":"Feature","geometry":{"type":"Point","coordinates":[19.566647,50.267176]},"properties":{"line":"Ż","mode":"bus","color":"#0059a9","colorDark":"#00294f","band":1,"off":[3.4,3.1]}},{"type":"Feature","geometry":{"type":"Point","coordinates":[19.484088,50.266139]},"properties":{"name":"Bukowno Leśna Pętla","band":1,"modes":"bus","arr":["466","467A"],"off":[0,-0.8]}},{"type":"Feature","geometry":{"type":"Point","coordinates":[19.484088,50.266139]},"properties":{"line":"466","mode":"bus","color":"#0059a9","colorDark":"#00294f","band":1,"off":[-1.7,1.1]}},{"type":"Feature","geometry":{"type":"Point","coordinates":[19.484088,50.266139]},"properties":{"line":"467A","mode":"bus","color":"#0059a9","colorDark":"#00294f","band":1,"off":[1.7,1.1]}},{"type":"Feature","geometry":{"type":"Point","coordinates":[19.427258,50.23629]},"properties":{"name":"Bór Biskupi Wiejska","band":1,"modes":"bus","arr":["466","467","467A"],"off":[0,-0.8]}},{"type":"Feature","geometry":{"type":"Point","coordinates":[19.427258,50.23629]},"properties":{"line":"466","mode":"bus","color":"#0059a9","colorDark":"#00294f","band":1,"off":[-3.4,1.1]}},{"type":"Feature","geometry":{"type":"Point","coordinates":[19.427258,50.23629]},"properties":{"line":"467","mode":"bus","color":"#0059a9","colorDark":"#00294f","band":1,"off":[0,1.1]}},{"type":"Feature","geometry":{"type":"Point","coordinates":[19.427258,50.23629]},"properties":{"line":"467A","mode":"bus","color":"#0059a9","colorDark":"#00294f","band":1,"off":[3.4,1.1]}},{"type":"Feature","geometry":{"type":"Point","coordinates":[19.426446,50.233559]},"properties":{"name":"Bór Biskupi Pętla","band":1,"modes":"bus","arr":["466","467A"],"off":[0,-0.8]}},{"type":"Feature","geometry":{"type":"Point","coordinates":[19.426446,50.233559]},"properties":{"line":"466","mode":"bus","color":"#0059a9","colorDark":"#00294f","band":1,"off":[-1.7,1.1]}},{"type":"Feature","geometry":{"type":"Point","coordinates":[19.426446,50.233559]},"properties":{"line":"467A","mode":"bus","color":"#0059a9","colorDark":"#00294f","band":1,"off":[1.7,1.1]}},{"type":"Feature","geometry":{"type":"Point","coordinates":[19.475126,50.233212]},"properties":{"name":"Podlesie Ogrodowa Pętla","band":1,"modes":"bus","arr":["466","467","467A"],"off":[0,-0.8]}},{"type":"Feature","geometry":{"type":"Point","coordinates":[19.475126,50.233212]},"properties":{"line":"466","mode":"bus","color":"#0059a9","colorDark":"#00294f","band":1,"off":[-3.4,1.1]}},{"type":"Feature","geometry":{"type":"Point","coordinates":[19.475126,50.233212]},"properties":{"line":"467","mode":"bus","color":"#0059a9","colorDark":"#00294f","band":1,"off":[0,1.1]}},{"type":"Feature","geometry":{"type":"Point","coordinates":[19.475126,50.233212]},"properties":{"line":"467A","mode":"bus","color":"#0059a9","colorDark":"#00294f","band":1,"off":[3.4,1.1]}},{"type":"Feature","geometry":{"type":"Point","coordinates":[19.618746,50.341971]},"properties":{"name":"Jaroszowiec PKP","band":1,"modes":"bus","arr":["474","476"],"off":[0,-0.8]}},{"type":"Feature","geometry":{"type":"Point","coordinates":[19.618746,50.341971]},"properties":{"line":"474","mode":"bus","color":"#0059a9","colorDark":"#00294f","band":1,"off":[-1.7,1.1]}},{"type":"Feature","geometry":{"type":"Point","coordinates":[19.618746,50.341971]},"properties":{"line":"476","mode":"bus","color":"#0059a9","colorDark":"#00294f","band":1,"off":[1.7,1.1]}},{"type":"Feature","geometry":{"type":"Point","coordinates":[19.635126,50.389714]},"properties":{"name":"Krzywopłoty Paderewskiego","band":1,"modes":"bus","arr":["474"],"off":[0,-0.8]}},{"type":"Feature","geometry":{"type":"Point","coordinates":[19.635126,50.389714]},"properties":{"line":"474","mode":"bus","color":"#0059a9","colorDark":"#00294f","band":1,"off":[0,1.1]}},{"type":"Feature","geometry":{"type":"Point","coordinates":[19.621722,50.372045]},"properties":{"name":"Cieślin Dom Ludowy","band":1,"modes":"bus","arr":["470"],"off":[0,-0.8]}},{"type":"Feature","geometry":{"type":"Point","coordinates":[19.621722,50.372045]},"properties":{"line":"470","mode":"bus","color":"#0059a9","colorDark":"#00294f","band":1,"off":[0,1.1]}},{"type":"Feature","geometry":{"type":"Point","coordinates":[19.579688,50.406374]},"properties":{"name":"Hucisko Pętla","band":1,"modes":"bus","arr":["470"],"off":[0,-0.8]}},{"type":"Feature","geometry":{"type":"Point","coordinates":[19.579688,50.406374]},"properties":{"line":"470","mode":"bus","color":"#0059a9","colorDark":"#00294f","band":1,"off":[0,1.1]}},{"type":"Feature","geometry":{"type":"Point","coordinates":[19.526609,50.400751]},"properties":{"name":"Rodaki Pętla","band":1,"modes":"bus","arr":["471","476","477"],"off":[0,-0.8]}},{"type":"Feature","geometry":{"type":"Point","coordinates":[19.526609,50.400751]},"properties":{"line":"471","mode":"bus","color":"#0059a9","colorDark":"#00294f","band":1,"off":[-3.4,1.1]}},{"type":"Feature","geometry":{"type":"Point","coordinates":[19.526609,50.400751]},"properties":{"line":"476","mode":"bus","color":"#0059a9","colorDark":"#00294f","band":1,"off":[0,1.1]}},{"type":"Feature","geometry":{"type":"Point","coordinates":[19.526609,50.400751]},"properties":{"line":"477","mode":"bus","color":"#0059a9","colorDark":"#00294f","band":1,"off":[3.4,1.1]}},{"type":"Feature","geometry":{"type":"Point","coordinates":[19.493441,50.364511]},"properties":{"name":"Chechło Pętla","band":1,"modes":"bus","arr":["472"],"off":[0,-0.8]}},{"type":"Feature","geometry":{"type":"Point","coordinates":[19.493441,50.364511]},"properties":{"line":"472","mode":"bus","color":"#0059a9","colorDark":"#00294f","band":1,"off":[0,1.1]}},{"type":"Feature","geometry":{"type":"Point","coordinates":[19.6026,50.361117]},"properties":{"name":"Golczowice Pętla","band":1,"modes":"bus","arr":["473","474"],"off":[0,-0.8]}},{"type":"Feature","geometry":{"type":"Point","coordinates":[19.6026,50.361117]},"properties":{"line":"473","mode":"bus","color":"#0059a9","colorDark":"#00294f","band":1,"off":[-1.7,1.1]}},{"type":"Feature","geometry":{"type":"Point","coordinates":[19.6026,50.361117]},"properties":{"line":"474","mode":"bus","color":"#0059a9","colorDark":"#00294f","band":1,"off":[1.7,1.1]}},{"type":"Feature","geometry":{"type":"Point","coordinates":[19.596123,50.298871]},"properties":{"name":"Rabsztyn","band":1,"modes":"bus","arr":["475"],"off":[0,-0.8]}},{"type":"Feature","geometry":{"type":"Point","coordinates":[19.596123,50.298871]},"properties":{"line":"475","mode":"bus","color":"#0059a9","colorDark":"#00294f","band":1,"off":[0,1.1]}},{"type":"Feature","geometry":{"type":"Point","coordinates":[19.569757,50.28445]},"properties":{"name":"Olkusz Rabsztyńska Wulkanizacja","band":1,"modes":"bus","arr":["475"],"off":[0,-0.8]}},{"type":"Feature","geometry":{"type":"Point","coordinates":[19.569757,50.28445]},"properties":{"line":"475","mode":"bus","color":"#0059a9","colorDark":"#00294f","band":1,"off":[0,1.1]}},{"type":"Feature","geometry":{"type":"Point","coordinates":[19.66866,50.30652]},"properties":{"name":"Braciejówka Pętla","band":1,"modes":"bus","arr":["BP"],"off":[0,-0.8]}},{"type":"Feature","geometry":{"type":"Point","coordinates":[19.66866,50.30652]},"properties":{"line":"BP","mode":"bus","color":"#0059a9","colorDark":"#00294f","band":1,"off":[0,1.1]}},{"type":"Feature","geometry":{"type":"Point","coordinates":[19.629812,50.313149]},"properties":{"name":"Podlesie II","band":1,"modes":"bus","arr":["BP"],"off":[0,-0.8]}},{"type":"Feature","geometry":{"type":"Point","coordinates":[19.629812,50.313149]},"properties":{"line":"BP","mode":"bus","color":"#0059a9","colorDark":"#00294f","band":1,"off":[0,1.1]}},{"type":"Feature","geometry":{"type":"Point","coordinates":[19.642633,50.335396]},"properties":{"name":"Pazurek","band":1,"modes":"bus","arr":["BP"],"off":[0,-0.8]}},{"type":"Feature","geometry":{"type":"Point","coordinates":[19.642633,50.335396]},"properties":{"line":"BP","mode":"bus","color":"#0059a9","colorDark":"#00294f","band":1,"off":[0,1.1]}},{"type":"Feature","geometry":{"type":"Point","coordinates":[19.580091,50.242175]},"properties":{"name":"Witeradów IV","band":1,"modes":"bus","arr":["G"],"off":[0,-0.8]}},{"type":"Feature","geometry":{"type":"Point","coordinates":[19.580091,50.242175]},"properties":{"line":"G","mode":"bus","color":"#0059a9","colorDark":"#00294f","band":1,"off":[0,1.1]}},{"type":"Feature","geometry":{"type":"Point","coordinates":[19.636152,50.205609]},"properties":{"name":"Gorenice Pętla","band":1,"modes":"bus","arr":["G"],"off":[0,-0.8]}},{"type":"Feature","geometry":{"type":"Point","coordinates":[19.636152,50.205609]},"properties":{"line":"G","mode":"bus","color":"#0059a9","colorDark":"#00294f","band":1,"off":[0,1.1]}},{"type":"Feature","geometry":{"type":"Point","coordinates":[19.547214,50.283908]},"properties":{"name":"Olkusz Cmentarz","band":1,"modes":"bus","arr":["PS","SŁ"],"off":[0,-0.8]}},{"type":"Feature","geometry":{"type":"Point","coordinates":[19.547214,50.283908]},"properties":{"line":"PS","mode":"bus","color":"#0059a9","colorDark":"#00294f","band":1,"off":[-1.7,1.1]}},{"type":"Feature","geometry":{"type":"Point","coordinates":[19.547214,50.283908]},"properties":{"line":"SŁ","mode":"bus","color":"#0059a9","colorDark":"#00294f","band":1,"off":[1.7,1.1]}},{"type":"Feature","geometry":{"type":"Point","coordinates":[19.537107,50.285501]},"properties":{"name":"Olkusz Kopalnia Pomorzany","band":1,"modes":"bus","arr":["PSK"],"off":[0,-0.8]}},{"type":"Feature","geometry":{"type":"Point","coordinates":[19.537107,50.285501]},"properties":{"line":"PSK","mode":"bus","color":"#0059a9","colorDark":"#00294f","band":1,"off":[0,1.1]}},{"type":"Feature","geometry":{"type":"Point","coordinates":[19.587991,50.283734]},"properties":{"name":"Olkusz Jasna II","band":1,"modes":"bus","arr":["SŁ"],"off":[0,-0.8]}},{"type":"Feature","geometry":{"type":"Point","coordinates":[19.587991,50.283734]},"properties":{"line":"SŁ","mode":"bus","color":"#0059a9","colorDark":"#00294f","band":1,"off":[0,1.1]}},{"type":"Feature","geometry":{"type":"Point","coordinates":[19.579779,50.282042]},"properties":{"name":"Olkusz Miła","band":1,"modes":"bus","arr":["SŁ"],"off":[0,-0.8]}},{"type":"Feature","geometry":{"type":"Point","coordinates":[19.579779,50.282042]},"properties":{"line":"SŁ","mode":"bus","color":"#0059a9","colorDark":"#00294f","band":1,"off":[0,1.1]}},{"type":"Feature","geometry":{"type":"Point","coordinates":[19.684489,50.258272]},"properties":{"name":"Zadole Kosmolowskie Pętla","band":1,"modes":"bus","arr":["WK"],"off":[0,-0.8]}},{"type":"Feature","geometry":{"type":"Point","coordinates":[19.684489,50.258272]},"properties":{"line":"WK","mode":"bus","color":"#0059a9","colorDark":"#00294f","band":1,"off":[0,1.1]}},{"type":"Feature","geometry":{"type":"Point","coordinates":[19.606871,50.268677]},"properties":{"name":"Sieniczno Orzechówka","band":1,"modes":"bus","arr":["WK"],"off":[0,-0.8]}},{"type":"Feature","geometry":{"type":"Point","coordinates":[19.606871,50.268677]},"properties":{"line":"WK","mode":"bus","color":"#0059a9","colorDark":"#00294f","band":1,"off":[0,1.1]}},{"type":"Feature","geometry":{"type":"Point","coordinates":[19.644934,50.254784]},"properties":{"name":"Kogutek Zadole Kosmolowskie","band":1,"modes":"bus","arr":["ZP","ZZ"],"off":[0,-0.8]}},{"type":"Feature","geometry":{"type":"Point","coordinates":[19.644934,50.254784]},"properties":{"line":"ZP","mode":"bus","color":"#0059a9","colorDark":"#00294f","band":1,"off":[-1.7,1.1]}},{"type":"Feature","geometry":{"type":"Point","coordinates":[19.644934,50.254784]},"properties":{"line":"ZZ","mode":"bus","color":"#0059a9","colorDark":"#00294f","band":1,"off":[1.7,1.1]}},{"type":"Feature","geometry":{"type":"Point","coordinates":[19.637252,50.217884]},"properties":{"name":"Zawada Pętla","band":1,"modes":"bus","arr":["ZZ"],"off":[0,-0.8]}},{"type":"Feature","geometry":{"type":"Point","coordinates":[19.637252,50.217884]},"properties":{"line":"ZZ","mode":"bus","color":"#0059a9","colorDark":"#00294f","band":1,"off":[0,1.1]}},{"type":"Feature","geometry":{"type":"Point","coordinates":[19.539891,50.241188]},"properties":{"name":"Żurada Pętla","band":1,"modes":"bus","arr":["Ż"],"off":[0,-0.8]}},{"type":"Feature","geometry":{"type":"Point","coordinates":[19.539891,50.241188]},"properties":{"line":"Ż","mode":"bus","color":"#0059a9","colorDark":"#00294f","band":1,"off":[0,1.1]}},{"type":"Feature","geometry":{"type":"Point","coordinates":[19.555635,50.206885]},"properties":{"name":"Lgota II","band":2,"modes":"bus","arr":["457"],"off":[0,-0.8]}},{"type":"Feature","geometry":{"type":"Point","coordinates":[19.555635,50.206885]},"properties":{"line":"457","mode":"bus","color":"#0059a9","colorDark":"#00294f","band":2,"off":[0,1.1]}},{"type":"Feature","geometry":{"type":"Point","coordinates":[19.462015,50.264812]},"properties":{"name":"Bukowno Dworzec PKP","band":2,"modes":"bus","arr":["457","463","464","465","466","467"],"off":[0,-0.8]}},{"type":"Feature","geometry":{"type":"Point","coordinates":[19.462015,50.264812]},"properties":{"line":"457","mode":"bus","color":"#0059a9","colorDark":"#00294f","band":2,"off":[-6.8,1.1]}},{"type":"Feature","geometry":{"type":"Point","coordinates":[19.462015,50.264812]},"properties":{"line":"463","mode":"bus","color":"#0059a9","colorDark":"#00294f","band":2,"off":[-3.4,1.1]}},{"type":"Feature","geometry":{"type":"Point","coordinates":[19.462015,50.264812]},"properties":{"line":"464","mode":"bus","color":"#0059a9","colorDark":"#00294f","band":2,"off":[0,1.1]}},{"type":"Feature","geometry":{"type":"Point","coordinates":[19.462015,50.264812]},"properties":{"line":"465","mode":"bus","color":"#0059a9","colorDark":"#00294f","band":2,"off":[3.4,1.1]}},{"type":"Feature","geometry":{"type":"Point","coordinates":[19.462015,50.264812]},"properties":{"line":"466","mode":"bus","color":"#0059a9","colorDark":"#00294f","band":2,"off":[6.8,1.1]}},{"type":"Feature","geometry":{"type":"Point","coordinates":[19.462015,50.264812]},"properties":{"line":"467","mode":"bus","color":"#0059a9","colorDark":"#00294f","band":2,"off":[0,3.1]}},{"type":"Feature","geometry":{"type":"Point","coordinates":[19.563643,50.280788]},"properties":{"name":"Olkusz Supersam ZKGKM","band":2,"modes":"bus","arr":["457","462","463","470","471","473","474","476","477","BP","G","SŁ","WK","ZP","ZZ","Ż"],"off":[0,-0.8],"sc":0.92}},{"type":"Feature","geometry":{"type":"Point","coordinates":[19.563643,50.280788]},"properties":{"name":"Olkusz Supersam ZKG KM","band":2,"modes":"bus","arr":["457","462","463","470","471","473","474","476","477","BP","G","SŁ","WK","ZP","ZZ","Ż"],"off":[0,-3],"sc":0.92}},{"type":"Feature","geometry":{"type":"Point","coordinates":[19.563643,50.280788]},"properties":{"line":"457","mode":"bus","color":"#0059a9","colorDark":"#00294f","band":2,"sc":0.92,"off":[-6.8,1.1]}},{"type":"Feature","geometry":{"type":"Point","coordinates":[19.563643,50.280788]},"properties":{"line":"462","mode":"bus","color":"#0059a9","colorDark":"#00294f","band":2,"sc":0.92,"off":[-3.4,1.1]}},{"type":"Feature","geometry":{"type":"Point","coordinates":[19.563643,50.280788]},"properties":{"line":"463","mode":"bus","color":"#0059a9","colorDark":"#00294f","band":2,"sc":0.92,"off":[0,1.1]}},{"type":"Feature","geometry":{"type":"Point","coordinates":[19.563643,50.280788]},"properties":{"line":"470","mode":"bus","color":"#0059a9","colorDark":"#00294f","band":2,"sc":0.92,"off":[3.4,1.1]}},{"type":"Feature","geometry":{"type":"Point","coordinates":[19.563643,50.280788]},"properties":{"line":"471","mode":"bus","color":"#0059a9","colorDark":"#00294f","band":2,"sc":0.92,"off":[6.8,1.1]}},{"type":"Feature","geometry":{"type":"Point","coordinates":[19.563643,50.280788]},"properties":{"line":"473","mode":"bus","color":"#0059a9","colorDark":"#00294f","band":2,"sc":0.92,"off":[-6.8,3.1]}},{"type":"Feature","geometry":{"type":"Point","coordinates":[19.563643,50.280788]},"properties":{"line":"474","mode":"bus","color":"#0059a9","colorDark":"#00294f","band":2,"sc":0.92,"off":[-3.4,3.1]}},{"type":"Feature","geometry":{"type":"Point","coordinates":[19.563643,50.280788]},"properties":{"line":"476","mode":"bus","color":"#0059a9","colorDark":"#00294f","band":2,"sc":0.92,"off":[0,3.1]}},{"type":"Feature","geometry":{"type":"Point","coordinates":[19.563643,50.280788]},"properties":{"line":"477","mode":"bus","color":"#0059a9","colorDark":"#00294f","band":2,"sc":0.92,"off":[3.4,3.1]}},{"type":"Feature","geometry":{"type":"Point","coordinates":[19.563643,50.280788]},"properties":{"line":"BP","mode":"bus","color":"#0059a9","colorDark":"#00294f","band":2,"sc":0.92,"off":[6.8,3.1]}},{"type":"Feature","geometry":{"type":"Point","coordinates":[19.563643,50.280788]},"properties":{"line":"G","mode":"bus","color":"#0059a9","colorDark":"#00294f","band":2,"sc":0.92,"off":[-6.8,5.1]}},{"type":"Feature","geometry":{"type":"Point","coordinates":[19.563643,50.280788]},"properties":{"line":"SŁ","mode":"bus","color":"#0059a9","colorDark":"#00294f","band":2,"sc":0.92,"off":[-3.4,5.1]}},{"type":"Feature","geometry":{"type":"Point","coordinates":[19.563643,50.280788]},"properties":{"line":"WK","mode":"bus","color":"#0059a9","colorDark":"#00294f","band":2,"sc":0.92,"off":[0,5.1]}},{"type":"Feature","geometry":{"type":"Point","coordinates":[19.563643,50.280788]},"properties":{"line":"ZP","mode":"bus","color":"#0059a9","colorDark":"#00294f","band":2,"sc":0.92,"off":[3.4,5.1]}},{"type":"Feature","geometry":{"type":"Point","coordinates":[19.563643,50.280788]},"properties":{"line":"ZZ","mode":"bus","color":"#0059a9","colorDark":"#00294f","band":2,"sc":0.92,"off":[6.8,5.1]}},{"type":"Feature","geometry":{"type":"Point","coordinates":[19.563643,50.280788]},"properties":{"line":"Ż","mode":"bus","color":"#0059a9","colorDark":"#00294f","band":2,"sc":0.92,"off":[0,7.1]}},{"type":"Feature","geometry":{"type":"Point","coordinates":[19.568704,50.269703]},"properties":{"name":"Olkusz Szpital","band":2,"modes":"bus","arr":["466"],"off":[0,-0.8]}},{"type":"Feature","geometry":{"type":"Point","coordinates":[19.568704,50.269703]},"properties":{"line":"466","mode":"bus","color":"#0059a9","colorDark":"#00294f","band":2,"off":[0,1.1]}},{"type":"Feature","geometry":{"type":"Point","coordinates":[19.573984,50.274629]},"properties":{"name":"Olkusz Dworzec PKS","band":2,"modes":"bus","arr":["460","461","462","464","465","466","472","475","476","BP","M","Ż"],"off":[0,-0.8]}},{"type":"Feature","geometry":{"type":"Point","coordinates":[19.573984,50.274629]},"properties":{"line":"460","mode":"bus","color":"#0059a9","colorDark":"#00294f","band":2,"off":[-6.8,1.1]}},{"type":"Feature","geometry":{"type":"Point","coordinates":[19.573984,50.274629]},"properties":{"line":"461","mode":"bus","color":"#0059a9","colorDark":"#00294f","band":2,"off":[-3.4,1.1]}},{"type":"Feature","geometry":{"type":"Point","coordinates":[19.573984,50.274629]},"properties":{"line":"462","mode":"bus","color":"#0059a9","colorDark":"#00294f","band":2,"off":[0,1.1]}},{"type":"Feature","geometry":{"type":"Point","coordinates":[19.573984,50.274629]},"properties":{"line":"464","mode":"bus","color":"#0059a9","colorDark":"#00294f","band":2,"off":[3.4,1.1]}},{"type":"Feature","geometry":{"type":"Point","coordinates":[19.573984,50.274629]},"properties":{"line":"465","mode":"bus","color":"#0059a9","colorDark":"#00294f","band":2,"off":[6.8,1.1]}},{"type":"Feature","geometry":{"type":"Point","coordinates":[19.573984,50.274629]},"properties":{"line":"466","mode":"bus","color":"#0059a9","colorDark":"#00294f","band":2,"off":[-6.8,3.1]}},{"type":"Feature","geometry":{"type":"Point","coordinates":[19.573984,50.274629]},"properties":{"line":"472","mode":"bus","color":"#0059a9","colorDark":"#00294f","band":2,"off":[-3.4,3.1]}},{"type":"Feature","geometry":{"type":"Point","coordinates":[19.573984,50.274629]},"properties":{"line":"475","mode":"bus","color":"#0059a9","colorDark":"#00294f","band":2,"off":[0,3.1]}},{"type":"Feature","geometry":{"type":"Point","coordinates":[19.573984,50.274629]},"properties":{"line":"476","mode":"bus","color":"#0059a9","colorDark":"#00294f","band":2,"off":[3.4,3.1]}},{"type":"Feature","geometry":{"type":"Point","coordinates":[19.573984,50.274629]},"properties":{"line":"BP","mode":"bus","color":"#0059a9","colorDark":"#00294f","band":2,"off":[6.8,3.1]}},{"type":"Feature","geometry":{"type":"Point","coordinates":[19.573984,50.274629]},"properties":{"line":"M","mode":"bus","color":"#0059a9","colorDark":"#00294f","band":2,"off":[-1.7,5.1]}},{"type":"Feature","geometry":{"type":"Point","coordinates":[19.573984,50.274629]},"properties":{"line":"Ż","mode":"bus","color":"#0059a9","colorDark":"#00294f","band":2,"off":[1.7,5.1]}},{"type":"Feature","geometry":{"type":"Point","coordinates":[19.406194,50.29193]},"properties":{"name":"Międzygórze","band":2,"modes":"bus","arr":["460","467"],"off":[0,-0.8]}},{"type":"Feature","geometry":{"type":"Point","coordinates":[19.406194,50.29193]},"properties":{"line":"460","mode":"bus","color":"#0059a9","colorDark":"#00294f","band":2,"off":[-1.7,1.1]}},{"type":"Feature","geometry":{"type":"Point","coordinates":[19.406194,50.29193]},"properties":{"line":"467","mode":"bus","color":"#0059a9","colorDark":"#00294f","band":2,"off":[1.7,1.1]}},{"type":"Feature","geometry":{"type":"Point","coordinates":[19.403077,50.287188]},"properties":{"name":"Bukowno Sławkowska Pętla","band":2,"modes":"bus","arr":["460"],"off":[0,-0.8]}},{"type":"Feature","geometry":{"type":"Point","coordinates":[19.403077,50.287188]},"properties":{"line":"460","mode":"bus","color":"#0059a9","colorDark":"#00294f","band":2,"off":[0,1.1]}},{"type":"Feature","geometry":{"type":"Point","coordinates":[19.388612,50.297884]},"properties":{"name":"Sławków Rynek","band":2,"modes":"bus","arr":["460","461","463"],"off":[0,-0.8]}},{"type":"Feature","geometry":{"type":"Point","coordinates":[19.388612,50.297884]},"properties":{"line":"460","mode":"bus","color":"#0059a9","colorDark":"#00294f","band":2,"off":[-3.4,1.1]}},{"type":"Feature","geometry":{"type":"Point","coordinates":[19.388612,50.297884]},"properties":{"line":"461","mode":"bus","color":"#0059a9","colorDark":"#00294f","band":2,"off":[0,1.1]}},{"type":"Feature","geometry":{"type":"Point","coordinates":[19.388612,50.297884]},"properties":{"line":"463","mode":"bus","color":"#0059a9","colorDark":"#00294f","band":2,"off":[3.4,1.1]}},{"type":"Feature","geometry":{"type":"Point","coordinates":[19.562894,50.260759]},"properties":{"name":"Olkusz Os. Młodych Pętla","band":2,"modes":"bus","arr":["460","464","465","466","470","474","475","M","PS","PSK"],"off":[0,-0.8]}},{"type":"Feature","geometry":{"type":"Point","coordinates":[19.562894,50.260759]},"properties":{"line":"460","mode":"bus","color":"#0059a9","colorDark":"#00294f","band":2,"off":[-6.8,1.1]}},{"type":"Feature","geometry":{"type":"Point","coordinates":[19.562894,50.260759]},"properties":{"line":"464","mode":"bus","color":"#0059a9","colorDark":"#00294f","band":2,"off":[-3.4,1.1]}},{"type":"Feature","geometry":{"type":"Point","coordinates":[19.562894,50.260759]},"properties":{"line":"465","mode":"bus","color":"#0059a9","colorDark":"#00294f","band":2,"off":[0,1.1]}},{"type":"Feature","geometry":{"type":"Point","coordinates":[19.562894,50.260759]},"properties":{"line":"466","mode":"bus","color":"#0059a9","colorDark":"#00294f","band":2,"off":[3.4,1.1]}},{"type":"Feature","geometry":{"type":"Point","coordinates":[19.562894,50.260759]},"properties":{"line":"470","mode":"bus","color":"#0059a9","colorDark":"#00294f","band":2,"off":[6.8,1.1]}},{"type":"Feature","geometry":{"type":"Point","coordinates":[19.562894,50.260759]},"properties":{"line":"474","mode":"bus","color":"#0059a9","colorDark":"#00294f","band":2,"off":[-6.8,3.1]}},{"type":"Feature","geometry":{"type":"Point","coordinates":[19.562894,50.260759]},"properties":{"line":"475","mode":"bus","color":"#0059a9","colorDark":"#00294f","band":2,"off":[-3.4,3.1]}},{"type":"Feature","geometry":{"type":"Point","coordinates":[19.562894,50.260759]},"properties":{"line":"M","mode":"bus","color":"#0059a9","colorDark":"#00294f","band":2,"off":[0,3.1]}},{"type":"Feature","geometry":{"type":"Point","coordinates":[19.562894,50.260759]},"properties":{"line":"PS","mode":"bus","color":"#0059a9","colorDark":"#00294f","band":2,"off":[3.4,3.1]}},{"type":"Feature","geometry":{"type":"Point","coordinates":[19.562894,50.260759]},"properties":{"line":"PSK","mode":"bus","color":"#0059a9","colorDark":"#00294f","band":2,"off":[6.8,3.1]}},{"type":"Feature","geometry":{"type":"Point","coordinates":[19.399543,50.299486]},"properties":{"name":"Sławków Walcownia","band":2,"modes":"bus","arr":["460"],"off":[0,-0.8]}},{"type":"Feature","geometry":{"type":"Point","coordinates":[19.399543,50.299486]},"properties":{"line":"460","mode":"bus","color":"#0059a9","colorDark":"#00294f","band":2,"off":[0,1.1]}},{"type":"Feature","geometry":{"type":"Point","coordinates":[19.479397,50.304721]},"properties":{"name":"Bolesław Wyzwolenia I","band":2,"modes":"bus","arr":["467"],"off":[0,-0.8]}},{"type":"Feature","geometry":{"type":"Point","coordinates":[19.479397,50.304721]},"properties":{"line":"467","mode":"bus","color":"#0059a9","colorDark":"#00294f","band":2,"off":[0,1.1]}},{"type":"Feature","geometry":{"type":"Point","coordinates":[19.460797,50.318124]},"properties":{"name":"Laski Pętla","band":2,"modes":"bus","arr":["463"],"off":[0,-0.8]}},{"type":"Feature","geometry":{"type":"Point","coordinates":[19.460797,50.318124]},"properties":{"line":"463","mode":"bus","color":"#0059a9","colorDark":"#00294f","band":2,"off":[0,1.1]}},{"type":"Feature","geometry":{"type":"Point","coordinates":[19.420173,50.311245]},"properties":{"name":"Krzykawa Remiza","band":2,"modes":"bus","arr":["461"],"off":[0,-0.8]}},{"type":"Feature","geometry":{"type":"Point","coordinates":[19.420173,50.311245]},"properties":{"line":"461","mode":"bus","color":"#0059a9","colorDark":"#00294f","band":2,"off":[0,1.1]}},{"type":"Feature","geometry":{"type":"Point","coordinates":[19.414552,50.302565]},"properties":{"name":"Krzykawa Skrzyż.","band":2,"modes":"bus","arr":["461"],"off":[0,-0.8]}},{"type":"Feature","geometry":{"type":"Point","coordinates":[19.414552,50.302565]},"properties":{"line":"461","mode":"bus","color":"#0059a9","colorDark":"#00294f","band":2,"off":[0,1.1]}},{"type":"Feature","geometry":{"type":"Point","coordinates":[19.566647,50.267176]},"properties":{"name":"Olkusz E. Orzeszkowej","band":2,"modes":"bus","arr":["461","465","472","475","477","BP","SŁ","Ż"],"off":[0,-0.8]}},{"type":"Feature","geometry":{"type":"Point","coordinates":[19.566647,50.267176]},"properties":{"line":"461","mode":"bus","color":"#0059a9","colorDark":"#00294f","band":2,"off":[-6.8,1.1]}},{"type":"Feature","geometry":{"type":"Point","coordinates":[19.566647,50.267176]},"properties":{"line":"465","mode":"bus","color":"#0059a9","colorDark":"#00294f","band":2,"off":[-3.4,1.1]}},{"type":"Feature","geometry":{"type":"Point","coordinates":[19.566647,50.267176]},"properties":{"line":"472","mode":"bus","color":"#0059a9","colorDark":"#00294f","band":2,"off":[0,1.1]}},{"type":"Feature","geometry":{"type":"Point","coordinates":[19.566647,50.267176]},"properties":{"line":"475","mode":"bus","color":"#0059a9","colorDark":"#00294f","band":2,"off":[3.4,1.1]}},{"type":"Feature","geometry":{"type":"Point","coordinates":[19.566647,50.267176]},"properties":{"line":"477","mode":"bus","color":"#0059a9","colorDark":"#00294f","band":2,"off":[6.8,1.1]}},{"type":"Feature","geometry":{"type":"Point","coordinates":[19.566647,50.267176]},"properties":{"line":"BP","mode":"bus","color":"#0059a9","colorDark":"#00294f","band":2,"off":[-3.4,3.1]}},{"type":"Feature","geometry":{"type":"Point","coordinates":[19.566647,50.267176]},"properties":{"line":"SŁ","mode":"bus","color":"#0059a9","colorDark":"#00294f","band":2,"off":[0,3.1]}},{"type":"Feature","geometry":{"type":"Point","coordinates":[19.566647,50.267176]},"properties":{"line":"Ż","mode":"bus","color":"#0059a9","colorDark":"#00294f","band":2,"off":[3.4,3.1]}},{"type":"Feature","geometry":{"type":"Point","coordinates":[19.406736,50.292864]},"properties":{"name":"Międzygórze I","band":2,"modes":"bus","arr":["462"],"off":[0,-0.8]}},{"type":"Feature","geometry":{"type":"Point","coordinates":[19.406736,50.292864]},"properties":{"line":"462","mode":"bus","color":"#0059a9","colorDark":"#00294f","band":2,"off":[0,1.1]}},{"type":"Feature","geometry":{"type":"Point","coordinates":[19.484088,50.266139]},"properties":{"name":"Bukowno Leśna Pętla","band":2,"modes":"bus","arr":["466","467A"],"off":[0,-0.8]}},{"type":"Feature","geometry":{"type":"Point","coordinates":[19.484088,50.266139]},"properties":{"line":"466","mode":"bus","color":"#0059a9","colorDark":"#00294f","band":2,"off":[-1.7,1.1]}},{"type":"Feature","geometry":{"type":"Point","coordinates":[19.484088,50.266139]},"properties":{"line":"467A","mode":"bus","color":"#0059a9","colorDark":"#00294f","band":2,"off":[1.7,1.1]}},{"type":"Feature","geometry":{"type":"Point","coordinates":[19.427258,50.23629]},"properties":{"name":"Bór Biskupi Wiejska","band":2,"modes":"bus","arr":["466","467","467A"],"off":[0,-0.8]}},{"type":"Feature","geometry":{"type":"Point","coordinates":[19.427258,50.23629]},"properties":{"line":"466","mode":"bus","color":"#0059a9","colorDark":"#00294f","band":2,"off":[-3.4,1.1]}},{"type":"Feature","geometry":{"type":"Point","coordinates":[19.427258,50.23629]},"properties":{"line":"467","mode":"bus","color":"#0059a9","colorDark":"#00294f","band":2,"off":[0,1.1]}},{"type":"Feature","geometry":{"type":"Point","coordinates":[19.427258,50.23629]},"properties":{"line":"467A","mode":"bus","color":"#0059a9","colorDark":"#00294f","band":2,"off":[3.4,1.1]}},{"type":"Feature","geometry":{"type":"Point","coordinates":[19.426446,50.233559]},"properties":{"name":"Bór Biskupi Pętla","band":2,"modes":"bus","arr":["466","467A"],"off":[0,-0.8]}},{"type":"Feature","geometry":{"type":"Point","coordinates":[19.426446,50.233559]},"properties":{"line":"466","mode":"bus","color":"#0059a9","colorDark":"#00294f","band":2,"off":[-1.7,1.1]}},{"type":"Feature","geometry":{"type":"Point","coordinates":[19.426446,50.233559]},"properties":{"line":"467A","mode":"bus","color":"#0059a9","colorDark":"#00294f","band":2,"off":[1.7,1.1]}},{"type":"Feature","geometry":{"type":"Point","coordinates":[19.475126,50.233212]},"properties":{"name":"Podlesie Ogrodowa Pętla","band":2,"modes":"bus","arr":["466","467","467A"],"off":[0,-0.8]}},{"type":"Feature","geometry":{"type":"Point","coordinates":[19.475126,50.233212]},"properties":{"line":"466","mode":"bus","color":"#0059a9","colorDark":"#00294f","band":2,"off":[-3.4,1.1]}},{"type":"Feature","geometry":{"type":"Point","coordinates":[19.475126,50.233212]},"properties":{"line":"467","mode":"bus","color":"#0059a9","colorDark":"#00294f","band":2,"off":[0,1.1]}},{"type":"Feature","geometry":{"type":"Point","coordinates":[19.475126,50.233212]},"properties":{"line":"467A","mode":"bus","color":"#0059a9","colorDark":"#00294f","band":2,"off":[3.4,1.1]}},{"type":"Feature","geometry":{"type":"Point","coordinates":[19.618746,50.341971]},"properties":{"name":"Jaroszowiec PKP","band":2,"modes":"bus","arr":["474","476"],"off":[0,-0.8]}},{"type":"Feature","geometry":{"type":"Point","coordinates":[19.618746,50.341971]},"properties":{"line":"474","mode":"bus","color":"#0059a9","colorDark":"#00294f","band":2,"off":[-1.7,1.1]}},{"type":"Feature","geometry":{"type":"Point","coordinates":[19.618746,50.341971]},"properties":{"line":"476","mode":"bus","color":"#0059a9","colorDark":"#00294f","band":2,"off":[1.7,1.1]}},{"type":"Feature","geometry":{"type":"Point","coordinates":[19.635126,50.389714]},"properties":{"name":"Krzywopłoty Paderewskiego","band":2,"modes":"bus","arr":["474"],"off":[0,-0.8]}},{"type":"Feature","geometry":{"type":"Point","coordinates":[19.635126,50.389714]},"properties":{"line":"474","mode":"bus","color":"#0059a9","colorDark":"#00294f","band":2,"off":[0,1.1]}},{"type":"Feature","geometry":{"type":"Point","coordinates":[19.621722,50.372045]},"properties":{"name":"Cieślin Dom Ludowy","band":2,"modes":"bus","arr":["470"],"off":[0,-0.8]}},{"type":"Feature","geometry":{"type":"Point","coordinates":[19.621722,50.372045]},"properties":{"line":"470","mode":"bus","color":"#0059a9","colorDark":"#00294f","band":2,"off":[0,1.1]}},{"type":"Feature","geometry":{"type":"Point","coordinates":[19.579688,50.406374]},"properties":{"name":"Hucisko Pętla","band":2,"modes":"bus","arr":["470"],"off":[0,-0.8]}},{"type":"Feature","geometry":{"type":"Point","coordinates":[19.579688,50.406374]},"properties":{"line":"470","mode":"bus","color":"#0059a9","colorDark":"#00294f","band":2,"off":[0,1.1]}},{"type":"Feature","geometry":{"type":"Point","coordinates":[19.526609,50.400751]},"properties":{"name":"Rodaki Pętla","band":2,"modes":"bus","arr":["471","476","477"],"off":[0,-0.8]}},{"type":"Feature","geometry":{"type":"Point","coordinates":[19.526609,50.400751]},"properties":{"line":"471","mode":"bus","color":"#0059a9","colorDark":"#00294f","band":2,"off":[-3.4,1.1]}},{"type":"Feature","geometry":{"type":"Point","coordinates":[19.526609,50.400751]},"properties":{"line":"476","mode":"bus","color":"#0059a9","colorDark":"#00294f","band":2,"off":[0,1.1]}},{"type":"Feature","geometry":{"type":"Point","coordinates":[19.526609,50.400751]},"properties":{"line":"477","mode":"bus","color":"#0059a9","colorDark":"#00294f","band":2,"off":[3.4,1.1]}},{"type":"Feature","geometry":{"type":"Point","coordinates":[19.493441,50.364511]},"properties":{"name":"Chechło Pętla","band":2,"modes":"bus","arr":["472"],"off":[0,-0.8]}},{"type":"Feature","geometry":{"type":"Point","coordinates":[19.493441,50.364511]},"properties":{"line":"472","mode":"bus","color":"#0059a9","colorDark":"#00294f","band":2,"off":[0,1.1]}},{"type":"Feature","geometry":{"type":"Point","coordinates":[19.6026,50.361117]},"properties":{"name":"Golczowice Pętla","band":2,"modes":"bus","arr":["473","474"],"off":[0,-0.8]}},{"type":"Feature","geometry":{"type":"Point","coordinates":[19.6026,50.361117]},"properties":{"line":"473","mode":"bus","color":"#0059a9","colorDark":"#00294f","band":2,"off":[-1.7,1.1]}},{"type":"Feature","geometry":{"type":"Point","coordinates":[19.6026,50.361117]},"properties":{"line":"474","mode":"bus","color":"#0059a9","colorDark":"#00294f","band":2,"off":[1.7,1.1]}},{"type":"Feature","geometry":{"type":"Point","coordinates":[19.596123,50.298871]},"properties":{"name":"Rabsztyn","band":2,"modes":"bus","arr":["475"],"off":[0,-0.8]}},{"type":"Feature","geometry":{"type":"Point","coordinates":[19.596123,50.298871]},"properties":{"line":"475","mode":"bus","color":"#0059a9","colorDark":"#00294f","band":2,"off":[0,1.1]}},{"type":"Feature","geometry":{"type":"Point","coordinates":[19.569757,50.28445]},"properties":{"name":"Olkusz Rabsztyńska Wulkanizacja","band":2,"modes":"bus","arr":["475"],"off":[0,-0.8]}},{"type":"Feature","geometry":{"type":"Point","coordinates":[19.569757,50.28445]},"properties":{"line":"475","mode":"bus","color":"#0059a9","colorDark":"#00294f","band":2,"off":[0,1.1]}},{"type":"Feature","geometry":{"type":"Point","coordinates":[19.66866,50.30652]},"properties":{"name":"Braciejówka Pętla","band":2,"modes":"bus","arr":["BP"],"off":[0,-0.8]}},{"type":"Feature","geometry":{"type":"Point","coordinates":[19.66866,50.30652]},"properties":{"line":"BP","mode":"bus","color":"#0059a9","colorDark":"#00294f","band":2,"off":[0,1.1]}},{"type":"Feature","geometry":{"type":"Point","coordinates":[19.629812,50.313149]},"properties":{"name":"Podlesie II","band":2,"modes":"bus","arr":["BP"],"off":[0,-0.8]}},{"type":"Feature","geometry":{"type":"Point","coordinates":[19.629812,50.313149]},"properties":{"line":"BP","mode":"bus","color":"#0059a9","colorDark":"#00294f","band":2,"off":[0,1.1]}},{"type":"Feature","geometry":{"type":"Point","coordinates":[19.642633,50.335396]},"properties":{"name":"Pazurek","band":2,"modes":"bus","arr":["BP"],"off":[0,-0.8]}},{"type":"Feature","geometry":{"type":"Point","coordinates":[19.642633,50.335396]},"properties":{"line":"BP","mode":"bus","color":"#0059a9","colorDark":"#00294f","band":2,"off":[0,1.1]}},{"type":"Feature","geometry":{"type":"Point","coordinates":[19.580091,50.242175]},"properties":{"name":"Witeradów IV","band":2,"modes":"bus","arr":["G"],"off":[0,-0.8]}},{"type":"Feature","geometry":{"type":"Point","coordinates":[19.580091,50.242175]},"properties":{"line":"G","mode":"bus","color":"#0059a9","colorDark":"#00294f","band":2,"off":[0,1.1]}},{"type":"Feature","geometry":{"type":"Point","coordinates":[19.636152,50.205609]},"properties":{"name":"Gorenice Pętla","band":2,"modes":"bus","arr":["G"],"off":[0,-0.8]}},{"type":"Feature","geometry":{"type":"Point","coordinates":[19.636152,50.205609]},"properties":{"line":"G","mode":"bus","color":"#0059a9","colorDark":"#00294f","band":2,"off":[0,1.1]}},{"type":"Feature","geometry":{"type":"Point","coordinates":[19.547214,50.283908]},"properties":{"name":"Olkusz Cmentarz","band":2,"modes":"bus","arr":["PS","SŁ"],"off":[0,-0.8]}},{"type":"Feature","geometry":{"type":"Point","coordinates":[19.547214,50.283908]},"properties":{"line":"PS","mode":"bus","color":"#0059a9","colorDark":"#00294f","band":2,"off":[-1.7,1.1]}},{"type":"Feature","geometry":{"type":"Point","coordinates":[19.547214,50.283908]},"properties":{"line":"SŁ","mode":"bus","color":"#0059a9","colorDark":"#00294f","band":2,"off":[1.7,1.1]}},{"type":"Feature","geometry":{"type":"Point","coordinates":[19.537107,50.285501]},"properties":{"name":"Olkusz Kopalnia Pomorzany","band":2,"modes":"bus","arr":["PSK"],"off":[0,-0.8]}},{"type":"Feature","geometry":{"type":"Point","coordinates":[19.537107,50.285501]},"properties":{"line":"PSK","mode":"bus","color":"#0059a9","colorDark":"#00294f","band":2,"off":[0,1.1]}},{"type":"Feature","geometry":{"type":"Point","coordinates":[19.587991,50.283734]},"properties":{"name":"Olkusz Jasna II","band":2,"modes":"bus","arr":["SŁ"],"off":[0,-0.8]}},{"type":"Feature","geometry":{"type":"Point","coordinates":[19.587991,50.283734]},"properties":{"line":"SŁ","mode":"bus","color":"#0059a9","colorDark":"#00294f","band":2,"off":[0,1.1]}},{"type":"Feature","geometry":{"type":"Point","coordinates":[19.579779,50.282042]},"properties":{"name":"Olkusz Miła","band":2,"modes":"bus","arr":["SŁ"],"off":[0,-0.8]}},{"type":"Feature","geometry":{"type":"Point","coordinates":[19.579779,50.282042]},"properties":{"line":"SŁ","mode":"bus","color":"#0059a9","colorDark":"#00294f","band":2,"off":[0,1.1]}},{"type":"Feature","geometry":{"type":"Point","coordinates":[19.684489,50.258272]},"properties":{"name":"Zadole Kosmolowskie Pętla","band":2,"modes":"bus","arr":["WK"],"off":[0,-0.8]}},{"type":"Feature","geometry":{"type":"Point","coordinates":[19.684489,50.258272]},"properties":{"line":"WK","mode":"bus","color":"#0059a9","colorDark":"#00294f","band":2,"off":[0,1.1]}},{"type":"Feature","geometry":{"type":"Point","coordinates":[19.606871,50.268677]},"properties":{"name":"Sieniczno Orzechówka","band":2,"modes":"bus","arr":["WK"],"off":[0,-0.8]}},{"type":"Feature","geometry":{"type":"Point","coordinates":[19.606871,50.268677]},"properties":{"line":"WK","mode":"bus","color":"#0059a9","colorDark":"#00294f","band":2,"off":[0,1.1]}},{"type":"Feature","geometry":{"type":"Point","coordinates":[19.644934,50.254784]},"properties":{"name":"Kogutek Zadole Kosmolowskie","band":2,"modes":"bus","arr":["ZP","ZZ"],"off":[0,-0.8]}},{"type":"Feature","geometry":{"type":"Point","coordinates":[19.644934,50.254784]},"properties":{"line":"ZP","mode":"bus","color":"#0059a9","colorDark":"#00294f","band":2,"off":[-1.7,1.1]}},{"type":"Feature","geometry":{"type":"Point","coordinates":[19.644934,50.254784]},"properties":{"line":"ZZ","mode":"bus","color":"#0059a9","colorDark":"#00294f","band":2,"off":[1.7,1.1]}},{"type":"Feature","geometry":{"type":"Point","coordinates":[19.637252,50.217884]},"properties":{"name":"Zawada Pętla","band":2,"modes":"bus","arr":["ZZ"],"off":[0,-0.8]}},{"type":"Feature","geometry":{"type":"Point","coordinates":[19.637252,50.217884]},"properties":{"line":"ZZ","mode":"bus","color":"#0059a9","colorDark":"#00294f","band":2,"off":[0,1.1]}},{"type":"Feature","geometry":{"type":"Point","coordinates":[19.539891,50.241188]},"properties":{"name":"Żurada Pętla","band":2,"modes":"bus","arr":["Ż"],"off":[0,-0.8]}},{"type":"Feature","geometry":{"type":"Point","coordinates":[19.539891,50.241188]},"properties":{"line":"Ż","mode":"bus","color":"#0059a9","colorDark":"#00294f","band":2,"off":[0,1.1]}},{"type":"Feature","geometry":{"type":"Point","coordinates":[19.555635,50.206885]},"properties":{"name":"Lgota II","band":3,"modes":"bus","arr":["457"],"off":[0,-0.8]}},{"type":"Feature","geometry":{"type":"Point","coordinates":[19.555635,50.206885]},"properties":{"line":"457","mode":"bus","color":"#0059a9","colorDark":"#00294f","band":3,"off":[0,1.1]}},{"type":"Feature","geometry":{"type":"Point","coordinates":[19.462015,50.264812]},"properties":{"name":"Bukowno Dworzec PKP","band":3,"modes":"bus","arr":["457","463","464","465","466","467"],"off":[0,-0.8]}},{"type":"Feature","geometry":{"type":"Point","coordinates":[19.462015,50.264812]},"properties":{"line":"457","mode":"bus","color":"#0059a9","colorDark":"#00294f","band":3,"off":[-6.8,1.1]}},{"type":"Feature","geometry":{"type":"Point","coordinates":[19.462015,50.264812]},"properties":{"line":"463","mode":"bus","color":"#0059a9","colorDark":"#00294f","band":3,"off":[-3.4,1.1]}},{"type":"Feature","geometry":{"type":"Point","coordinates":[19.462015,50.264812]},"properties":{"line":"464","mode":"bus","color":"#0059a9","colorDark":"#00294f","band":3,"off":[0,1.1]}},{"type":"Feature","geometry":{"type":"Point","coordinates":[19.462015,50.264812]},"properties":{"line":"465","mode":"bus","color":"#0059a9","colorDark":"#00294f","band":3,"off":[3.4,1.1]}},{"type":"Feature","geometry":{"type":"Point","coordinates":[19.462015,50.264812]},"properties":{"line":"466","mode":"bus","color":"#0059a9","colorDark":"#00294f","band":3,"off":[6.8,1.1]}},{"type":"Feature","geometry":{"type":"Point","coordinates":[19.462015,50.264812]},"properties":{"line":"467","mode":"bus","color":"#0059a9","colorDark":"#00294f","band":3,"off":[0,3.1]}},{"type":"Feature","geometry":{"type":"Point","coordinates":[19.563643,50.280788]},"properties":{"name":"Olkusz Supersam ZKGKM","band":3,"modes":"bus","arr":["457","462","463","470","471","473","474","476","477","BP","G","SŁ","WK","ZP","ZZ","Ż"],"off":[0,-0.8]}},{"type":"Feature","geometry":{"type":"Point","coordinates":[19.563643,50.280788]},"properties":{"name":"Olkusz Supersam ZKG KM","band":3,"modes":"bus","arr":["457","462","463","470","471","473","474","476","477","BP","G","SŁ","WK","ZP","ZZ","Ż"],"off":[0,-3]}},{"type":"Feature","geometry":{"type":"Point","coordinates":[19.563643,50.280788]},"properties":{"line":"457","mode":"bus","color":"#0059a9","colorDark":"#00294f","band":3,"off":[-6.8,1.1]}},{"type":"Feature","geometry":{"type":"Point","coordinates":[19.563643,50.280788]},"properties":{"line":"462","mode":"bus","color":"#0059a9","colorDark":"#00294f","band":3,"off":[-3.4,1.1]}},{"type":"Feature","geometry":{"type":"Point","coordinates":[19.563643,50.280788]},"properties":{"line":"463","mode":"bus","color":"#0059a9","colorDark":"#00294f","band":3,"off":[0,1.1]}},{"type":"Feature","geometry":{"type":"Point","coordinates":[19.563643,50.280788]},"properties":{"line":"470","mode":"bus","color":"#0059a9","colorDark":"#00294f","band":3,"off":[3.4,1.1]}},{"type":"Feature","geometry":{"type":"Point","coordinates":[19.563643,50.280788]},"properties":{"line":"471","mode":"bus","color":"#0059a9","colorDark":"#00294f","band":3,"off":[6.8,1.1]}},{"type":"Feature","geometry":{"type":"Point","coordinates":[19.563643,50.280788]},"properties":{"line":"473","mode":"bus","color":"#0059a9","colorDark":"#00294f","band":3,"off":[-6.8,3.1]}},{"type":"Feature","geometry":{"type":"Point","coordinates":[19.563643,50.280788]},"properties":{"line":"474","mode":"bus","color":"#0059a9","colorDark":"#00294f","band":3,"off":[-3.4,3.1]}},{"type":"Feature","geometry":{"type":"Point","coordinates":[19.563643,50.280788]},"properties":{"line":"476","mode":"bus","color":"#0059a9","colorDark":"#00294f","band":3,"off":[0,3.1]}},{"type":"Feature","geometry":{"type":"Point","coordinates":[19.563643,50.280788]},"properties":{"line":"477","mode":"bus","color":"#0059a9","colorDark":"#00294f","band":3,"off":[3.4,3.1]}},{"type":"Feature","geometry":{"type":"Point","coordinates":[19.563643,50.280788]},"properties":{"line":"BP","mode":"bus","color":"#0059a9","colorDark":"#00294f","band":3,"off":[6.8,3.1]}},{"type":"Feature","geometry":{"type":"Point","coordinates":[19.563643,50.280788]},"properties":{"line":"G","mode":"bus","color":"#0059a9","colorDark":"#00294f","band":3,"off":[-6.8,5.1]}},{"type":"Feature","geometry":{"type":"Point","coordinates":[19.563643,50.280788]},"properties":{"line":"SŁ","mode":"bus","color":"#0059a9","colorDark":"#00294f","band":3,"off":[-3.4,5.1]}},{"type":"Feature","geometry":{"type":"Point","coordinates":[19.563643,50.280788]},"properties":{"line":"WK","mode":"bus","color":"#0059a9","colorDark":"#00294f","band":3,"off":[0,5.1]}},{"type":"Feature","geometry":{"type":"Point","coordinates":[19.563643,50.280788]},"properties":{"line":"ZP","mode":"bus","color":"#0059a9","colorDark":"#00294f","band":3,"off":[3.4,5.1]}},{"type":"Feature","geometry":{"type":"Point","coordinates":[19.563643,50.280788]},"properties":{"line":"ZZ","mode":"bus","color":"#0059a9","colorDark":"#00294f","band":3,"off":[6.8,5.1]}},{"type":"Feature","geometry":{"type":"Point","coordinates":[19.563643,50.280788]},"properties":{"line":"Ż","mode":"bus","color":"#0059a9","colorDark":"#00294f","band":3,"off":[0,7.1]}},{"type":"Feature","geometry":{"type":"Point","coordinates":[19.568704,50.269703]},"properties":{"name":"Olkusz Szpital","band":3,"modes":"bus","arr":["466"],"off":[0,-0.8]}},{"type":"Feature","geometry":{"type":"Point","coordinates":[19.568704,50.269703]},"properties":{"line":"466","mode":"bus","color":"#0059a9","colorDark":"#00294f","band":3,"off":[0,1.1]}},{"type":"Feature","geometry":{"type":"Point","coordinates":[19.573984,50.274629]},"properties":{"name":"Olkusz Dworzec PKS","band":3,"modes":"bus","arr":["460","461","462","464","465","466","472","475","476","BP","M","Ż"],"off":[0,-0.8]}},{"type":"Feature","geometry":{"type":"Point","coordinates":[19.573984,50.274629]},"properties":{"line":"460","mode":"bus","color":"#0059a9","colorDark":"#00294f","band":3,"off":[-6.8,1.1]}},{"type":"Feature","geometry":{"type":"Point","coordinates":[19.573984,50.274629]},"properties":{"line":"461","mode":"bus","color":"#0059a9","colorDark":"#00294f","band":3,"off":[-3.4,1.1]}},{"type":"Feature","geometry":{"type":"Point","coordinates":[19.573984,50.274629]},"properties":{"line":"462","mode":"bus","color":"#0059a9","colorDark":"#00294f","band":3,"off":[0,1.1]}},{"type":"Feature","geometry":{"type":"Point","coordinates":[19.573984,50.274629]},"properties":{"line":"464","mode":"bus","color":"#0059a9","colorDark":"#00294f","band":3,"off":[3.4,1.1]}},{"type":"Feature","geometry":{"type":"Point","coordinates":[19.573984,50.274629]},"properties":{"line":"465","mode":"bus","color":"#0059a9","colorDark":"#00294f","band":3,"off":[6.8,1.1]}},{"type":"Feature","geometry":{"type":"Point","coordinates":[19.573984,50.274629]},"properties":{"line":"466","mode":"bus","color":"#0059a9","colorDark":"#00294f","band":3,"off":[-6.8,3.1]}},{"type":"Feature","geometry":{"type":"Point","coordinates":[19.573984,50.274629]},"properties":{"line":"472","mode":"bus","color":"#0059a9","colorDark":"#00294f","band":3,"off":[-3.4,3.1]}},{"type":"Feature","geometry":{"type":"Point","coordinates":[19.573984,50.274629]},"properties":{"line":"475","mode":"bus","color":"#0059a9","colorDark":"#00294f","band":3,"off":[0,3.1]}},{"type":"Feature","geometry":{"type":"Point","coordinates":[19.573984,50.274629]},"properties":{"line":"476","mode":"bus","color":"#0059a9","colorDark":"#00294f","band":3,"off":[3.4,3.1]}},{"type":"Feature","geometry":{"type":"Point","coordinates":[19.573984,50.274629]},"properties":{"line":"BP","mode":"bus","color":"#0059a9","colorDark":"#00294f","band":3,"off":[6.8,3.1]}},{"type":"Feature","geometry":{"type":"Point","coordinates":[19.573984,50.274629]},"properties":{"line":"M","mode":"bus","color":"#0059a9","colorDark":"#00294f","band":3,"off":[-1.7,5.1]}},{"type":"Feature","geometry":{"type":"Point","coordinates":[19.573984,50.274629]},"properties":{"line":"Ż","mode":"bus","color":"#0059a9","colorDark":"#00294f","band":3,"off":[1.7,5.1]}},{"type":"Feature","geometry":{"type":"Point","coordinates":[19.406194,50.29193]},"properties":{"name":"Międzygórze","band":3,"modes":"bus","arr":["460","467"],"off":[0,-0.8]}},{"type":"Feature","geometry":{"type":"Point","coordinates":[19.406194,50.29193]},"properties":{"line":"460","mode":"bus","color":"#0059a9","colorDark":"#00294f","band":3,"off":[-1.7,1.1]}},{"type":"Feature","geometry":{"type":"Point","coordinates":[19.406194,50.29193]},"properties":{"line":"467","mode":"bus","color":"#0059a9","colorDark":"#00294f","band":3,"off":[1.7,1.1]}},{"type":"Feature","geometry":{"type":"Point","coordinates":[19.403077,50.287188]},"properties":{"name":"Bukowno Sławkowska Pętla","band":3,"modes":"bus","arr":["460"],"off":[0,-0.8]}},{"type":"Feature","geometry":{"type":"Point","coordinates":[19.403077,50.287188]},"properties":{"line":"460","mode":"bus","color":"#0059a9","colorDark":"#00294f","band":3,"off":[0,1.1]}},{"type":"Feature","geometry":{"type":"Point","coordinates":[19.388612,50.297884]},"properties":{"name":"Sławków Rynek","band":3,"modes":"bus","arr":["460","461","463"],"off":[0,-0.8]}},{"type":"Feature","geometry":{"type":"Point","coordinates":[19.388612,50.297884]},"properties":{"line":"460","mode":"bus","color":"#0059a9","colorDark":"#00294f","band":3,"off":[-3.4,1.1]}},{"type":"Feature","geometry":{"type":"Point","coordinates":[19.388612,50.297884]},"properties":{"line":"461","mode":"bus","color":"#0059a9","colorDark":"#00294f","band":3,"off":[0,1.1]}},{"type":"Feature","geometry":{"type":"Point","coordinates":[19.388612,50.297884]},"properties":{"line":"463","mode":"bus","color":"#0059a9","colorDark":"#00294f","band":3,"off":[3.4,1.1]}},{"type":"Feature","geometry":{"type":"Point","coordinates":[19.562894,50.260759]},"properties":{"name":"Olkusz Os. Młodych Pętla","band":3,"modes":"bus","arr":["460","464","465","466","470","474","475","M","PS","PSK"],"off":[0,-0.8]}},{"type":"Feature","geometry":{"type":"Point","coordinates":[19.562894,50.260759]},"properties":{"line":"460","mode":"bus","color":"#0059a9","colorDark":"#00294f","band":3,"off":[-6.8,1.1]}},{"type":"Feature","geometry":{"type":"Point","coordinates":[19.562894,50.260759]},"properties":{"line":"464","mode":"bus","color":"#0059a9","colorDark":"#00294f","band":3,"off":[-3.4,1.1]}},{"type":"Feature","geometry":{"type":"Point","coordinates":[19.562894,50.260759]},"properties":{"line":"465","mode":"bus","color":"#0059a9","colorDark":"#00294f","band":3,"off":[0,1.1]}},{"type":"Feature","geometry":{"type":"Point","coordinates":[19.562894,50.260759]},"properties":{"line":"466","mode":"bus","color":"#0059a9","colorDark":"#00294f","band":3,"off":[3.4,1.1]}},{"type":"Feature","geometry":{"type":"Point","coordinates":[19.562894,50.260759]},"properties":{"line":"470","mode":"bus","color":"#0059a9","colorDark":"#00294f","band":3,"off":[6.8,1.1]}},{"type":"Feature","geometry":{"type":"Point","coordinates":[19.562894,50.260759]},"properties":{"line":"474","mode":"bus","color":"#0059a9","colorDark":"#00294f","band":3,"off":[-6.8,3.1]}},{"type":"Feature","geometry":{"type":"Point","coordinates":[19.562894,50.260759]},"properties":{"line":"475","mode":"bus","color":"#0059a9","colorDark":"#00294f","band":3,"off":[-3.4,3.1]}},{"type":"Feature","geometry":{"type":"Point","coordinates":[19.562894,50.260759]},"properties":{"line":"M","mode":"bus","color":"#0059a9","colorDark":"#00294f","band":3,"off":[0,3.1]}},{"type":"Feature","geometry":{"type":"Point","coordinates":[19.562894,50.260759]},"properties":{"line":"PS","mode":"bus","color":"#0059a9","colorDark":"#00294f","band":3,"off":[3.4,3.1]}},{"type":"Feature","geometry":{"type":"Point","coordinates":[19.562894,50.260759]},"properties":{"line":"PSK","mode":"bus","color":"#0059a9","colorDark":"#00294f","band":3,"off":[6.8,3.1]}},{"type":"Feature","geometry":{"type":"Point","coordinates":[19.399543,50.299486]},"properties":{"name":"Sławków Walcownia","band":3,"modes":"bus","arr":["460"],"off":[0,-0.8]}},{"type":"Feature","geometry":{"type":"Point","coordinates":[19.399543,50.299486]},"properties":{"line":"460","mode":"bus","color":"#0059a9","colorDark":"#00294f","band":3,"off":[0,1.1]}},{"type":"Feature","geometry":{"type":"Point","coordinates":[19.479397,50.304721]},"properties":{"name":"Bolesław Wyzwolenia I","band":3,"modes":"bus","arr":["467"],"off":[0,-0.8]}},{"type":"Feature","geometry":{"type":"Point","coordinates":[19.479397,50.304721]},"properties":{"line":"467","mode":"bus","color":"#0059a9","colorDark":"#00294f","band":3,"off":[0,1.1]}},{"type":"Feature","geometry":{"type":"Point","coordinates":[19.460797,50.318124]},"properties":{"name":"Laski Pętla","band":3,"modes":"bus","arr":["463"],"off":[0,-0.8]}},{"type":"Feature","geometry":{"type":"Point","coordinates":[19.460797,50.318124]},"properties":{"line":"463","mode":"bus","color":"#0059a9","colorDark":"#00294f","band":3,"off":[0,1.1]}},{"type":"Feature","geometry":{"type":"Point","coordinates":[19.420173,50.311245]},"properties":{"name":"Krzykawa Remiza","band":3,"modes":"bus","arr":["461"],"off":[0,-0.8]}},{"type":"Feature","geometry":{"type":"Point","coordinates":[19.420173,50.311245]},"properties":{"line":"461","mode":"bus","color":"#0059a9","colorDark":"#00294f","band":3,"off":[0,1.1]}},{"type":"Feature","geometry":{"type":"Point","coordinates":[19.414552,50.302565]},"properties":{"name":"Krzykawa Skrzyż.","band":3,"modes":"bus","arr":["461"],"off":[0,-0.8]}},{"type":"Feature","geometry":{"type":"Point","coordinates":[19.414552,50.302565]},"properties":{"line":"461","mode":"bus","color":"#0059a9","colorDark":"#00294f","band":3,"off":[0,1.1]}},{"type":"Feature","geometry":{"type":"Point","coordinates":[19.566647,50.267176]},"properties":{"name":"Olkusz E. Orzeszkowej","band":3,"modes":"bus","arr":["461","465","472","475","477","BP","SŁ","Ż"],"off":[0,-0.8]}},{"type":"Feature","geometry":{"type":"Point","coordinates":[19.566647,50.267176]},"properties":{"line":"461","mode":"bus","color":"#0059a9","colorDark":"#00294f","band":3,"off":[-6.8,1.1]}},{"type":"Feature","geometry":{"type":"Point","coordinates":[19.566647,50.267176]},"properties":{"line":"465","mode":"bus","color":"#0059a9","colorDark":"#00294f","band":3,"off":[-3.4,1.1]}},{"type":"Feature","geometry":{"type":"Point","coordinates":[19.566647,50.267176]},"properties":{"line":"472","mode":"bus","color":"#0059a9","colorDark":"#00294f","band":3,"off":[0,1.1]}},{"type":"Feature","geometry":{"type":"Point","coordinates":[19.566647,50.267176]},"properties":{"line":"475","mode":"bus","color":"#0059a9","colorDark":"#00294f","band":3,"off":[3.4,1.1]}},{"type":"Feature","geometry":{"type":"Point","coordinates":[19.566647,50.267176]},"properties":{"line":"477","mode":"bus","color":"#0059a9","colorDark":"#00294f","band":3,"off":[6.8,1.1]}},{"type":"Feature","geometry":{"type":"Point","coordinates":[19.566647,50.267176]},"properties":{"line":"BP","mode":"bus","color":"#0059a9","colorDark":"#00294f","band":3,"off":[-3.4,3.1]}},{"type":"Feature","geometry":{"type":"Point","coordinates":[19.566647,50.267176]},"properties":{"line":"SŁ","mode":"bus","color":"#0059a9","colorDark":"#00294f","band":3,"off":[0,3.1]}},{"type":"Feature","geometry":{"type":"Point","coordinates":[19.566647,50.267176]},"properties":{"line":"Ż","mode":"bus","color":"#0059a9","colorDark":"#00294f","band":3,"off":[3.4,3.1]}},{"type":"Feature","geometry":{"type":"Point","coordinates":[19.406736,50.292864]},"properties":{"name":"Międzygórze I","band":3,"modes":"bus","arr":["462"],"off":[0,-0.8]}},{"type":"Feature","geometry":{"type":"Point","coordinates":[19.406736,50.292864]},"properties":{"line":"462","mode":"bus","color":"#0059a9","colorDark":"#00294f","band":3,"off":[0,1.1]}},{"type":"Feature","geometry":{"type":"Point","coordinates":[19.484088,50.266139]},"properties":{"name":"Bukowno Leśna Pętla","band":3,"modes":"bus","arr":["466","467A"],"off":[0,-0.8]}},{"type":"Feature","geometry":{"type":"Point","coordinates":[19.484088,50.266139]},"properties":{"line":"466","mode":"bus","color":"#0059a9","colorDark":"#00294f","band":3,"off":[-1.7,1.1]}},{"type":"Feature","geometry":{"type":"Point","coordinates":[19.484088,50.266139]},"properties":{"line":"467A","mode":"bus","color":"#0059a9","colorDark":"#00294f","band":3,"off":[1.7,1.1]}},{"type":"Feature","geometry":{"type":"Point","coordinates":[19.427258,50.23629]},"properties":{"name":"Bór Biskupi Wiejska","band":3,"modes":"bus","arr":["466","467","467A"],"off":[0,-0.8]}},{"type":"Feature","geometry":{"type":"Point","coordinates":[19.427258,50.23629]},"properties":{"line":"466","mode":"bus","color":"#0059a9","colorDark":"#00294f","band":3,"off":[-3.4,1.1]}},{"type":"Feature","geometry":{"type":"Point","coordinates":[19.427258,50.23629]},"properties":{"line":"467","mode":"bus","color":"#0059a9","colorDark":"#00294f","band":3,"off":[0,1.1]}},{"type":"Feature","geometry":{"type":"Point","coordinates":[19.427258,50.23629]},"properties":{"line":"467A","mode":"bus","color":"#0059a9","colorDark":"#00294f","band":3,"off":[3.4,1.1]}},{"type":"Feature","geometry":{"type":"Point","coordinates":[19.426446,50.233559]},"properties":{"name":"Bór Biskupi Pętla","band":3,"modes":"bus","arr":["466","467A"],"off":[0,-0.8]}},{"type":"Feature","geometry":{"type":"Point","coordinates":[19.426446,50.233559]},"properties":{"line":"466","mode":"bus","color":"#0059a9","colorDark":"#00294f","band":3,"off":[-1.7,1.1]}},{"type":"Feature","geometry":{"type":"Point","coordinates":[19.426446,50.233559]},"properties":{"line":"467A","mode":"bus","color":"#0059a9","colorDark":"#00294f","band":3,"off":[1.7,1.1]}},{"type":"Feature","geometry":{"type":"Point","coordinates":[19.475126,50.233212]},"properties":{"name":"Podlesie Ogrodowa Pętla","band":3,"modes":"bus","arr":["466","467","467A"],"off":[0,-0.8]}},{"type":"Feature","geometry":{"type":"Point","coordinates":[19.475126,50.233212]},"properties":{"line":"466","mode":"bus","color":"#0059a9","colorDark":"#00294f","band":3,"off":[-3.4,1.1]}},{"type":"Feature","geometry":{"type":"Point","coordinates":[19.475126,50.233212]},"properties":{"line":"467","mode":"bus","color":"#0059a9","colorDark":"#00294f","band":3,"off":[0,1.1]}},{"type":"Feature","geometry":{"type":"Point","coordinates":[19.475126,50.233212]},"properties":{"line":"467A","mode":"bus","color":"#0059a9","colorDark":"#00294f","band":3,"off":[3.4,1.1]}},{"type":"Feature","geometry":{"type":"Point","coordinates":[19.618746,50.341971]},"properties":{"name":"Jaroszowiec PKP","band":3,"modes":"bus","arr":["474","476"],"off":[0,-0.8]}},{"type":"Feature","geometry":{"type":"Point","coordinates":[19.618746,50.341971]},"properties":{"line":"474","mode":"bus","color":"#0059a9","colorDark":"#00294f","band":3,"off":[-1.7,1.1]}},{"type":"Feature","geometry":{"type":"Point","coordinates":[19.618746,50.341971]},"properties":{"line":"476","mode":"bus","color":"#0059a9","colorDark":"#00294f","band":3,"off":[1.7,1.1]}},{"type":"Feature","geometry":{"type":"Point","coordinates":[19.635126,50.389714]},"properties":{"name":"Krzywopłoty Paderewskiego","band":3,"modes":"bus","arr":["474"],"off":[0,-0.8]}},{"type":"Feature","geometry":{"type":"Point","coordinates":[19.635126,50.389714]},"properties":{"line":"474","mode":"bus","color":"#0059a9","colorDark":"#00294f","band":3,"off":[0,1.1]}},{"type":"Feature","geometry":{"type":"Point","coordinates":[19.621722,50.372045]},"properties":{"name":"Cieślin Dom Ludowy","band":3,"modes":"bus","arr":["470"],"off":[0,-0.8]}},{"type":"Feature","geometry":{"type":"Point","coordinates":[19.621722,50.372045]},"properties":{"line":"470","mode":"bus","color":"#0059a9","colorDark":"#00294f","band":3,"off":[0,1.1]}},{"type":"Feature","geometry":{"type":"Point","coordinates":[19.579688,50.406374]},"properties":{"name":"Hucisko Pętla","band":3,"modes":"bus","arr":["470"],"off":[0,-0.8]}},{"type":"Feature","geometry":{"type":"Point","coordinates":[19.579688,50.406374]},"properties":{"line":"470","mode":"bus","color":"#0059a9","colorDark":"#00294f","band":3,"off":[0,1.1]}},{"type":"Feature","geometry":{"type":"Point","coordinates":[19.526609,50.400751]},"properties":{"name":"Rodaki Pętla","band":3,"modes":"bus","arr":["471","476","477"],"off":[0,-0.8]}},{"type":"Feature","geometry":{"type":"Point","coordinates":[19.526609,50.400751]},"properties":{"line":"471","mode":"bus","color":"#0059a9","colorDark":"#00294f","band":3,"off":[-3.4,1.1]}},{"type":"Feature","geometry":{"type":"Point","coordinates":[19.526609,50.400751]},"properties":{"line":"476","mode":"bus","color":"#0059a9","colorDark":"#00294f","band":3,"off":[0,1.1]}},{"type":"Feature","geometry":{"type":"Point","coordinates":[19.526609,50.400751]},"properties":{"line":"477","mode":"bus","color":"#0059a9","colorDark":"#00294f","band":3,"off":[3.4,1.1]}},{"type":"Feature","geometry":{"type":"Point","coordinates":[19.493441,50.364511]},"properties":{"name":"Chechło Pętla","band":3,"modes":"bus","arr":["472"],"off":[0,-0.8]}},{"type":"Feature","geometry":{"type":"Point","coordinates":[19.493441,50.364511]},"properties":{"line":"472","mode":"bus","color":"#0059a9","colorDark":"#00294f","band":3,"off":[0,1.1]}},{"type":"Feature","geometry":{"type":"Point","coordinates":[19.6026,50.361117]},"properties":{"name":"Golczowice Pętla","band":3,"modes":"bus","arr":["473","474"],"off":[0,-0.8]}},{"type":"Feature","geometry":{"type":"Point","coordinates":[19.6026,50.361117]},"properties":{"line":"473","mode":"bus","color":"#0059a9","colorDark":"#00294f","band":3,"off":[-1.7,1.1]}},{"type":"Feature","geometry":{"type":"Point","coordinates":[19.6026,50.361117]},"properties":{"line":"474","mode":"bus","color":"#0059a9","colorDark":"#00294f","band":3,"off":[1.7,1.1]}},{"type":"Feature","geometry":{"type":"Point","coordinates":[19.596123,50.298871]},"properties":{"name":"Rabsztyn","band":3,"modes":"bus","arr":["475"],"off":[0,-0.8]}},{"type":"Feature","geometry":{"type":"Point","coordinates":[19.596123,50.298871]},"properties":{"line":"475","mode":"bus","color":"#0059a9","colorDark":"#00294f","band":3,"off":[0,1.1]}},{"type":"Feature","geometry":{"type":"Point","coordinates":[19.569757,50.28445]},"properties":{"name":"Olkusz Rabsztyńska Wulkanizacja","band":3,"modes":"bus","arr":["475"],"off":[0,-0.8]}},{"type":"Feature","geometry":{"type":"Point","coordinates":[19.569757,50.28445]},"properties":{"line":"475","mode":"bus","color":"#0059a9","colorDark":"#00294f","band":3,"off":[0,1.1]}},{"type":"Feature","geometry":{"type":"Point","coordinates":[19.66866,50.30652]},"properties":{"name":"Braciejówka Pętla","band":3,"modes":"bus","arr":["BP"],"off":[0,-0.8]}},{"type":"Feature","geometry":{"type":"Point","coordinates":[19.66866,50.30652]},"properties":{"line":"BP","mode":"bus","color":"#0059a9","colorDark":"#00294f","band":3,"off":[0,1.1]}},{"type":"Feature","geometry":{"type":"Point","coordinates":[19.629812,50.313149]},"properties":{"name":"Podlesie II","band":3,"modes":"bus","arr":["BP"],"off":[0,-0.8]}},{"type":"Feature","geometry":{"type":"Point","coordinates":[19.629812,50.313149]},"properties":{"line":"BP","mode":"bus","color":"#0059a9","colorDark":"#00294f","band":3,"off":[0,1.1]}},{"type":"Feature","geometry":{"type":"Point","coordinates":[19.642633,50.335396]},"properties":{"name":"Pazurek","band":3,"modes":"bus","arr":["BP"],"off":[0,-0.8]}},{"type":"Feature","geometry":{"type":"Point","coordinates":[19.642633,50.335396]},"properties":{"line":"BP","mode":"bus","color":"#0059a9","colorDark":"#00294f","band":3,"off":[0,1.1]}},{"type":"Feature","geometry":{"type":"Point","coordinates":[19.580091,50.242175]},"properties":{"name":"Witeradów IV","band":3,"modes":"bus","arr":["G"],"off":[0,-0.8]}},{"type":"Feature","geometry":{"type":"Point","coordinates":[19.580091,50.242175]},"properties":{"line":"G","mode":"bus","color":"#0059a9","colorDark":"#00294f","band":3,"off":[0,1.1]}},{"type":"Feature","geometry":{"type":"Point","coordinates":[19.636152,50.205609]},"properties":{"name":"Gorenice Pętla","band":3,"modes":"bus","arr":["G"],"off":[0,-0.8]}},{"type":"Feature","geometry":{"type":"Point","coordinates":[19.636152,50.205609]},"properties":{"line":"G","mode":"bus","color":"#0059a9","colorDark":"#00294f","band":3,"off":[0,1.1]}},{"type":"Feature","geometry":{"type":"Point","coordinates":[19.547214,50.283908]},"properties":{"name":"Olkusz Cmentarz","band":3,"modes":"bus","arr":["PS","SŁ"],"off":[0,-0.8]}},{"type":"Feature","geometry":{"type":"Point","coordinates":[19.547214,50.283908]},"properties":{"line":"PS","mode":"bus","color":"#0059a9","colorDark":"#00294f","band":3,"off":[-1.7,1.1]}},{"type":"Feature","geometry":{"type":"Point","coordinates":[19.547214,50.283908]},"properties":{"line":"SŁ","mode":"bus","color":"#0059a9","colorDark":"#00294f","band":3,"off":[1.7,1.1]}},{"type":"Feature","geometry":{"type":"Point","coordinates":[19.537107,50.285501]},"properties":{"name":"Olkusz Kopalnia Pomorzany","band":3,"modes":"bus","arr":["PSK"],"off":[0,-0.8]}},{"type":"Feature","geometry":{"type":"Point","coordinates":[19.537107,50.285501]},"properties":{"line":"PSK","mode":"bus","color":"#0059a9","colorDark":"#00294f","band":3,"off":[0,1.1]}},{"type":"Feature","geometry":{"type":"Point","coordinates":[19.587991,50.283734]},"properties":{"name":"Olkusz Jasna II","band":3,"modes":"bus","arr":["SŁ"],"off":[0,-0.8]}},{"type":"Feature","geometry":{"type":"Point","coordinates":[19.587991,50.283734]},"properties":{"line":"SŁ","mode":"bus","color":"#0059a9","colorDark":"#00294f","band":3,"off":[0,1.1]}},{"type":"Feature","geometry":{"type":"Point","coordinates":[19.579779,50.282042]},"properties":{"name":"Olkusz Miła","band":3,"modes":"bus","arr":["SŁ"],"off":[0,-0.8]}},{"type":"Feature","geometry":{"type":"Point","coordinates":[19.579779,50.282042]},"properties":{"line":"SŁ","mode":"bus","color":"#0059a9","colorDark":"#00294f","band":3,"off":[0,1.1]}},{"type":"Feature","geometry":{"type":"Point","coordinates":[19.684489,50.258272]},"properties":{"name":"Zadole Kosmolowskie Pętla","band":3,"modes":"bus","arr":["WK"],"off":[0,-0.8]}},{"type":"Feature","geometry":{"type":"Point","coordinates":[19.684489,50.258272]},"properties":{"line":"WK","mode":"bus","color":"#0059a9","colorDark":"#00294f","band":3,"off":[0,1.1]}},{"type":"Feature","geometry":{"type":"Point","coordinates":[19.606871,50.268677]},"properties":{"name":"Sieniczno Orzechówka","band":3,"modes":"bus","arr":["WK"],"off":[0,-0.8]}},{"type":"Feature","geometry":{"type":"Point","coordinates":[19.606871,50.268677]},"properties":{"line":"WK","mode":"bus","color":"#0059a9","colorDark":"#00294f","band":3,"off":[0,1.1]}},{"type":"Feature","geometry":{"type":"Point","coordinates":[19.644934,50.254784]},"properties":{"name":"Kogutek Zadole Kosmolowskie","band":3,"modes":"bus","arr":["ZP","ZZ"],"off":[0,-0.8]}},{"type":"Feature","geometry":{"type":"Point","coordinates":[19.644934,50.254784]},"properties":{"line":"ZP","mode":"bus","color":"#0059a9","colorDark":"#00294f","band":3,"off":[-1.7,1.1]}},{"type":"Feature","geometry":{"type":"Point","coordinates":[19.644934,50.254784]},"properties":{"line":"ZZ","mode":"bus","color":"#0059a9","colorDark":"#00294f","band":3,"off":[1.7,1.1]}},{"type":"Feature","geometry":{"type":"Point","coordinates":[19.637252,50.217884]},"properties":{"name":"Zawada Pętla","band":3,"modes":"bus","arr":["ZZ"],"off":[0,-0.8]}},{"type":"Feature","geometry":{"type":"Point","coordinates":[19.637252,50.217884]},"properties":{"line":"ZZ","mode":"bus","color":"#0059a9","colorDark":"#00294f","band":3,"off":[0,1.1]}},{"type":"Feature","geometry":{"type":"Point","coordinates":[19.539891,50.241188]},"properties":{"name":"Żurada Pętla","band":3,"modes":"bus","arr":["Ż"],"off":[0,-0.8]}},{"type":"Feature","geometry":{"type":"Point","coordinates":[19.539891,50.241188]},"properties":{"line":"Ż","mode":"bus","color":"#0059a9","colorDark":"#00294f","band":3,"off":[0,1.1]}},{"type":"Feature","geometry":{"type":"Point","coordinates":[19.555635,50.206885]},"properties":{"name":"Lgota II","band":4,"modes":"bus","arr":["457"],"off":[0,-0.8]}},{"type":"Feature","geometry":{"type":"Point","coordinates":[19.555635,50.206885]},"properties":{"line":"457","mode":"bus","color":"#0059a9","colorDark":"#00294f","band":4,"off":[0,1.1]}},{"type":"Feature","geometry":{"type":"Point","coordinates":[19.462015,50.264812]},"properties":{"name":"Bukowno Dworzec PKP","band":4,"modes":"bus","arr":["457","463","464","465","466","467"],"off":[0,-0.8]}},{"type":"Feature","geometry":{"type":"Point","coordinates":[19.462015,50.264812]},"properties":{"line":"457","mode":"bus","color":"#0059a9","colorDark":"#00294f","band":4,"off":[-6.8,1.1]}},{"type":"Feature","geometry":{"type":"Point","coordinates":[19.462015,50.264812]},"properties":{"line":"463","mode":"bus","color":"#0059a9","colorDark":"#00294f","band":4,"off":[-3.4,1.1]}},{"type":"Feature","geometry":{"type":"Point","coordinates":[19.462015,50.264812]},"properties":{"line":"464","mode":"bus","color":"#0059a9","colorDark":"#00294f","band":4,"off":[0,1.1]}},{"type":"Feature","geometry":{"type":"Point","coordinates":[19.462015,50.264812]},"properties":{"line":"465","mode":"bus","color":"#0059a9","colorDark":"#00294f","band":4,"off":[3.4,1.1]}},{"type":"Feature","geometry":{"type":"Point","coordinates":[19.462015,50.264812]},"properties":{"line":"466","mode":"bus","color":"#0059a9","colorDark":"#00294f","band":4,"off":[6.8,1.1]}},{"type":"Feature","geometry":{"type":"Point","coordinates":[19.462015,50.264812]},"properties":{"line":"467","mode":"bus","color":"#0059a9","colorDark":"#00294f","band":4,"off":[0,3.1]}},{"type":"Feature","geometry":{"type":"Point","coordinates":[19.563643,50.280788]},"properties":{"name":"Olkusz Supersam ZKGKM","band":4,"modes":"bus","arr":["457","462","463","470","471","473","474","476","477","BP","G","SŁ","WK","ZP","ZZ","Ż"],"off":[0,-0.8]}},{"type":"Feature","geometry":{"type":"Point","coordinates":[19.563643,50.280788]},"properties":{"name":"Olkusz Supersam ZKG KM","band":4,"modes":"bus","arr":["457","462","463","470","471","473","474","476","477","BP","G","SŁ","WK","ZP","ZZ","Ż"],"off":[0,-3]}},{"type":"Feature","geometry":{"type":"Point","coordinates":[19.563643,50.280788]},"properties":{"line":"457","mode":"bus","color":"#0059a9","colorDark":"#00294f","band":4,"off":[-6.8,1.1]}},{"type":"Feature","geometry":{"type":"Point","coordinates":[19.563643,50.280788]},"properties":{"line":"462","mode":"bus","color":"#0059a9","colorDark":"#00294f","band":4,"off":[-3.4,1.1]}},{"type":"Feature","geometry":{"type":"Point","coordinates":[19.563643,50.280788]},"properties":{"line":"463","mode":"bus","color":"#0059a9","colorDark":"#00294f","band":4,"off":[0,1.1]}},{"type":"Feature","geometry":{"type":"Point","coordinates":[19.563643,50.280788]},"properties":{"line":"470","mode":"bus","color":"#0059a9","colorDark":"#00294f","band":4,"off":[3.4,1.1]}},{"type":"Feature","geometry":{"type":"Point","coordinates":[19.563643,50.280788]},"properties":{"line":"471","mode":"bus","color":"#0059a9","colorDark":"#00294f","band":4,"off":[6.8,1.1]}},{"type":"Feature","geometry":{"type":"Point","coordinates":[19.563643,50.280788]},"properties":{"line":"473","mode":"bus","color":"#0059a9","colorDark":"#00294f","band":4,"off":[-6.8,3.1]}},{"type":"Feature","geometry":{"type":"Point","coordinates":[19.563643,50.280788]},"properties":{"line":"474","mode":"bus","color":"#0059a9","colorDark":"#00294f","band":4,"off":[-3.4,3.1]}},{"type":"Feature","geometry":{"type":"Point","coordinates":[19.563643,50.280788]},"properties":{"line":"476","mode":"bus","color":"#0059a9","colorDark":"#00294f","band":4,"off":[0,3.1]}},{"type":"Feature","geometry":{"type":"Point","coordinates":[19.563643,50.280788]},"properties":{"line":"477","mode":"bus","color":"#0059a9","colorDark":"#00294f","band":4,"off":[3.4,3.1]}},{"type":"Feature","geometry":{"type":"Point","coordinates":[19.563643,50.280788]},"properties":{"line":"BP","mode":"bus","color":"#0059a9","colorDark":"#00294f","band":4,"off":[6.8,3.1]}},{"type":"Feature","geometry":{"type":"Point","coordinates":[19.563643,50.280788]},"properties":{"line":"G","mode":"bus","color":"#0059a9","colorDark":"#00294f","band":4,"off":[-6.8,5.1]}},{"type":"Feature","geometry":{"type":"Point","coordinates":[19.563643,50.280788]},"properties":{"line":"SŁ","mode":"bus","color":"#0059a9","colorDark":"#00294f","band":4,"off":[-3.4,5.1]}},{"type":"Feature","geometry":{"type":"Point","coordinates":[19.563643,50.280788]},"properties":{"line":"WK","mode":"bus","color":"#0059a9","colorDark":"#00294f","band":4,"off":[0,5.1]}},{"type":"Feature","geometry":{"type":"Point","coordinates":[19.563643,50.280788]},"properties":{"line":"ZP","mode":"bus","color":"#0059a9","colorDark":"#00294f","band":4,"off":[3.4,5.1]}},{"type":"Feature","geometry":{"type":"Point","coordinates":[19.563643,50.280788]},"properties":{"line":"ZZ","mode":"bus","color":"#0059a9","colorDark":"#00294f","band":4,"off":[6.8,5.1]}},{"type":"Feature","geometry":{"type":"Point","coordinates":[19.563643,50.280788]},"properties":{"line":"Ż","mode":"bus","color":"#0059a9","colorDark":"#00294f","band":4,"off":[0,7.1]}},{"type":"Feature","geometry":{"type":"Point","coordinates":[19.568704,50.269703]},"properties":{"name":"Olkusz Szpital","band":4,"modes":"bus","arr":["466"],"off":[0,-0.8]}},{"type":"Feature","geometry":{"type":"Point","coordinates":[19.568704,50.269703]},"properties":{"line":"466","mode":"bus","color":"#0059a9","colorDark":"#00294f","band":4,"off":[0,1.1]}},{"type":"Feature","geometry":{"type":"Point","coordinates":[19.573984,50.274629]},"properties":{"name":"Olkusz Dworzec PKS","band":4,"modes":"bus","arr":["460","461","462","464","465","466","472","475","476","BP","M","Ż"],"off":[0,-0.8]}},{"type":"Feature","geometry":{"type":"Point","coordinates":[19.573984,50.274629]},"properties":{"line":"460","mode":"bus","color":"#0059a9","colorDark":"#00294f","band":4,"off":[-6.8,1.1]}},{"type":"Feature","geometry":{"type":"Point","coordinates":[19.573984,50.274629]},"properties":{"line":"461","mode":"bus","color":"#0059a9","colorDark":"#00294f","band":4,"off":[-3.4,1.1]}},{"type":"Feature","geometry":{"type":"Point","coordinates":[19.573984,50.274629]},"properties":{"line":"462","mode":"bus","color":"#0059a9","colorDark":"#00294f","band":4,"off":[0,1.1]}},{"type":"Feature","geometry":{"type":"Point","coordinates":[19.573984,50.274629]},"properties":{"line":"464","mode":"bus","color":"#0059a9","colorDark":"#00294f","band":4,"off":[3.4,1.1]}},{"type":"Feature","geometry":{"type":"Point","coordinates":[19.573984,50.274629]},"properties":{"line":"465","mode":"bus","color":"#0059a9","colorDark":"#00294f","band":4,"off":[6.8,1.1]}},{"type":"Feature","geometry":{"type":"Point","coordinates":[19.573984,50.274629]},"properties":{"line":"466","mode":"bus","color":"#0059a9","colorDark":"#00294f","band":4,"off":[-6.8,3.1]}},{"type":"Feature","geometry":{"type":"Point","coordinates":[19.573984,50.274629]},"properties":{"line":"472","mode":"bus","color":"#0059a9","colorDark":"#00294f","band":4,"off":[-3.4,3.1]}},{"type":"Feature","geometry":{"type":"Point","coordinates":[19.573984,50.274629]},"properties":{"line":"475","mode":"bus","color":"#0059a9","colorDark":"#00294f","band":4,"off":[0,3.1]}},{"type":"Feature","geometry":{"type":"Point","coordinates":[19.573984,50.274629]},"properties":{"line":"476","mode":"bus","color":"#0059a9","colorDark":"#00294f","band":4,"off":[3.4,3.1]}},{"type":"Feature","geometry":{"type":"Point","coordinates":[19.573984,50.274629]},"properties":{"line":"BP","mode":"bus","color":"#0059a9","colorDark":"#00294f","band":4,"off":[6.8,3.1]}},{"type":"Feature","geometry":{"type":"Point","coordinates":[19.573984,50.274629]},"properties":{"line":"M","mode":"bus","color":"#0059a9","colorDark":"#00294f","band":4,"off":[-1.7,5.1]}},{"type":"Feature","geometry":{"type":"Point","coordinates":[19.573984,50.274629]},"properties":{"line":"Ż","mode":"bus","color":"#0059a9","colorDark":"#00294f","band":4,"off":[1.7,5.1]}},{"type":"Feature","geometry":{"type":"Point","coordinates":[19.406194,50.29193]},"properties":{"name":"Międzygórze","band":4,"modes":"bus","arr":["460","467"],"off":[0,-0.8]}},{"type":"Feature","geometry":{"type":"Point","coordinates":[19.406194,50.29193]},"properties":{"line":"460","mode":"bus","color":"#0059a9","colorDark":"#00294f","band":4,"off":[-1.7,1.1]}},{"type":"Feature","geometry":{"type":"Point","coordinates":[19.406194,50.29193]},"properties":{"line":"467","mode":"bus","color":"#0059a9","colorDark":"#00294f","band":4,"off":[1.7,1.1]}},{"type":"Feature","geometry":{"type":"Point","coordinates":[19.403077,50.287188]},"properties":{"name":"Bukowno Sławkowska Pętla","band":4,"modes":"bus","arr":["460"],"off":[0,-0.8]}},{"type":"Feature","geometry":{"type":"Point","coordinates":[19.403077,50.287188]},"properties":{"line":"460","mode":"bus","color":"#0059a9","colorDark":"#00294f","band":4,"off":[0,1.1]}},{"type":"Feature","geometry":{"type":"Point","coordinates":[19.388612,50.297884]},"properties":{"name":"Sławków Rynek","band":4,"modes":"bus","arr":["460","461","463"],"off":[0,-0.8]}},{"type":"Feature","geometry":{"type":"Point","coordinates":[19.388612,50.297884]},"properties":{"line":"460","mode":"bus","color":"#0059a9","colorDark":"#00294f","band":4,"off":[-3.4,1.1]}},{"type":"Feature","geometry":{"type":"Point","coordinates":[19.388612,50.297884]},"properties":{"line":"461","mode":"bus","color":"#0059a9","colorDark":"#00294f","band":4,"off":[0,1.1]}},{"type":"Feature","geometry":{"type":"Point","coordinates":[19.388612,50.297884]},"properties":{"line":"463","mode":"bus","color":"#0059a9","colorDark":"#00294f","band":4,"off":[3.4,1.1]}},{"type":"Feature","geometry":{"type":"Point","coordinates":[19.562894,50.260759]},"properties":{"name":"Olkusz Os. Młodych Pętla","band":4,"modes":"bus","arr":["460","464","465","466","470","474","475","M","PS","PSK"],"off":[0,-0.8]}},{"type":"Feature","geometry":{"type":"Point","coordinates":[19.562894,50.260759]},"properties":{"line":"460","mode":"bus","color":"#0059a9","colorDark":"#00294f","band":4,"off":[-6.8,1.1]}},{"type":"Feature","geometry":{"type":"Point","coordinates":[19.562894,50.260759]},"properties":{"line":"464","mode":"bus","color":"#0059a9","colorDark":"#00294f","band":4,"off":[-3.4,1.1]}},{"type":"Feature","geometry":{"type":"Point","coordinates":[19.562894,50.260759]},"properties":{"line":"465","mode":"bus","color":"#0059a9","colorDark":"#00294f","band":4,"off":[0,1.1]}},{"type":"Feature","geometry":{"type":"Point","coordinates":[19.562894,50.260759]},"properties":{"line":"466","mode":"bus","color":"#0059a9","colorDark":"#00294f","band":4,"off":[3.4,1.1]}},{"type":"Feature","geometry":{"type":"Point","coordinates":[19.562894,50.260759]},"properties":{"line":"470","mode":"bus","color":"#0059a9","colorDark":"#00294f","band":4,"off":[6.8,1.1]}},{"type":"Feature","geometry":{"type":"Point","coordinates":[19.562894,50.260759]},"properties":{"line":"474","mode":"bus","color":"#0059a9","colorDark":"#00294f","band":4,"off":[-6.8,3.1]}},{"type":"Feature","geometry":{"type":"Point","coordinates":[19.562894,50.260759]},"properties":{"line":"475","mode":"bus","color":"#0059a9","colorDark":"#00294f","band":4,"off":[-3.4,3.1]}},{"type":"Feature","geometry":{"type":"Point","coordinates":[19.562894,50.260759]},"properties":{"line":"M","mode":"bus","color":"#0059a9","colorDark":"#00294f","band":4,"off":[0,3.1]}},{"type":"Feature","geometry":{"type":"Point","coordinates":[19.562894,50.260759]},"properties":{"line":"PS","mode":"bus","color":"#0059a9","colorDark":"#00294f","band":4,"off":[3.4,3.1]}},{"type":"Feature","geometry":{"type":"Point","coordinates":[19.562894,50.260759]},"properties":{"line":"PSK","mode":"bus","color":"#0059a9","colorDark":"#00294f","band":4,"off":[6.8,3.1]}},{"type":"Feature","geometry":{"type":"Point","coordinates":[19.399543,50.299486]},"properties":{"name":"Sławków Walcownia","band":4,"modes":"bus","arr":["460"],"off":[0,-0.8]}},{"type":"Feature","geometry":{"type":"Point","coordinates":[19.399543,50.299486]},"properties":{"line":"460","mode":"bus","color":"#0059a9","colorDark":"#00294f","band":4,"off":[0,1.1]}},{"type":"Feature","geometry":{"type":"Point","coordinates":[19.479397,50.304721]},"properties":{"name":"Bolesław Wyzwolenia I","band":4,"modes":"bus","arr":["467"],"off":[0,-0.8]}},{"type":"Feature","geometry":{"type":"Point","coordinates":[19.479397,50.304721]},"properties":{"line":"467","mode":"bus","color":"#0059a9","colorDark":"#00294f","band":4,"off":[0,1.1]}},{"type":"Feature","geometry":{"type":"Point","coordinates":[19.460797,50.318124]},"properties":{"name":"Laski Pętla","band":4,"modes":"bus","arr":["463"],"off":[0,-0.8]}},{"type":"Feature","geometry":{"type":"Point","coordinates":[19.460797,50.318124]},"properties":{"line":"463","mode":"bus","color":"#0059a9","colorDark":"#00294f","band":4,"off":[0,1.1]}},{"type":"Feature","geometry":{"type":"Point","coordinates":[19.420173,50.311245]},"properties":{"name":"Krzykawa Remiza","band":4,"modes":"bus","arr":["461"],"off":[0,-0.8]}},{"type":"Feature","geometry":{"type":"Point","coordinates":[19.420173,50.311245]},"properties":{"line":"461","mode":"bus","color":"#0059a9","colorDark":"#00294f","band":4,"off":[0,1.1]}},{"type":"Feature","geometry":{"type":"Point","coordinates":[19.414552,50.302565]},"properties":{"name":"Krzykawa Skrzyż.","band":4,"modes":"bus","arr":["461"],"off":[0,-0.8]}},{"type":"Feature","geometry":{"type":"Point","coordinates":[19.414552,50.302565]},"properties":{"line":"461","mode":"bus","color":"#0059a9","colorDark":"#00294f","band":4,"off":[0,1.1]}},{"type":"Feature","geometry":{"type":"Point","coordinates":[19.566647,50.267176]},"properties":{"name":"Olkusz E. Orzeszkowej","band":4,"modes":"bus","arr":["461","465","472","475","477","BP","SŁ","Ż"],"off":[0,-0.8]}},{"type":"Feature","geometry":{"type":"Point","coordinates":[19.566647,50.267176]},"properties":{"line":"461","mode":"bus","color":"#0059a9","colorDark":"#00294f","band":4,"off":[-6.8,1.1]}},{"type":"Feature","geometry":{"type":"Point","coordinates":[19.566647,50.267176]},"properties":{"line":"465","mode":"bus","color":"#0059a9","colorDark":"#00294f","band":4,"off":[-3.4,1.1]}},{"type":"Feature","geometry":{"type":"Point","coordinates":[19.566647,50.267176]},"properties":{"line":"472","mode":"bus","color":"#0059a9","colorDark":"#00294f","band":4,"off":[0,1.1]}},{"type":"Feature","geometry":{"type":"Point","coordinates":[19.566647,50.267176]},"properties":{"line":"475","mode":"bus","color":"#0059a9","colorDark":"#00294f","band":4,"off":[3.4,1.1]}},{"type":"Feature","geometry":{"type":"Point","coordinates":[19.566647,50.267176]},"properties":{"line":"477","mode":"bus","color":"#0059a9","colorDark":"#00294f","band":4,"off":[6.8,1.1]}},{"type":"Feature","geometry":{"type":"Point","coordinates":[19.566647,50.267176]},"properties":{"line":"BP","mode":"bus","color":"#0059a9","colorDark":"#00294f","band":4,"off":[-3.4,3.1]}},{"type":"Feature","geometry":{"type":"Point","coordinates":[19.566647,50.267176]},"properties":{"line":"SŁ","mode":"bus","color":"#0059a9","colorDark":"#00294f","band":4,"off":[0,3.1]}},{"type":"Feature","geometry":{"type":"Point","coordinates":[19.566647,50.267176]},"properties":{"line":"Ż","mode":"bus","color":"#0059a9","colorDark":"#00294f","band":4,"off":[3.4,3.1]}},{"type":"Feature","geometry":{"type":"Point","coordinates":[19.406736,50.292864]},"properties":{"name":"Międzygórze I","band":4,"modes":"bus","arr":["462"],"off":[0,-0.8]}},{"type":"Feature","geometry":{"type":"Point","coordinates":[19.406736,50.292864]},"properties":{"line":"462","mode":"bus","color":"#0059a9","colorDark":"#00294f","band":4,"off":[0,1.1]}},{"type":"Feature","geometry":{"type":"Point","coordinates":[19.484088,50.266139]},"properties":{"name":"Bukowno Leśna Pętla","band":4,"modes":"bus","arr":["466","467A"],"off":[0,-0.8]}},{"type":"Feature","geometry":{"type":"Point","coordinates":[19.484088,50.266139]},"properties":{"line":"466","mode":"bus","color":"#0059a9","colorDark":"#00294f","band":4,"off":[-1.7,1.1]}},{"type":"Feature","geometry":{"type":"Point","coordinates":[19.484088,50.266139]},"properties":{"line":"467A","mode":"bus","color":"#0059a9","colorDark":"#00294f","band":4,"off":[1.7,1.1]}},{"type":"Feature","geometry":{"type":"Point","coordinates":[19.427258,50.23629]},"properties":{"name":"Bór Biskupi Wiejska","band":4,"modes":"bus","arr":["466","467","467A"],"off":[0,-0.8]}},{"type":"Feature","geometry":{"type":"Point","coordinates":[19.427258,50.23629]},"properties":{"line":"466","mode":"bus","color":"#0059a9","colorDark":"#00294f","band":4,"off":[-3.4,1.1]}},{"type":"Feature","geometry":{"type":"Point","coordinates":[19.427258,50.23629]},"properties":{"line":"467","mode":"bus","color":"#0059a9","colorDark":"#00294f","band":4,"off":[0,1.1]}},{"type":"Feature","geometry":{"type":"Point","coordinates":[19.427258,50.23629]},"properties":{"line":"467A","mode":"bus","color":"#0059a9","colorDark":"#00294f","band":4,"off":[3.4,1.1]}},{"type":"Feature","geometry":{"type":"Point","coordinates":[19.426446,50.233559]},"properties":{"name":"Bór Biskupi Pętla","band":4,"modes":"bus","arr":["466","467A"],"off":[0,-0.8]}},{"type":"Feature","geometry":{"type":"Point","coordinates":[19.426446,50.233559]},"properties":{"line":"466","mode":"bus","color":"#0059a9","colorDark":"#00294f","band":4,"off":[-1.7,1.1]}},{"type":"Feature","geometry":{"type":"Point","coordinates":[19.426446,50.233559]},"properties":{"line":"467A","mode":"bus","color":"#0059a9","colorDark":"#00294f","band":4,"off":[1.7,1.1]}},{"type":"Feature","geometry":{"type":"Point","coordinates":[19.475126,50.233212]},"properties":{"name":"Podlesie Ogrodowa Pętla","band":4,"modes":"bus","arr":["466","467","467A"],"off":[0,-0.8]}},{"type":"Feature","geometry":{"type":"Point","coordinates":[19.475126,50.233212]},"properties":{"line":"466","mode":"bus","color":"#0059a9","colorDark":"#00294f","band":4,"off":[-3.4,1.1]}},{"type":"Feature","geometry":{"type":"Point","coordinates":[19.475126,50.233212]},"properties":{"line":"467","mode":"bus","color":"#0059a9","colorDark":"#00294f","band":4,"off":[0,1.1]}},{"type":"Feature","geometry":{"type":"Point","coordinates":[19.475126,50.233212]},"properties":{"line":"467A","mode":"bus","color":"#0059a9","colorDark":"#00294f","band":4,"off":[3.4,1.1]}},{"type":"Feature","geometry":{"type":"Point","coordinates":[19.618746,50.341971]},"properties":{"name":"Jaroszowiec PKP","band":4,"modes":"bus","arr":["474","476"],"off":[0,-0.8]}},{"type":"Feature","geometry":{"type":"Point","coordinates":[19.618746,50.341971]},"properties":{"line":"474","mode":"bus","color":"#0059a9","colorDark":"#00294f","band":4,"off":[-1.7,1.1]}},{"type":"Feature","geometry":{"type":"Point","coordinates":[19.618746,50.341971]},"properties":{"line":"476","mode":"bus","color":"#0059a9","colorDark":"#00294f","band":4,"off":[1.7,1.1]}},{"type":"Feature","geometry":{"type":"Point","coordinates":[19.635126,50.389714]},"properties":{"name":"Krzywopłoty Paderewskiego","band":4,"modes":"bus","arr":["474"],"off":[0,-0.8]}},{"type":"Feature","geometry":{"type":"Point","coordinates":[19.635126,50.389714]},"properties":{"line":"474","mode":"bus","color":"#0059a9","colorDark":"#00294f","band":4,"off":[0,1.1]}},{"type":"Feature","geometry":{"type":"Point","coordinates":[19.621722,50.372045]},"properties":{"name":"Cieślin Dom Ludowy","band":4,"modes":"bus","arr":["470"],"off":[0,-0.8]}},{"type":"Feature","geometry":{"type":"Point","coordinates":[19.621722,50.372045]},"properties":{"line":"470","mode":"bus","color":"#0059a9","colorDark":"#00294f","band":4,"off":[0,1.1]}},{"type":"Feature","geometry":{"type":"Point","coordinates":[19.579688,50.406374]},"properties":{"name":"Hucisko Pętla","band":4,"modes":"bus","arr":["470"],"off":[0,-0.8]}},{"type":"Feature","geometry":{"type":"Point","coordinates":[19.579688,50.406374]},"properties":{"line":"470","mode":"bus","color":"#0059a9","colorDark":"#00294f","band":4,"off":[0,1.1]}},{"type":"Feature","geometry":{"type":"Point","coordinates":[19.526609,50.400751]},"properties":{"name":"Rodaki Pętla","band":4,"modes":"bus","arr":["471","476","477"],"off":[0,-0.8]}},{"type":"Feature","geometry":{"type":"Point","coordinates":[19.526609,50.400751]},"properties":{"line":"471","mode":"bus","color":"#0059a9","colorDark":"#00294f","band":4,"off":[-3.4,1.1]}},{"type":"Feature","geometry":{"type":"Point","coordinates":[19.526609,50.400751]},"properties":{"line":"476","mode":"bus","color":"#0059a9","colorDark":"#00294f","band":4,"off":[0,1.1]}},{"type":"Feature","geometry":{"type":"Point","coordinates":[19.526609,50.400751]},"properties":{"line":"477","mode":"bus","color":"#0059a9","colorDark":"#00294f","band":4,"off":[3.4,1.1]}},{"type":"Feature","geometry":{"type":"Point","coordinates":[19.493441,50.364511]},"properties":{"name":"Chechło Pętla","band":4,"modes":"bus","arr":["472"],"off":[0,-0.8]}},{"type":"Feature","geometry":{"type":"Point","coordinates":[19.493441,50.364511]},"properties":{"line":"472","mode":"bus","color":"#0059a9","colorDark":"#00294f","band":4,"off":[0,1.1]}},{"type":"Feature","geometry":{"type":"Point","coordinates":[19.6026,50.361117]},"properties":{"name":"Golczowice Pętla","band":4,"modes":"bus","arr":["473","474"],"off":[0,-0.8]}},{"type":"Feature","geometry":{"type":"Point","coordinates":[19.6026,50.361117]},"properties":{"line":"473","mode":"bus","color":"#0059a9","colorDark":"#00294f","band":4,"off":[-1.7,1.1]}},{"type":"Feature","geometry":{"type":"Point","coordinates":[19.6026,50.361117]},"properties":{"line":"474","mode":"bus","color":"#0059a9","colorDark":"#00294f","band":4,"off":[1.7,1.1]}},{"type":"Feature","geometry":{"type":"Point","coordinates":[19.596123,50.298871]},"properties":{"name":"Rabsztyn","band":4,"modes":"bus","arr":["475"],"off":[0,-0.8]}},{"type":"Feature","geometry":{"type":"Point","coordinates":[19.596123,50.298871]},"properties":{"line":"475","mode":"bus","color":"#0059a9","colorDark":"#00294f","band":4,"off":[0,1.1]}},{"type":"Feature","geometry":{"type":"Point","coordinates":[19.569757,50.28445]},"properties":{"name":"Olkusz Rabsztyńska Wulkanizacja","band":4,"modes":"bus","arr":["475"],"off":[0,-0.8]}},{"type":"Feature","geometry":{"type":"Point","coordinates":[19.569757,50.28445]},"properties":{"line":"475","mode":"bus","color":"#0059a9","colorDark":"#00294f","band":4,"off":[0,1.1]}},{"type":"Feature","geometry":{"type":"Point","coordinates":[19.66866,50.30652]},"properties":{"name":"Braciejówka Pętla","band":4,"modes":"bus","arr":["BP"],"off":[0,-0.8]}},{"type":"Feature","geometry":{"type":"Point","coordinates":[19.66866,50.30652]},"properties":{"line":"BP","mode":"bus","color":"#0059a9","colorDark":"#00294f","band":4,"off":[0,1.1]}},{"type":"Feature","geometry":{"type":"Point","coordinates":[19.629812,50.313149]},"properties":{"name":"Podlesie II","band":4,"modes":"bus","arr":["BP"],"off":[0,-0.8]}},{"type":"Feature","geometry":{"type":"Point","coordinates":[19.629812,50.313149]},"properties":{"line":"BP","mode":"bus","color":"#0059a9","colorDark":"#00294f","band":4,"off":[0,1.1]}},{"type":"Feature","geometry":{"type":"Point","coordinates":[19.642633,50.335396]},"properties":{"name":"Pazurek","band":4,"modes":"bus","arr":["BP"],"off":[0,-0.8]}},{"type":"Feature","geometry":{"type":"Point","coordinates":[19.642633,50.335396]},"properties":{"line":"BP","mode":"bus","color":"#0059a9","colorDark":"#00294f","band":4,"off":[0,1.1]}},{"type":"Feature","geometry":{"type":"Point","coordinates":[19.580091,50.242175]},"properties":{"name":"Witeradów IV","band":4,"modes":"bus","arr":["G"],"off":[0,-0.8]}},{"type":"Feature","geometry":{"type":"Point","coordinates":[19.580091,50.242175]},"properties":{"line":"G","mode":"bus","color":"#0059a9","colorDark":"#00294f","band":4,"off":[0,1.1]}},{"type":"Feature","geometry":{"type":"Point","coordinates":[19.636152,50.205609]},"properties":{"name":"Gorenice Pętla","band":4,"modes":"bus","arr":["G"],"off":[0,-0.8]}},{"type":"Feature","geometry":{"type":"Point","coordinates":[19.636152,50.205609]},"properties":{"line":"G","mode":"bus","color":"#0059a9","colorDark":"#00294f","band":4,"off":[0,1.1]}},{"type":"Feature","geometry":{"type":"Point","coordinates":[19.547214,50.283908]},"properties":{"name":"Olkusz Cmentarz","band":4,"modes":"bus","arr":["PS","SŁ"],"off":[0,-0.8]}},{"type":"Feature","geometry":{"type":"Point","coordinates":[19.547214,50.283908]},"properties":{"line":"PS","mode":"bus","color":"#0059a9","colorDark":"#00294f","band":4,"off":[-1.7,1.1]}},{"type":"Feature","geometry":{"type":"Point","coordinates":[19.547214,50.283908]},"properties":{"line":"SŁ","mode":"bus","color":"#0059a9","colorDark":"#00294f","band":4,"off":[1.7,1.1]}},{"type":"Feature","geometry":{"type":"Point","coordinates":[19.537107,50.285501]},"properties":{"name":"Olkusz Kopalnia Pomorzany","band":4,"modes":"bus","arr":["PSK"],"off":[0,-0.8]}},{"type":"Feature","geometry":{"type":"Point","coordinates":[19.537107,50.285501]},"properties":{"line":"PSK","mode":"bus","color":"#0059a9","colorDark":"#00294f","band":4,"off":[0,1.1]}},{"type":"Feature","geometry":{"type":"Point","coordinates":[19.587991,50.283734]},"properties":{"name":"Olkusz Jasna II","band":4,"modes":"bus","arr":["SŁ"],"off":[0,-0.8]}},{"type":"Feature","geometry":{"type":"Point","coordinates":[19.587991,50.283734]},"properties":{"line":"SŁ","mode":"bus","color":"#0059a9","colorDark":"#00294f","band":4,"off":[0,1.1]}},{"type":"Feature","geometry":{"type":"Point","coordinates":[19.579779,50.282042]},"properties":{"name":"Olkusz Miła","band":4,"modes":"bus","arr":["SŁ"],"off":[0,-0.8]}},{"type":"Feature","geometry":{"type":"Point","coordinates":[19.579779,50.282042]},"properties":{"line":"SŁ","mode":"bus","color":"#0059a9","colorDark":"#00294f","band":4,"off":[0,1.1]}},{"type":"Feature","geometry":{"type":"Point","coordinates":[19.684489,50.258272]},"properties":{"name":"Zadole Kosmolowskie Pętla","band":4,"modes":"bus","arr":["WK"],"off":[0,-0.8]}},{"type":"Feature","geometry":{"type":"Point","coordinates":[19.684489,50.258272]},"properties":{"line":"WK","mode":"bus","color":"#0059a9","colorDark":"#00294f","band":4,"off":[0,1.1]}},{"type":"Feature","geometry":{"type":"Point","coordinates":[19.606871,50.268677]},"properties":{"name":"Sieniczno Orzechówka","band":4,"modes":"bus","arr":["WK"],"off":[0,-0.8]}},{"type":"Feature","geometry":{"type":"Point","coordinates":[19.606871,50.268677]},"properties":{"line":"WK","mode":"bus","color":"#0059a9","colorDark":"#00294f","band":4,"off":[0,1.1]}},{"type":"Feature","geometry":{"type":"Point","coordinates":[19.644934,50.254784]},"properties":{"name":"Kogutek Zadole Kosmolowskie","band":4,"modes":"bus","arr":["ZP","ZZ"],"off":[0,-0.8]}},{"type":"Feature","geometry":{"type":"Point","coordinates":[19.644934,50.254784]},"properties":{"line":"ZP","mode":"bus","color":"#0059a9","colorDark":"#00294f","band":4,"off":[-1.7,1.1]}},{"type":"Feature","geometry":{"type":"Point","coordinates":[19.644934,50.254784]},"properties":{"line":"ZZ","mode":"bus","color":"#0059a9","colorDark":"#00294f","band":4,"off":[1.7,1.1]}},{"type":"Feature","geometry":{"type":"Point","coordinates":[19.637252,50.217884]},"properties":{"name":"Zawada Pętla","band":4,"modes":"bus","arr":["ZZ"],"off":[0,-0.8]}},{"type":"Feature","geometry":{"type":"Point","coordinates":[19.637252,50.217884]},"properties":{"line":"ZZ","mode":"bus","color":"#0059a9","colorDark":"#00294f","band":4,"off":[0,1.1]}},{"type":"Feature","geometry":{"type":"Point","coordinates":[19.539891,50.241188]},"properties":{"name":"Żurada Pętla","band":4,"modes":"bus","arr":["Ż"],"off":[0,-0.8]}},{"type":"Feature","geometry":{"type":"Point","coordinates":[19.539891,50.241188]},"properties":{"line":"Ż","mode":"bus","color":"#0059a9","colorDark":"#00294f","band":4,"off":[0,1.1]}}]}