{"type":"FeatureCollection","features":[{"type":"Feature","geometry":{"type":"LineString","coordinates":[[19.555635,50.206884],[19.556522,50.208314],[19.556654,50.211021],[19.55701,50.212273],[19.557799,50.213452],[19.558308,50.213959],[19.558428,50.214287],[19.558345,50.215306],[19.558155,50.21548],[19.55696,50.216076],[19.556335,50.216615],[19.556202,50.21691],[19.55715,50.221863],[19.557493,50.222245],[19.559023,50.223498],[19.559233,50.223919],[19.558629,50.22639],[19.558773,50.228844],[19.558159,50.230685],[19.558128,50.231933],[19.55938,50.234933],[19.561076,50.238011],[19.56172,50.240018],[19.561806,50.242269],[19.560586,50.25982],[19.560646,50.260065],[19.5611,50.260196],[19.563556,50.260195],[19.568761,50.260494],[19.572058,50.260528],[19.573209,50.260706],[19.575999,50.261497],[19.573557,50.267671],[19.573622,50.269031],[19.572997,50.27012],[19.573948,50.270174],[19.577772,50.269655],[19.578587,50.269607],[19.57919,50.269691],[19.582295,50.270509],[19.587821,50.270459],[19.588191,50.270543],[19.588799,50.270872],[19.589703,50.272258],[19.589474,50.272318],[19.589113,50.272211],[19.588481,50.272347],[19.589113,50.272211],[19.589594,50.272299],[19.589703,50.272258],[19.589507,50.271982],[19.586268,50.272744],[19.584846,50.273352],[19.583695,50.274172],[19.582812,50.274093],[19.578888,50.274241],[19.575788,50.274849],[19.573323,50.27508],[19.570352,50.276093],[19.567134,50.276587],[19.564823,50.277321],[19.563752,50.277552],[19.562346,50.278146],[19.563294,50.279663],[19.564652,50.280695],[19.565012,50.28082],[19.562374,50.281371],[19.557167,50.282918],[19.557122,50.283047],[19.556956,50.283086],[19.556998,50.282964],[19.555586,50.2832],[19.551004,50.283703],[19.549393,50.284039],[19.547947,50.284593],[19.543943,50.286783],[19.542999,50.287162],[19.54189,50.287454],[19.540411,50.287652],[19.537178,50.28756],[19.537202,50.287929],[19.53648,50.28777],[19.534858,50.287723],[19.53648,50.28777],[19.537202,50.287929],[19.537178,50.28756],[19.527684,50.287105],[19.524185,50.28703],[19.523046,50.287095],[19.521966,50.287274],[19.520875,50.287573],[19.503632,50.292979],[19.501369,50.293798],[19.499616,50.294697],[19.498594,50.293582],[19.481066,50.296747],[19.480366,50.296629],[19.478091,50.295457],[19.476085,50.2947],[19.475147,50.294457],[19.473754,50.294312],[19.471421,50.294552],[19.465638,50.296176],[19.463176,50.2928],[19.461599,50.292295],[19.460034,50.291922],[19.46093,50.291299],[19.461164,50.291273],[19.462501,50.289872],[19.46396,50.289068],[19.464521,50.288833],[19.467342,50.288008],[19.469146,50.287276],[19.469129,50.287149],[19.469286,50.287069],[19.469093,50.285794],[19.469233,50.282206],[19.469316,50.281456],[19.469679,50.280634],[19.469418,50.27966],[19.469906,50.278366],[19.470066,50.277576],[19.469863,50.27714],[19.462837,50.26776],[19.462663,50.267078],[19.462757,50.265393],[19.462496,50.264938],[19.462015,50.264812]]},"properties":{"line":"457","dir":"Bukowno Dworzec PKP","mode":"bus"}},{"type":"Feature","geometry":{"type":"LineString","coordinates":[[19.563541,50.280809],[19.563823,50.280749],[19.564288,50.280444],[19.563233,50.279597],[19.562346,50.278146],[19.563752,50.277552],[19.564823,50.277321],[19.567134,50.276587],[19.570352,50.276093],[19.573323,50.27508],[19.575788,50.274849],[19.578888,50.274241],[19.582812,50.274093],[19.583516,50.274146],[19.584271,50.273497],[19.585408,50.272883],[19.586475,50.272536],[19.589451,50.271877],[19.588799,50.270872],[19.587999,50.270488],[19.587103,50.270429],[19.582295,50.270509],[19.579105,50.269672],[19.578587,50.269607],[19.577865,50.269646],[19.573769,50.270183],[19.569846,50.269777],[19.567056,50.269618],[19.56605,50.269623],[19.561287,50.271244],[19.56085,50.271332],[19.56062,50.271124],[19.55901,50.270896],[19.558773,50.270728],[19.558817,50.270181],[19.559891,50.268546],[19.560139,50.266198],[19.56054,50.260553],[19.560344,50.26019],[19.560586,50.25982],[19.561824,50.241699],[19.56172,50.240018],[19.561076,50.238011],[19.55938,50.234933],[19.558128,50.231933],[19.558159,50.230685],[19.558773,50.228844],[19.558629,50.22639],[19.559233,50.223919],[19.559023,50.223498],[19.557493,50.222245],[19.55715,50.221863],[19.556202,50.21691],[19.556335,50.216615],[19.55696,50.216076],[19.558155,50.21548],[19.558345,50.215306],[19.558428,50.214287],[19.558308,50.213959],[19.557799,50.213452],[19.55701,50.212273],[19.556654,50.211021],[19.556522,50.208314],[19.555635,50.206884]]},"properties":{"line":"457","dir":"Lgota II","mode":"bus"}},{"type":"Feature","geometry":{"type":"LineString","coordinates":[[19.555635,50.206884],[19.556522,50.208314],[19.556654,50.211021],[19.55701,50.212273],[19.557799,50.213452],[19.558308,50.213959],[19.558428,50.214287],[19.558345,50.215306],[19.558155,50.21548],[19.55696,50.216076],[19.556335,50.216615],[19.556202,50.21691],[19.55715,50.221863],[19.557493,50.222245],[19.559023,50.223498],[19.559233,50.223919],[19.558629,50.22639],[19.558773,50.228844],[19.558159,50.230685],[19.558128,50.231933],[19.55938,50.234933],[19.561076,50.238011],[19.56172,50.240018],[19.561824,50.241699],[19.560586,50.25982],[19.560779,50.260209],[19.56054,50.260553],[19.559891,50.268546],[19.558817,50.270181],[19.558773,50.270728],[19.55901,50.270896],[19.56062,50.271124],[19.56085,50.271332],[19.561287,50.271244],[19.56605,50.269623],[19.567056,50.269618],[19.569846,50.269777],[19.573769,50.270183],[19.577772,50.269655],[19.578587,50.269607],[19.57919,50.269691],[19.582295,50.270509],[19.587103,50.270429],[19.587999,50.270488],[19.588535,50.270701],[19.588911,50.270982],[19.589703,50.272258],[19.589474,50.272318],[19.589113,50.272211],[19.588481,50.272347],[19.589113,50.272211],[19.589594,50.272299],[19.589703,50.272258],[19.589507,50.271982],[19.586268,50.272744],[19.584846,50.273352],[19.583695,50.274172],[19.582812,50.274093],[19.578888,50.274241],[19.575788,50.274849],[19.573323,50.27508],[19.570352,50.276093],[19.567134,50.276587],[19.564823,50.277321],[19.563752,50.277552],[19.562346,50.278146],[19.563294,50.279663],[19.564652,50.280695],[19.565012,50.28082],[19.563296,50.28118],[19.563294,50.280875],[19.563541,50.280809]]},"properties":{"line":"457","dir":"Olkusz Supersam ZKGKM","mode":"bus"}},{"type":"Feature","geometry":{"type":"LineString","coordinates":[[19.573986,50.274629],[19.57347,50.27478],[19.573323,50.27508],[19.570352,50.276093],[19.567134,50.276587],[19.564823,50.277321],[19.563752,50.277552],[19.562346,50.278146],[19.563294,50.279663],[19.564652,50.280695],[19.565012,50.28082],[19.563296,50.28118],[19.563294,50.280875],[19.563823,50.280749],[19.564288,50.280444],[19.564652,50.280695],[19.565012,50.28082],[19.562374,50.281371],[19.557167,50.282918],[19.557122,50.283047],[19.556956,50.283086],[19.556998,50.282964],[19.555586,50.2832],[19.551004,50.283703],[19.549393,50.284039],[19.547947,50.284593],[19.543943,50.286783],[19.542693,50.287262],[19.54189,50.287454],[19.540411,50.287652],[19.537178,50.28756],[19.537202,50.287929],[19.53648,50.28777],[19.534858,50.287723],[19.53648,50.28777],[19.537202,50.287929],[19.537178,50.28756],[19.527684,50.287105],[19.524185,50.28703],[19.522658,50.287148],[19.520875,50.287573],[19.503632,50.292979],[19.501369,50.293798],[19.499319,50.294886],[19.490482,50.301065],[19.490404,50.301203],[19.490403,50.30132],[19.490551,50.301394],[19.491637,50.301407],[19.492232,50.301269],[19.492668,50.301007],[19.494006,50.301804],[19.494425,50.302169],[19.497575,50.306252],[19.498791,50.307594],[19.498969,50.307532],[19.498791,50.307594],[19.498067,50.306835],[19.494315,50.30205],[19.493666,50.301582],[19.490248,50.299549],[19.487249,50.295648],[19.481693,50.296671],[19.480763,50.296733],[19.480366,50.296629],[19.477418,50.295157],[19.475404,50.294501],[19.473754,50.294312],[19.471421,50.294552],[19.465638,50.296176],[19.463176,50.2928],[19.461599,50.292295],[19.460034,50.291922],[19.46093,50.291299],[19.461164,50.291273],[19.462292,50.290065],[19.462971,50.289577],[19.464521,50.288833],[19.467824,50.287837],[19.469146,50.287276],[19.469129,50.287149],[19.469286,50.287069],[19.469093,50.285794],[19.469233,50.282206],[19.469316,50.281456],[19.469679,50.280634],[19.469418,50.27966],[19.470062,50.277855],[19.470034,50.277436],[19.462837,50.26776],[19.462663,50.267078],[19.462757,50.265393],[19.462544,50.264996],[19.462319,50.264849],[19.462015,50.264812],[19.462496,50.264938],[19.462757,50.265393],[19.462663,50.267078],[19.462837,50.26776],[19.466682,50.27282],[19.470034,50.277436],[19.470062,50.277855],[19.469418,50.27966],[19.469679,50.280634],[19.469316,50.281456],[19.469233,50.282206],[19.469107,50.286242],[19.469286,50.287069],[19.469463,50.287101],[19.469536,50.287209],[19.469459,50.287307],[19.469305,50.287338],[19.469146,50.287276],[19.467342,50.288008],[19.464521,50.288833],[19.46396,50.289068],[19.462501,50.289872],[19.461164,50.291273],[19.46093,50.291299],[19.460034,50.291922],[19.450982,50.289387],[19.450686,50.289214],[19.443282,50.277197],[19.422099,50.284446],[19.414448,50.285582],[19.403662,50.287343],[19.403572,50.287397],[19.403594,50.287567],[19.406194,50.29193],[19.404813,50.289734],[19.403594,50.287567],[19.403603,50.287368],[19.402925,50.287438],[19.402867,50.28726],[19.403079,50.287189]]},"properties":{"line":"460","dir":"Bukowno Sławkowska Pętla","mode":"bus"}},{"type":"Feature","geometry":{"type":"LineString","coordinates":[[19.573986,50.274629],[19.57347,50.27478],[19.573323,50.27508],[19.570352,50.276093],[19.567134,50.276587],[19.564823,50.277321],[19.563752,50.277552],[19.562346,50.278146],[19.563294,50.279663],[19.564652,50.280695],[19.565012,50.28082],[19.563296,50.28118],[19.563294,50.280875],[19.563823,50.280749],[19.564288,50.280444],[19.564652,50.280695],[19.565012,50.28082],[19.562374,50.281371],[19.557167,50.282918],[19.557122,50.283047],[19.556956,50.283086],[19.556998,50.282964],[19.555586,50.2832],[19.551004,50.283703],[19.549393,50.284039],[19.547947,50.284593],[19.543943,50.286783],[19.542999,50.287162],[19.54189,50.287454],[19.540411,50.287652],[19.537178,50.28756],[19.537202,50.287929],[19.53648,50.28777],[19.534858,50.287723],[19.53648,50.28777],[19.537202,50.287929],[19.537178,50.28756],[19.527684,50.287105],[19.524185,50.28703],[19.523046,50.287095],[19.521966,50.287274],[19.520875,50.287573],[19.503632,50.292979],[19.501369,50.293798],[19.499616,50.294697],[19.498594,50.293582],[19.481066,50.296747],[19.480366,50.296629],[19.478091,50.295457],[19.476085,50.2947],[19.475147,50.294457],[19.473754,50.294312],[19.471421,50.294552],[19.465638,50.296176],[19.463176,50.2928],[19.461599,50.292295],[19.460034,50.291922],[19.46093,50.291299],[19.461164,50.291273],[19.462501,50.289872],[19.46396,50.289068],[19.464521,50.288833],[19.467342,50.288008],[19.469146,50.287276],[19.469129,50.287149],[19.469286,50.287069],[19.469093,50.285794],[19.469233,50.282206],[19.469316,50.281456],[19.469679,50.280634],[19.469418,50.27966],[19.469906,50.278366],[19.470066,50.277576],[19.469863,50.27714],[19.462837,50.26776],[19.462663,50.267078],[19.462757,50.265393],[19.462496,50.264938],[19.462015,50.264812],[19.462496,50.264938],[19.462757,50.265393],[19.462663,50.267078],[19.462837,50.26776],[19.466682,50.27282],[19.470034,50.277436],[19.470062,50.277855],[19.469418,50.27966],[19.469679,50.280634],[19.469316,50.281456],[19.469233,50.282206],[19.469107,50.286242],[19.469286,50.287069],[19.469463,50.287101],[19.469536,50.287209],[19.469459,50.287307],[19.469305,50.287338],[19.469146,50.287276],[19.467342,50.288008],[19.464521,50.288833],[19.46396,50.289068],[19.462501,50.289872],[19.461164,50.291273],[19.46093,50.291299],[19.460034,50.291922],[19.450982,50.289387],[19.450686,50.289214],[19.443282,50.277197],[19.422099,50.284446],[19.414448,50.285582],[19.403603,50.287368],[19.402925,50.287438],[19.402854,50.287289],[19.402944,50.287214],[19.403293,50.28715],[19.403457,50.287354],[19.403603,50.287368],[19.403594,50.287567],[19.404813,50.289734],[19.406137,50.291844]]},"properties":{"line":"460","dir":"Międzygórze","mode":"bus"}},{"type":"Feature","geometry":{"type":"LineString","coordinates":[[19.406194,50.29193],[19.404813,50.289734],[19.403594,50.287567],[19.403603,50.287368],[19.402925,50.287438],[19.402854,50.287289],[19.402944,50.287214],[19.403293,50.28715],[19.403457,50.287354],[19.403603,50.287368],[19.414448,50.285582],[19.422099,50.284446],[19.443282,50.277197],[19.443479,50.277502],[19.44365,50.277449],[19.443479,50.277502],[19.450686,50.289214],[19.450982,50.289387],[19.460034,50.291922],[19.46093,50.291299],[19.461164,50.291273],[19.462501,50.289872],[19.46396,50.289068],[19.464521,50.288833],[19.467342,50.288008],[19.469146,50.287276],[19.469129,50.287149],[19.469286,50.287069],[19.469093,50.285794],[19.469233,50.282206],[19.469316,50.281456],[19.469679,50.280634],[19.469418,50.27966],[19.470074,50.277719],[19.469863,50.27714],[19.462837,50.26776],[19.462663,50.267078],[19.462757,50.265393],[19.462496,50.264938],[19.462015,50.264812],[19.462496,50.264938],[19.462757,50.265393],[19.462663,50.267078],[19.462837,50.26776],[19.466682,50.27282],[19.469863,50.27714],[19.470066,50.277576],[19.469879,50.278456],[19.469418,50.27966],[19.469679,50.280634],[19.469316,50.281456],[19.469233,50.282206],[19.469107,50.286242],[19.469286,50.287069],[19.469504,50.287131],[19.469524,50.287248],[19.469369,50.287335],[19.469146,50.287276],[19.467342,50.288008],[19.464521,50.288833],[19.46396,50.289068],[19.462501,50.289872],[19.461164,50.291273],[19.46093,50.291299],[19.460034,50.291922],[19.461599,50.292295],[19.463176,50.2928],[19.465638,50.296176],[19.471421,50.294552],[19.473754,50.294312],[19.475147,50.294457],[19.476085,50.2947],[19.477418,50.295157],[19.478229,50.295522],[19.480366,50.296629],[19.481066,50.296747],[19.498594,50.293582],[19.499513,50.29459],[19.501248,50.29371],[19.502862,50.293105],[19.520783,50.287477],[19.52196,50.28716],[19.522873,50.287005],[19.524573,50.286924],[19.53114,50.287304],[19.539032,50.287642],[19.540411,50.287652],[19.54189,50.287454],[19.542999,50.287162],[19.543943,50.286783],[19.547947,50.284593],[19.549852,50.283862],[19.552037,50.283522],[19.553831,50.283392],[19.556765,50.283023],[19.562374,50.281371],[19.564751,50.280875],[19.564652,50.280695],[19.563233,50.279597],[19.562346,50.278146],[19.563752,50.277552],[19.564823,50.277321],[19.567134,50.276587],[19.570352,50.276093],[19.573323,50.27508],[19.573387,50.274906],[19.573941,50.274829],[19.573986,50.274629]]},"properties":{"line":"460","dir":"Olkusz Dworzec PKS","mode":"bus"}},{"type":"Feature","geometry":{"type":"LineString","coordinates":[[19.388613,50.297886],[19.38926,50.298336],[19.389482,50.298356],[19.389774,50.298522],[19.3936,50.300905],[19.39799,50.300056],[19.399561,50.299881],[19.39952,50.299056],[19.399652,50.298789],[19.401792,50.297133],[19.402301,50.296932],[19.40229,50.296809],[19.402994,50.296106],[19.403795,50.294971],[19.404189,50.293907],[19.405158,50.293379],[19.406687,50.29279],[19.404813,50.289734],[19.403594,50.287567],[19.403603,50.287368],[19.402925,50.287438],[19.402895,50.287235],[19.403293,50.28715],[19.403457,50.287354],[19.403603,50.287368],[19.414448,50.285582],[19.422099,50.284446],[19.443282,50.277197],[19.443479,50.277502],[19.44365,50.277449],[19.443479,50.277502],[19.450686,50.289214],[19.450982,50.289387],[19.460034,50.291922],[19.46093,50.291299],[19.461164,50.291273],[19.462501,50.289872],[19.46396,50.289068],[19.464521,50.288833],[19.467342,50.288008],[19.469146,50.287276],[19.469129,50.287149],[19.469286,50.287069],[19.469093,50.285794],[19.469233,50.282206],[19.469316,50.281456],[19.469679,50.280634],[19.469418,50.27966],[19.470074,50.277719],[19.469863,50.27714],[19.462837,50.26776],[19.462663,50.267078],[19.462757,50.265393],[19.462496,50.264938],[19.462015,50.264812],[19.462496,50.264938],[19.462757,50.265393],[19.462663,50.267078],[19.462837,50.26776],[19.466682,50.27282],[19.469863,50.27714],[19.470066,50.277576],[19.469879,50.278456],[19.469418,50.27966],[19.469679,50.280634],[19.469316,50.281456],[19.469233,50.282206],[19.469107,50.286242],[19.469286,50.287069],[19.469504,50.287131],[19.469524,50.287248],[19.469369,50.287335],[19.469146,50.287276],[19.467342,50.288008],[19.464521,50.288833],[19.46396,50.289068],[19.462501,50.289872],[19.461164,50.291273],[19.46093,50.291299],[19.460034,50.291922],[19.461599,50.292295],[19.463176,50.2928],[19.465638,50.296176],[19.471421,50.294552],[19.473754,50.294312],[19.475147,50.294457],[19.476085,50.2947],[19.477418,50.295157],[19.478229,50.295522],[19.480366,50.296629],[19.481066,50.296747],[19.498594,50.293582],[19.499513,50.29459],[19.501248,50.29371],[19.502862,50.293105],[19.520783,50.287477],[19.52196,50.28716],[19.522873,50.287005],[19.524573,50.286924],[19.53114,50.287304],[19.539032,50.287642],[19.540411,50.287652],[19.54189,50.287454],[19.542999,50.287162],[19.543943,50.286783],[19.547947,50.284593],[19.549852,50.283862],[19.552037,50.283522],[19.553831,50.283392],[19.556765,50.283023],[19.562374,50.281371],[19.564751,50.280875],[19.564652,50.280695],[19.563233,50.279597],[19.562346,50.278146],[19.563752,50.277552],[19.564823,50.277321],[19.567134,50.276587],[19.570352,50.276093],[19.573323,50.27508],[19.575788,50.274849],[19.578888,50.274241],[19.582812,50.274093],[19.583516,50.274146],[19.584271,50.273497],[19.585408,50.272883],[19.586475,50.272536],[19.589451,50.271877],[19.588799,50.270872],[19.588191,50.270543],[19.587821,50.270459],[19.582295,50.270509],[19.579105,50.269672],[19.578587,50.269607],[19.577865,50.269646],[19.573948,50.270174],[19.572997,50.27012],[19.573622,50.269031],[19.573557,50.267671],[19.575999,50.261497],[19.573209,50.260706],[19.572058,50.260528],[19.568761,50.260494],[19.563125,50.260196],[19.563139,50.260397],[19.562903,50.260415],[19.562894,50.260759]]},"properties":{"line":"460","dir":"Olkusz Os. Młodych Pętla","mode":"bus"}},{"type":"Feature","geometry":{"type":"LineString","coordinates":[[19.573986,50.274629],[19.57347,50.27478],[19.573323,50.27508],[19.570352,50.276093],[19.567134,50.276587],[19.564823,50.277321],[19.563752,50.277552],[19.562346,50.278146],[19.563294,50.279663],[19.564652,50.280695],[19.565012,50.28082],[19.563296,50.28118],[19.563294,50.280875],[19.563823,50.280749],[19.564288,50.280444],[19.564652,50.280695],[19.565012,50.28082],[19.562374,50.281371],[19.557167,50.282918],[19.557122,50.283047],[19.556956,50.283086],[19.556998,50.282964],[19.555586,50.2832],[19.551004,50.283703],[19.549393,50.284039],[19.547947,50.284593],[19.543943,50.286783],[19.542999,50.287162],[19.54189,50.287454],[19.540411,50.287652],[19.537178,50.28756],[19.537202,50.287929],[19.53648,50.28777],[19.534858,50.287723],[19.53648,50.28777],[19.537202,50.287929],[19.537178,50.28756],[19.527684,50.287105],[19.524185,50.28703],[19.523046,50.287095],[19.521966,50.287274],[19.520875,50.287573],[19.503632,50.292979],[19.501369,50.293798],[19.499616,50.294697],[19.498594,50.293582],[19.481066,50.296747],[19.480366,50.296629],[19.478091,50.295457],[19.476085,50.2947],[19.475147,50.294457],[19.473754,50.294312],[19.471421,50.294552],[19.465638,50.296176],[19.463176,50.2928],[19.461599,50.292295],[19.460034,50.291922],[19.46093,50.291299],[19.461164,50.291273],[19.462501,50.289872],[19.46396,50.289068],[19.464521,50.288833],[19.467342,50.288008],[19.469146,50.287276],[19.469129,50.287149],[19.469286,50.287069],[19.469093,50.285794],[19.469233,50.282206],[19.469316,50.281456],[19.469679,50.280634],[19.469418,50.27966],[19.469906,50.278366],[19.470066,50.277576],[19.469863,50.27714],[19.462837,50.26776],[19.462663,50.267078],[19.462757,50.265393],[19.462496,50.264938],[19.462015,50.264812],[19.462496,50.264938],[19.462757,50.265393],[19.462663,50.267078],[19.462837,50.26776],[19.466682,50.27282],[19.470034,50.277436],[19.470062,50.277855],[19.469418,50.27966],[19.469679,50.280634],[19.469316,50.281456],[19.469233,50.282206],[19.469107,50.286242],[19.469286,50.287069],[19.469463,50.287101],[19.469536,50.287209],[19.469459,50.287307],[19.469305,50.287338],[19.469146,50.287276],[19.467342,50.288008],[19.464521,50.288833],[19.46396,50.289068],[19.462501,50.289872],[19.461164,50.291273],[19.46093,50.291299],[19.460034,50.291922],[19.450982,50.289387],[19.450686,50.289214],[19.443282,50.277197],[19.422099,50.284446],[19.414448,50.285582],[19.403603,50.287368],[19.402925,50.287438],[19.402854,50.287289],[19.402944,50.287214],[19.403293,50.28715],[19.403457,50.287354],[19.403603,50.287368],[19.403594,50.287567],[19.404813,50.289734],[19.406687,50.29279],[19.405158,50.293379],[19.404189,50.293907],[19.403795,50.294971],[19.402994,50.296106],[19.40229,50.296809],[19.402301,50.296932],[19.401792,50.297133],[19.399652,50.298789],[19.39952,50.299056],[19.399561,50.299881],[19.39799,50.300056],[19.3936,50.300905],[19.389482,50.298356],[19.38926,50.298336],[19.388976,50.298576]]},"properties":{"line":"460","dir":"Sławków Rynek","mode":"bus"}},{"type":"Feature","geometry":{"type":"LineString","coordinates":[[19.562894,50.260759],[19.562903,50.260415],[19.563139,50.260397],[19.563125,50.260196],[19.568761,50.260494],[19.572058,50.260528],[19.573209,50.260706],[19.575999,50.261497],[19.573557,50.267671],[19.573622,50.269031],[19.572997,50.27012],[19.573948,50.270174],[19.577772,50.269655],[19.578587,50.269607],[19.57919,50.269691],[19.582295,50.270509],[19.587821,50.270459],[19.588191,50.270543],[19.588799,50.270872],[19.589703,50.272258],[19.589474,50.272318],[19.589113,50.272211],[19.588481,50.272347],[19.589113,50.272211],[19.589594,50.272299],[19.589703,50.272258],[19.589507,50.271982],[19.586268,50.272744],[19.584846,50.273352],[19.583695,50.274172],[19.582812,50.274093],[19.578888,50.274241],[19.575788,50.274849],[19.573323,50.27508],[19.570352,50.276093],[19.567134,50.276587],[19.564823,50.277321],[19.563752,50.277552],[19.562346,50.278146],[19.563294,50.279663],[19.564652,50.280695],[19.565012,50.28082],[19.563296,50.28118],[19.563294,50.280875],[19.563823,50.280749],[19.564288,50.280444],[19.564652,50.280695],[19.565012,50.28082],[19.562374,50.281371],[19.557167,50.282918],[19.557122,50.283047],[19.556956,50.283086],[19.556998,50.282964],[19.555586,50.2832],[19.551004,50.283703],[19.549393,50.284039],[19.547947,50.284593],[19.543943,50.286783],[19.542999,50.287162],[19.54189,50.287454],[19.540411,50.287652],[19.537178,50.28756],[19.537202,50.287929],[19.53648,50.28777],[19.534858,50.287723],[19.53648,50.28777],[19.537202,50.287929],[19.537178,50.28756],[19.527684,50.287105],[19.524185,50.28703],[19.523046,50.287095],[19.521966,50.287274],[19.520875,50.287573],[19.503632,50.292979],[19.501369,50.293798],[19.499616,50.294697],[19.498594,50.293582],[19.481066,50.296747],[19.480366,50.296629],[19.478091,50.295457],[19.476085,50.2947],[19.475147,50.294457],[19.473754,50.294312],[19.471421,50.294552],[19.465638,50.296176],[19.463176,50.2928],[19.461599,50.292295],[19.460034,50.291922],[19.46093,50.291299],[19.461164,50.291273],[19.462501,50.289872],[19.46396,50.289068],[19.464521,50.288833],[19.467342,50.288008],[19.469146,50.287276],[19.469129,50.287149],[19.469286,50.287069],[19.469093,50.285794],[19.469233,50.282206],[19.469316,50.281456],[19.469679,50.280634],[19.469418,50.27966],[19.469906,50.278366],[19.470066,50.277576],[19.469863,50.27714],[19.462837,50.26776],[19.462663,50.267078],[19.462757,50.265393],[19.462496,50.264938],[19.462015,50.264812],[19.462496,50.264938],[19.462757,50.265393],[19.462663,50.267078],[19.462837,50.26776],[19.466682,50.27282],[19.470034,50.277436],[19.470062,50.277855],[19.469418,50.27966],[19.469679,50.280634],[19.469316,50.281456],[19.469233,50.282206],[19.469107,50.286242],[19.469286,50.287069],[19.469529,50.287169],[19.469459,50.287307],[19.469305,50.287338],[19.469146,50.287276],[19.467342,50.288008],[19.464521,50.288833],[19.46396,50.289068],[19.462501,50.289872],[19.461164,50.291273],[19.46093,50.291299],[19.460034,50.291922],[19.450982,50.289387],[19.450686,50.289214],[19.450469,50.288915],[19.443282,50.277197],[19.422099,50.284446],[19.414448,50.285582],[19.403603,50.287368],[19.402925,50.287438],[19.402895,50.287235],[19.403293,50.28715],[19.403457,50.287354],[19.403603,50.287368],[19.403594,50.287567],[19.404813,50.289734],[19.406687,50.29279],[19.405158,50.293379],[19.404189,50.293907],[19.403795,50.294971],[19.402994,50.296106],[19.40229,50.296809],[19.402301,50.296932],[19.401792,50.297133],[19.399652,50.298789],[19.39952,50.299056],[19.399541,50.299486]]},"properties":{"line":"460","dir":"Sławków Walcownia","mode":"bus"}},{"type":"Feature","geometry":{"type":"LineString","coordinates":[[19.573986,50.274629],[19.57347,50.27478],[19.573323,50.27508],[19.570352,50.276093],[19.567134,50.276587],[19.564823,50.277321],[19.563752,50.277552],[19.562346,50.278146],[19.563294,50.279663],[19.564652,50.280695],[19.565012,50.28082],[19.563296,50.28118],[19.563294,50.280875],[19.563823,50.280749],[19.564288,50.280444],[19.564652,50.280695],[19.565012,50.28082],[19.562374,50.281371],[19.557167,50.282918],[19.557122,50.283047],[19.556956,50.283086],[19.556998,50.282964],[19.555586,50.2832],[19.551004,50.283703],[19.549393,50.284039],[19.547947,50.284593],[19.543943,50.286783],[19.542999,50.287162],[19.542189,50.28739],[19.540411,50.287652],[19.537178,50.28756],[19.537202,50.287929],[19.53648,50.28777],[19.534858,50.287723],[19.53648,50.28777],[19.537202,50.287929],[19.537178,50.28756],[19.527684,50.287105],[19.524185,50.28703],[19.522658,50.287148],[19.520875,50.287573],[19.502948,50.293201],[19.501369,50.293798],[19.499616,50.294697],[19.498594,50.293582],[19.481693,50.296671],[19.480763,50.296733],[19.477927,50.29991],[19.478096,50.300066],[19.478238,50.300532],[19.479675,50.30573],[19.472745,50.307515],[19.47026,50.307916],[19.468753,50.309603],[19.463292,50.315257],[19.46285,50.315987],[19.462549,50.317162],[19.460942,50.317853],[19.460876,50.318108],[19.460686,50.318104],[19.460531,50.317918],[19.461166,50.317784],[19.462549,50.317162],[19.46285,50.315987],[19.463292,50.315257],[19.468753,50.309603],[19.47026,50.307916],[19.470517,50.307783],[19.47311,50.307308],[19.479647,50.305615],[19.478186,50.300342],[19.478063,50.300007],[19.477927,50.29991],[19.480763,50.296733],[19.480366,50.296629],[19.477418,50.295157],[19.475593,50.294548],[19.473754,50.294312],[19.471421,50.294552],[19.4542,50.299456],[19.446808,50.300294],[19.444801,50.300301],[19.444176,50.300373],[19.442761,50.301384],[19.441727,50.302334],[19.443982,50.305571],[19.438339,50.306234],[19.437269,50.305525],[19.434387,50.305785],[19.433808,50.305973],[19.432652,50.30655],[19.431414,50.307385],[19.420173,50.311245]]},"properties":{"line":"461","dir":"Krzykawa Remiza","mode":"bus"}},{"type":"Feature","geometry":{"type":"LineString","coordinates":[[19.388613,50.297886],[19.38926,50.298336],[19.389482,50.298356],[19.389774,50.298522],[19.3936,50.300905],[19.39799,50.300056],[19.400135,50.299831],[19.405904,50.299578],[19.406081,50.300208],[19.406238,50.300321],[19.40646,50.30034],[19.410434,50.299547],[19.412489,50.299372],[19.414208,50.299366],[19.414699,50.303392],[19.415041,50.303839],[19.418654,50.307532],[19.41889,50.308363],[19.418796,50.31002],[19.419181,50.31074],[19.419741,50.311403],[19.431414,50.307385],[19.432652,50.30655],[19.433808,50.305973],[19.434387,50.305785],[19.437269,50.305525],[19.438339,50.306234],[19.443982,50.305571],[19.441727,50.302334],[19.443333,50.300752],[19.439785,50.299704],[19.437979,50.299378],[19.436522,50.299219],[19.434269,50.299167],[19.425638,50.299611],[19.425655,50.299792],[19.436349,50.300083],[19.436351,50.299529],[19.436653,50.299112],[19.438074,50.299268],[19.440191,50.299678],[19.443466,50.300665],[19.443829,50.300395],[19.4443,50.300268],[19.446808,50.300294],[19.454476,50.299404],[19.471421,50.294552],[19.473754,50.294312],[19.475593,50.294548],[19.477418,50.295157],[19.480366,50.296629],[19.480763,50.296733],[19.477927,50.29991],[19.478096,50.300066],[19.478238,50.300532],[19.479675,50.30573],[19.472745,50.307515],[19.47026,50.307916],[19.468753,50.309603],[19.463292,50.315257],[19.46285,50.315987],[19.462549,50.317162],[19.460942,50.317853],[19.460961,50.318019],[19.460797,50.318124],[19.460611,50.318057],[19.460531,50.317918],[19.461166,50.317784],[19.462549,50.317162],[19.46285,50.315987],[19.463292,50.315257],[19.468753,50.309603],[19.47026,50.307916],[19.470517,50.307783],[19.47311,50.307308],[19.479647,50.305615],[19.478186,50.300342],[19.478063,50.300007],[19.477927,50.29991],[19.480763,50.296733],[19.481693,50.296671],[19.498594,50.293582],[19.499513,50.29459],[19.501248,50.29371],[19.502862,50.293105],[19.520783,50.287477],[19.522581,50.287044],[19.524573,50.286924],[19.53114,50.287304],[19.539686,50.287656],[19.541143,50.287581],[19.542189,50.28739],[19.542999,50.287162],[19.543943,50.286783],[19.547947,50.284593],[19.549852,50.283862],[19.552037,50.283522],[19.553831,50.283392],[19.556765,50.283023],[19.562374,50.281371],[19.564751,50.280875],[19.564652,50.280695],[19.563233,50.279597],[19.562346,50.278146],[19.563752,50.277552],[19.564823,50.277321],[19.567134,50.276587],[19.570352,50.276093],[19.573323,50.27508],[19.573387,50.274906],[19.573941,50.274829],[19.573986,50.274629]]},"properties":{"line":"461","dir":"Olkusz Dworzec PKS","mode":"bus"}},{"type":"Feature","geometry":{"type":"LineString","coordinates":[[19.414549,50.302565],[19.414699,50.303392],[19.415041,50.303839],[19.418654,50.307532],[19.41889,50.308363],[19.418796,50.31002],[19.419181,50.31074],[19.419741,50.311403],[19.431414,50.307385],[19.432652,50.30655],[19.433808,50.305973],[19.434387,50.305785],[19.437269,50.305525],[19.438339,50.306234],[19.443982,50.305571],[19.441727,50.302334],[19.443333,50.300752],[19.443718,50.300456],[19.44407,50.300307],[19.446808,50.300294],[19.454476,50.299404],[19.471421,50.294552],[19.473754,50.294312],[19.475147,50.294457],[19.476085,50.2947],[19.477418,50.295157],[19.480366,50.296629],[19.480763,50.296733],[19.477927,50.29991],[19.478096,50.300066],[19.478238,50.300532],[19.479675,50.30573],[19.472745,50.307515],[19.47026,50.307916],[19.468753,50.309603],[19.463292,50.315257],[19.46285,50.315987],[19.462549,50.317162],[19.460942,50.317853],[19.460876,50.318108],[19.460686,50.318104],[19.460531,50.317918],[19.461166,50.317784],[19.462549,50.317162],[19.46285,50.315987],[19.463292,50.315257],[19.468753,50.309603],[19.47026,50.307916],[19.470517,50.307783],[19.47311,50.307308],[19.479647,50.305615],[19.478186,50.300342],[19.478063,50.300007],[19.477927,50.29991],[19.480763,50.296733],[19.481693,50.296671],[19.498594,50.293582],[19.499513,50.29459],[19.501248,50.29371],[19.502862,50.293105],[19.520783,50.287477],[19.522581,50.287044],[19.524573,50.286924],[19.53114,50.287304],[19.539686,50.287656],[19.541143,50.287581],[19.542189,50.28739],[19.542999,50.287162],[19.543943,50.286783],[19.547947,50.284593],[19.549852,50.283862],[19.552037,50.283522],[19.553831,50.283392],[19.556765,50.283023],[19.562374,50.281371],[19.564751,50.280875],[19.564652,50.280695],[19.563233,50.279597],[19.562346,50.278146],[19.563752,50.277552],[19.564823,50.277321],[19.567134,50.276587],[19.570352,50.276093],[19.573323,50.27508],[19.575788,50.274849],[19.578888,50.274241],[19.582812,50.274093],[19.583516,50.274146],[19.584271,50.273497],[19.585408,50.272883],[19.586475,50.272536],[19.589451,50.271877],[19.588799,50.270872],[19.588191,50.270543],[19.587821,50.270459],[19.582295,50.270509],[19.579105,50.269672],[19.578587,50.269607],[19.577865,50.269646],[19.573769,50.270183],[19.569846,50.269777],[19.567056,50.269618],[19.56605,50.269623],[19.5659,50.269062],[19.566003,50.268489],[19.566422,50.267985],[19.567115,50.267454],[19.566822,50.26712],[19.566647,50.267176]]},"properties":{"line":"461","dir":"Olkusz E.Orzeszkowej","mode":"bus"}},{"type":"Feature","geometry":{"type":"LineString","coordinates":[[19.573986,50.274629],[19.57347,50.27478],[19.573323,50.27508],[19.570352,50.276093],[19.567134,50.276587],[19.564823,50.277321],[19.563752,50.277552],[19.562346,50.278146],[19.563294,50.279663],[19.564652,50.280695],[19.565012,50.28082],[19.563296,50.28118],[19.563294,50.280875],[19.563823,50.280749],[19.564288,50.280444],[19.564652,50.280695],[19.565012,50.28082],[19.562374,50.281371],[19.557167,50.282918],[19.557122,50.283047],[19.556956,50.283086],[19.556998,50.282964],[19.555586,50.2832],[19.551004,50.283703],[19.549393,50.284039],[19.547947,50.284593],[19.543943,50.286783],[19.542999,50.287162],[19.542189,50.28739],[19.540411,50.287652],[19.537178,50.28756],[19.537202,50.287929],[19.53648,50.28777],[19.534858,50.287723],[19.53648,50.28777],[19.537202,50.287929],[19.537178,50.28756],[19.527684,50.287105],[19.524185,50.28703],[19.522658,50.287148],[19.520875,50.287573],[19.502948,50.293201],[19.501369,50.293798],[19.499616,50.294697],[19.498594,50.293582],[19.481693,50.296671],[19.480763,50.296733],[19.477927,50.29991],[19.478096,50.300066],[19.478238,50.300532],[19.479675,50.30573],[19.472745,50.307515],[19.47026,50.307916],[19.468753,50.309603],[19.463292,50.315257],[19.46285,50.315987],[19.462549,50.317162],[19.460942,50.317853],[19.460961,50.318019],[19.460797,50.318124],[19.460611,50.318057],[19.460531,50.317918],[19.461166,50.317784],[19.462549,50.317162],[19.46285,50.315987],[19.463292,50.315257],[19.468753,50.309603],[19.47026,50.307916],[19.470517,50.307783],[19.47311,50.307308],[19.479647,50.305615],[19.478186,50.300342],[19.478063,50.300007],[19.477927,50.29991],[19.480763,50.296733],[19.480366,50.296629],[19.477418,50.295157],[19.475593,50.294548],[19.473754,50.294312],[19.471421,50.294552],[19.4542,50.299456],[19.446808,50.300294],[19.444801,50.300301],[19.444176,50.300373],[19.442761,50.301384],[19.441727,50.302334],[19.443982,50.305571],[19.438339,50.306234],[19.437269,50.305525],[19.434387,50.305785],[19.433808,50.305973],[19.432652,50.30655],[19.431414,50.307385],[19.419741,50.311403],[19.419181,50.31074],[19.418796,50.31002],[19.41889,50.308363],[19.418654,50.307532],[19.415041,50.303839],[19.414699,50.303392],[19.4142,50.299477],[19.411409,50.299554],[19.40993,50.299734],[19.408552,50.300003],[19.400654,50.301878],[19.400343,50.302058],[19.40026,50.302215],[19.400332,50.302442],[19.400604,50.302583],[19.400958,50.302582],[19.401268,50.302462],[19.401906,50.301578],[19.402033,50.301289],[19.402203,50.299748],[19.400135,50.299831],[19.398498,50.299984],[19.3936,50.300905],[19.389482,50.298356],[19.38926,50.298336],[19.388976,50.298576]]},"properties":{"line":"461","dir":"Sławków Rynek","mode":"bus"}},{"type":"Feature","geometry":{"type":"LineString","coordinates":[[19.563541,50.280809],[19.563823,50.280749],[19.564288,50.280444],[19.564652,50.280695],[19.565012,50.28082],[19.562374,50.281371],[19.557167,50.282918],[19.557122,50.283047],[19.556956,50.283086],[19.556998,50.282964],[19.555586,50.2832],[19.551004,50.283703],[19.549393,50.284039],[19.547947,50.284593],[19.543943,50.286783],[19.542999,50.287162],[19.54189,50.287454],[19.540411,50.287652],[19.537178,50.28756],[19.537202,50.287929],[19.53648,50.28777],[19.534858,50.287723],[19.53648,50.28777],[19.537202,50.287929],[19.537178,50.28756],[19.527684,50.287105],[19.524185,50.28703],[19.522658,50.287148],[19.520875,50.287573],[19.502948,50.293201],[19.501369,50.293798],[19.499616,50.294697],[19.498594,50.293582],[19.481278,50.296732],[19.480763,50.296733],[19.480366,50.296629],[19.478091,50.295457],[19.476085,50.2947],[19.475147,50.294457],[19.473754,50.294312],[19.471421,50.294552],[19.465638,50.296176],[19.463176,50.2928],[19.461599,50.292295],[19.459393,50.291752],[19.454564,50.290392],[19.453268,50.291298],[19.452645,50.291506],[19.451679,50.291661],[19.40929,50.296861],[19.406736,50.292864]]},"properties":{"line":"462","dir":"Międzygórze I","mode":"bus"}},{"type":"Feature","geometry":{"type":"LineString","coordinates":[[19.406737,50.292866],[19.40929,50.296861],[19.451679,50.291661],[19.452645,50.291506],[19.453268,50.291298],[19.454564,50.290392],[19.45968,50.291828],[19.461599,50.292295],[19.463176,50.2928],[19.465638,50.296176],[19.471421,50.294552],[19.473754,50.294312],[19.475404,50.294501],[19.477418,50.295157],[19.480366,50.296629],[19.480763,50.296733],[19.481693,50.296671],[19.487249,50.295648],[19.490248,50.299549],[19.493666,50.301582],[19.494315,50.30205],[19.497575,50.306252],[19.498791,50.307594],[19.498969,50.307532],[19.498791,50.307594],[19.498067,50.306835],[19.494315,50.30205],[19.493666,50.301582],[19.490248,50.299549],[19.488589,50.297471],[19.490161,50.299457],[19.49071,50.299845],[19.491667,50.299345],[19.492688,50.299256],[19.492981,50.299141],[19.499513,50.29459],[19.498594,50.293582],[19.497781,50.293729],[19.498594,50.293582],[19.499513,50.29459],[19.501248,50.29371],[19.502862,50.293105],[19.52196,50.28716],[19.523502,50.286944],[19.524573,50.286924],[19.53114,50.287304],[19.54003,50.287659],[19.541143,50.287581],[19.542693,50.287262],[19.543943,50.286783],[19.547947,50.284593],[19.549852,50.283862],[19.552037,50.283522],[19.553831,50.283392],[19.556765,50.283023],[19.562374,50.281371],[19.564751,50.280875],[19.564652,50.280695],[19.563233,50.279597],[19.562346,50.278146],[19.563752,50.277552],[19.564823,50.277321],[19.567134,50.276587],[19.570352,50.276093],[19.573323,50.27508],[19.573387,50.274906],[19.573941,50.274829],[19.573986,50.274629]]},"properties":{"line":"462","dir":"Olkusz Dworzec PKS","mode":"bus"}},{"type":"Feature","geometry":{"type":"LineString","coordinates":[[19.406737,50.292866],[19.40929,50.296861],[19.451679,50.291661],[19.452645,50.291506],[19.453268,50.291298],[19.454564,50.290392],[19.45968,50.291828],[19.461599,50.292295],[19.463176,50.2928],[19.465638,50.296176],[19.471421,50.294552],[19.473754,50.294312],[19.475404,50.294501],[19.477418,50.295157],[19.480366,50.296629],[19.480763,50.296733],[19.481693,50.296671],[19.487249,50.295648],[19.490248,50.299549],[19.493666,50.301582],[19.494315,50.30205],[19.497575,50.306252],[19.498791,50.307594],[19.498969,50.307532],[19.498791,50.307594],[19.498067,50.306835],[19.494315,50.30205],[19.493666,50.301582],[19.490248,50.299549],[19.488589,50.297471],[19.490161,50.299457],[19.49071,50.299845],[19.491667,50.299345],[19.492688,50.299256],[19.492981,50.299141],[19.499513,50.29459],[19.498594,50.293582],[19.497781,50.293729],[19.498594,50.293582],[19.499513,50.29459],[19.501248,50.29371],[19.502862,50.293105],[19.52196,50.28716],[19.523502,50.286944],[19.524573,50.286924],[19.53114,50.287304],[19.539032,50.287642],[19.540411,50.287652],[19.541143,50.287581],[19.542189,50.28739],[19.543412,50.287011],[19.547947,50.284593],[19.549852,50.283862],[19.552037,50.283522],[19.553831,50.283392],[19.556765,50.283023],[19.562374,50.281371],[19.563296,50.28118],[19.563294,50.280875],[19.563541,50.280809]]},"properties":{"line":"462","dir":"Olkusz Supersam ZKGKM","mode":"bus"}},{"type":"Feature","geometry":{"type":"LineString","coordinates":[[19.563541,50.280809],[19.563823,50.280749],[19.564288,50.280444],[19.564652,50.280695],[19.565012,50.28082],[19.562374,50.281371],[19.557167,50.282918],[19.557122,50.283047],[19.556956,50.283086],[19.556998,50.282964],[19.555586,50.2832],[19.551004,50.283703],[19.549393,50.284039],[19.547947,50.284593],[19.543412,50.287011],[19.542189,50.28739],[19.541143,50.287581],[19.54003,50.287659],[19.537178,50.28756],[19.537202,50.287929],[19.53648,50.28777],[19.534858,50.287723],[19.53648,50.28777],[19.537202,50.287929],[19.537178,50.28756],[19.527684,50.287105],[19.523839,50.287039],[19.521966,50.287274],[19.502948,50.293201],[19.501369,50.293798],[19.499616,50.294697],[19.498594,50.293582],[19.481066,50.296747],[19.480366,50.296629],[19.477418,50.295157],[19.475593,50.294548],[19.473754,50.294312],[19.472187,50.294451],[19.471183,50.294609],[19.454476,50.299404],[19.446808,50.300294],[19.44439,50.300333],[19.443948,50.300481],[19.443531,50.30082],[19.439785,50.299704],[19.437979,50.299378],[19.436522,50.299219],[19.434269,50.299167],[19.425638,50.299611],[19.425655,50.299792],[19.436349,50.300083],[19.436351,50.299529],[19.436653,50.299112],[19.438074,50.299268],[19.440191,50.299678],[19.443645,50.300724],[19.442761,50.301384],[19.441727,50.302334],[19.443982,50.305571],[19.438339,50.306234],[19.437269,50.305525],[19.434387,50.305785],[19.433808,50.305973],[19.432652,50.30655],[19.431414,50.307385],[19.419741,50.311403],[19.419181,50.31074],[19.418796,50.31002],[19.41889,50.308363],[19.418654,50.307532],[19.415041,50.303839],[19.414699,50.303392],[19.4142,50.299477],[19.411409,50.299554],[19.40993,50.299734],[19.408552,50.300003],[19.400654,50.301878],[19.400343,50.302058],[19.40026,50.302215],[19.400332,50.302442],[19.400604,50.302583],[19.400958,50.302582],[19.401268,50.302462],[19.401906,50.301578],[19.402033,50.301289],[19.402203,50.299748],[19.400135,50.299831],[19.398498,50.299984],[19.3936,50.300905],[19.389482,50.298356],[19.38926,50.298336],[19.388398,50.298943],[19.387467,50.298425],[19.387436,50.298338],[19.388262,50.297801],[19.388471,50.2978],[19.38926,50.298336],[19.389482,50.298356],[19.389774,50.298522],[19.3936,50.300905],[19.39799,50.300056],[19.399561,50.299881],[19.39952,50.299056],[19.399652,50.298789],[19.401792,50.297133],[19.402143,50.296957],[19.402998,50.296909],[19.40645,50.29726],[19.40929,50.296861],[19.406737,50.292866],[19.40929,50.296861],[19.451679,50.291661],[19.452645,50.291506],[19.453268,50.291298],[19.454564,50.290392],[19.460034,50.291922],[19.46093,50.291299],[19.461164,50.291273],[19.462501,50.289872],[19.46396,50.289068],[19.464521,50.288833],[19.467342,50.288008],[19.469146,50.287276],[19.469129,50.287149],[19.469286,50.287069],[19.469093,50.285794],[19.469233,50.282206],[19.469316,50.281456],[19.469679,50.280634],[19.469418,50.27966],[19.470074,50.277719],[19.469863,50.27714],[19.462837,50.26776],[19.462663,50.267078],[19.462757,50.265393],[19.462496,50.264938],[19.462015,50.264812]]},"properties":{"line":"463","dir":"Bukowno Dworzec PKP","mode":"bus"}},{"type":"Feature","geometry":{"type":"LineString","coordinates":[[19.462015,50.264812],[19.462496,50.264938],[19.462757,50.265393],[19.462663,50.267078],[19.462837,50.26776],[19.466682,50.27282],[19.470034,50.277436],[19.470062,50.277855],[19.469418,50.27966],[19.469679,50.280634],[19.469316,50.281456],[19.469233,50.282206],[19.469107,50.286242],[19.469286,50.287069],[19.469463,50.287101],[19.469536,50.287209],[19.469459,50.287307],[19.469305,50.287338],[19.469146,50.287276],[19.467342,50.288008],[19.464521,50.288833],[19.46396,50.289068],[19.462501,50.289872],[19.461164,50.291273],[19.46093,50.291299],[19.460034,50.291922],[19.454564,50.290392],[19.453268,50.291298],[19.452645,50.291506],[19.451679,50.291661],[19.40929,50.296861],[19.406736,50.292864],[19.40929,50.296861],[19.40645,50.29726],[19.402998,50.296909],[19.402143,50.296957],[19.401792,50.297133],[19.399652,50.298789],[19.39952,50.299056],[19.399561,50.299881],[19.39799,50.300056],[19.3936,50.300905],[19.389482,50.298356],[19.38926,50.298336],[19.388398,50.298943],[19.387586,50.298519],[19.387436,50.298338],[19.388262,50.297801],[19.388471,50.2978],[19.38926,50.298336],[19.389482,50.298356],[19.389774,50.298522],[19.3936,50.300905],[19.39799,50.300056],[19.400135,50.299831],[19.405904,50.299578],[19.406081,50.300208],[19.406238,50.300321],[19.40646,50.30034],[19.410434,50.299547],[19.412489,50.299372],[19.414208,50.299366],[19.414699,50.303392],[19.415041,50.303839],[19.418654,50.307532],[19.41889,50.308363],[19.418796,50.31002],[19.419181,50.31074],[19.419741,50.311403],[19.431414,50.307385],[19.432652,50.30655],[19.433808,50.305973],[19.434387,50.305785],[19.437269,50.305525],[19.438339,50.306234],[19.443982,50.305571],[19.441727,50.302334],[19.443333,50.300752],[19.443718,50.300456],[19.44407,50.300307],[19.446808,50.300294],[19.4542,50.299456],[19.471421,50.294552],[19.473754,50.294312],[19.475593,50.294548],[19.477418,50.295157],[19.480366,50.296629],[19.480763,50.296733],[19.477927,50.29991],[19.478096,50.300066],[19.478238,50.300532],[19.479675,50.30573],[19.472745,50.307515],[19.47026,50.307916],[19.468753,50.309603],[19.463292,50.315257],[19.46285,50.315987],[19.462549,50.317162],[19.460942,50.317853],[19.460961,50.318019],[19.460797,50.318124]]},"properties":{"line":"463","dir":"Laski Pętla","mode":"bus"}},{"type":"Feature","geometry":{"type":"LineString","coordinates":[[19.462015,50.264812],[19.462496,50.264938],[19.462757,50.265393],[19.462663,50.267078],[19.462837,50.26776],[19.466682,50.27282],[19.470034,50.277436],[19.470062,50.277855],[19.469418,50.27966],[19.469679,50.280634],[19.469316,50.281456],[19.469233,50.282206],[19.469107,50.286242],[19.469286,50.287069],[19.469463,50.287101],[19.469536,50.287209],[19.469459,50.287307],[19.469305,50.287338],[19.469146,50.287276],[19.467342,50.288008],[19.464521,50.288833],[19.46396,50.289068],[19.462501,50.289872],[19.461164,50.291273],[19.46093,50.291299],[19.460034,50.291922],[19.454564,50.290392],[19.453268,50.291298],[19.452645,50.291506],[19.451679,50.291661],[19.40929,50.296861],[19.406736,50.292864],[19.40929,50.296861],[19.40645,50.29726],[19.402998,50.296909],[19.402143,50.296957],[19.401792,50.297133],[19.399652,50.298789],[19.39952,50.299056],[19.399561,50.299881],[19.39799,50.300056],[19.3936,50.300905],[19.389482,50.298356],[19.38926,50.298336],[19.388398,50.298943],[19.387467,50.298425],[19.387436,50.298338],[19.388262,50.297801],[19.388471,50.2978],[19.38926,50.298336],[19.389482,50.298356],[19.389774,50.298522],[19.3936,50.300905],[19.39799,50.300056],[19.400135,50.299831],[19.405904,50.299578],[19.406081,50.300208],[19.406238,50.300321],[19.40646,50.30034],[19.410434,50.299547],[19.412489,50.299372],[19.414208,50.299366],[19.414699,50.303392],[19.415041,50.303839],[19.418654,50.307532],[19.41889,50.308363],[19.418796,50.31002],[19.419181,50.31074],[19.419741,50.311403],[19.431414,50.307385],[19.432652,50.30655],[19.433808,50.305973],[19.434387,50.305785],[19.437269,50.305525],[19.438339,50.306234],[19.443982,50.305571],[19.441727,50.302334],[19.443333,50.300752],[19.443718,50.300456],[19.444189,50.300281],[19.446808,50.300294],[19.454476,50.299404],[19.471183,50.294609],[19.472187,50.294451],[19.473754,50.294312],[19.475593,50.294548],[19.477418,50.295157],[19.480366,50.296629],[19.481066,50.296747],[19.498594,50.293582],[19.499513,50.29459],[19.501248,50.29371],[19.502862,50.293105],[19.52196,50.28716],[19.523502,50.286944],[19.524573,50.286924],[19.53114,50.287304],[19.539032,50.287642],[19.540411,50.287652],[19.541143,50.287581],[19.542189,50.28739],[19.543412,50.287011],[19.547947,50.284593],[19.549852,50.283862],[19.552037,50.283522],[19.553831,50.283392],[19.556765,50.283023],[19.562374,50.281371],[19.563296,50.28118],[19.563294,50.280875],[19.563541,50.280809]]},"properties":{"line":"463","dir":"Olkusz Supersam ZKGKM","mode":"bus"}},{"type":"Feature","geometry":{"type":"LineString","coordinates":[[19.563541,50.280809],[19.563823,50.280749],[19.564288,50.280444],[19.564652,50.280695],[19.565012,50.28082],[19.562374,50.281371],[19.557167,50.282918],[19.557122,50.283047],[19.556956,50.283086],[19.556998,50.282964],[19.555586,50.2832],[19.551004,50.283703],[19.549393,50.284039],[19.547947,50.284593],[19.543943,50.286783],[19.542999,50.287162],[19.54189,50.287454],[19.540411,50.287652],[19.537178,50.28756],[19.537202,50.287929],[19.53648,50.28777],[19.534858,50.287723],[19.53648,50.28777],[19.537202,50.287929],[19.537178,50.28756],[19.527684,50.287105],[19.524185,50.28703],[19.522658,50.287148],[19.520875,50.287573],[19.502185,50.293464],[19.500792,50.294061],[19.499319,50.294886],[19.488128,50.302683],[19.486091,50.303803],[19.483798,50.30464],[19.479675,50.30573],[19.472745,50.307515],[19.47026,50.307916],[19.468753,50.309603],[19.463292,50.315257],[19.46285,50.315987],[19.462549,50.317162],[19.460942,50.317853],[19.460961,50.318019],[19.460797,50.318124],[19.460611,50.318057],[19.460531,50.317918],[19.461166,50.317784],[19.462549,50.317162],[19.46285,50.315987],[19.463292,50.315257],[19.468753,50.309603],[19.47026,50.307916],[19.470517,50.307783],[19.472002,50.307558],[19.47311,50.307308],[19.479647,50.305615],[19.478186,50.300342],[19.478063,50.300007],[19.477927,50.29991],[19.480763,50.296733],[19.480366,50.296629],[19.477418,50.295157],[19.475593,50.294548],[19.473754,50.294312],[19.471421,50.294552],[19.4542,50.299456],[19.446808,50.300294],[19.444801,50.300301],[19.444176,50.300373],[19.442761,50.301384],[19.441727,50.302334],[19.443982,50.305571],[19.438339,50.306234],[19.437269,50.305525],[19.434387,50.305785],[19.433808,50.305973],[19.432652,50.30655],[19.431414,50.307385],[19.419519,50.311507],[19.414352,50.312467],[19.410532,50.312824],[19.407852,50.313569],[19.405764,50.314075],[19.404648,50.314266],[19.404087,50.314243],[19.402176,50.313873],[19.400569,50.313866],[19.399996,50.313557],[19.399596,50.313223],[19.399409,50.312919],[19.399077,50.312005],[19.398773,50.310672],[19.398674,50.307398],[19.398991,50.30691],[19.399317,50.305542],[19.399902,50.304049],[19.401036,50.302789],[19.400902,50.302665],[19.400604,50.302583],[19.400958,50.302582],[19.401268,50.302462],[19.401906,50.301578],[19.402033,50.301289],[19.402203,50.299748],[19.400135,50.299831],[19.398498,50.299984],[19.3936,50.300905],[19.389482,50.298356],[19.38926,50.298336],[19.388976,50.298576]]},"properties":{"line":"463","dir":"Sławków Rynek","mode":"bus"}},{"type":"Feature","geometry":{"type":"LineString","coordinates":[[19.562894,50.260759],[19.562903,50.260415],[19.563139,50.260397],[19.563125,50.260196],[19.568761,50.260494],[19.572058,50.260528],[19.573209,50.260706],[19.575999,50.261497],[19.573557,50.267671],[19.573622,50.269031],[19.572997,50.27012],[19.573948,50.270174],[19.577772,50.269655],[19.578587,50.269607],[19.57919,50.269691],[19.582295,50.270509],[19.587821,50.270459],[19.588191,50.270543],[19.588799,50.270872],[19.589703,50.272258],[19.589474,50.272318],[19.589113,50.272211],[19.588481,50.272347],[19.589113,50.272211],[19.589594,50.272299],[19.589703,50.272258],[19.589507,50.271982],[19.586268,50.272744],[19.584846,50.273352],[19.583695,50.274172],[19.582812,50.274093],[19.578888,50.274241],[19.575788,50.274849],[19.573323,50.27508],[19.570352,50.276093],[19.567134,50.276587],[19.564823,50.277321],[19.563752,50.277552],[19.562346,50.278146],[19.563294,50.279663],[19.564652,50.280695],[19.565012,50.28082],[19.563296,50.28118],[19.563294,50.280875],[19.563823,50.280749],[19.564288,50.280444],[19.564652,50.280695],[19.565012,50.28082],[19.562374,50.281371],[19.557167,50.282918],[19.557122,50.283047],[19.556956,50.283086],[19.556998,50.282964],[19.555586,50.2832],[19.551004,50.283703],[19.549393,50.284039],[19.547947,50.284593],[19.543943,50.286783],[19.542999,50.287162],[19.542189,50.28739],[19.540411,50.287652],[19.537178,50.28756],[19.537202,50.287929],[19.53648,50.28777],[19.534858,50.287723],[19.53648,50.28777],[19.537202,50.287929],[19.537178,50.28756],[19.527684,50.287105],[19.524185,50.28703],[19.522658,50.287148],[19.520875,50.287573],[19.502948,50.293201],[19.501369,50.293798],[19.499616,50.294697],[19.498594,50.293582],[19.481693,50.296671],[19.480763,50.296733],[19.477927,50.29991],[19.478096,50.300066],[19.478238,50.300532],[19.479675,50.30573],[19.472745,50.307515],[19.47026,50.307916],[19.468753,50.309603],[19.463292,50.315257],[19.46285,50.315987],[19.462549,50.317162],[19.460942,50.317853],[19.460961,50.318019],[19.460797,50.318124],[19.460611,50.318057],[19.460531,50.317918],[19.461166,50.317784],[19.462549,50.317162],[19.46285,50.315987],[19.463292,50.315257],[19.468753,50.309603],[19.47026,50.307916],[19.470517,50.307783],[19.472002,50.307558],[19.47311,50.307308],[19.479647,50.305615],[19.478186,50.300342],[19.478063,50.300007],[19.477927,50.29991],[19.480763,50.296733],[19.480366,50.296629],[19.477418,50.295157],[19.475404,50.294501],[19.474005,50.294321],[19.47336,50.294331],[19.471421,50.294552],[19.465638,50.296176],[19.463176,50.2928],[19.461599,50.292295],[19.460034,50.291922],[19.46093,50.291299],[19.461164,50.291273],[19.462501,50.289872],[19.46396,50.289068],[19.464521,50.288833],[19.467342,50.288008],[19.469146,50.287276],[19.469129,50.287149],[19.469286,50.287069],[19.469093,50.285794],[19.469233,50.282206],[19.469316,50.281456],[19.469679,50.280634],[19.469418,50.27966],[19.470074,50.277719],[19.469863,50.27714],[19.462837,50.26776],[19.462663,50.267078],[19.462757,50.265393],[19.462496,50.264938],[19.462015,50.264812]]},"properties":{"line":"464","dir":"Bukowno Dworzec PKP","mode":"bus"}},{"type":"Feature","geometry":{"type":"LineString","coordinates":[[19.462015,50.264812],[19.462496,50.264938],[19.462757,50.265393],[19.462663,50.267078],[19.462837,50.26776],[19.466682,50.27282],[19.470034,50.277436],[19.470062,50.277855],[19.469418,50.27966],[19.469679,50.280634],[19.469316,50.281456],[19.469233,50.282206],[19.469107,50.286242],[19.469286,50.287069],[19.469463,50.287101],[19.469536,50.287209],[19.469459,50.287307],[19.469305,50.287338],[19.469146,50.287276],[19.467342,50.288008],[19.464521,50.288833],[19.46396,50.289068],[19.462501,50.289872],[19.461164,50.291273],[19.46093,50.291299],[19.460034,50.291922],[19.461599,50.292295],[19.463176,50.2928],[19.465638,50.296176],[19.471421,50.294552],[19.47336,50.294331],[19.474005,50.294321],[19.475404,50.294501],[19.477418,50.295157],[19.480366,50.296629],[19.480763,50.296733],[19.477927,50.29991],[19.478096,50.300066],[19.478238,50.300532],[19.479675,50.30573],[19.472745,50.307515],[19.47026,50.307916],[19.468753,50.309603],[19.463292,50.315257],[19.46285,50.315987],[19.462549,50.317162],[19.460942,50.317853],[19.460961,50.318019],[19.460797,50.318124],[19.460611,50.318057],[19.460531,50.317918],[19.461166,50.317784],[19.462549,50.317162],[19.46285,50.315987],[19.463292,50.315257],[19.468753,50.309603],[19.47026,50.307916],[19.470517,50.307783],[19.47311,50.307308],[19.479647,50.305615],[19.478186,50.300342],[19.478063,50.300007],[19.477927,50.29991],[19.480763,50.296733],[19.481693,50.296671],[19.498594,50.293582],[19.499513,50.29459],[19.501248,50.29371],[19.502862,50.293105],[19.520783,50.287477],[19.522581,50.287044],[19.524573,50.286924],[19.53114,50.287304],[19.539686,50.287656],[19.541143,50.287581],[19.542189,50.28739],[19.542999,50.287162],[19.543943,50.286783],[19.547947,50.284593],[19.549852,50.283862],[19.552037,50.283522],[19.553831,50.283392],[19.556765,50.283023],[19.562374,50.281371],[19.564751,50.280875],[19.564652,50.280695],[19.563233,50.279597],[19.562346,50.278146],[19.563752,50.277552],[19.564823,50.277321],[19.567134,50.276587],[19.570352,50.276093],[19.573323,50.27508],[19.573387,50.274906],[19.573941,50.274829],[19.573986,50.274629]]},"properties":{"line":"464","dir":"Olkusz Dworzec PKS","mode":"bus"}},{"type":"Feature","geometry":{"type":"LineString","coordinates":[[19.462015,50.264812],[19.462496,50.264938],[19.462757,50.265393],[19.462663,50.267078],[19.462837,50.26776],[19.466682,50.27282],[19.470034,50.277436],[19.470062,50.277855],[19.469418,50.27966],[19.469679,50.280634],[19.469316,50.281456],[19.469233,50.282206],[19.469107,50.286242],[19.469286,50.287069],[19.469463,50.287101],[19.469536,50.287209],[19.469459,50.287307],[19.469305,50.287338],[19.469146,50.287276],[19.467342,50.288008],[19.464521,50.288833],[19.46396,50.289068],[19.462501,50.289872],[19.461164,50.291273],[19.46093,50.291299],[19.460034,50.291922],[19.461599,50.292295],[19.463176,50.2928],[19.465638,50.296176],[19.471421,50.294552],[19.47336,50.294331],[19.474005,50.294321],[19.475404,50.294501],[19.477418,50.295157],[19.480366,50.296629],[19.480763,50.296733],[19.477927,50.29991],[19.478096,50.300066],[19.478238,50.300532],[19.479675,50.30573],[19.472745,50.307515],[19.47026,50.307916],[19.468753,50.309603],[19.463292,50.315257],[19.46285,50.315987],[19.462549,50.317162],[19.460942,50.317853],[19.460961,50.318019],[19.460797,50.318124],[19.460611,50.318057],[19.460531,50.317918],[19.461166,50.317784],[19.462549,50.317162],[19.46285,50.315987],[19.463292,50.315257],[19.468753,50.309603],[19.47026,50.307916],[19.470517,50.307783],[19.47311,50.307308],[19.479647,50.305615],[19.478186,50.300342],[19.478063,50.300007],[19.477927,50.29991],[19.480763,50.296733],[19.481693,50.296671],[19.498594,50.293582],[19.499513,50.29459],[19.501248,50.29371],[19.502862,50.293105],[19.520783,50.287477],[19.522581,50.287044],[19.524573,50.286924],[19.53114,50.287304],[19.539686,50.287656],[19.541143,50.287581],[19.542189,50.28739],[19.542999,50.287162],[19.543943,50.286783],[19.547947,50.284593],[19.549852,50.283862],[19.552037,50.283522],[19.553831,50.283392],[19.556765,50.283023],[19.562374,50.281371],[19.564751,50.280875],[19.564652,50.280695],[19.563233,50.279597],[19.562346,50.278146],[19.563752,50.277552],[19.564823,50.277321],[19.567134,50.276587],[19.570352,50.276093],[19.573323,50.27508],[19.575788,50.274849],[19.578888,50.274241],[19.582812,50.274093],[19.583516,50.274146],[19.584271,50.273497],[19.585408,50.272883],[19.586475,50.272536],[19.589451,50.271877],[19.588799,50.270872],[19.588191,50.270543],[19.587821,50.270459],[19.582295,50.270509],[19.579105,50.269672],[19.578587,50.269607],[19.577865,50.269646],[19.573769,50.270183],[19.569846,50.269777],[19.567056,50.269618],[19.56605,50.269623],[19.5659,50.269062],[19.566003,50.268489],[19.566422,50.267985],[19.567115,50.267454],[19.566822,50.26712],[19.566647,50.267176],[19.566822,50.26712],[19.567115,50.267454],[19.569132,50.265951],[19.572818,50.265668],[19.574203,50.265948],[19.575999,50.261497],[19.573209,50.260706],[19.572058,50.260528],[19.568761,50.260494],[19.563125,50.260196],[19.563139,50.260397],[19.562903,50.260415],[19.562894,50.260759]]},"properties":{"line":"464","dir":"Olkusz Os. Młodych Pętla","mode":"bus"}},{"type":"Feature","geometry":{"type":"LineString","coordinates":[[19.566647,50.267176],[19.566822,50.26712],[19.567115,50.267454],[19.568987,50.266017],[19.569297,50.265919],[19.572818,50.265668],[19.574203,50.265948],[19.573557,50.267671],[19.573622,50.269031],[19.572997,50.27012],[19.573948,50.270174],[19.577772,50.269655],[19.578587,50.269607],[19.57919,50.269691],[19.582295,50.270509],[19.587821,50.270459],[19.588191,50.270543],[19.588799,50.270872],[19.589703,50.272258],[19.589474,50.272318],[19.589113,50.272211],[19.588481,50.272347],[19.589113,50.272211],[19.589594,50.272299],[19.589703,50.272258],[19.589507,50.271982],[19.586268,50.272744],[19.584846,50.273352],[19.583695,50.274172],[19.582812,50.274093],[19.578888,50.274241],[19.575788,50.274849],[19.573323,50.27508],[19.570352,50.276093],[19.567134,50.276587],[19.564823,50.277321],[19.563752,50.277552],[19.562346,50.278146],[19.563294,50.279663],[19.564652,50.280695],[19.565012,50.28082],[19.563296,50.28118],[19.563294,50.280875],[19.563823,50.280749],[19.564288,50.280444],[19.564652,50.280695],[19.565012,50.28082],[19.562374,50.281371],[19.557167,50.282918],[19.557122,50.283047],[19.556956,50.283086],[19.556998,50.282964],[19.555586,50.2832],[19.551004,50.283703],[19.549393,50.284039],[19.547947,50.284593],[19.543943,50.286783],[19.542999,50.287162],[19.542189,50.28739],[19.540411,50.287652],[19.537178,50.28756],[19.537202,50.287929],[19.53648,50.28777],[19.534858,50.287723],[19.53648,50.28777],[19.537202,50.287929],[19.537178,50.28756],[19.527684,50.287105],[19.524185,50.28703],[19.522658,50.287148],[19.520875,50.287573],[19.502948,50.293201],[19.501369,50.293798],[19.499616,50.294697],[19.498594,50.293582],[19.481066,50.296747],[19.480366,50.296629],[19.477418,50.295157],[19.475404,50.294501],[19.474005,50.294321],[19.47336,50.294331],[19.471421,50.294552],[19.465638,50.296176],[19.463176,50.2928],[19.461599,50.292295],[19.460034,50.291922],[19.46093,50.291299],[19.461164,50.291273],[19.462501,50.289872],[19.46396,50.289068],[19.464521,50.288833],[19.467342,50.288008],[19.469146,50.287276],[19.469129,50.287149],[19.469286,50.287069],[19.469093,50.285794],[19.469233,50.282206],[19.469316,50.281456],[19.469679,50.280634],[19.469418,50.27966],[19.470074,50.277719],[19.469863,50.27714],[19.464492,50.269957],[19.457755,50.271932],[19.455103,50.273216],[19.454987,50.273177],[19.455103,50.273216],[19.457755,50.271932],[19.464492,50.269957],[19.462837,50.26776],[19.462663,50.267078],[19.462757,50.265393],[19.462496,50.264938],[19.462015,50.264812]]},"properties":{"line":"465","dir":"Bukowno Dworzec PKP","mode":"bus"}},{"type":"Feature","geometry":{"type":"LineString","coordinates":[[19.462015,50.264812],[19.462496,50.264938],[19.462757,50.265393],[19.462663,50.267078],[19.462837,50.26776],[19.466682,50.27282],[19.469863,50.27714],[19.470066,50.277576],[19.469879,50.278456],[19.469418,50.27966],[19.469679,50.280634],[19.469316,50.281456],[19.469233,50.282206],[19.469107,50.286242],[19.469286,50.287069],[19.469504,50.287131],[19.469524,50.287248],[19.469369,50.287335],[19.469146,50.287276],[19.467342,50.288008],[19.464521,50.288833],[19.46396,50.289068],[19.462501,50.289872],[19.461164,50.291273],[19.46093,50.291299],[19.460034,50.291922],[19.461599,50.292295],[19.463176,50.2928],[19.465638,50.296176],[19.471421,50.294552],[19.473754,50.294312],[19.475147,50.294457],[19.476085,50.2947],[19.477418,50.295157],[19.478229,50.295522],[19.480366,50.296629],[19.481066,50.296747],[19.498594,50.293582],[19.499513,50.29459],[19.501248,50.29371],[19.502862,50.293105],[19.520783,50.287477],[19.52196,50.28716],[19.522873,50.287005],[19.524573,50.286924],[19.53114,50.287304],[19.539032,50.287642],[19.540411,50.287652],[19.54189,50.287454],[19.542999,50.287162],[19.543943,50.286783],[19.547947,50.284593],[19.549852,50.283862],[19.552037,50.283522],[19.553831,50.283392],[19.556765,50.283023],[19.562374,50.281371],[19.564751,50.280875],[19.564652,50.280695],[19.563233,50.279597],[19.562346,50.278146],[19.563752,50.277552],[19.564823,50.277321],[19.567134,50.276587],[19.570352,50.276093],[19.573323,50.27508],[19.573387,50.274906],[19.573941,50.274829],[19.573986,50.274629]]},"properties":{"line":"465","dir":"Olkusz Dworzec PKS","mode":"bus"}},{"type":"Feature","geometry":{"type":"LineString","coordinates":[[19.462015,50.264812],[19.462496,50.264938],[19.462757,50.265393],[19.462663,50.267078],[19.462837,50.26776],[19.466682,50.27282],[19.470034,50.277436],[19.470062,50.277855],[19.469418,50.27966],[19.469679,50.280634],[19.469316,50.281456],[19.469233,50.282206],[19.469107,50.286242],[19.469286,50.287069],[19.469463,50.287101],[19.469536,50.287209],[19.469459,50.287307],[19.469305,50.287338],[19.469146,50.287276],[19.467342,50.288008],[19.464521,50.288833],[19.46396,50.289068],[19.462501,50.289872],[19.461164,50.291273],[19.46093,50.291299],[19.460034,50.291922],[19.461599,50.292295],[19.463176,50.2928],[19.465638,50.296176],[19.471421,50.294552],[19.47336,50.294331],[19.474005,50.294321],[19.475404,50.294501],[19.477418,50.295157],[19.480366,50.296629],[19.481066,50.296747],[19.498594,50.293582],[19.499513,50.29459],[19.501248,50.29371],[19.502862,50.293105],[19.520783,50.287477],[19.522581,50.287044],[19.524573,50.286924],[19.53114,50.287304],[19.539686,50.287656],[19.541143,50.287581],[19.542189,50.28739],[19.542999,50.287162],[19.543943,50.286783],[19.547947,50.284593],[19.549852,50.283862],[19.552037,50.283522],[19.553831,50.283392],[19.556765,50.283023],[19.562374,50.281371],[19.564751,50.280875],[19.564652,50.280695],[19.563233,50.279597],[19.562346,50.278146],[19.563752,50.277552],[19.564823,50.277321],[19.567134,50.276587],[19.570352,50.276093],[19.573323,50.27508],[19.575788,50.274849],[19.578888,50.274241],[19.582812,50.274093],[19.583516,50.274146],[19.584271,50.273497],[19.585408,50.272883],[19.586475,50.272536],[19.589451,50.271877],[19.588799,50.270872],[19.588191,50.270543],[19.587821,50.270459],[19.582295,50.270509],[19.579105,50.269672],[19.578587,50.269607],[19.577865,50.269646],[19.573769,50.270183],[19.569846,50.269777],[19.567056,50.269618],[19.56605,50.269623],[19.5659,50.269062],[19.566003,50.268489],[19.566422,50.267985],[19.567115,50.267454],[19.566822,50.26712],[19.566647,50.267176]]},"properties":{"line":"465","dir":"Olkusz E.Orzeszkowej","mode":"bus"}},{"type":"Feature","geometry":{"type":"LineString","coordinates":[[19.462015,50.264812],[19.462496,50.264938],[19.462757,50.265393],[19.462663,50.267078],[19.462837,50.26776],[19.466682,50.27282],[19.470034,50.277436],[19.470062,50.277855],[19.469418,50.27966],[19.469679,50.280634],[19.469316,50.281456],[19.469233,50.282206],[19.469107,50.286242],[19.469286,50.287069],[19.469463,50.287101],[19.469536,50.287209],[19.469459,50.287307],[19.469305,50.287338],[19.469146,50.287276],[19.467342,50.288008],[19.464521,50.288833],[19.46396,50.289068],[19.462501,50.289872],[19.461164,50.291273],[19.46093,50.291299],[19.460034,50.291922],[19.461599,50.292295],[19.463176,50.2928],[19.465638,50.296176],[19.471421,50.294552],[19.47336,50.294331],[19.474005,50.294321],[19.475404,50.294501],[19.477418,50.295157],[19.480366,50.296629],[19.481066,50.296747],[19.498594,50.293582],[19.499513,50.29459],[19.501248,50.29371],[19.502862,50.293105],[19.520783,50.287477],[19.522581,50.287044],[19.524573,50.286924],[19.53114,50.287304],[19.539686,50.287656],[19.541143,50.287581],[19.542189,50.28739],[19.542999,50.287162],[19.543943,50.286783],[19.547947,50.284593],[19.549852,50.283862],[19.552037,50.283522],[19.553831,50.283392],[19.556765,50.283023],[19.562374,50.281371],[19.564751,50.280875],[19.564652,50.280695],[19.563233,50.279597],[19.562346,50.278146],[19.563752,50.277552],[19.564823,50.277321],[19.567134,50.276587],[19.570352,50.276093],[19.573323,50.27508],[19.575788,50.274849],[19.578888,50.274241],[19.582812,50.274093],[19.583516,50.274146],[19.584271,50.273497],[19.585408,50.272883],[19.586475,50.272536],[19.589451,50.271877],[19.588799,50.270872],[19.588191,50.270543],[19.587821,50.270459],[19.582295,50.270509],[19.579105,50.269672],[19.578587,50.269607],[19.577865,50.269646],[19.573948,50.270174],[19.572997,50.27012],[19.573622,50.269031],[19.573557,50.267671],[19.575999,50.261497],[19.573209,50.260706],[19.572058,50.260528],[19.568761,50.260494],[19.563125,50.260196],[19.563139,50.260397],[19.562903,50.260415],[19.562894,50.260759]]},"properties":{"line":"465","dir":"Olkusz Os. Młodych Pętla","mode":"bus"}},{"type":"Feature","geometry":{"type":"LineString","coordinates":[[19.562894,50.260759],[19.562903,50.260415],[19.563139,50.260397],[19.563125,50.260196],[19.568761,50.260494],[19.572058,50.260528],[19.573209,50.260706],[19.575999,50.261497],[19.573557,50.267671],[19.573622,50.269031],[19.572997,50.27012],[19.573948,50.270174],[19.577772,50.269655],[19.578587,50.269607],[19.57919,50.269691],[19.582295,50.270509],[19.587821,50.270459],[19.588191,50.270543],[19.588799,50.270872],[19.589703,50.272258],[19.589474,50.272318],[19.589113,50.272211],[19.588481,50.272347],[19.589113,50.272211],[19.589594,50.272299],[19.589703,50.272258],[19.589507,50.271982],[19.586268,50.272744],[19.584846,50.273352],[19.583695,50.274172],[19.582812,50.274093],[19.578888,50.274241],[19.575788,50.274849],[19.573237,50.275095],[19.570352,50.276093],[19.567134,50.276587],[19.564823,50.277321],[19.563752,50.277552],[19.562346,50.278146],[19.563294,50.279663],[19.557945,50.280662],[19.557966,50.280422],[19.55704,50.27831],[19.559591,50.277913],[19.559405,50.276825],[19.558762,50.275746],[19.557954,50.274807],[19.55555,50.272854],[19.553882,50.272103],[19.548512,50.267875],[19.546904,50.266346],[19.545526,50.265701],[19.544529,50.26538],[19.544026,50.265099],[19.543198,50.26433],[19.542399,50.263758],[19.542218,50.263467],[19.542085,50.262745],[19.541299,50.261854],[19.540899,50.261532],[19.528896,50.254748],[19.526987,50.253735],[19.526313,50.253543],[19.497401,50.252622],[19.4945,50.252553],[19.493304,50.252671],[19.492869,50.252844],[19.4925,50.253116],[19.49155,50.254235],[19.477615,50.26336],[19.477923,50.264353],[19.478282,50.26471],[19.480577,50.265865],[19.48202,50.266013],[19.482192,50.26612],[19.482409,50.266549],[19.484088,50.266139],[19.482409,50.266549],[19.482192,50.26612],[19.48202,50.266013],[19.480678,50.26589],[19.480418,50.265806],[19.478074,50.264555],[19.477923,50.264353],[19.477615,50.26336],[19.477056,50.263639],[19.476627,50.263692],[19.472792,50.263113],[19.469857,50.262872],[19.466855,50.26284],[19.458956,50.262945],[19.456509,50.263002],[19.451883,50.263269],[19.448206,50.263883],[19.444207,50.263686],[19.443928,50.263717],[19.443571,50.26391],[19.443447,50.263893],[19.442488,50.263351],[19.442036,50.262887],[19.441774,50.262124],[19.441886,50.26116],[19.441404,50.260327],[19.440043,50.259432],[19.439069,50.258589],[19.434835,50.252464],[19.434344,50.251986],[19.433125,50.251259],[19.4325,50.250542],[19.432317,50.248495],[19.431162,50.243239],[19.43085,50.242616],[19.429384,50.241387],[19.428888,50.240667],[19.428542,50.239849],[19.428166,50.238219],[19.428061,50.236213],[19.427258,50.23629],[19.428061,50.236213],[19.428297,50.235545],[19.428256,50.235293],[19.427825,50.234649],[19.426843,50.233769],[19.426446,50.233559],[19.426843,50.233769],[19.427825,50.234649],[19.428256,50.235293],[19.428297,50.235545],[19.428061,50.236213],[19.428166,50.238219],[19.428542,50.239849],[19.428888,50.240667],[19.429384,50.241387],[19.43085,50.242616],[19.431162,50.243239],[19.432317,50.248495],[19.4325,50.250542],[19.433125,50.251259],[19.434344,50.251986],[19.434835,50.252464],[19.439069,50.258589],[19.440043,50.259432],[19.441404,50.260327],[19.441886,50.26116],[19.441774,50.262124],[19.441827,50.262461],[19.442123,50.263022],[19.442488,50.263351],[19.443571,50.26391],[19.444513,50.264666],[19.445579,50.266137],[19.44547,50.266446],[19.443906,50.267044],[19.443598,50.267287],[19.444047,50.268794],[19.44392,50.270654],[19.447759,50.269899],[19.455412,50.269668],[19.462766,50.267599],[19.462663,50.267078],[19.462757,50.265393],[19.462496,50.264938],[19.462015,50.264812]]},"properties":{"line":"466","dir":"Bukowno Dworzec PKP","mode":"bus"}},{"type":"Feature","geometry":{"type":"LineString","coordinates":[[19.475126,50.233212],[19.469934,50.234303],[19.466656,50.235363],[19.465579,50.235812],[19.465098,50.235883],[19.463345,50.237536],[19.463463,50.237975],[19.463833,50.23854],[19.464913,50.239341],[19.465132,50.239611],[19.466055,50.241715],[19.466371,50.242202],[19.468806,50.244306],[19.468909,50.244282],[19.468806,50.244306],[19.470054,50.245525],[19.471346,50.246576],[19.472487,50.250343],[19.472354,50.251032],[19.470858,50.255503],[19.470581,50.255754],[19.470209,50.255872],[19.465856,50.256347],[19.461549,50.256963],[19.457362,50.257307],[19.457045,50.257575],[19.457488,50.259989],[19.45819,50.260606],[19.459568,50.261093],[19.46054,50.261376],[19.462894,50.261722],[19.463367,50.262882],[19.469857,50.262872],[19.472792,50.263113],[19.476627,50.263692],[19.477056,50.263639],[19.477615,50.26336],[19.477923,50.264353],[19.478074,50.264555],[19.480418,50.265806],[19.480678,50.26589],[19.48202,50.266013],[19.482192,50.26612],[19.482409,50.266549],[19.484088,50.266139]]},"properties":{"line":"466","dir":"Bukowno Leśna Pętla","mode":"bus"}},{"type":"Feature","geometry":{"type":"LineString","coordinates":[[19.568704,50.269704],[19.573769,50.270183],[19.577772,50.269655],[19.578587,50.269607],[19.57919,50.269691],[19.582295,50.270509],[19.587821,50.270459],[19.588191,50.270543],[19.588799,50.270872],[19.589703,50.272258],[19.589474,50.272318],[19.589113,50.272211],[19.588481,50.272347],[19.589113,50.272211],[19.589594,50.272299],[19.589703,50.272258],[19.589507,50.271982],[19.586268,50.272744],[19.584846,50.273352],[19.583695,50.274172],[19.582812,50.274093],[19.578888,50.274241],[19.575788,50.274849],[19.573323,50.27508],[19.570352,50.276093],[19.567134,50.276587],[19.564823,50.277321],[19.563752,50.277552],[19.562346,50.278146],[19.563294,50.279663],[19.564652,50.280695],[19.565012,50.28082],[19.563296,50.28118],[19.563294,50.280875],[19.563823,50.280749],[19.564288,50.280444],[19.564652,50.280695],[19.565012,50.28082],[19.562374,50.281371],[19.557167,50.282918],[19.557122,50.283047],[19.556956,50.283086],[19.556998,50.282964],[19.555586,50.2832],[19.551004,50.283703],[19.549393,50.284039],[19.547947,50.284593],[19.543943,50.286783],[19.542999,50.287162],[19.54189,50.287454],[19.540411,50.287652],[19.537178,50.28756],[19.537202,50.287929],[19.53648,50.28777],[19.534858,50.287723],[19.53648,50.28777],[19.537202,50.287929],[19.537178,50.28756],[19.527684,50.287105],[19.524185,50.28703],[19.523046,50.287095],[19.521966,50.287274],[19.520875,50.287573],[19.503632,50.292979],[19.501369,50.293798],[19.499616,50.294697],[19.498594,50.293582],[19.481066,50.296747],[19.480366,50.296629],[19.478091,50.295457],[19.476085,50.2947],[19.475147,50.294457],[19.473754,50.294312],[19.471421,50.294552],[19.465638,50.296176],[19.463176,50.2928],[19.461599,50.292295],[19.460034,50.291922],[19.46093,50.291299],[19.461164,50.291273],[19.462501,50.289872],[19.46396,50.289068],[19.464521,50.288833],[19.467342,50.288008],[19.469146,50.287276],[19.469129,50.287149],[19.469286,50.287069],[19.469093,50.285794],[19.469233,50.282206],[19.469316,50.281456],[19.469679,50.280634],[19.469418,50.27966],[19.469906,50.278366],[19.470066,50.277576],[19.469863,50.27714],[19.462837,50.26776],[19.462663,50.267078],[19.462757,50.265393],[19.462496,50.264938],[19.462015,50.264812],[19.462496,50.264938],[19.462757,50.265393],[19.462663,50.267078],[19.462837,50.26776],[19.464492,50.269957],[19.478404,50.266004],[19.478726,50.26602],[19.480699,50.266912],[19.484088,50.266139],[19.482409,50.266549],[19.482192,50.26612],[19.48202,50.266013],[19.480678,50.26589],[19.480418,50.265806],[19.478074,50.264555],[19.477923,50.264353],[19.477615,50.26336],[19.477056,50.263639],[19.476627,50.263692],[19.472792,50.263113],[19.469857,50.262872],[19.466855,50.26284],[19.458956,50.262945],[19.456509,50.263002],[19.451883,50.263269],[19.448206,50.263883],[19.444207,50.263686],[19.443928,50.263717],[19.443571,50.26391],[19.442488,50.263351],[19.442123,50.263022],[19.441827,50.262461],[19.44177,50.261843],[19.441886,50.26116],[19.441404,50.260327],[19.440043,50.259432],[19.439069,50.258589],[19.434835,50.252464],[19.434344,50.251986],[19.433125,50.251259],[19.4325,50.250542],[19.432317,50.248495],[19.431162,50.243239],[19.43085,50.242616],[19.429384,50.241387],[19.428888,50.240667],[19.428542,50.239849],[19.428166,50.238219],[19.428061,50.236213],[19.427258,50.23629],[19.428061,50.236213],[19.428297,50.235545],[19.428256,50.235293],[19.427825,50.234649],[19.426843,50.233769],[19.426446,50.233559]]},"properties":{"line":"466","dir":"Bór Biskupi Pętla","mode":"bus"}},{"type":"Feature","geometry":{"type":"LineString","coordinates":[[19.462015,50.264812],[19.462496,50.264938],[19.462757,50.265393],[19.462663,50.267078],[19.462766,50.267599],[19.455412,50.269668],[19.447759,50.269899],[19.44392,50.270654],[19.444047,50.268794],[19.443598,50.267287],[19.443906,50.267044],[19.44547,50.266446],[19.445579,50.266137],[19.444513,50.264666],[19.443571,50.26391],[19.442488,50.263351],[19.442123,50.263022],[19.441827,50.262461],[19.441774,50.262124],[19.441886,50.26116],[19.441404,50.260327],[19.440043,50.259432],[19.439069,50.258589],[19.434835,50.252464],[19.434344,50.251986],[19.433125,50.251259],[19.4325,50.250542],[19.432317,50.248495],[19.431162,50.243239],[19.43085,50.242616],[19.429384,50.241387],[19.428888,50.240667],[19.428542,50.239849],[19.428166,50.238219],[19.428061,50.236213],[19.427258,50.23629],[19.428061,50.236213],[19.428297,50.235545],[19.428256,50.235293],[19.427825,50.234649],[19.426843,50.233769],[19.426446,50.233559],[19.426843,50.233769],[19.427825,50.234649],[19.428256,50.235293],[19.428297,50.235545],[19.428061,50.236213],[19.428166,50.238219],[19.428542,50.239849],[19.428888,50.240667],[19.429384,50.241387],[19.43085,50.242616],[19.431162,50.243239],[19.432317,50.248495],[19.4325,50.250542],[19.433125,50.251259],[19.434344,50.251986],[19.434835,50.252464],[19.439069,50.258589],[19.440043,50.259432],[19.441404,50.260327],[19.441886,50.26116],[19.441774,50.262124],[19.442036,50.262887],[19.442488,50.263351],[19.443447,50.263893],[19.443571,50.26391],[19.443928,50.263717],[19.444207,50.263686],[19.448206,50.263883],[19.451883,50.263269],[19.456509,50.263002],[19.458956,50.262945],[19.466855,50.26284],[19.469857,50.262872],[19.472792,50.263113],[19.476627,50.263692],[19.477056,50.263639],[19.477615,50.26336],[19.477923,50.264353],[19.478282,50.26471],[19.480577,50.265865],[19.48202,50.266013],[19.482192,50.26612],[19.482409,50.266549],[19.484088,50.266139],[19.482409,50.266549],[19.482192,50.26612],[19.48202,50.266013],[19.480678,50.26589],[19.480418,50.265806],[19.478074,50.264555],[19.477923,50.264353],[19.477615,50.26336],[19.49155,50.254235],[19.4925,50.253116],[19.492869,50.252844],[19.493304,50.252671],[19.4945,50.252553],[19.497401,50.252622],[19.526313,50.253543],[19.526987,50.253735],[19.528896,50.254748],[19.540899,50.261532],[19.541299,50.261854],[19.542085,50.262745],[19.542218,50.263467],[19.542399,50.263758],[19.543198,50.26433],[19.544026,50.265099],[19.544529,50.26538],[19.545526,50.265701],[19.546904,50.266346],[19.548512,50.267875],[19.553882,50.272103],[19.554399,50.27236],[19.555128,50.272295],[19.555438,50.272785],[19.557954,50.274807],[19.558762,50.275746],[19.559469,50.27697],[19.559591,50.277913],[19.561917,50.277524],[19.562346,50.278146],[19.563752,50.277552],[19.564823,50.277321],[19.567134,50.276587],[19.570352,50.276093],[19.573323,50.27508],[19.573387,50.274906],[19.573941,50.274829],[19.573986,50.274629]]},"properties":{"line":"466","dir":"Olkusz Dworzec PKS","mode":"bus"}},{"type":"Feature","geometry":{"type":"LineString","coordinates":[[19.427258,50.23629],[19.428061,50.236213],[19.428297,50.235545],[19.428256,50.235293],[19.427825,50.234649],[19.426843,50.233769],[19.426446,50.233559],[19.426843,50.233769],[19.427825,50.234649],[19.428256,50.235293],[19.428297,50.235545],[19.428061,50.236213],[19.428166,50.238219],[19.428542,50.239849],[19.428888,50.240667],[19.429384,50.241387],[19.43085,50.242616],[19.431162,50.243239],[19.432317,50.248495],[19.4325,50.250542],[19.433125,50.251259],[19.434344,50.251986],[19.434835,50.252464],[19.439069,50.258589],[19.440043,50.259432],[19.441404,50.260327],[19.441886,50.26116],[19.441774,50.262124],[19.442036,50.262887],[19.442488,50.263351],[19.443447,50.263893],[19.443571,50.26391],[19.443928,50.263717],[19.444207,50.263686],[19.448206,50.263883],[19.451883,50.263269],[19.456509,50.263002],[19.466855,50.26284],[19.469857,50.262872],[19.472792,50.263113],[19.476463,50.263686],[19.477056,50.263639],[19.477615,50.26336],[19.477923,50.264353],[19.478074,50.264555],[19.480418,50.265806],[19.480678,50.26589],[19.48202,50.266013],[19.482192,50.26612],[19.482409,50.266549],[19.484088,50.266139],[19.480699,50.266912],[19.478726,50.26602],[19.478404,50.266004],[19.464492,50.269957],[19.462837,50.26776],[19.462663,50.267078],[19.462757,50.265393],[19.462496,50.264938],[19.462015,50.264812],[19.462496,50.264938],[19.462757,50.265393],[19.462663,50.267078],[19.462837,50.26776],[19.466682,50.27282],[19.470034,50.277436],[19.470062,50.277855],[19.469418,50.27966],[19.469679,50.280634],[19.469316,50.281456],[19.469233,50.282206],[19.469107,50.286242],[19.469286,50.287069],[19.469463,50.287101],[19.469536,50.287209],[19.469459,50.287307],[19.469305,50.287338],[19.469146,50.287276],[19.467342,50.288008],[19.464521,50.288833],[19.46396,50.289068],[19.462501,50.289872],[19.461164,50.291273],[19.46093,50.291299],[19.460034,50.291922],[19.461599,50.292295],[19.463176,50.2928],[19.465638,50.296176],[19.471421,50.294552],[19.47336,50.294331],[19.474005,50.294321],[19.475404,50.294501],[19.477418,50.295157],[19.480366,50.296629],[19.480763,50.296733],[19.477927,50.29991],[19.478096,50.300066],[19.478238,50.300532],[19.479647,50.305615],[19.484089,50.304432],[19.485559,50.303903],[19.486662,50.303401],[19.488618,50.302204],[19.499513,50.29459],[19.501248,50.29371],[19.502862,50.293105],[19.520783,50.287477],[19.522581,50.287044],[19.524573,50.286924],[19.53114,50.287304],[19.539032,50.287642],[19.540411,50.287652],[19.541143,50.287581],[19.542189,50.28739],[19.543412,50.287011],[19.547947,50.284593],[19.549852,50.283862],[19.552037,50.283522],[19.553831,50.283392],[19.556765,50.283023],[19.562374,50.281371],[19.563296,50.28118],[19.563294,50.280875],[19.563823,50.280749],[19.564288,50.280444],[19.563233,50.279597],[19.561867,50.277421],[19.56085,50.271332],[19.561287,50.271244],[19.56605,50.269623],[19.568704,50.269704]]},"properties":{"line":"466","dir":"Olkusz Szpital","mode":"bus"}},{"type":"Feature","geometry":{"type":"LineString","coordinates":[[19.427258,50.23629],[19.428061,50.236213],[19.428297,50.235545],[19.428256,50.235293],[19.427825,50.234649],[19.426843,50.233769],[19.426446,50.233559],[19.426843,50.233769],[19.427825,50.234649],[19.428256,50.235293],[19.428297,50.235545],[19.428061,50.236213],[19.428166,50.238219],[19.428542,50.239849],[19.428888,50.240667],[19.429384,50.241387],[19.43085,50.242616],[19.431162,50.243239],[19.432317,50.248495],[19.43241,50.250219],[19.432713,50.25084],[19.433125,50.251259],[19.434344,50.251986],[19.434835,50.252464],[19.439069,50.258589],[19.440043,50.259432],[19.441404,50.260327],[19.441886,50.26116],[19.44177,50.261843],[19.441827,50.262461],[19.44234,50.263238],[19.443571,50.26391],[19.443928,50.263717],[19.444207,50.263686],[19.448206,50.263883],[19.451149,50.263357],[19.452643,50.263203],[19.457227,50.26298],[19.463367,50.262882],[19.462894,50.261722],[19.460177,50.261285],[19.458312,50.260669],[19.457665,50.260187],[19.457488,50.259989],[19.456953,50.257364],[19.461549,50.256963],[19.465856,50.256347],[19.46978,50.255928],[19.470483,50.255805],[19.470791,50.255597],[19.472354,50.251032],[19.472487,50.250343],[19.471346,50.246576],[19.470054,50.245525],[19.468346,50.243883],[19.466371,50.242202],[19.466055,50.241715],[19.465132,50.239611],[19.464913,50.239341],[19.463833,50.23854],[19.463463,50.237975],[19.463345,50.237536],[19.465098,50.235883],[19.465579,50.235812],[19.466656,50.235363],[19.469934,50.234303],[19.475126,50.233212],[19.469934,50.234303],[19.466656,50.235363],[19.465579,50.235812],[19.465098,50.235883],[19.463345,50.237536],[19.463463,50.237975],[19.463833,50.23854],[19.464913,50.239341],[19.465132,50.239611],[19.466055,50.241715],[19.466371,50.242202],[19.468806,50.244306],[19.468909,50.244282],[19.468806,50.244306],[19.470054,50.245525],[19.471346,50.246576],[19.472487,50.250343],[19.472354,50.251032],[19.470791,50.255597],[19.470483,50.255805],[19.46978,50.255928],[19.465856,50.256347],[19.461549,50.256963],[19.457362,50.257307],[19.457045,50.257575],[19.457488,50.259989],[19.457665,50.260187],[19.458312,50.260669],[19.460177,50.261285],[19.462894,50.261722],[19.463367,50.262882],[19.469857,50.262872],[19.472792,50.263113],[19.476627,50.263692],[19.477056,50.263639],[19.477615,50.26336],[19.477923,50.264353],[19.478074,50.264555],[19.480418,50.265806],[19.480678,50.26589],[19.48202,50.266013],[19.482192,50.26612],[19.482409,50.266549],[19.484088,50.266139],[19.480699,50.266912],[19.478726,50.26602],[19.478404,50.266004],[19.464492,50.269957],[19.462837,50.26776],[19.462663,50.267078],[19.462757,50.265393],[19.462496,50.264938],[19.462015,50.264812],[19.462496,50.264938],[19.462757,50.265393],[19.462663,50.267078],[19.462837,50.26776],[19.466682,50.27282],[19.470034,50.277436],[19.470062,50.277855],[19.469418,50.27966],[19.469679,50.280634],[19.469316,50.281456],[19.469233,50.282206],[19.469107,50.286242],[19.469286,50.287069],[19.469463,50.287101],[19.469536,50.287209],[19.469459,50.287307],[19.469305,50.287338],[19.469146,50.287276],[19.467342,50.288008],[19.464521,50.288833],[19.46396,50.289068],[19.462501,50.289872],[19.461164,50.291273],[19.46093,50.291299],[19.460034,50.291922],[19.461599,50.292295],[19.463176,50.2928],[19.465638,50.296176],[19.471421,50.294552],[19.47336,50.294331],[19.474005,50.294321],[19.475404,50.294501],[19.477418,50.295157],[19.480366,50.296629],[19.480763,50.296733],[19.478436,50.299377],[19.470517,50.307783],[19.472002,50.307558],[19.47311,50.307308],[19.479647,50.305615],[19.479399,50.304721]]},"properties":{"line":"467","dir":"Bolesław Wyzwolenia I","mode":"bus"}},{"type":"Feature","geometry":{"type":"LineString","coordinates":[[19.406194,50.29193],[19.404813,50.289734],[19.403594,50.287567],[19.403603,50.287368],[19.402925,50.287438],[19.402854,50.287289],[19.402944,50.287214],[19.403293,50.28715],[19.403457,50.287354],[19.403603,50.287368],[19.414448,50.285582],[19.422099,50.284446],[19.443282,50.277197],[19.443479,50.277502],[19.44365,50.277449],[19.443479,50.277502],[19.450686,50.289214],[19.450982,50.289387],[19.460034,50.291922],[19.46093,50.291299],[19.461164,50.291273],[19.462501,50.289872],[19.46396,50.289068],[19.464521,50.288833],[19.467342,50.288008],[19.469146,50.287276],[19.469129,50.287149],[19.469286,50.287069],[19.469093,50.285794],[19.469233,50.282206],[19.469316,50.281456],[19.469679,50.280634],[19.469418,50.27966],[19.470074,50.277719],[19.469863,50.27714],[19.462837,50.26776],[19.462663,50.267078],[19.462757,50.265393],[19.462496,50.264938],[19.462015,50.264812]]},"properties":{"line":"467","dir":"Bukowno Dworzec PKP","mode":"bus"}},{"type":"Feature","geometry":{"type":"LineString","coordinates":[[19.406194,50.29193],[19.404813,50.289734],[19.403594,50.287567],[19.403603,50.287368],[19.402925,50.287438],[19.402854,50.287289],[19.402944,50.287214],[19.403293,50.28715],[19.403457,50.287354],[19.403603,50.287368],[19.414448,50.285582],[19.422099,50.284446],[19.443282,50.277197],[19.443479,50.277502],[19.44365,50.277449],[19.443479,50.277502],[19.450686,50.289214],[19.450982,50.289387],[19.460034,50.291922],[19.46093,50.291299],[19.461164,50.291273],[19.462501,50.289872],[19.46396,50.289068],[19.464521,50.288833],[19.467342,50.288008],[19.469146,50.287276],[19.469129,50.287149],[19.469286,50.287069],[19.469093,50.285794],[19.469233,50.282206],[19.469316,50.281456],[19.469679,50.280634],[19.469418,50.27966],[19.470074,50.277719],[19.469863,50.27714],[19.462837,50.26776],[19.462663,50.267078],[19.462757,50.265393],[19.462496,50.264938],[19.462015,50.264812],[19.462496,50.264938],[19.462757,50.265393],[19.462663,50.267078],[19.462837,50.26776],[19.464492,50.269957],[19.478404,50.266004],[19.478726,50.26602],[19.480699,50.266912],[19.484088,50.266139],[19.482409,50.266549],[19.482192,50.26612],[19.48202,50.266013],[19.480678,50.26589],[19.480418,50.265806],[19.478074,50.264555],[19.477923,50.264353],[19.477615,50.26336],[19.477056,50.263639],[19.476627,50.263692],[19.472792,50.263113],[19.469857,50.262872],[19.463367,50.262882],[19.462894,50.261722],[19.46054,50.261376],[19.459568,50.261093],[19.45819,50.260606],[19.457488,50.259989],[19.456953,50.257364],[19.461549,50.256963],[19.465856,50.256347],[19.470209,50.255872],[19.470581,50.255754],[19.470858,50.255503],[19.472354,50.251032],[19.472487,50.250343],[19.471346,50.246576],[19.470054,50.245525],[19.468346,50.243883],[19.466371,50.242202],[19.466055,50.241715],[19.465132,50.239611],[19.464913,50.239341],[19.463833,50.23854],[19.463463,50.237975],[19.463345,50.237536],[19.465098,50.235883],[19.465579,50.235812],[19.466656,50.235363],[19.469934,50.234303],[19.475126,50.233212],[19.469934,50.234303],[19.466656,50.235363],[19.465579,50.235812],[19.465098,50.235883],[19.463345,50.237536],[19.463463,50.237975],[19.463833,50.23854],[19.464913,50.239341],[19.465132,50.239611],[19.466055,50.241715],[19.466371,50.242202],[19.468806,50.244306],[19.468909,50.244282],[19.468806,50.244306],[19.470054,50.245525],[19.471346,50.246576],[19.472487,50.250343],[19.472354,50.251032],[19.470972,50.255195],[19.470725,50.25566],[19.470209,50.255872],[19.465856,50.256347],[19.461549,50.256963],[19.457362,50.257307],[19.455748,50.257555],[19.453852,50.257735],[19.451505,50.258228],[19.44723,50.258579],[19.444638,50.258706],[19.44123,50.259088],[19.440534,50.259215],[19.440102,50.259471],[19.438892,50.258384],[19.434835,50.252464],[19.434344,50.251986],[19.433125,50.251259],[19.4325,50.250542],[19.432317,50.248495],[19.431162,50.243239],[19.43085,50.242616],[19.430608,50.24235],[19.429218,50.241186],[19.428653,50.240163],[19.428166,50.238219],[19.428061,50.236213],[19.427258,50.23629]]},"properties":{"line":"467","dir":"Bór Biskupi Wiejska","mode":"bus"}},{"type":"Feature","geometry":{"type":"LineString","coordinates":[[19.475126,50.233212],[19.469934,50.234303],[19.466656,50.235363],[19.465579,50.235812],[19.465098,50.235883],[19.463345,50.237536],[19.463463,50.237975],[19.463833,50.23854],[19.464913,50.239341],[19.465132,50.239611],[19.466055,50.241715],[19.466371,50.242202],[19.468806,50.244306],[19.468909,50.244282],[19.468806,50.244306],[19.470054,50.245525],[19.471346,50.246576],[19.472487,50.250343],[19.472354,50.251032],[19.470791,50.255597],[19.470483,50.255805],[19.46978,50.255928],[19.465856,50.256347],[19.461549,50.256963],[19.457362,50.257307],[19.457045,50.257575],[19.457488,50.259989],[19.457665,50.260187],[19.458312,50.260669],[19.460177,50.261285],[19.462894,50.261722],[19.463367,50.262882],[19.469857,50.262872],[19.472792,50.263113],[19.476627,50.263692],[19.477056,50.263639],[19.477615,50.26336],[19.477923,50.264353],[19.478074,50.264555],[19.480418,50.265806],[19.480678,50.26589],[19.48202,50.266013],[19.482192,50.26612],[19.482409,50.266549],[19.484088,50.266139],[19.480699,50.266912],[19.478726,50.26602],[19.478404,50.266004],[19.464492,50.269957],[19.462837,50.26776],[19.462663,50.267078],[19.462757,50.265393],[19.462496,50.264938],[19.462015,50.264812],[19.462496,50.264938],[19.462757,50.265393],[19.462663,50.267078],[19.462837,50.26776],[19.466682,50.27282],[19.470034,50.277436],[19.470062,50.277855],[19.469418,50.27966],[19.469679,50.280634],[19.469316,50.281456],[19.469233,50.282206],[19.469107,50.286242],[19.469286,50.287069],[19.469504,50.287131],[19.469494,50.287284],[19.469305,50.287338],[19.469146,50.287276],[19.467342,50.288008],[19.464521,50.288833],[19.46396,50.289068],[19.462501,50.289872],[19.461164,50.291273],[19.46093,50.291299],[19.460034,50.291922],[19.450982,50.289387],[19.450686,50.289214],[19.450469,50.288915],[19.443282,50.277197],[19.422099,50.284446],[19.414448,50.285582],[19.403603,50.287368],[19.402925,50.287438],[19.402854,50.287289],[19.402944,50.287214],[19.403293,50.28715],[19.403457,50.287354],[19.403603,50.287368],[19.403594,50.287567],[19.404813,50.289734],[19.406137,50.291844]]},"properties":{"line":"467","dir":"Międzygórze","mode":"bus"}},{"type":"Feature","geometry":{"type":"LineString","coordinates":[[19.406194,50.29193],[19.404813,50.289734],[19.403594,50.287567],[19.403603,50.287368],[19.402925,50.287438],[19.402854,50.287289],[19.402944,50.287214],[19.403293,50.28715],[19.403457,50.287354],[19.403603,50.287368],[19.414448,50.285582],[19.422099,50.284446],[19.443282,50.277197],[19.443479,50.277502],[19.44365,50.277449],[19.443479,50.277502],[19.450469,50.288915],[19.450686,50.289214],[19.450982,50.289387],[19.460034,50.291922],[19.46093,50.291299],[19.461164,50.291273],[19.462501,50.289872],[19.46396,50.289068],[19.464521,50.288833],[19.467342,50.288008],[19.469146,50.287276],[19.469129,50.287149],[19.469286,50.287069],[19.469093,50.285794],[19.469233,50.282206],[19.469316,50.281456],[19.469679,50.280634],[19.469418,50.27966],[19.470062,50.277855],[19.470034,50.277436],[19.462837,50.26776],[19.462663,50.267078],[19.462757,50.265393],[19.462496,50.264938],[19.462015,50.264812],[19.462496,50.264938],[19.462757,50.265393],[19.462663,50.267078],[19.462837,50.26776],[19.464492,50.269957],[19.478404,50.266004],[19.478726,50.26602],[19.480699,50.266912],[19.484088,50.266139],[19.482409,50.266549],[19.482192,50.26612],[19.48202,50.266013],[19.480678,50.26589],[19.480418,50.265806],[19.478074,50.264555],[19.477923,50.264353],[19.477615,50.26336],[19.477056,50.263639],[19.476627,50.263692],[19.472792,50.263113],[19.469857,50.262872],[19.463367,50.262882],[19.462894,50.261722],[19.460177,50.261285],[19.458312,50.260669],[19.457665,50.260187],[19.457488,50.259989],[19.456953,50.257364],[19.461549,50.256963],[19.465856,50.256347],[19.46978,50.255928],[19.470483,50.255805],[19.470791,50.255597],[19.472354,50.251032],[19.472487,50.250343],[19.471346,50.246576],[19.470054,50.245525],[19.468346,50.243883],[19.466371,50.242202],[19.466055,50.241715],[19.465132,50.239611],[19.464913,50.239341],[19.463833,50.23854],[19.463463,50.237975],[19.463345,50.237536],[19.465098,50.235883],[19.465579,50.235812],[19.466656,50.235363],[19.469934,50.234303],[19.475126,50.233212]]},"properties":{"line":"467","dir":"Podlesie Ogrodowa Pętla","mode":"bus"}},{"type":"Feature","geometry":{"type":"LineString","coordinates":[[19.427258,50.23629],[19.428061,50.236213],[19.428297,50.235545],[19.428256,50.235293],[19.427825,50.234649],[19.426843,50.233769],[19.426446,50.233559],[19.426843,50.233769],[19.427825,50.234649],[19.428256,50.235293],[19.428297,50.235545],[19.428061,50.236213],[19.428166,50.238219],[19.428542,50.239849],[19.428888,50.240667],[19.429384,50.241387],[19.43085,50.242616],[19.431162,50.243239],[19.432317,50.248495],[19.4325,50.250542],[19.433125,50.251259],[19.434344,50.251986],[19.434835,50.252464],[19.439069,50.258589],[19.440043,50.259432],[19.441404,50.260327],[19.441886,50.26116],[19.441774,50.262124],[19.442036,50.262887],[19.442488,50.263351],[19.443447,50.263893],[19.443571,50.26391],[19.443928,50.263717],[19.444207,50.263686],[19.448206,50.263883],[19.451883,50.263269],[19.456509,50.263002],[19.466855,50.26284],[19.469857,50.262872],[19.472792,50.263113],[19.476463,50.263686],[19.477056,50.263639],[19.477615,50.26336],[19.477923,50.264353],[19.478074,50.264555],[19.480418,50.265806],[19.480678,50.26589],[19.48202,50.266013],[19.482192,50.26612],[19.482409,50.266549],[19.484088,50.266139]]},"properties":{"line":"467A","dir":"Bukowno Leśna Pętla","mode":"bus"}},{"type":"Feature","geometry":{"type":"LineString","coordinates":[[19.475126,50.233212],[19.469934,50.234303],[19.466656,50.235363],[19.465579,50.235812],[19.465098,50.235883],[19.463345,50.237536],[19.463463,50.237975],[19.463833,50.23854],[19.464913,50.239341],[19.465132,50.239611],[19.466055,50.241715],[19.466371,50.242202],[19.468806,50.244306],[19.468909,50.244282],[19.468806,50.244306],[19.470054,50.245525],[19.471346,50.246576],[19.472487,50.250343],[19.472354,50.251032],[19.470858,50.255503],[19.470581,50.255754],[19.470209,50.255872],[19.465856,50.256347],[19.461549,50.256963],[19.457362,50.257307],[19.457045,50.257575],[19.457488,50.259989],[19.45819,50.260606],[19.459568,50.261093],[19.46054,50.261376],[19.462894,50.261722],[19.463367,50.262882],[19.469857,50.262872],[19.472792,50.263113],[19.476627,50.263692],[19.477056,50.263639],[19.477615,50.26336],[19.477923,50.264353],[19.478282,50.26471],[19.480577,50.265865],[19.48202,50.266013],[19.482192,50.26612],[19.482409,50.266549],[19.484088,50.266139],[19.482409,50.266549],[19.482192,50.26612],[19.48202,50.266013],[19.480678,50.26589],[19.480418,50.265806],[19.478074,50.264555],[19.477923,50.264353],[19.477615,50.26336],[19.477056,50.263639],[19.476627,50.263692],[19.472792,50.263113],[19.469857,50.262872],[19.466855,50.26284],[19.458956,50.262945],[19.456509,50.263002],[19.451883,50.263269],[19.448206,50.263883],[19.444207,50.263686],[19.443928,50.263717],[19.443571,50.26391],[19.442488,50.263351],[19.442123,50.263022],[19.441827,50.262461],[19.44177,50.261843],[19.441886,50.26116],[19.441404,50.260327],[19.440043,50.259432],[19.439069,50.258589],[19.434835,50.252464],[19.434344,50.251986],[19.433125,50.251259],[19.4325,50.250542],[19.432317,50.248495],[19.431162,50.243239],[19.43085,50.242616],[19.429384,50.241387],[19.428888,50.240667],[19.428542,50.239849],[19.428166,50.238219],[19.428061,50.236213],[19.427258,50.23629],[19.428061,50.236213],[19.428297,50.235545],[19.428256,50.235293],[19.427825,50.234649],[19.426843,50.233769],[19.426446,50.233559]]},"properties":{"line":"467A","dir":"Bór Biskupi Pętla","mode":"bus"}},{"type":"Feature","geometry":{"type":"LineString","coordinates":[[19.475126,50.233212],[19.469934,50.234303],[19.466656,50.235363],[19.465579,50.235812],[19.465098,50.235883],[19.463345,50.237536],[19.463463,50.237975],[19.463833,50.23854],[19.464913,50.239341],[19.465132,50.239611],[19.466055,50.241715],[19.466371,50.242202],[19.468806,50.244306],[19.468909,50.244282],[19.468806,50.244306],[19.470054,50.245525],[19.471346,50.246576],[19.472487,50.250343],[19.472354,50.251032],[19.470858,50.255503],[19.470581,50.255754],[19.470209,50.255872],[19.465856,50.256347],[19.461549,50.256963],[19.457362,50.257307],[19.457045,50.257575],[19.457488,50.259989],[19.45819,50.260606],[19.459568,50.261093],[19.46054,50.261376],[19.462894,50.261722],[19.463367,50.262882],[19.469857,50.262872],[19.472792,50.263113],[19.476627,50.263692],[19.477056,50.263639],[19.477615,50.26336],[19.477923,50.264353],[19.478282,50.26471],[19.480577,50.265865],[19.48202,50.266013],[19.482192,50.26612],[19.482409,50.266549],[19.484088,50.266139],[19.482409,50.266549],[19.482192,50.26612],[19.48202,50.266013],[19.480678,50.26589],[19.480418,50.265806],[19.478074,50.264555],[19.477923,50.264353],[19.477615,50.26336],[19.477056,50.263639],[19.476627,50.263692],[19.472792,50.263113],[19.469857,50.262872],[19.466855,50.26284],[19.458956,50.262945],[19.456509,50.263002],[19.451883,50.263269],[19.448206,50.263883],[19.444207,50.263686],[19.443928,50.263717],[19.443571,50.26391],[19.443447,50.263893],[19.442488,50.263351],[19.442036,50.262887],[19.441774,50.262124],[19.441886,50.26116],[19.441404,50.260327],[19.440043,50.259432],[19.439069,50.258589],[19.434835,50.252464],[19.434344,50.251986],[19.433125,50.251259],[19.4325,50.250542],[19.432317,50.248495],[19.431162,50.243239],[19.43085,50.242616],[19.430608,50.24235],[19.429218,50.241186],[19.428653,50.240163],[19.428166,50.238219],[19.428061,50.236213],[19.427258,50.23629]]},"properties":{"line":"467A","dir":"Bór Biskupi Wiejska","mode":"bus"}},{"type":"Feature","geometry":{"type":"LineString","coordinates":[[19.427258,50.23629],[19.428061,50.236213],[19.428297,50.235545],[19.428256,50.235293],[19.427825,50.234649],[19.426843,50.233769],[19.426446,50.233559],[19.426843,50.233769],[19.427825,50.234649],[19.428256,50.235293],[19.428297,50.235545],[19.428061,50.236213],[19.428166,50.238219],[19.428542,50.239849],[19.428888,50.240667],[19.429384,50.241387],[19.43085,50.242616],[19.431162,50.243239],[19.432317,50.248495],[19.4325,50.250542],[19.433125,50.251259],[19.434344,50.251986],[19.434835,50.252464],[19.439069,50.258589],[19.440043,50.259432],[19.441404,50.260327],[19.441886,50.26116],[19.441774,50.262124],[19.442036,50.262887],[19.442488,50.263351],[19.443447,50.263893],[19.443571,50.26391],[19.443928,50.263717],[19.444207,50.263686],[19.448206,50.263883],[19.451883,50.263269],[19.456509,50.263002],[19.458956,50.262945],[19.466855,50.26284],[19.469857,50.262872],[19.472792,50.263113],[19.476627,50.263692],[19.477056,50.263639],[19.477615,50.26336],[19.477923,50.264353],[19.478282,50.26471],[19.480577,50.265865],[19.48202,50.266013],[19.482192,50.26612],[19.482409,50.266549],[19.484088,50.266139],[19.482409,50.266549],[19.482192,50.26612],[19.48202,50.266013],[19.480678,50.26589],[19.480418,50.265806],[19.478074,50.264555],[19.477923,50.264353],[19.477615,50.26336],[19.477056,50.263639],[19.476627,50.263692],[19.472792,50.263113],[19.469857,50.262872],[19.463367,50.262882],[19.462894,50.261722],[19.46054,50.261376],[19.459568,50.261093],[19.45819,50.260606],[19.457488,50.259989],[19.456953,50.257364],[19.461549,50.256963],[19.465856,50.256347],[19.470209,50.255872],[19.470581,50.255754],[19.470858,50.255503],[19.472354,50.251032],[19.472487,50.250343],[19.471346,50.246576],[19.470054,50.245525],[19.468346,50.243883],[19.466371,50.242202],[19.466055,50.241715],[19.465132,50.239611],[19.464913,50.239341],[19.463833,50.23854],[19.463463,50.237975],[19.463345,50.237536],[19.465098,50.235883],[19.465579,50.235812],[19.466656,50.235363],[19.469934,50.234303],[19.475126,50.233212]]},"properties":{"line":"467A","dir":"Podlesie Ogrodowa Pętla","mode":"bus"}},{"type":"Feature","geometry":{"type":"LineString","coordinates":[[19.562894,50.260759],[19.562903,50.260415],[19.563139,50.260397],[19.563125,50.260196],[19.568761,50.260494],[19.572058,50.260528],[19.573209,50.260706],[19.575999,50.261497],[19.573557,50.267671],[19.573622,50.269031],[19.572997,50.27012],[19.573948,50.270174],[19.577772,50.269655],[19.578587,50.269607],[19.57919,50.269691],[19.582295,50.270509],[19.587821,50.270459],[19.588191,50.270543],[19.588799,50.270872],[19.589703,50.272258],[19.589474,50.272318],[19.589113,50.272211],[19.588481,50.272347],[19.589113,50.272211],[19.589594,50.272299],[19.589703,50.272258],[19.589507,50.271982],[19.586268,50.272744],[19.584846,50.273352],[19.583695,50.274172],[19.582812,50.274093],[19.578888,50.274241],[19.575788,50.274849],[19.573323,50.27508],[19.570352,50.276093],[19.567134,50.276587],[19.565657,50.277083],[19.563515,50.277635],[19.562346,50.278146],[19.563294,50.279663],[19.564652,50.280695],[19.565012,50.28082],[19.563296,50.28118],[19.563294,50.280875],[19.563823,50.280749],[19.564288,50.280444],[19.564652,50.280695],[19.565012,50.28082],[19.562374,50.281371],[19.557167,50.282918],[19.557122,50.283047],[19.556956,50.283086],[19.556998,50.282964],[19.555586,50.2832],[19.550432,50.283791],[19.549393,50.284039],[19.548424,50.284391],[19.548239,50.284479],[19.548655,50.28472],[19.548885,50.284958],[19.548856,50.285063],[19.546624,50.286385],[19.546462,50.286635],[19.546341,50.287446],[19.546135,50.28777],[19.542668,50.291009],[19.54257,50.291269],[19.542661,50.291471],[19.548055,50.298679],[19.547332,50.306624],[19.547339,50.306944],[19.547473,50.307198],[19.548867,50.308538],[19.555591,50.314202],[19.560128,50.315828],[19.560703,50.316075],[19.562121,50.316889],[19.561167,50.319548],[19.560698,50.321923],[19.560779,50.322455],[19.561321,50.323657],[19.561543,50.325681],[19.561408,50.326673],[19.560955,50.327577],[19.56128,50.327665],[19.561348,50.3278],[19.560794,50.32913],[19.560805,50.329431],[19.560794,50.32913],[19.561348,50.3278],[19.56128,50.327665],[19.560955,50.327577],[19.560204,50.328408],[19.559144,50.329156],[19.558195,50.329601],[19.554709,50.330981],[19.55463,50.331084],[19.5559,50.332956],[19.556163,50.333207],[19.561093,50.335122],[19.561944,50.335471],[19.562304,50.335707],[19.562595,50.335748],[19.56331,50.335581],[19.564925,50.33561],[19.56787,50.336012],[19.570638,50.336681],[19.57215,50.336794],[19.573777,50.336586],[19.575667,50.336678],[19.576712,50.336618],[19.577771,50.336453],[19.581154,50.335651],[19.582505,50.335423],[19.595723,50.335114],[19.601608,50.336122],[19.61248,50.338346],[19.61296,50.338528],[19.618917,50.341662],[19.618419,50.342923],[19.624015,50.348849],[19.641878,50.35951],[19.642352,50.359828],[19.642567,50.360118],[19.642512,50.360712],[19.640688,50.365182],[19.640633,50.366146],[19.645741,50.377967],[19.647076,50.380519],[19.647049,50.380706],[19.646453,50.380698],[19.644997,50.381002],[19.642673,50.382526],[19.642697,50.383001],[19.642238,50.383683],[19.641747,50.385493],[19.641803,50.385804],[19.641968,50.385974],[19.644667,50.386646],[19.645138,50.386888],[19.645395,50.387358],[19.645645,50.389815],[19.645479,50.391181],[19.645337,50.391451],[19.644498,50.392301],[19.644118,50.393812],[19.641498,50.393353],[19.640585,50.393352],[19.637906,50.393577],[19.636035,50.394025],[19.633682,50.394442],[19.631337,50.393747],[19.630666,50.392615],[19.629803,50.392038],[19.629705,50.391796],[19.630357,50.390815],[19.630934,50.390545],[19.631492,50.390406],[19.635365,50.38968],[19.639329,50.389426],[19.640474,50.38956],[19.640866,50.389541],[19.641072,50.389413],[19.64106,50.388663],[19.641631,50.387985],[19.641884,50.387452],[19.641968,50.385974],[19.641803,50.385804],[19.641747,50.385493],[19.642238,50.383683],[19.642697,50.383001],[19.642673,50.382526],[19.644997,50.381002],[19.646453,50.380698],[19.647049,50.380706],[19.647076,50.380519],[19.645741,50.377967],[19.644104,50.378169],[19.643307,50.378149],[19.642517,50.377983],[19.640786,50.377154],[19.637905,50.375947],[19.63757,50.375419],[19.63722,50.374528],[19.636747,50.37414],[19.635411,50.373328],[19.632966,50.37238],[19.631802,50.371841],[19.630845,50.371726],[19.630467,50.371356],[19.62929,50.37155],[19.627604,50.371473],[19.625926,50.371229],[19.625365,50.371227],[19.621722,50.372045]]},"properties":{"line":"470","dir":"Cieślin Dom Ludowy","mode":"bus"}},{"type":"Feature","geometry":{"type":"LineString","coordinates":[[19.562894,50.260759],[19.562903,50.260415],[19.563139,50.260397],[19.563125,50.260196],[19.568761,50.260494],[19.572058,50.260528],[19.573209,50.260706],[19.575999,50.261497],[19.573557,50.267671],[19.573622,50.269031],[19.572997,50.27012],[19.573948,50.270174],[19.577772,50.269655],[19.578587,50.269607],[19.57919,50.269691],[19.582295,50.270509],[19.587821,50.270459],[19.588191,50.270543],[19.588799,50.270872],[19.589703,50.272258],[19.589474,50.272318],[19.589113,50.272211],[19.588481,50.272347],[19.589113,50.272211],[19.589594,50.272299],[19.589703,50.272258],[19.589507,50.271982],[19.586268,50.272744],[19.584846,50.273352],[19.583695,50.274172],[19.582812,50.274093],[19.578888,50.274241],[19.575788,50.274849],[19.573323,50.27508],[19.570352,50.276093],[19.567134,50.276587],[19.565657,50.277083],[19.563515,50.277635],[19.562346,50.278146],[19.563294,50.279663],[19.564652,50.280695],[19.565012,50.28082],[19.563296,50.28118],[19.563294,50.280875],[19.563823,50.280749],[19.564288,50.280444],[19.564652,50.280695],[19.565012,50.28082],[19.562374,50.281371],[19.557167,50.282918],[19.557122,50.283047],[19.556956,50.283086],[19.556998,50.282964],[19.555586,50.2832],[19.550432,50.283791],[19.549393,50.284039],[19.548424,50.284391],[19.548239,50.284479],[19.548655,50.28472],[19.548885,50.284958],[19.548856,50.285063],[19.546624,50.286385],[19.546462,50.286635],[19.546341,50.287446],[19.546135,50.28777],[19.542668,50.291009],[19.54257,50.291269],[19.542661,50.291471],[19.548055,50.298679],[19.547332,50.306624],[19.547339,50.306944],[19.547473,50.307198],[19.548867,50.308538],[19.555591,50.314202],[19.560128,50.315828],[19.560703,50.316075],[19.562121,50.316889],[19.561167,50.319548],[19.560698,50.321923],[19.560779,50.322455],[19.561321,50.323657],[19.561543,50.325681],[19.561408,50.326673],[19.560955,50.327577],[19.56128,50.327665],[19.561348,50.3278],[19.560794,50.32913],[19.560805,50.329431],[19.560794,50.32913],[19.561348,50.3278],[19.56128,50.327665],[19.560955,50.327577],[19.560204,50.328408],[19.559144,50.329156],[19.554648,50.331018],[19.5559,50.332956],[19.556313,50.333281],[19.561093,50.335122],[19.561944,50.335471],[19.562304,50.335707],[19.562595,50.335748],[19.56331,50.335581],[19.564925,50.33561],[19.567299,50.335908],[19.570351,50.336626],[19.571421,50.336768],[19.572448,50.336779],[19.574113,50.336574],[19.575667,50.336678],[19.576712,50.336618],[19.577771,50.336453],[19.581154,50.335651],[19.582661,50.335412],[19.595478,50.335095],[19.601608,50.336122],[19.6123,50.338302],[19.61296,50.338528],[19.618917,50.341662],[19.618419,50.342923],[19.624015,50.348849],[19.641878,50.35951],[19.642503,50.359987],[19.642599,50.360212],[19.642512,50.360712],[19.640688,50.365182],[19.640633,50.366146],[19.645741,50.377967],[19.647076,50.380519],[19.647049,50.380706],[19.646453,50.380698],[19.644997,50.381002],[19.642673,50.382526],[19.642697,50.383001],[19.642238,50.383683],[19.641747,50.385493],[19.641803,50.385804],[19.641968,50.385974],[19.644667,50.386646],[19.645138,50.386888],[19.645395,50.387358],[19.645645,50.389815],[19.645479,50.391181],[19.645337,50.391451],[19.644498,50.392301],[19.644118,50.393812],[19.641498,50.393353],[19.640585,50.393352],[19.637906,50.393577],[19.636035,50.394025],[19.633682,50.394442],[19.631337,50.393747],[19.630666,50.392615],[19.629803,50.392038],[19.629701,50.391882],[19.630357,50.390815],[19.630934,50.390545],[19.631492,50.390406],[19.635365,50.38968],[19.639329,50.389426],[19.640474,50.38956],[19.640866,50.389541],[19.641072,50.389413],[19.64106,50.388663],[19.641631,50.387985],[19.641853,50.387573],[19.641968,50.385974],[19.641803,50.385804],[19.641747,50.385493],[19.642238,50.383683],[19.642697,50.383001],[19.642673,50.382526],[19.644997,50.381002],[19.646453,50.380698],[19.647049,50.380706],[19.647076,50.380519],[19.645741,50.377967],[19.644104,50.378169],[19.643307,50.378149],[19.642785,50.37806],[19.63814,50.376077],[19.637748,50.375776],[19.637315,50.374672],[19.637062,50.374378],[19.634981,50.373118],[19.632966,50.37238],[19.631802,50.371841],[19.630934,50.371761],[19.630467,50.371356],[19.62929,50.37155],[19.627604,50.371473],[19.625926,50.371229],[19.625365,50.371227],[19.621334,50.372128],[19.619992,50.372225],[19.616167,50.372244],[19.613959,50.372897],[19.610462,50.373352],[19.60885,50.373639],[19.603777,50.37528],[19.595267,50.376686],[19.593598,50.377036],[19.588164,50.379238],[19.585472,50.380492],[19.58767,50.382993],[19.589284,50.3859],[19.591685,50.388483],[19.593341,50.389879],[19.598868,50.396166],[19.59982,50.397038],[19.59922,50.397933],[19.597219,50.401836],[19.595406,50.403344],[19.595026,50.403553],[19.594095,50.403796],[19.593026,50.403898],[19.590955,50.403922],[19.589008,50.404199],[19.588379,50.404361],[19.584833,50.405629],[19.583133,50.405824],[19.58025,50.406441],[19.579686,50.406374]]},"properties":{"line":"470","dir":"Hucisko Pętla","mode":"bus"}},{"type":"Feature","geometry":{"type":"LineString","coordinates":[[19.621671,50.372056],[19.625365,50.371227],[19.625926,50.371229],[19.627604,50.371473],[19.62929,50.37155],[19.630467,50.371356],[19.630845,50.371726],[19.631802,50.371841],[19.632966,50.37238],[19.635411,50.373328],[19.636747,50.37414],[19.63722,50.374528],[19.63757,50.375419],[19.637905,50.375947],[19.640786,50.377154],[19.642517,50.377983],[19.643307,50.378149],[19.644104,50.378169],[19.645251,50.37803],[19.645228,50.377937],[19.645251,50.37803],[19.645741,50.377967],[19.647076,50.380519],[19.647049,50.380706],[19.646453,50.380698],[19.644997,50.381002],[19.642673,50.382526],[19.642697,50.383001],[19.642238,50.383683],[19.641747,50.385493],[19.641803,50.385804],[19.641968,50.385974],[19.644667,50.386646],[19.645138,50.386888],[19.645395,50.387358],[19.645645,50.389815],[19.645479,50.391181],[19.645337,50.391451],[19.644498,50.392301],[19.644118,50.393812],[19.641498,50.393353],[19.640585,50.393352],[19.637906,50.393577],[19.636035,50.394025],[19.633682,50.394442],[19.631337,50.393747],[19.630666,50.392615],[19.629803,50.392038],[19.629701,50.391882],[19.630357,50.390815],[19.630934,50.390545],[19.631492,50.390406],[19.635365,50.38968],[19.639329,50.389426],[19.640474,50.38956],[19.640866,50.389541],[19.641072,50.389413],[19.64106,50.388663],[19.641631,50.387985],[19.641884,50.387452],[19.641968,50.385974],[19.641803,50.385804],[19.641747,50.385493],[19.642238,50.383683],[19.642697,50.383001],[19.642673,50.382526],[19.644997,50.381002],[19.646453,50.380698],[19.647049,50.380706],[19.647076,50.380519],[19.645741,50.377967],[19.640633,50.366146],[19.640688,50.365182],[19.642512,50.360712],[19.642567,50.360118],[19.642352,50.359828],[19.641878,50.35951],[19.624015,50.348849],[19.618419,50.342923],[19.618917,50.341662],[19.61296,50.338528],[19.61248,50.338346],[19.601608,50.336122],[19.595723,50.335114],[19.582505,50.335423],[19.581154,50.335651],[19.57757,50.336492],[19.576712,50.336618],[19.575667,50.336678],[19.573777,50.336586],[19.57215,50.336794],[19.570638,50.336681],[19.56787,50.336012],[19.564925,50.33561],[19.563092,50.335603],[19.562595,50.335748],[19.562586,50.33588],[19.562397,50.335935],[19.562226,50.335833],[19.562304,50.335707],[19.561944,50.335471],[19.556163,50.333207],[19.5559,50.332956],[19.55463,50.331084],[19.554709,50.330981],[19.558195,50.329601],[19.559144,50.329156],[19.560204,50.328408],[19.560955,50.327577],[19.56128,50.327665],[19.561348,50.3278],[19.560869,50.328918],[19.560789,50.329374],[19.560869,50.328918],[19.561348,50.3278],[19.56128,50.327665],[19.560955,50.327577],[19.561408,50.326673],[19.561543,50.325681],[19.561321,50.323657],[19.560779,50.322455],[19.560698,50.321923],[19.561167,50.319548],[19.562121,50.316889],[19.560703,50.316075],[19.560128,50.315828],[19.555591,50.314202],[19.548867,50.308538],[19.547473,50.307198],[19.547339,50.306944],[19.547332,50.306624],[19.548055,50.298679],[19.542661,50.291471],[19.54257,50.291269],[19.542668,50.291009],[19.546135,50.28777],[19.546341,50.287446],[19.546462,50.286635],[19.546624,50.286385],[19.548856,50.285063],[19.548239,50.284479],[19.548424,50.284391],[19.549852,50.283862],[19.550764,50.283686],[19.553166,50.283396],[19.553831,50.283392],[19.555586,50.2832],[19.556765,50.283023],[19.562374,50.281371],[19.564751,50.280875],[19.564652,50.280695],[19.563233,50.279597],[19.562346,50.278146],[19.563515,50.277635],[19.565657,50.277083],[19.567134,50.276587],[19.570352,50.276093],[19.573237,50.275095],[19.575788,50.274849],[19.578888,50.274241],[19.582812,50.274093],[19.583516,50.274146],[19.584271,50.273497],[19.585408,50.272883],[19.586475,50.272536],[19.589451,50.271877],[19.588799,50.270872],[19.588191,50.270543],[19.587821,50.270459],[19.582295,50.270509],[19.579105,50.269672],[19.578587,50.269607],[19.577865,50.269646],[19.573948,50.270174],[19.572997,50.27012],[19.573622,50.269031],[19.573557,50.267671],[19.575999,50.261497],[19.573209,50.260706],[19.572058,50.260528],[19.568761,50.260494],[19.563125,50.260196],[19.563139,50.260397],[19.562903,50.260415],[19.562894,50.260759]]},"properties":{"line":"470","dir":"Olkusz Os. Młodych Pętla","mode":"bus"}},{"type":"Feature","geometry":{"type":"LineString","coordinates":[[19.621671,50.372056],[19.625365,50.371227],[19.625926,50.371229],[19.627604,50.371473],[19.62929,50.37155],[19.630467,50.371356],[19.630845,50.371726],[19.631802,50.371841],[19.632966,50.37238],[19.635411,50.373328],[19.636747,50.37414],[19.63722,50.374528],[19.63757,50.375419],[19.637905,50.375947],[19.640786,50.377154],[19.642517,50.377983],[19.643307,50.378149],[19.644104,50.378169],[19.645251,50.37803],[19.645228,50.377937],[19.645251,50.37803],[19.645741,50.377967],[19.647076,50.380519],[19.647049,50.380706],[19.646453,50.380698],[19.644997,50.381002],[19.642673,50.382526],[19.642697,50.383001],[19.642238,50.383683],[19.641747,50.385493],[19.641803,50.385804],[19.641968,50.385974],[19.644667,50.386646],[19.645138,50.386888],[19.645395,50.387358],[19.645645,50.389815],[19.645479,50.391181],[19.645337,50.391451],[19.644498,50.392301],[19.644118,50.393812],[19.641498,50.393353],[19.640585,50.393352],[19.637906,50.393577],[19.636035,50.394025],[19.633682,50.394442],[19.631337,50.393747],[19.630666,50.392615],[19.629803,50.392038],[19.629701,50.391882],[19.630357,50.390815],[19.630934,50.390545],[19.631492,50.390406],[19.635365,50.38968],[19.639329,50.389426],[19.640474,50.38956],[19.640866,50.389541],[19.641072,50.389413],[19.64106,50.388663],[19.641631,50.387985],[19.641884,50.387452],[19.641968,50.385974],[19.641803,50.385804],[19.641747,50.385493],[19.642238,50.383683],[19.642697,50.383001],[19.642673,50.382526],[19.644997,50.381002],[19.646453,50.380698],[19.647049,50.380706],[19.647076,50.380519],[19.645741,50.377967],[19.640633,50.366146],[19.640688,50.365182],[19.642512,50.360712],[19.642567,50.360118],[19.642352,50.359828],[19.641878,50.35951],[19.624015,50.348849],[19.618419,50.342923],[19.618917,50.341662],[19.61296,50.338528],[19.61248,50.338346],[19.601608,50.336122],[19.595723,50.335114],[19.582661,50.335412],[19.581154,50.335651],[19.578332,50.33633],[19.576712,50.336618],[19.575667,50.336678],[19.574113,50.336574],[19.572448,50.336779],[19.57171,50.336785],[19.570351,50.336626],[19.567299,50.335908],[19.564925,50.33561],[19.563092,50.335603],[19.562595,50.335748],[19.56255,50.335906],[19.562344,50.335926],[19.562226,50.335833],[19.562304,50.335707],[19.561944,50.335471],[19.556313,50.333281],[19.5559,50.332956],[19.554648,50.331018],[19.559144,50.329156],[19.560204,50.328408],[19.560955,50.327577],[19.56128,50.327665],[19.561348,50.3278],[19.560869,50.328918],[19.560789,50.329374],[19.560869,50.328918],[19.561348,50.3278],[19.56128,50.327665],[19.560955,50.327577],[19.561408,50.326673],[19.561543,50.325681],[19.561321,50.323657],[19.560779,50.322455],[19.560698,50.321923],[19.561167,50.319548],[19.562121,50.316889],[19.560703,50.316075],[19.560128,50.315828],[19.555591,50.314202],[19.548867,50.308538],[19.547473,50.307198],[19.547339,50.306944],[19.547332,50.306624],[19.548055,50.298679],[19.54257,50.291269],[19.542668,50.291009],[19.546135,50.28777],[19.546341,50.287446],[19.546462,50.286635],[19.546624,50.286385],[19.548856,50.285063],[19.548239,50.284479],[19.549852,50.283862],[19.550764,50.283686],[19.553166,50.283396],[19.553831,50.283392],[19.555586,50.2832],[19.556765,50.283023],[19.562374,50.281371],[19.563296,50.28118],[19.563294,50.280875],[19.563541,50.280809]]},"properties":{"line":"470","dir":"Olkusz Supersam ZKGKM","mode":"bus"}},{"type":"Feature","geometry":{"type":"LineString","coordinates":[[19.526609,50.400751],[19.526887,50.400204],[19.528239,50.398839],[19.529045,50.397696],[19.528998,50.39591],[19.529225,50.394585],[19.529811,50.39403],[19.531128,50.393517],[19.533795,50.393499],[19.540313,50.393813],[19.543488,50.394043],[19.544169,50.394017],[19.556831,50.390835],[19.560896,50.389926],[19.560579,50.389173],[19.560509,50.387628],[19.560851,50.386333],[19.560858,50.385529],[19.559134,50.381078],[19.554562,50.381081],[19.553573,50.380839],[19.553128,50.380575],[19.552217,50.37929],[19.550801,50.378787],[19.549151,50.377792],[19.546973,50.376268],[19.5466,50.376089],[19.546206,50.376023],[19.541828,50.375904],[19.532649,50.372619],[19.530141,50.371807],[19.529222,50.371637],[19.520667,50.370589],[19.519551,50.370189],[19.518136,50.369489],[19.511541,50.367263],[19.508566,50.367245],[19.506791,50.366706],[19.49782,50.365412],[19.4944,50.364849],[19.493738,50.364651],[19.493258,50.364396],[19.491682,50.363269],[19.487233,50.36139],[19.486629,50.360915],[19.485002,50.359331],[19.484542,50.359058],[19.482968,50.358536],[19.48098,50.357665],[19.479505,50.356857],[19.478687,50.356026],[19.476486,50.352188],[19.478687,50.356026],[19.479505,50.356857],[19.48098,50.357665],[19.482968,50.358536],[19.484542,50.359058],[19.485002,50.359331],[19.486629,50.360915],[19.487233,50.36139],[19.491682,50.363269],[19.493258,50.364396],[19.493738,50.364651],[19.4944,50.364849],[19.49782,50.365412],[19.506791,50.366706],[19.508566,50.367245],[19.511541,50.367263],[19.51588,50.368725],[19.521492,50.367051],[19.523435,50.366705],[19.52426,50.366652],[19.526521,50.366712],[19.532228,50.365621],[19.537576,50.366106],[19.544819,50.364904],[19.553735,50.361656],[19.555387,50.361351],[19.558826,50.360493],[19.561281,50.35645],[19.562251,50.355054],[19.562339,50.354768],[19.562544,50.352664],[19.562499,50.343837],[19.562065,50.337989],[19.562097,50.33645],[19.562344,50.335926],[19.562226,50.335833],[19.562304,50.335707],[19.561944,50.335471],[19.556163,50.333207],[19.5559,50.332956],[19.554629,50.331048],[19.559144,50.329156],[19.560204,50.328408],[19.560955,50.327577],[19.56128,50.327665],[19.561348,50.3278],[19.560869,50.328918],[19.560789,50.329374],[19.560869,50.328918],[19.561348,50.3278],[19.56128,50.327665],[19.560955,50.327577],[19.561408,50.326673],[19.561543,50.325681],[19.561321,50.323657],[19.560779,50.322455],[19.560698,50.321923],[19.561167,50.319548],[19.563484,50.313177],[19.563355,50.309489],[19.564541,50.306275],[19.56462,50.305467],[19.564373,50.304775],[19.563103,50.303128],[19.562767,50.302486],[19.56273,50.301945],[19.563005,50.300734],[19.5628,50.300056],[19.562392,50.29936],[19.560766,50.297369],[19.559328,50.294783],[19.559283,50.293175],[19.558786,50.290627],[19.557947,50.288367],[19.556644,50.285925],[19.556998,50.282964],[19.555586,50.2832],[19.551004,50.283703],[19.549393,50.284039],[19.549852,50.283862],[19.550764,50.283686],[19.553166,50.283396],[19.553831,50.283392],[19.555586,50.2832],[19.556765,50.283023],[19.562374,50.281371],[19.563296,50.28118],[19.563294,50.280875],[19.563541,50.280809]]},"properties":{"line":"471","dir":"Olkusz Supersam ZKGKM","mode":"bus"}},{"type":"Feature","geometry":{"type":"LineString","coordinates":[[19.563541,50.280809],[19.563823,50.280749],[19.564288,50.280444],[19.564652,50.280695],[19.565012,50.28082],[19.562374,50.281371],[19.557167,50.282918],[19.557122,50.283047],[19.556956,50.283086],[19.556998,50.282964],[19.555586,50.2832],[19.550432,50.283791],[19.549393,50.284039],[19.548239,50.284479],[19.548655,50.28472],[19.548885,50.284958],[19.548856,50.285063],[19.546624,50.286385],[19.546462,50.286635],[19.546341,50.287446],[19.546135,50.28777],[19.542668,50.291009],[19.54257,50.291269],[19.548055,50.298679],[19.547332,50.306624],[19.547339,50.306944],[19.547473,50.307198],[19.548867,50.308538],[19.555591,50.314202],[19.560128,50.315828],[19.560703,50.316075],[19.562121,50.316889],[19.561167,50.319548],[19.560698,50.321923],[19.560779,50.322455],[19.561321,50.323657],[19.561543,50.325681],[19.561408,50.326673],[19.560955,50.327577],[19.56128,50.327665],[19.561348,50.3278],[19.560794,50.32913],[19.560805,50.329431],[19.560794,50.32913],[19.561348,50.3278],[19.56128,50.327665],[19.560955,50.327577],[19.560204,50.328408],[19.559144,50.329156],[19.554629,50.331048],[19.5559,50.332956],[19.556163,50.333207],[19.562614,50.33578],[19.56255,50.335906],[19.562344,50.335926],[19.562089,50.336603],[19.562066,50.338545],[19.56242,50.342001],[19.562537,50.346297],[19.562544,50.352664],[19.562251,50.355054],[19.561281,50.35645],[19.558826,50.360493],[19.555387,50.361351],[19.553735,50.361656],[19.544938,50.364879],[19.537576,50.366106],[19.532228,50.365621],[19.526521,50.366712],[19.52426,50.366652],[19.523435,50.366705],[19.521492,50.367051],[19.51588,50.368725],[19.512097,50.367424],[19.518136,50.369489],[19.519551,50.370189],[19.520667,50.370589],[19.529222,50.371637],[19.530141,50.371807],[19.532649,50.372619],[19.541828,50.375904],[19.546206,50.376023],[19.5466,50.376089],[19.546973,50.376268],[19.549151,50.377792],[19.550801,50.378787],[19.552217,50.37929],[19.553226,50.380668],[19.554116,50.381012],[19.554562,50.381081],[19.559134,50.381078],[19.560858,50.385529],[19.560851,50.386333],[19.560509,50.387628],[19.560579,50.389173],[19.560896,50.389926],[19.558381,50.390456],[19.544169,50.394017],[19.543488,50.394043],[19.540313,50.393813],[19.533795,50.393499],[19.531128,50.393517],[19.529811,50.39403],[19.529225,50.394585],[19.528998,50.39591],[19.529045,50.397696],[19.528239,50.398839],[19.526887,50.400204],[19.526609,50.400751]]},"properties":{"line":"471","dir":"Rodaki Pętla","mode":"bus"}},{"type":"Feature","geometry":{"type":"LineString","coordinates":[[19.566647,50.267176],[19.566563,50.267273],[19.567007,50.267538],[19.566218,50.268175],[19.566003,50.268489],[19.5659,50.269062],[19.56605,50.269623],[19.567056,50.269618],[19.569846,50.269777],[19.573769,50.270183],[19.577772,50.269655],[19.578587,50.269607],[19.57919,50.269691],[19.582295,50.270509],[19.587821,50.270459],[19.588191,50.270543],[19.588799,50.270872],[19.589703,50.272258],[19.589474,50.272318],[19.589113,50.272211],[19.588481,50.272347],[19.589113,50.272211],[19.589594,50.272299],[19.589703,50.272258],[19.589507,50.271982],[19.586268,50.272744],[19.584846,50.273352],[19.583695,50.274172],[19.582812,50.274093],[19.578888,50.274241],[19.575788,50.274849],[19.573323,50.27508],[19.570352,50.276093],[19.567134,50.276587],[19.564823,50.277321],[19.563752,50.277552],[19.562346,50.278146],[19.563294,50.279663],[19.564652,50.280695],[19.565012,50.28082],[19.563296,50.28118],[19.563294,50.280875],[19.563823,50.280749],[19.564288,50.280444],[19.564652,50.280695],[19.565012,50.28082],[19.562374,50.281371],[19.557167,50.282918],[19.557122,50.283047],[19.556956,50.283086],[19.556998,50.282964],[19.555586,50.2832],[19.551884,50.283607],[19.555586,50.2832],[19.557167,50.282918],[19.556783,50.28421],[19.556644,50.285925],[19.557947,50.288367],[19.558786,50.290627],[19.558945,50.291684],[19.559082,50.291657],[19.558945,50.291684],[19.559283,50.293175],[19.559328,50.294783],[19.560766,50.297369],[19.562392,50.29936],[19.5628,50.300056],[19.563005,50.300734],[19.56273,50.301945],[19.562767,50.302486],[19.563103,50.303128],[19.564373,50.304775],[19.56462,50.305467],[19.564541,50.306275],[19.563355,50.309489],[19.563484,50.313177],[19.561167,50.319548],[19.560698,50.321923],[19.560779,50.322455],[19.561321,50.323657],[19.561543,50.325681],[19.561408,50.326673],[19.560955,50.327577],[19.56128,50.327665],[19.561348,50.3278],[19.560794,50.32913],[19.560805,50.329431],[19.560794,50.32913],[19.561348,50.3278],[19.56128,50.327665],[19.560955,50.327577],[19.560204,50.328408],[19.559144,50.329156],[19.554629,50.331048],[19.5559,50.332956],[19.556163,50.333207],[19.561093,50.335122],[19.561944,50.335471],[19.562304,50.335707],[19.562553,50.335714],[19.56262,50.335815],[19.562504,50.335925],[19.562344,50.335926],[19.562111,50.336368],[19.562065,50.337989],[19.56242,50.342001],[19.562516,50.344804],[19.562544,50.352664],[19.562339,50.354768],[19.562251,50.355054],[19.561281,50.35645],[19.558826,50.360493],[19.555387,50.361351],[19.553735,50.361656],[19.544819,50.364904],[19.537576,50.366106],[19.532228,50.365621],[19.526521,50.366712],[19.52426,50.366652],[19.523435,50.366705],[19.521492,50.367051],[19.51588,50.368725],[19.511541,50.367263],[19.508566,50.367245],[19.506791,50.366706],[19.496081,50.365138],[19.4944,50.364849],[19.493441,50.364511]]},"properties":{"line":"472","dir":"Chechło Pętla","mode":"bus"}},{"type":"Feature","geometry":{"type":"LineString","coordinates":[[19.493441,50.364511],[19.4944,50.364849],[19.496081,50.365138],[19.506791,50.366706],[19.508566,50.367245],[19.511541,50.367263],[19.51588,50.368725],[19.521492,50.367051],[19.523435,50.366705],[19.52426,50.366652],[19.526521,50.366712],[19.532228,50.365621],[19.537576,50.366106],[19.544819,50.364904],[19.553735,50.361656],[19.555387,50.361351],[19.558826,50.360493],[19.561281,50.35645],[19.562251,50.355054],[19.562339,50.354768],[19.562544,50.352664],[19.562499,50.343837],[19.562065,50.337989],[19.562097,50.33645],[19.562344,50.335926],[19.562226,50.335833],[19.562304,50.335707],[19.561944,50.335471],[19.556163,50.333207],[19.5559,50.332956],[19.554629,50.331048],[19.559144,50.329156],[19.560204,50.328408],[19.560955,50.327577],[19.56128,50.327665],[19.561348,50.3278],[19.560869,50.328918],[19.560789,50.329374],[19.560869,50.328918],[19.561348,50.3278],[19.56128,50.327665],[19.560955,50.327577],[19.561408,50.326673],[19.561543,50.325681],[19.561321,50.323657],[19.560779,50.322455],[19.560698,50.321923],[19.561167,50.319548],[19.563484,50.313177],[19.563355,50.309489],[19.564541,50.306275],[19.56462,50.305467],[19.564373,50.304775],[19.563103,50.303128],[19.562767,50.302486],[19.56273,50.301945],[19.563005,50.300734],[19.5628,50.300056],[19.562392,50.29936],[19.560766,50.297369],[19.559328,50.294783],[19.559283,50.293175],[19.558786,50.290627],[19.557947,50.288367],[19.556644,50.285925],[19.556998,50.282964],[19.555586,50.2832],[19.551004,50.283703],[19.549393,50.284039],[19.549852,50.283862],[19.550764,50.283686],[19.553166,50.283396],[19.553831,50.283392],[19.555586,50.2832],[19.556765,50.283023],[19.562374,50.281371],[19.564751,50.280875],[19.564652,50.280695],[19.563233,50.279597],[19.562346,50.278146],[19.563752,50.277552],[19.564823,50.277321],[19.567134,50.276587],[19.570352,50.276093],[19.573323,50.27508],[19.573387,50.274906],[19.573941,50.274829],[19.573986,50.274629]]},"properties":{"line":"472","dir":"Olkusz Dworzec PKS","mode":"bus"}},{"type":"Feature","geometry":{"type":"LineString","coordinates":[[19.493441,50.364511],[19.4944,50.364849],[19.496081,50.365138],[19.506791,50.366706],[19.508566,50.367245],[19.511541,50.367263],[19.51588,50.368725],[19.521492,50.367051],[19.523435,50.366705],[19.52426,50.366652],[19.526521,50.366712],[19.532228,50.365621],[19.537576,50.366106],[19.544819,50.364904],[19.553735,50.361656],[19.555387,50.361351],[19.558826,50.360493],[19.561281,50.35645],[19.562251,50.355054],[19.562339,50.354768],[19.562544,50.352664],[19.562499,50.343837],[19.562065,50.337989],[19.562097,50.33645],[19.562344,50.335926],[19.562226,50.335833],[19.562304,50.335707],[19.561944,50.335471],[19.556163,50.333207],[19.5559,50.332956],[19.554629,50.331048],[19.559144,50.329156],[19.560204,50.328408],[19.560955,50.327577],[19.56128,50.327665],[19.561348,50.3278],[19.560869,50.328918],[19.560789,50.329374],[19.560869,50.328918],[19.561348,50.3278],[19.56128,50.327665],[19.560955,50.327577],[19.561408,50.326673],[19.561543,50.325681],[19.561321,50.323657],[19.560779,50.322455],[19.560698,50.321923],[19.561167,50.319548],[19.563484,50.313177],[19.563355,50.309489],[19.564541,50.306275],[19.56462,50.305467],[19.564373,50.304775],[19.563103,50.303128],[19.562767,50.302486],[19.56273,50.301945],[19.563005,50.300734],[19.5628,50.300056],[19.562392,50.29936],[19.560766,50.297369],[19.559328,50.294783],[19.559283,50.293175],[19.558786,50.290627],[19.557947,50.288367],[19.556644,50.285925],[19.556998,50.282964],[19.555586,50.2832],[19.551004,50.283703],[19.549393,50.284039],[19.549852,50.283862],[19.550764,50.283686],[19.553166,50.283396],[19.553831,50.283392],[19.555586,50.2832],[19.556765,50.283023],[19.562374,50.281371],[19.564751,50.280875],[19.564652,50.280695],[19.563233,50.279597],[19.562346,50.278146],[19.563752,50.277552],[19.564823,50.277321],[19.567134,50.276587],[19.570352,50.276093],[19.573323,50.27508],[19.575788,50.274849],[19.578888,50.274241],[19.582812,50.274093],[19.583516,50.274146],[19.584271,50.273497],[19.585408,50.272883],[19.586475,50.272536],[19.589451,50.271877],[19.588799,50.270872],[19.588191,50.270543],[19.587821,50.270459],[19.582295,50.270509],[19.579105,50.269672],[19.578587,50.269607],[19.577865,50.269646],[19.573769,50.270183],[19.569846,50.269777],[19.567056,50.269618],[19.56605,50.269623],[19.5659,50.269062],[19.566003,50.268489],[19.566422,50.267985],[19.567115,50.267454],[19.566822,50.26712],[19.566647,50.267176]]},"properties":{"line":"472","dir":"Olkusz E. Orzeszkowej","mode":"bus"}},{"type":"Feature","geometry":{"type":"LineString","coordinates":[[19.563541,50.280809],[19.563823,50.280749],[19.564288,50.280444],[19.564652,50.280695],[19.565012,50.28082],[19.562374,50.281371],[19.557167,50.282918],[19.557122,50.283047],[19.556956,50.283086],[19.556998,50.282964],[19.555586,50.2832],[19.550432,50.283791],[19.549393,50.284039],[19.548239,50.284479],[19.548655,50.28472],[19.548885,50.284958],[19.548856,50.285063],[19.546624,50.286385],[19.546462,50.286635],[19.546341,50.287446],[19.546135,50.28777],[19.542668,50.291009],[19.54257,50.291269],[19.548055,50.298679],[19.547332,50.306624],[19.547339,50.306944],[19.547473,50.307198],[19.548867,50.308538],[19.555591,50.314202],[19.560128,50.315828],[19.560703,50.316075],[19.562121,50.316889],[19.561167,50.319548],[19.560698,50.321923],[19.560779,50.322455],[19.561272,50.323463],[19.561466,50.324765],[19.561543,50.325999],[19.56121,50.327141],[19.560364,50.328268],[19.559144,50.329156],[19.558195,50.329601],[19.554709,50.330981],[19.55463,50.331084],[19.5559,50.332956],[19.556163,50.333207],[19.561093,50.335122],[19.561944,50.335471],[19.562304,50.335707],[19.562595,50.335748],[19.56331,50.335581],[19.564925,50.33561],[19.56787,50.336012],[19.570638,50.336681],[19.57215,50.336794],[19.573777,50.336586],[19.575667,50.336678],[19.576712,50.336618],[19.577771,50.336453],[19.581154,50.335651],[19.582505,50.335423],[19.595723,50.335114],[19.601608,50.336122],[19.61248,50.338346],[19.61296,50.338528],[19.618917,50.341662],[19.618419,50.342923],[19.617259,50.344356],[19.614555,50.345681],[19.619523,50.350283],[19.619325,50.352913],[19.618947,50.353108],[19.612364,50.347022],[19.607505,50.350371],[19.606582,50.3516],[19.604762,50.353579],[19.604624,50.353832],[19.603297,50.359862],[19.602809,50.361146],[19.6026,50.361117]]},"properties":{"line":"473","dir":"Golczowice Pętla","mode":"bus"}},{"type":"Feature","geometry":{"type":"LineString","coordinates":[[19.6026,50.361117],[19.602809,50.361146],[19.603297,50.359862],[19.604624,50.353832],[19.604762,50.353579],[19.606582,50.3516],[19.607186,50.350705],[19.607505,50.350371],[19.612364,50.347022],[19.612909,50.346476],[19.617259,50.344356],[19.618419,50.342923],[19.618917,50.341662],[19.61296,50.338528],[19.61248,50.338346],[19.601608,50.336122],[19.595478,50.335095],[19.582505,50.335423],[19.581154,50.335651],[19.57757,50.336492],[19.576712,50.336618],[19.575667,50.336678],[19.573777,50.336586],[19.57215,50.336794],[19.570638,50.336681],[19.56787,50.336012],[19.566797,50.335836],[19.564482,50.335575],[19.562964,50.335627],[19.562595,50.335748],[19.56255,50.335906],[19.562344,50.335926],[19.562089,50.336603],[19.562066,50.338545],[19.56242,50.342001],[19.562499,50.343837],[19.56256,50.350479],[19.562499,50.343837],[19.562418,50.341957],[19.562066,50.338545],[19.562097,50.33645],[19.562344,50.335926],[19.562226,50.335833],[19.562304,50.335707],[19.561944,50.335471],[19.561093,50.335122],[19.556163,50.333207],[19.5559,50.332956],[19.554629,50.331048],[19.559144,50.329156],[19.560204,50.328408],[19.560955,50.327577],[19.56128,50.327665],[19.561348,50.3278],[19.560869,50.328918],[19.560789,50.329374],[19.560869,50.328918],[19.561348,50.3278],[19.56128,50.327665],[19.560955,50.327577],[19.561408,50.326673],[19.561543,50.325681],[19.561321,50.323657],[19.560779,50.322455],[19.560698,50.321923],[19.561167,50.319548],[19.562121,50.316889],[19.560703,50.316075],[19.560128,50.315828],[19.555591,50.314202],[19.548867,50.308538],[19.547473,50.307198],[19.547339,50.306944],[19.547332,50.306624],[19.548055,50.298679],[19.54257,50.291269],[19.542668,50.291009],[19.546135,50.28777],[19.546341,50.287446],[19.546462,50.286635],[19.546624,50.286385],[19.548856,50.285063],[19.548239,50.284479],[19.549852,50.283862],[19.550764,50.283686],[19.553166,50.283396],[19.553831,50.283392],[19.555586,50.2832],[19.556765,50.283023],[19.562374,50.281371],[19.563296,50.28118],[19.563294,50.280875],[19.563541,50.280809]]},"properties":{"line":"473","dir":"Olkusz Supersam ZKGKM","mode":"bus"}},{"type":"Feature","geometry":{"type":"LineString","coordinates":[[19.562894,50.260759],[19.562903,50.260415],[19.563139,50.260397],[19.563125,50.260196],[19.568761,50.260494],[19.572058,50.260528],[19.573209,50.260706],[19.575999,50.261497],[19.573557,50.267671],[19.573622,50.269031],[19.572997,50.27012],[19.573948,50.270174],[19.577772,50.269655],[19.578587,50.269607],[19.57919,50.269691],[19.582295,50.270509],[19.587821,50.270459],[19.588191,50.270543],[19.588799,50.270872],[19.589703,50.272258],[19.589474,50.272318],[19.589113,50.272211],[19.588481,50.272347],[19.589113,50.272211],[19.589594,50.272299],[19.589703,50.272258],[19.589507,50.271982],[19.586268,50.272744],[19.584846,50.273352],[19.583695,50.274172],[19.582812,50.274093],[19.578888,50.274241],[19.575788,50.274849],[19.573323,50.27508],[19.570352,50.276093],[19.567134,50.276587],[19.564823,50.277321],[19.563752,50.277552],[19.562346,50.278146],[19.563294,50.279663],[19.564652,50.280695],[19.565012,50.28082],[19.563296,50.28118],[19.563294,50.280875],[19.563823,50.280749],[19.564288,50.280444],[19.564652,50.280695],[19.565012,50.28082],[19.562374,50.281371],[19.557167,50.282918],[19.557122,50.283047],[19.556956,50.283086],[19.556998,50.282964],[19.555586,50.2832],[19.550432,50.283791],[19.549393,50.284039],[19.548239,50.284479],[19.548655,50.28472],[19.548885,50.284958],[19.548856,50.285063],[19.546624,50.286385],[19.546462,50.286635],[19.546341,50.287446],[19.546135,50.28777],[19.542668,50.291009],[19.54257,50.291269],[19.548055,50.298679],[19.547367,50.307037],[19.548867,50.308538],[19.555591,50.314202],[19.560703,50.316075],[19.56433,50.318045],[19.565111,50.318311],[19.584891,50.323047],[19.584921,50.323149],[19.584106,50.32455],[19.584123,50.325347],[19.585318,50.326449],[19.587894,50.328353],[19.589155,50.329886],[19.589404,50.330488],[19.589661,50.332625],[19.590333,50.333536],[19.590921,50.335208],[19.595723,50.335114],[19.601608,50.336122],[19.6123,50.338302],[19.61296,50.338528],[19.618917,50.341662],[19.618419,50.342923],[19.617259,50.344356],[19.613068,50.346376],[19.612364,50.347022],[19.607505,50.350371],[19.606582,50.3516],[19.604762,50.353579],[19.604624,50.353832],[19.603297,50.359862],[19.602809,50.361146],[19.6026,50.361117]]},"properties":{"line":"474","dir":"Golczowice Pętla","mode":"bus"}},{"type":"Feature","geometry":{"type":"LineString","coordinates":[[19.563541,50.280809],[19.563823,50.280749],[19.564288,50.280444],[19.564652,50.280695],[19.565012,50.28082],[19.562374,50.281371],[19.557167,50.282918],[19.557122,50.283047],[19.556956,50.283086],[19.556998,50.282964],[19.555586,50.2832],[19.551884,50.283607],[19.555586,50.2832],[19.557167,50.282918],[19.556783,50.28421],[19.556644,50.285925],[19.557947,50.288367],[19.558786,50.290627],[19.558945,50.291684],[19.559082,50.291657],[19.558945,50.291684],[19.559283,50.293175],[19.559328,50.294783],[19.560766,50.297369],[19.562392,50.29936],[19.5628,50.300056],[19.563005,50.300734],[19.56273,50.301945],[19.562767,50.302486],[19.563103,50.303128],[19.564181,50.30448],[19.564531,50.305132],[19.564623,50.305746],[19.564541,50.306275],[19.563337,50.309623],[19.563484,50.313177],[19.562121,50.316889],[19.564104,50.317942],[19.565111,50.318311],[19.584891,50.323047],[19.584921,50.323149],[19.584106,50.32455],[19.584123,50.325347],[19.585318,50.326449],[19.587894,50.328353],[19.589155,50.329886],[19.589404,50.330488],[19.589661,50.332625],[19.590333,50.333536],[19.590921,50.335208],[19.595723,50.335114],[19.601608,50.336122],[19.6123,50.338302],[19.61296,50.338528],[19.618917,50.341662],[19.618746,50.341971]]},"properties":{"line":"474","dir":"Jaroszowiec PKP","mode":"bus"}},{"type":"Feature","geometry":{"type":"LineString","coordinates":[[19.562894,50.260759],[19.562903,50.260415],[19.563139,50.260397],[19.563125,50.260196],[19.568761,50.260494],[19.572058,50.260528],[19.573209,50.260706],[19.575999,50.261497],[19.573557,50.267671],[19.573622,50.269031],[19.572997,50.27012],[19.573948,50.270174],[19.577772,50.269655],[19.578587,50.269607],[19.57919,50.269691],[19.582295,50.270509],[19.587821,50.270459],[19.588191,50.270543],[19.588799,50.270872],[19.589703,50.272258],[19.589474,50.272318],[19.589113,50.272211],[19.588481,50.272347],[19.589113,50.272211],[19.589594,50.272299],[19.589703,50.272258],[19.589507,50.271982],[19.586268,50.272744],[19.584846,50.273352],[19.583695,50.274172],[19.582812,50.274093],[19.578888,50.274241],[19.575788,50.274849],[19.573323,50.27508],[19.570352,50.276093],[19.567134,50.276587],[19.565657,50.277083],[19.563515,50.277635],[19.562346,50.278146],[19.563294,50.279663],[19.564652,50.280695],[19.565012,50.28082],[19.563296,50.28118],[19.563294,50.280875],[19.563823,50.280749],[19.564288,50.280444],[19.564652,50.280695],[19.565012,50.28082],[19.562374,50.281371],[19.557167,50.282918],[19.557122,50.283047],[19.556956,50.283086],[19.556998,50.282964],[19.555586,50.2832],[19.550432,50.283791],[19.549393,50.284039],[19.548424,50.284391],[19.548239,50.284479],[19.548655,50.28472],[19.548885,50.284958],[19.548856,50.285063],[19.546624,50.286385],[19.546462,50.286635],[19.546341,50.287446],[19.546135,50.28777],[19.542668,50.291009],[19.54257,50.291269],[19.542661,50.291471],[19.548055,50.298679],[19.547332,50.306624],[19.547339,50.306944],[19.547473,50.307198],[19.548867,50.308538],[19.555591,50.314202],[19.560128,50.315828],[19.560703,50.316075],[19.562121,50.316889],[19.561167,50.319548],[19.560698,50.321923],[19.560779,50.322455],[19.561321,50.323657],[19.561543,50.325681],[19.561408,50.326673],[19.560955,50.327577],[19.56128,50.327665],[19.561348,50.3278],[19.560794,50.32913],[19.560805,50.329431],[19.560794,50.32913],[19.561348,50.3278],[19.56128,50.327665],[19.560955,50.327577],[19.560204,50.328408],[19.559144,50.329156],[19.558195,50.329601],[19.554709,50.330981],[19.55463,50.331084],[19.5559,50.332956],[19.556163,50.333207],[19.561093,50.335122],[19.561944,50.335471],[19.562304,50.335707],[19.562595,50.335748],[19.56331,50.335581],[19.564925,50.33561],[19.56787,50.336012],[19.570638,50.336681],[19.57215,50.336794],[19.573777,50.336586],[19.575667,50.336678],[19.576712,50.336618],[19.577771,50.336453],[19.581154,50.335651],[19.582505,50.335423],[19.595723,50.335114],[19.601608,50.336122],[19.61248,50.338346],[19.61296,50.338528],[19.618917,50.341662],[19.618419,50.342923],[19.617259,50.344356],[19.613068,50.346376],[19.612364,50.347022],[19.607505,50.350371],[19.606582,50.3516],[19.604762,50.353579],[19.604624,50.353832],[19.603297,50.359862],[19.602809,50.361146],[19.6026,50.361117],[19.602809,50.361146],[19.603297,50.359862],[19.604624,50.353832],[19.604762,50.353579],[19.606582,50.3516],[19.607186,50.350705],[19.607505,50.350371],[19.612364,50.347022],[19.612909,50.346476],[19.617259,50.344356],[19.618419,50.342923],[19.624015,50.348849],[19.642352,50.359828],[19.642599,50.360212],[19.642578,50.360504],[19.640688,50.365182],[19.640633,50.366146],[19.645741,50.377967],[19.647076,50.380519],[19.647049,50.380706],[19.646453,50.380698],[19.644997,50.381002],[19.642673,50.382526],[19.642697,50.383001],[19.642238,50.383683],[19.641747,50.385493],[19.641803,50.385804],[19.641968,50.385974],[19.644667,50.386646],[19.645138,50.386888],[19.645395,50.387358],[19.645645,50.389815],[19.645479,50.391181],[19.645337,50.391451],[19.644498,50.392301],[19.644118,50.393812],[19.641498,50.393353],[19.640585,50.393352],[19.637906,50.393577],[19.636035,50.394025],[19.633682,50.394442],[19.631337,50.393747],[19.630666,50.392615],[19.629803,50.392038],[19.629701,50.391882],[19.630357,50.390815],[19.630934,50.390545],[19.631492,50.390406],[19.635126,50.389714]]},"properties":{"line":"474","dir":"Krzywopłoty Paderewskiego","mode":"bus"}},{"type":"Feature","geometry":{"type":"LineString","coordinates":[[19.635126,50.389714],[19.639329,50.389426],[19.640474,50.38956],[19.640866,50.389541],[19.641072,50.389413],[19.64106,50.388663],[19.641631,50.387985],[19.641884,50.387452],[19.641968,50.385974],[19.641803,50.385804],[19.641747,50.385493],[19.642238,50.383683],[19.642697,50.383001],[19.642673,50.382526],[19.644997,50.381002],[19.646453,50.380698],[19.647049,50.380706],[19.647076,50.380519],[19.645741,50.377967],[19.640633,50.366146],[19.640688,50.365182],[19.642578,50.360504],[19.642599,50.360212],[19.642352,50.359828],[19.624015,50.348849],[19.618419,50.342923],[19.617259,50.344356],[19.612909,50.346476],[19.612364,50.347022],[19.607505,50.350371],[19.607186,50.350705],[19.606582,50.3516],[19.604762,50.353579],[19.604624,50.353832],[19.603297,50.359862],[19.602809,50.361146],[19.6026,50.361117],[19.602809,50.361146],[19.603297,50.359862],[19.604624,50.353832],[19.604762,50.353579],[19.606582,50.3516],[19.607505,50.350371],[19.612364,50.347022],[19.613068,50.346376],[19.617259,50.344356],[19.618419,50.342923],[19.618917,50.341662],[19.61296,50.338528],[19.61248,50.338346],[19.601608,50.336122],[19.595723,50.335114],[19.582505,50.335423],[19.581154,50.335651],[19.57757,50.336492],[19.576712,50.336618],[19.575667,50.336678],[19.573777,50.336586],[19.57215,50.336794],[19.570638,50.336681],[19.56787,50.336012],[19.564925,50.33561],[19.563092,50.335603],[19.562595,50.335748],[19.562586,50.33588],[19.562397,50.335935],[19.562226,50.335833],[19.562304,50.335707],[19.561944,50.335471],[19.556163,50.333207],[19.5559,50.332956],[19.55463,50.331084],[19.554709,50.330981],[19.558635,50.329413],[19.559521,50.328928],[19.560613,50.328017],[19.561323,50.326904],[19.561543,50.325999],[19.561383,50.324047],[19.561272,50.323463],[19.560779,50.322455],[19.560698,50.321923],[19.561167,50.319548],[19.563484,50.313177],[19.563355,50.309489],[19.564541,50.306275],[19.56462,50.305467],[19.564373,50.304775],[19.563103,50.303128],[19.562767,50.302486],[19.56273,50.301945],[19.563005,50.300734],[19.5628,50.300056],[19.562392,50.29936],[19.560766,50.297369],[19.559328,50.294783],[19.559283,50.293175],[19.558786,50.290627],[19.557947,50.288367],[19.556644,50.285925],[19.556998,50.282964],[19.555586,50.2832],[19.551004,50.283703],[19.549393,50.284039],[19.549852,50.283862],[19.550764,50.283686],[19.553166,50.283396],[19.553831,50.283392],[19.555586,50.2832],[19.556765,50.283023],[19.562374,50.281371],[19.564751,50.280875],[19.564652,50.280695],[19.563233,50.279597],[19.562346,50.278146],[19.563752,50.277552],[19.564823,50.277321],[19.567134,50.276587],[19.570352,50.276093],[19.573323,50.27508],[19.575788,50.274849],[19.578888,50.274241],[19.582812,50.274093],[19.583516,50.274146],[19.584271,50.273497],[19.585408,50.272883],[19.586475,50.272536],[19.589451,50.271877],[19.588799,50.270872],[19.588191,50.270543],[19.587821,50.270459],[19.582295,50.270509],[19.579105,50.269672],[19.578587,50.269607],[19.577865,50.269646],[19.573948,50.270174],[19.572997,50.27012],[19.573622,50.269031],[19.573557,50.267671],[19.575999,50.261497],[19.573209,50.260706],[19.572058,50.260528],[19.568761,50.260494],[19.563125,50.260196],[19.563139,50.260397],[19.562903,50.260415],[19.562894,50.260759]]},"properties":{"line":"474","dir":"Olkusz Os. Młodych Pętla","mode":"bus"}},{"type":"Feature","geometry":{"type":"LineString","coordinates":[[19.635126,50.389714],[19.639329,50.389426],[19.640474,50.38956],[19.640866,50.389541],[19.641072,50.389413],[19.64106,50.388663],[19.641631,50.387985],[19.641884,50.387452],[19.641968,50.385974],[19.641803,50.385804],[19.641747,50.385493],[19.642238,50.383683],[19.642697,50.383001],[19.642673,50.382526],[19.644997,50.381002],[19.646453,50.380698],[19.647049,50.380706],[19.647076,50.380519],[19.645741,50.377967],[19.640633,50.366146],[19.640688,50.365182],[19.642578,50.360504],[19.642599,50.360212],[19.642352,50.359828],[19.624015,50.348849],[19.618419,50.342923],[19.618917,50.341662],[19.61296,50.338528],[19.6123,50.338302],[19.601608,50.336122],[19.595723,50.335114],[19.590921,50.335208],[19.590333,50.333536],[19.589661,50.332625],[19.589404,50.330488],[19.589155,50.329886],[19.587894,50.328353],[19.585318,50.326449],[19.584123,50.325347],[19.584106,50.32455],[19.584921,50.323149],[19.584891,50.323047],[19.565111,50.318311],[19.56433,50.318045],[19.560703,50.316075],[19.555591,50.314202],[19.548867,50.308538],[19.547367,50.307037],[19.548055,50.298679],[19.542661,50.291471],[19.54257,50.291269],[19.542668,50.291009],[19.546135,50.28777],[19.546341,50.287446],[19.546462,50.286635],[19.546624,50.286385],[19.548856,50.285063],[19.548239,50.284479],[19.549852,50.283862],[19.550764,50.283686],[19.553166,50.283396],[19.553831,50.283392],[19.555586,50.2832],[19.556765,50.283023],[19.562374,50.281371],[19.563296,50.28118],[19.563294,50.280875],[19.563541,50.280809]]},"properties":{"line":"474","dir":"Olkusz Supersam ZKGKM","mode":"bus"}},{"type":"Feature","geometry":{"type":"LineString","coordinates":[[19.596122,50.298872],[19.595514,50.298489],[19.594822,50.298227],[19.586769,50.296779],[19.585655,50.296426],[19.585247,50.296195],[19.578765,50.291137],[19.573042,50.286873],[19.57288,50.286767],[19.57257,50.28691],[19.5716,50.28756],[19.57075,50.28797],[19.57085,50.289],[19.5713,50.29001],[19.572295,50.290888],[19.57293,50.29172],[19.57313,50.29214],[19.57385,50.29292],[19.573747,50.295058],[19.574113,50.296031],[19.574368,50.298435],[19.574872,50.301484],[19.574994,50.301822],[19.57692,50.30412],[19.577284,50.304432],[19.57736,50.304657],[19.576164,50.317543],[19.574475,50.320549],[19.565111,50.318311],[19.564104,50.317942],[19.562121,50.316889],[19.563484,50.313177],[19.563355,50.309489],[19.564541,50.306275],[19.56462,50.305467],[19.564373,50.304775],[19.563103,50.303128],[19.562767,50.302486],[19.56273,50.301945],[19.563005,50.300734],[19.5628,50.300056],[19.562392,50.29936],[19.560766,50.297369],[19.559328,50.294783],[19.559283,50.293175],[19.558786,50.290627],[19.557947,50.288367],[19.556644,50.285925],[19.556998,50.282964],[19.555586,50.2832],[19.551004,50.283703],[19.549393,50.284039],[19.549852,50.283862],[19.550764,50.283686],[19.553166,50.283396],[19.553831,50.283392],[19.555586,50.2832],[19.556765,50.283023],[19.562374,50.281371],[19.564751,50.280875],[19.564652,50.280695],[19.563233,50.279597],[19.562346,50.278146],[19.563752,50.277552],[19.564823,50.277321],[19.567134,50.276587],[19.570352,50.276093],[19.573323,50.27508],[19.573387,50.274906],[19.573941,50.274829],[19.573986,50.274629]]},"properties":{"line":"475","dir":"Olkusz Dworzec PKS","mode":"bus"}},{"type":"Feature","geometry":{"type":"LineString","coordinates":[[19.596122,50.298872],[19.595514,50.298489],[19.594822,50.298227],[19.586769,50.296779],[19.585655,50.296426],[19.585247,50.296195],[19.578765,50.291137],[19.573042,50.286873],[19.57288,50.286767],[19.57257,50.28691],[19.5716,50.28756],[19.57075,50.28797],[19.57085,50.289],[19.5713,50.29001],[19.572295,50.290888],[19.57293,50.29172],[19.57313,50.29214],[19.57385,50.29292],[19.573747,50.295058],[19.574113,50.296031],[19.574368,50.298435],[19.574872,50.301484],[19.574994,50.301822],[19.57692,50.30412],[19.577284,50.304432],[19.57736,50.304657],[19.576164,50.317543],[19.574475,50.320549],[19.565111,50.318311],[19.564104,50.317942],[19.562121,50.316889],[19.563484,50.313177],[19.563355,50.309489],[19.564541,50.306275],[19.56462,50.305467],[19.564373,50.304775],[19.563103,50.303128],[19.562767,50.302486],[19.56273,50.301945],[19.563005,50.300734],[19.5628,50.300056],[19.562392,50.29936],[19.560766,50.297369],[19.559328,50.294783],[19.559283,50.293175],[19.558786,50.290627],[19.557947,50.288367],[19.556644,50.285925],[19.556998,50.282964],[19.555586,50.2832],[19.551004,50.283703],[19.549393,50.284039],[19.549852,50.283862],[19.550764,50.283686],[19.553166,50.283396],[19.553831,50.283392],[19.555586,50.2832],[19.556765,50.283023],[19.562374,50.281371],[19.564751,50.280875],[19.564652,50.280695],[19.563233,50.279597],[19.562346,50.278146],[19.563752,50.277552],[19.564823,50.277321],[19.567134,50.276587],[19.570352,50.276093],[19.573323,50.27508],[19.575788,50.274849],[19.578888,50.274241],[19.582812,50.274093],[19.583516,50.274146],[19.584271,50.273497],[19.585408,50.272883],[19.586475,50.272536],[19.589451,50.271877],[19.588799,50.270872],[19.588191,50.270543],[19.587821,50.270459],[19.582295,50.270509],[19.579105,50.269672],[19.578587,50.269607],[19.577865,50.269646],[19.573769,50.270183],[19.569846,50.269777],[19.567056,50.269618],[19.56605,50.269623],[19.5659,50.269062],[19.566003,50.268489],[19.566422,50.267985],[19.567115,50.267454],[19.566822,50.26712],[19.566647,50.267176]]},"properties":{"line":"475","dir":"Olkusz E. Orzeszkowej","mode":"bus"}},{"type":"Feature","geometry":{"type":"LineString","coordinates":[[19.569754,50.284451],[19.57288,50.286767],[19.5716,50.28756],[19.57075,50.28797],[19.57085,50.289],[19.5713,50.29001],[19.572295,50.290888],[19.57293,50.29172],[19.57313,50.29214],[19.57385,50.29292],[19.573747,50.295058],[19.574113,50.296031],[19.574368,50.298435],[19.574872,50.301484],[19.574994,50.301822],[19.57692,50.30412],[19.577284,50.304432],[19.57736,50.304657],[19.576164,50.317543],[19.574475,50.320549],[19.565111,50.318311],[19.564104,50.317942],[19.562121,50.316889],[19.563484,50.313177],[19.563355,50.309489],[19.564541,50.306275],[19.56462,50.305467],[19.564373,50.304775],[19.563103,50.303128],[19.562767,50.302486],[19.56273,50.301945],[19.563005,50.300734],[19.5628,50.300056],[19.562392,50.29936],[19.560766,50.297369],[19.559328,50.294783],[19.559283,50.293175],[19.558786,50.290627],[19.557947,50.288367],[19.556644,50.285925],[19.556998,50.282964],[19.555586,50.2832],[19.551004,50.283703],[19.549393,50.284039],[19.549852,50.283862],[19.550764,50.283686],[19.553166,50.283396],[19.553831,50.283392],[19.555586,50.2832],[19.556765,50.283023],[19.562374,50.281371],[19.564751,50.280875],[19.564652,50.280695],[19.563233,50.279597],[19.562346,50.278146],[19.563752,50.277552],[19.564823,50.277321],[19.567134,50.276587],[19.570352,50.276093],[19.573323,50.27508],[19.575788,50.274849],[19.578888,50.274241],[19.582812,50.274093],[19.583516,50.274146],[19.584271,50.273497],[19.585408,50.272883],[19.586475,50.272536],[19.589451,50.271877],[19.588799,50.270872],[19.588191,50.270543],[19.587821,50.270459],[19.582295,50.270509],[19.579105,50.269672],[19.578587,50.269607],[19.577865,50.269646],[19.573769,50.270183],[19.569846,50.269777],[19.567056,50.269618],[19.56605,50.269623],[19.5659,50.269062],[19.566003,50.268489],[19.566422,50.267985],[19.567115,50.267454],[19.566822,50.26712],[19.566647,50.267176],[19.566822,50.26712],[19.567115,50.267454],[19.569132,50.265951],[19.572818,50.265668],[19.574203,50.265948],[19.575999,50.261497],[19.573209,50.260706],[19.572058,50.260528],[19.568761,50.260494],[19.563125,50.260196],[19.563139,50.260397],[19.562903,50.260415],[19.562894,50.260759]]},"properties":{"line":"475","dir":"Olkusz Os. Młodych Pętla","mode":"bus"}},{"type":"Feature","geometry":{"type":"LineString","coordinates":[[19.566647,50.267176],[19.566822,50.26712],[19.567115,50.267454],[19.568987,50.266017],[19.569297,50.265919],[19.572818,50.265668],[19.574203,50.265948],[19.573557,50.267671],[19.573622,50.269031],[19.572997,50.27012],[19.569846,50.269777],[19.567056,50.269618],[19.56605,50.269623],[19.561287,50.271244],[19.56085,50.271332],[19.561867,50.277421],[19.563233,50.279597],[19.564652,50.280695],[19.565012,50.28082],[19.563296,50.28118],[19.563294,50.280875],[19.563823,50.280749],[19.564288,50.280444],[19.564652,50.280695],[19.565012,50.28082],[19.562374,50.281371],[19.557167,50.282918],[19.557122,50.283047],[19.556956,50.283086],[19.556998,50.282964],[19.555586,50.2832],[19.551884,50.283607],[19.555586,50.2832],[19.557167,50.282918],[19.556783,50.28421],[19.556644,50.285925],[19.557947,50.288367],[19.558786,50.290627],[19.558945,50.291684],[19.559082,50.291657],[19.558945,50.291684],[19.559283,50.293175],[19.559328,50.294783],[19.560766,50.297369],[19.562392,50.29936],[19.5628,50.300056],[19.563005,50.300734],[19.56273,50.301945],[19.562767,50.302486],[19.563103,50.303128],[19.564181,50.30448],[19.564531,50.305132],[19.564623,50.305746],[19.564541,50.306275],[19.563337,50.309623],[19.563484,50.313177],[19.562121,50.316889],[19.564104,50.317942],[19.565111,50.318311],[19.574475,50.320549],[19.576164,50.317543],[19.577344,50.304539],[19.574994,50.301822],[19.574872,50.301484],[19.574368,50.298435],[19.574113,50.296031],[19.573747,50.295058],[19.57385,50.29292],[19.57313,50.29214],[19.57293,50.29172],[19.57232,50.29091],[19.5713,50.29001],[19.57085,50.289],[19.57075,50.28797],[19.5716,50.28756],[19.57288,50.286767],[19.569305,50.284123]]},"properties":{"line":"475","dir":"Olkusz Rabsztyńska Wulkanizacja","mode":"bus"}},{"type":"Feature","geometry":{"type":"LineString","coordinates":[[19.566647,50.267176],[19.566563,50.267273],[19.567007,50.267538],[19.566218,50.268175],[19.566003,50.268489],[19.5659,50.269062],[19.56605,50.269623],[19.567056,50.269618],[19.569846,50.269777],[19.573769,50.270183],[19.577772,50.269655],[19.578587,50.269607],[19.57919,50.269691],[19.582295,50.270509],[19.587821,50.270459],[19.588191,50.270543],[19.588799,50.270872],[19.589703,50.272258],[19.589474,50.272318],[19.589113,50.272211],[19.588481,50.272347],[19.589113,50.272211],[19.589594,50.272299],[19.589703,50.272258],[19.589507,50.271982],[19.586268,50.272744],[19.584846,50.273352],[19.583695,50.274172],[19.582812,50.274093],[19.578888,50.274241],[19.575788,50.274849],[19.573323,50.27508],[19.570352,50.276093],[19.567134,50.276587],[19.564823,50.277321],[19.563752,50.277552],[19.562346,50.278146],[19.563294,50.279663],[19.564652,50.280695],[19.565012,50.28082],[19.563296,50.28118],[19.563294,50.280875],[19.563823,50.280749],[19.564288,50.280444],[19.564652,50.280695],[19.565012,50.28082],[19.562374,50.281371],[19.557167,50.282918],[19.557122,50.283047],[19.556956,50.283086],[19.556998,50.282964],[19.555586,50.2832],[19.551884,50.283607],[19.555586,50.2832],[19.557167,50.282918],[19.556783,50.28421],[19.556644,50.285925],[19.557947,50.288367],[19.558786,50.290627],[19.558945,50.291684],[19.559082,50.291657],[19.558945,50.291684],[19.559283,50.293175],[19.559328,50.294783],[19.560766,50.297369],[19.562392,50.29936],[19.5628,50.300056],[19.563005,50.300734],[19.56273,50.301945],[19.562767,50.302486],[19.563103,50.303128],[19.564181,50.30448],[19.564531,50.305132],[19.564623,50.305746],[19.564541,50.306275],[19.563337,50.309623],[19.563484,50.313177],[19.562121,50.316889],[19.564104,50.317942],[19.565111,50.318311],[19.574475,50.320549],[19.576164,50.317543],[19.57736,50.304657],[19.577284,50.304432],[19.57692,50.30412],[19.574994,50.301822],[19.574872,50.301484],[19.574368,50.298435],[19.574113,50.296031],[19.573747,50.295058],[19.57385,50.29292],[19.57313,50.29214],[19.57293,50.29172],[19.57232,50.29091],[19.5713,50.29001],[19.57085,50.289],[19.57075,50.28797],[19.5716,50.28756],[19.57257,50.28691],[19.57288,50.286767],[19.573042,50.286873],[19.578765,50.291137],[19.585247,50.296195],[19.585655,50.296426],[19.586769,50.296779],[19.594822,50.298227],[19.595514,50.298489],[19.597004,50.299436]]},"properties":{"line":"475","dir":"Rabsztyn","mode":"bus"}},{"type":"Feature","geometry":{"type":"LineString","coordinates":[[19.526609,50.400751],[19.526887,50.400204],[19.528239,50.398839],[19.529045,50.397696],[19.528998,50.39591],[19.529225,50.394585],[19.529811,50.39403],[19.531128,50.393517],[19.533795,50.393499],[19.540313,50.393813],[19.543488,50.394043],[19.544169,50.394017],[19.556831,50.390835],[19.560896,50.389926],[19.560579,50.389173],[19.560509,50.387628],[19.560851,50.386333],[19.560858,50.385529],[19.559212,50.381156],[19.559134,50.381078],[19.55885,50.381043],[19.554562,50.381081],[19.554116,50.381012],[19.553226,50.380668],[19.552217,50.37929],[19.550801,50.378787],[19.55103,50.378119],[19.550742,50.371938],[19.550852,50.371632],[19.552323,50.369964],[19.555138,50.366114],[19.557801,50.362108],[19.562303,50.354929],[19.562544,50.352664],[19.562563,50.350658],[19.562499,50.343837],[19.562418,50.341957],[19.562066,50.338545],[19.562097,50.33645],[19.562344,50.335926],[19.562226,50.335833],[19.562304,50.335707],[19.562595,50.335748],[19.56331,50.335581],[19.564925,50.33561],[19.56787,50.336012],[19.570638,50.336681],[19.57215,50.336794],[19.573777,50.336586],[19.575667,50.336678],[19.576712,50.336618],[19.577771,50.336453],[19.581154,50.335651],[19.582505,50.335423],[19.595723,50.335114],[19.601608,50.336122],[19.612652,50.338397],[19.618917,50.341662],[19.618746,50.341971]]},"properties":{"line":"476","dir":"Jaroszowiec PKP","mode":"bus"}},{"type":"Feature","geometry":{"type":"LineString","coordinates":[[19.526609,50.400751],[19.526887,50.400204],[19.528239,50.398839],[19.529045,50.397696],[19.528998,50.39591],[19.529225,50.394585],[19.529811,50.39403],[19.531128,50.393517],[19.533795,50.393499],[19.540313,50.393813],[19.543488,50.394043],[19.544169,50.394017],[19.559569,50.390188],[19.583733,50.38543],[19.588617,50.384597],[19.58767,50.382993],[19.586471,50.381676],[19.577486,50.370944],[19.577026,50.370605],[19.575952,50.370147],[19.571103,50.368499],[19.568387,50.366756],[19.566703,50.36503],[19.561603,50.362177],[19.561275,50.361921],[19.56086,50.36116],[19.560145,50.359289],[19.559771,50.359032],[19.561281,50.35645],[19.562251,50.355054],[19.562436,50.353906],[19.562563,50.350658],[19.562499,50.343837],[19.562418,50.341957],[19.562066,50.338545],[19.562097,50.33645],[19.562344,50.335926],[19.562226,50.335833],[19.562304,50.335707],[19.561944,50.335471],[19.561093,50.335122],[19.556163,50.333207],[19.5559,50.332956],[19.554629,50.331048],[19.559144,50.329156],[19.560204,50.328408],[19.560955,50.327577],[19.56128,50.327665],[19.561348,50.3278],[19.560869,50.328918],[19.560789,50.329374],[19.560869,50.328918],[19.561348,50.3278],[19.56128,50.327665],[19.560955,50.327577],[19.561408,50.326673],[19.561543,50.325681],[19.561321,50.323657],[19.560779,50.322455],[19.560698,50.321923],[19.561167,50.319548],[19.562121,50.316889],[19.560703,50.316075],[19.560128,50.315828],[19.555591,50.314202],[19.548867,50.308538],[19.547473,50.307198],[19.547339,50.306944],[19.547332,50.306624],[19.548055,50.298679],[19.542578,50.291343],[19.542668,50.291009],[19.546135,50.28777],[19.546341,50.287446],[19.546462,50.286635],[19.546624,50.286385],[19.548856,50.285063],[19.548239,50.284479],[19.549852,50.283862],[19.550764,50.283686],[19.553166,50.283396],[19.553831,50.283392],[19.555586,50.2832],[19.556765,50.283023],[19.562374,50.281371],[19.564751,50.280875],[19.564652,50.280695],[19.563233,50.279597],[19.562346,50.278146],[19.563752,50.277552],[19.564823,50.277321],[19.567134,50.276587],[19.570352,50.276093],[19.573323,50.27508],[19.573387,50.274906],[19.573941,50.274829],[19.573986,50.274629]]},"properties":{"line":"476","dir":"Olkusz Dworzec PKS","mode":"bus"}},{"type":"Feature","geometry":{"type":"LineString","coordinates":[[19.526609,50.400751],[19.526887,50.400204],[19.528239,50.398839],[19.529045,50.397696],[19.528998,50.39591],[19.529225,50.394585],[19.529811,50.39403],[19.531128,50.393517],[19.533795,50.393499],[19.540313,50.393813],[19.543488,50.394043],[19.544169,50.394017],[19.556831,50.390835],[19.560896,50.389926],[19.560579,50.389173],[19.560509,50.387628],[19.560851,50.386333],[19.560858,50.385529],[19.559212,50.381156],[19.559134,50.381078],[19.55885,50.381043],[19.554562,50.381081],[19.554116,50.381012],[19.553226,50.380668],[19.552217,50.37929],[19.550801,50.378787],[19.55103,50.378119],[19.550742,50.371938],[19.550852,50.371632],[19.552323,50.369964],[19.555138,50.366114],[19.560016,50.358648],[19.561281,50.35645],[19.562251,50.355054],[19.562339,50.354768],[19.562544,50.352664],[19.562499,50.343837],[19.562418,50.341957],[19.562066,50.338545],[19.562097,50.33645],[19.562344,50.335926],[19.562226,50.335833],[19.562304,50.335707],[19.561944,50.335471],[19.561093,50.335122],[19.556163,50.333207],[19.5559,50.332956],[19.554629,50.331048],[19.559144,50.329156],[19.560204,50.328408],[19.560955,50.327577],[19.56128,50.327665],[19.561348,50.3278],[19.560869,50.328918],[19.560789,50.329374],[19.560869,50.328918],[19.561348,50.3278],[19.56128,50.327665],[19.560955,50.327577],[19.561408,50.326673],[19.561543,50.325681],[19.561321,50.323657],[19.560779,50.322455],[19.560698,50.321923],[19.561167,50.319548],[19.562121,50.316889],[19.560703,50.316075],[19.560128,50.315828],[19.555591,50.314202],[19.548867,50.308538],[19.547473,50.307198],[19.547339,50.306944],[19.547332,50.306624],[19.548055,50.298679],[19.54257,50.291269],[19.542668,50.291009],[19.546135,50.28777],[19.546341,50.287446],[19.546462,50.286635],[19.546624,50.286385],[19.548856,50.285063],[19.548239,50.284479],[19.549852,50.283862],[19.550764,50.283686],[19.553166,50.283396],[19.553831,50.283392],[19.555586,50.2832],[19.556765,50.283023],[19.562374,50.281371],[19.563296,50.28118],[19.563294,50.280875],[19.563541,50.280809]]},"properties":{"line":"476","dir":"Olkusz Supersam ZKGKM","mode":"bus"}},{"type":"Feature","geometry":{"type":"LineString","coordinates":[[19.563541,50.280809],[19.563823,50.280749],[19.564288,50.280444],[19.564652,50.280695],[19.565012,50.28082],[19.562374,50.281371],[19.557167,50.282918],[19.557122,50.283047],[19.556956,50.283086],[19.556998,50.282964],[19.555586,50.2832],[19.550432,50.283791],[19.549393,50.284039],[19.548239,50.284479],[19.548655,50.28472],[19.548885,50.284958],[19.548856,50.285063],[19.546624,50.286385],[19.546462,50.286635],[19.546341,50.287446],[19.546135,50.28777],[19.542668,50.291009],[19.54257,50.291269],[19.548055,50.298679],[19.547332,50.306624],[19.547339,50.306944],[19.547473,50.307198],[19.548867,50.308538],[19.555591,50.314202],[19.560128,50.315828],[19.560703,50.316075],[19.562121,50.316889],[19.561167,50.319548],[19.560698,50.321923],[19.560779,50.322455],[19.561272,50.323463],[19.561466,50.324765],[19.561543,50.325999],[19.56121,50.327141],[19.560364,50.328268],[19.559144,50.329156],[19.554629,50.331048],[19.5559,50.332956],[19.556163,50.333207],[19.562614,50.33578],[19.56255,50.335906],[19.562344,50.335926],[19.562089,50.336603],[19.562066,50.338545],[19.56242,50.342001],[19.562537,50.346297],[19.562544,50.352664],[19.562251,50.355054],[19.561281,50.35645],[19.558826,50.360493],[19.555387,50.361351],[19.553735,50.361656],[19.544938,50.364879],[19.537576,50.366106],[19.532228,50.365621],[19.526521,50.366712],[19.52426,50.366652],[19.523435,50.366705],[19.521492,50.367051],[19.51588,50.368725],[19.512097,50.367424],[19.518136,50.369489],[19.519551,50.370189],[19.520667,50.370589],[19.529222,50.371637],[19.530141,50.371807],[19.532649,50.372619],[19.541828,50.375904],[19.546206,50.376023],[19.5466,50.376089],[19.546973,50.376268],[19.549151,50.377792],[19.550801,50.378787],[19.552217,50.37929],[19.553226,50.380668],[19.554116,50.381012],[19.554562,50.381081],[19.559134,50.381078],[19.560858,50.385529],[19.560851,50.386333],[19.560509,50.387628],[19.560579,50.389173],[19.560896,50.389926],[19.560234,50.390056],[19.562051,50.389679],[19.558381,50.390456],[19.544169,50.394017],[19.543488,50.394043],[19.540313,50.393813],[19.533795,50.393499],[19.531128,50.393517],[19.529811,50.39403],[19.529225,50.394585],[19.528998,50.39591],[19.529045,50.397696],[19.528239,50.398839],[19.526887,50.400204],[19.526609,50.400751]]},"properties":{"line":"476","dir":"Rodaki Pętla","mode":"bus"}},{"type":"Feature","geometry":{"type":"LineString","coordinates":[[19.526609,50.400751],[19.526887,50.400204],[19.528239,50.398839],[19.529045,50.397696],[19.528998,50.39591],[19.529225,50.394585],[19.529811,50.39403],[19.531128,50.393517],[19.533795,50.393499],[19.540313,50.393813],[19.543488,50.394043],[19.544169,50.394017],[19.556831,50.390835],[19.560896,50.389926],[19.560579,50.389173],[19.560509,50.387628],[19.560851,50.386333],[19.560858,50.385529],[19.559134,50.381078],[19.554562,50.381081],[19.554116,50.381012],[19.553226,50.380668],[19.552217,50.37929],[19.550801,50.378787],[19.549151,50.377792],[19.546973,50.376268],[19.5466,50.376089],[19.546206,50.376023],[19.541828,50.375904],[19.532649,50.372619],[19.530141,50.371807],[19.529222,50.371637],[19.520667,50.370589],[19.519551,50.370189],[19.518136,50.369489],[19.512097,50.367424],[19.51588,50.368725],[19.521492,50.367051],[19.523435,50.366705],[19.52426,50.366652],[19.526521,50.366712],[19.532228,50.365621],[19.537576,50.366106],[19.544938,50.364879],[19.553735,50.361656],[19.555387,50.361351],[19.558826,50.360493],[19.561281,50.35645],[19.562251,50.355054],[19.562544,50.352664],[19.562563,50.350658],[19.562499,50.343837],[19.562418,50.341957],[19.562066,50.338545],[19.562097,50.33645],[19.562344,50.335926],[19.562226,50.335833],[19.562304,50.335707],[19.561944,50.335471],[19.561093,50.335122],[19.556163,50.333207],[19.5559,50.332956],[19.554629,50.331048],[19.559144,50.329156],[19.560204,50.328408],[19.560955,50.327577],[19.56128,50.327665],[19.561348,50.3278],[19.560869,50.328918],[19.560789,50.329374],[19.560869,50.328918],[19.561348,50.3278],[19.56128,50.327665],[19.560955,50.327577],[19.561408,50.326673],[19.561543,50.325681],[19.561321,50.323657],[19.560779,50.322455],[19.560698,50.321923],[19.561167,50.319548],[19.563484,50.313177],[19.563355,50.309489],[19.564541,50.306275],[19.56462,50.305467],[19.564373,50.304775],[19.563103,50.303128],[19.562767,50.302486],[19.56273,50.301945],[19.563005,50.300734],[19.5628,50.300056],[19.562392,50.29936],[19.560766,50.297369],[19.559328,50.294783],[19.559283,50.293175],[19.558786,50.290627],[19.557947,50.288367],[19.556644,50.285925],[19.556998,50.282964],[19.555586,50.2832],[19.551004,50.283703],[19.549393,50.284039],[19.549852,50.283862],[19.550764,50.283686],[19.553166,50.283396],[19.553831,50.283392],[19.555586,50.2832],[19.556765,50.283023],[19.562374,50.281371],[19.564751,50.280875],[19.564652,50.280695],[19.563233,50.279597],[19.562346,50.278146],[19.563752,50.277552],[19.564823,50.277321],[19.567134,50.276587],[19.570352,50.276093],[19.573323,50.27508],[19.575788,50.274849],[19.578888,50.274241],[19.582812,50.274093],[19.583516,50.274146],[19.584271,50.273497],[19.585408,50.272883],[19.586475,50.272536],[19.589451,50.271877],[19.588799,50.270872],[19.588191,50.270543],[19.587821,50.270459],[19.582295,50.270509],[19.579105,50.269672],[19.578587,50.269607],[19.577865,50.269646],[19.573769,50.270183],[19.569846,50.269777],[19.567056,50.269618],[19.56605,50.269623],[19.5659,50.269062],[19.566003,50.268489],[19.566422,50.267985],[19.567115,50.267454],[19.566822,50.26712],[19.566647,50.267176]]},"properties":{"line":"477","dir":"Olkusz E. Orzeszkowej","mode":"bus"}},{"type":"Feature","geometry":{"type":"LineString","coordinates":[[19.526609,50.400751],[19.526887,50.400204],[19.528239,50.398839],[19.529045,50.397696],[19.528998,50.39591],[19.529225,50.394585],[19.529811,50.39403],[19.531128,50.393517],[19.533795,50.393499],[19.540313,50.393813],[19.543488,50.394043],[19.544169,50.394017],[19.556831,50.390835],[19.560896,50.389926],[19.560579,50.389173],[19.560509,50.387628],[19.560851,50.386333],[19.560858,50.385529],[19.559134,50.381078],[19.554562,50.381081],[19.554116,50.381012],[19.553226,50.380668],[19.552217,50.37929],[19.550801,50.378787],[19.549151,50.377792],[19.546973,50.376268],[19.5466,50.376089],[19.546206,50.376023],[19.541828,50.375904],[19.532649,50.372619],[19.530141,50.371807],[19.529222,50.371637],[19.520667,50.370589],[19.519551,50.370189],[19.518136,50.369489],[19.512097,50.367424],[19.51588,50.368725],[19.521492,50.367051],[19.523435,50.366705],[19.52426,50.366652],[19.526521,50.366712],[19.532228,50.365621],[19.537576,50.366106],[19.544938,50.364879],[19.553735,50.361656],[19.555387,50.361351],[19.558826,50.360493],[19.561281,50.35645],[19.562251,50.355054],[19.562544,50.352664],[19.562563,50.350658],[19.562499,50.343837],[19.562418,50.341957],[19.562066,50.338545],[19.562097,50.33645],[19.562344,50.335926],[19.562226,50.335833],[19.562304,50.335707],[19.561944,50.335471],[19.561093,50.335122],[19.556163,50.333207],[19.5559,50.332956],[19.554629,50.331048],[19.559144,50.329156],[19.560204,50.328408],[19.560955,50.327577],[19.56128,50.327665],[19.561348,50.3278],[19.560869,50.328918],[19.560789,50.329374],[19.560869,50.328918],[19.561348,50.3278],[19.56128,50.327665],[19.560955,50.327577],[19.561408,50.326673],[19.561543,50.325681],[19.561321,50.323657],[19.560779,50.322455],[19.560698,50.321923],[19.561167,50.319548],[19.563484,50.313177],[19.563355,50.309489],[19.564541,50.306275],[19.56462,50.305467],[19.564373,50.304775],[19.563103,50.303128],[19.562767,50.302486],[19.56273,50.301945],[19.563005,50.300734],[19.5628,50.300056],[19.562392,50.29936],[19.560766,50.297369],[19.559328,50.294783],[19.559283,50.293175],[19.558786,50.290627],[19.557947,50.288367],[19.556644,50.285925],[19.556998,50.282964],[19.555586,50.2832],[19.551004,50.283703],[19.549393,50.284039],[19.549852,50.283862],[19.550764,50.283686],[19.553166,50.283396],[19.553831,50.283392],[19.555586,50.2832],[19.556765,50.283023],[19.562374,50.281371],[19.563296,50.28118],[19.563294,50.280875],[19.563541,50.280809]]},"properties":{"line":"477","dir":"Olkusz Supersam ZKGKM","mode":"bus"}},{"type":"Feature","geometry":{"type":"LineString","coordinates":[[19.563541,50.280809],[19.563823,50.280749],[19.564288,50.280444],[19.564652,50.280695],[19.565012,50.28082],[19.562374,50.281371],[19.557167,50.282918],[19.557122,50.283047],[19.556956,50.283086],[19.556998,50.282964],[19.555586,50.2832],[19.551884,50.283607],[19.555586,50.2832],[19.557167,50.282918],[19.556783,50.28421],[19.556644,50.285925],[19.557947,50.288367],[19.558786,50.290627],[19.558945,50.291684],[19.559082,50.291657],[19.558945,50.291684],[19.559283,50.293175],[19.559328,50.294783],[19.560766,50.297369],[19.562392,50.29936],[19.5628,50.300056],[19.563005,50.300734],[19.56273,50.301945],[19.562767,50.302486],[19.563103,50.303128],[19.564373,50.304775],[19.56462,50.305467],[19.564541,50.306275],[19.563355,50.309489],[19.563484,50.313177],[19.561167,50.319548],[19.560698,50.321923],[19.560779,50.322455],[19.561321,50.323657],[19.561543,50.325681],[19.561408,50.326673],[19.560955,50.327577],[19.56128,50.327665],[19.561348,50.3278],[19.560794,50.32913],[19.560805,50.329431],[19.560794,50.32913],[19.561348,50.3278],[19.56128,50.327665],[19.560955,50.327577],[19.560204,50.328408],[19.559144,50.329156],[19.554629,50.331048],[19.5559,50.332956],[19.556163,50.333207],[19.562614,50.33578],[19.56255,50.335906],[19.562344,50.335926],[19.562089,50.336603],[19.562066,50.338545],[19.56242,50.342001],[19.562537,50.346297],[19.562544,50.352664],[19.562251,50.355054],[19.561281,50.35645],[19.558826,50.360493],[19.555387,50.361351],[19.553735,50.361656],[19.544938,50.364879],[19.537576,50.366106],[19.532228,50.365621],[19.526521,50.366712],[19.52426,50.366652],[19.523435,50.366705],[19.521492,50.367051],[19.51588,50.368725],[19.512097,50.367424],[19.518136,50.369489],[19.519551,50.370189],[19.520667,50.370589],[19.529222,50.371637],[19.530141,50.371807],[19.532649,50.372619],[19.541828,50.375904],[19.546206,50.376023],[19.5466,50.376089],[19.546973,50.376268],[19.549151,50.377792],[19.550801,50.378787],[19.552217,50.37929],[19.553226,50.380668],[19.554116,50.381012],[19.554562,50.381081],[19.559134,50.381078],[19.560858,50.385529],[19.560851,50.386333],[19.560509,50.387628],[19.560579,50.389173],[19.560896,50.389926],[19.558381,50.390456],[19.544169,50.394017],[19.543488,50.394043],[19.540313,50.393813],[19.533795,50.393499],[19.531128,50.393517],[19.529811,50.39403],[19.529225,50.394585],[19.528998,50.39591],[19.529045,50.397696],[19.528239,50.398839],[19.526887,50.400204],[19.526609,50.400751]]},"properties":{"line":"477","dir":"Rodaki Pętla","mode":"bus"}},{"type":"Feature","geometry":{"type":"LineString","coordinates":[[19.563541,50.280809],[19.563823,50.280749],[19.564288,50.280444],[19.563233,50.279597],[19.562346,50.278146],[19.563752,50.277552],[19.564823,50.277321],[19.567134,50.276587],[19.570352,50.276093],[19.573323,50.27508],[19.575788,50.274849],[19.578888,50.274241],[19.582812,50.274093],[19.583516,50.274146],[19.584574,50.273297],[19.585892,50.272703],[19.592062,50.271297],[19.593803,50.270826],[19.595969,50.273707],[19.59928,50.2768],[19.602946,50.282012],[19.60333,50.282667],[19.603719,50.283697],[19.604136,50.28635],[19.604521,50.287435],[19.605094,50.288444],[19.607733,50.291758],[19.608308,50.292717],[19.60886,50.293976],[19.609217,50.29611],[19.609162,50.297035],[19.608892,50.298393],[19.608174,50.300119],[19.605143,50.305772],[19.604845,50.306593],[19.6049,50.307694],[19.605081,50.308061],[19.60528,50.308165],[19.60521,50.308438],[19.605579,50.309121],[19.606609,50.310126],[19.61923,50.320343],[19.62552,50.324802],[19.627152,50.326325],[19.628002,50.326858],[19.630346,50.328067],[19.63674,50.333072],[19.644131,50.335975],[19.645363,50.336352],[19.647438,50.33673],[19.648688,50.336783],[19.647438,50.33673],[19.645363,50.336352],[19.643223,50.335624],[19.645303,50.334438],[19.645826,50.333604],[19.647048,50.332679],[19.650512,50.328252],[19.650586,50.327853],[19.650309,50.327379],[19.647824,50.324948],[19.647023,50.324314],[19.638919,50.319891],[19.634886,50.317554],[19.622535,50.306808],[19.621823,50.305846],[19.62139,50.305535],[19.618815,50.304768],[19.618084,50.304632],[19.616943,50.304594],[19.614239,50.305024],[19.613109,50.304938],[19.61114,50.304624],[19.614663,50.303178],[19.623718,50.301264],[19.624177,50.301196],[19.629651,50.301083],[19.631866,50.301383],[19.633933,50.301506],[19.641677,50.302453],[19.644643,50.302759],[19.646327,50.302841],[19.64708,50.303207],[19.649376,50.304764],[19.651554,50.305813],[19.652552,50.306395],[19.654958,50.307184],[19.656191,50.307908],[19.657196,50.308203],[19.660803,50.308091],[19.662309,50.307861],[19.664444,50.307943],[19.667906,50.306989],[19.668392,50.306793],[19.668381,50.306702],[19.66866,50.30652]]},"properties":{"line":"BP","dir":"Braciejówka Pętla","mode":"bus"}},{"type":"Feature","geometry":{"type":"LineString","coordinates":[[19.566647,50.267176],[19.566822,50.26712],[19.567115,50.267454],[19.568987,50.266017],[19.569297,50.265919],[19.572818,50.265668],[19.574203,50.265948],[19.573557,50.267671],[19.573622,50.269031],[19.572997,50.27012],[19.569846,50.269777],[19.567056,50.269618],[19.56605,50.269623],[19.561287,50.271244],[19.56085,50.271332],[19.561172,50.272848],[19.561797,50.277171],[19.561917,50.277524],[19.562346,50.278146],[19.563752,50.277552],[19.564823,50.277321],[19.567134,50.276587],[19.570352,50.276093],[19.573323,50.27508],[19.573387,50.274906],[19.573941,50.274829],[19.573986,50.274629]]},"properties":{"line":"BP","dir":"Olkusz Dworzec PKS","mode":"bus"}},{"type":"Feature","geometry":{"type":"LineString","coordinates":[[19.66866,50.30652],[19.668861,50.306413],[19.668489,50.306027],[19.66785,50.305662],[19.667571,50.305608],[19.664347,50.305697],[19.664173,50.305838],[19.664324,50.306248],[19.664057,50.306645],[19.663769,50.307905],[19.662628,50.307846],[19.661889,50.307892],[19.660803,50.308091],[19.657196,50.308203],[19.656191,50.307908],[19.654958,50.307184],[19.652552,50.306395],[19.651554,50.305813],[19.649376,50.304764],[19.64708,50.303207],[19.646327,50.302841],[19.644643,50.302759],[19.641677,50.302453],[19.633933,50.301506],[19.631866,50.301383],[19.629974,50.301105],[19.624177,50.301196],[19.614663,50.303178],[19.607306,50.306196],[19.606171,50.307067],[19.605554,50.308052],[19.605206,50.308342],[19.604924,50.308361],[19.604795,50.308245],[19.604928,50.308002],[19.604815,50.306882],[19.605002,50.306076],[19.608174,50.300119],[19.608892,50.298393],[19.609162,50.297035],[19.609217,50.29611],[19.60886,50.293976],[19.608308,50.292717],[19.607733,50.291758],[19.605094,50.288444],[19.604521,50.287435],[19.604136,50.28635],[19.603719,50.283697],[19.60333,50.282667],[19.602946,50.282012],[19.59928,50.2768],[19.595969,50.273707],[19.593888,50.270934],[19.592176,50.271392],[19.589507,50.271982],[19.589703,50.272258],[19.589594,50.272299],[19.589113,50.272211],[19.588481,50.272347],[19.589113,50.272211],[19.589594,50.272299],[19.589703,50.272258],[19.589507,50.271982],[19.586268,50.272744],[19.584846,50.273352],[19.583695,50.274172],[19.582812,50.274093],[19.578888,50.274241],[19.575788,50.274849],[19.573323,50.27508],[19.570352,50.276093],[19.567134,50.276587],[19.565657,50.277083],[19.563515,50.277635],[19.563418,50.277344],[19.561917,50.277524],[19.56085,50.271332],[19.561287,50.271244],[19.56605,50.269623],[19.567056,50.269618],[19.569846,50.269777],[19.572997,50.27012],[19.573622,50.269031],[19.573557,50.267671],[19.574203,50.265948],[19.572818,50.265668],[19.569297,50.265919],[19.568987,50.266017],[19.567115,50.267454],[19.566822,50.26712],[19.566647,50.267176]]},"properties":{"line":"BP","dir":"Olkusz E. Orzeszkowej","mode":"bus"}},{"type":"Feature","geometry":{"type":"LineString","coordinates":[[19.66866,50.30652],[19.668861,50.306413],[19.668489,50.306027],[19.66785,50.305662],[19.667571,50.305608],[19.664347,50.305697],[19.664173,50.305838],[19.664324,50.306248],[19.664057,50.306645],[19.663769,50.307905],[19.662628,50.307846],[19.661889,50.307892],[19.660803,50.308091],[19.657196,50.308203],[19.656191,50.307908],[19.654958,50.307184],[19.652552,50.306395],[19.651554,50.305813],[19.649376,50.304764],[19.64708,50.303207],[19.646327,50.302841],[19.644643,50.302759],[19.641677,50.302453],[19.633933,50.301506],[19.631866,50.301383],[19.629651,50.301083],[19.624177,50.301196],[19.623718,50.301264],[19.614663,50.303178],[19.61114,50.304624],[19.613109,50.304938],[19.614239,50.305024],[19.616943,50.304594],[19.618084,50.304632],[19.618815,50.304768],[19.62139,50.305535],[19.621823,50.305846],[19.622535,50.306808],[19.634886,50.317554],[19.638614,50.319721],[19.638829,50.319707],[19.638614,50.319721],[19.647023,50.324314],[19.647327,50.324501],[19.648625,50.325701],[19.650481,50.3276],[19.650591,50.327983],[19.650418,50.328435],[19.64975,50.329169],[19.648977,50.33029],[19.647202,50.332516],[19.645826,50.333604],[19.645303,50.334438],[19.643223,50.335624],[19.63674,50.333072],[19.630346,50.328067],[19.628002,50.326858],[19.627152,50.326325],[19.62552,50.324802],[19.61923,50.320343],[19.606609,50.310126],[19.60586,50.309462],[19.605087,50.308415],[19.604812,50.308282],[19.604928,50.308002],[19.604815,50.306882],[19.605002,50.306076],[19.608174,50.300119],[19.608892,50.298393],[19.609162,50.297035],[19.609217,50.29611],[19.60886,50.293976],[19.608308,50.292717],[19.607733,50.291758],[19.605094,50.288444],[19.604521,50.287435],[19.604136,50.28635],[19.603719,50.283697],[19.60333,50.282667],[19.602946,50.282012],[19.59928,50.2768],[19.595969,50.273707],[19.593888,50.270934],[19.592176,50.271392],[19.589507,50.271982],[19.589703,50.272258],[19.589594,50.272299],[19.589113,50.272211],[19.588481,50.272347],[19.589113,50.272211],[19.589594,50.272299],[19.589703,50.272258],[19.589507,50.271982],[19.586268,50.272744],[19.584846,50.273352],[19.583695,50.274172],[19.582812,50.274093],[19.578888,50.274241],[19.575788,50.274849],[19.573323,50.27508],[19.570352,50.276093],[19.567134,50.276587],[19.564823,50.277321],[19.563752,50.277552],[19.562346,50.278146],[19.563294,50.279663],[19.564652,50.280695],[19.565012,50.28082],[19.563296,50.28118],[19.563294,50.280875],[19.563541,50.280809]]},"properties":{"line":"BP","dir":"Olkusz Supersam ZKGKM","mode":"bus"}},{"type":"Feature","geometry":{"type":"LineString","coordinates":[[19.563541,50.280809],[19.563823,50.280749],[19.564288,50.280444],[19.563233,50.279597],[19.562346,50.278146],[19.563752,50.277552],[19.564823,50.277321],[19.567134,50.276587],[19.570352,50.276093],[19.573323,50.27508],[19.575788,50.274849],[19.578888,50.274241],[19.582812,50.274093],[19.583516,50.274146],[19.584574,50.273297],[19.585892,50.272703],[19.592062,50.271297],[19.593803,50.270826],[19.595969,50.273707],[19.59928,50.2768],[19.602946,50.282012],[19.60333,50.282667],[19.603719,50.283697],[19.604136,50.28635],[19.604521,50.287435],[19.605094,50.288444],[19.607733,50.291758],[19.608308,50.292717],[19.60886,50.293976],[19.609217,50.29611],[19.609162,50.297035],[19.608892,50.298393],[19.608174,50.300119],[19.605002,50.306076],[19.604819,50.307143],[19.6049,50.307694],[19.605126,50.307894],[19.605414,50.307936],[19.605608,50.307842],[19.606311,50.306924],[19.607306,50.306196],[19.614663,50.303178],[19.624177,50.301196],[19.629974,50.301105],[19.631866,50.301383],[19.633933,50.301506],[19.641677,50.302453],[19.644643,50.302759],[19.646327,50.302841],[19.64708,50.303207],[19.649376,50.304764],[19.651554,50.305813],[19.652552,50.306395],[19.654958,50.307184],[19.656191,50.307908],[19.657196,50.308203],[19.660803,50.308091],[19.662309,50.307861],[19.664156,50.307941],[19.664722,50.307895],[19.667906,50.306989],[19.668392,50.306793],[19.668381,50.306702],[19.668861,50.306413],[19.668489,50.306027],[19.66785,50.305662],[19.667571,50.305608],[19.664347,50.305697],[19.664173,50.305838],[19.664324,50.306248],[19.664057,50.306645],[19.663769,50.307905],[19.662628,50.307846],[19.661889,50.307892],[19.660803,50.308091],[19.657196,50.308203],[19.656191,50.307908],[19.654958,50.307184],[19.652552,50.306395],[19.651554,50.305813],[19.649376,50.304764],[19.64708,50.303207],[19.646327,50.302841],[19.644643,50.302759],[19.641677,50.302453],[19.633933,50.301506],[19.631866,50.301383],[19.629651,50.301083],[19.624177,50.301196],[19.623718,50.301264],[19.614663,50.303178],[19.61114,50.304624],[19.613109,50.304938],[19.614239,50.305024],[19.616943,50.304594],[19.618084,50.304632],[19.618815,50.304768],[19.62139,50.305535],[19.621823,50.305846],[19.622535,50.306808],[19.634886,50.317554],[19.638614,50.319721],[19.638829,50.319707],[19.638614,50.319721],[19.647023,50.324314],[19.647327,50.324501],[19.648625,50.325701],[19.650481,50.3276],[19.650591,50.327983],[19.650418,50.328435],[19.64975,50.329169],[19.648977,50.33029],[19.647202,50.332516],[19.645826,50.333604],[19.645303,50.334438],[19.643223,50.335624],[19.642633,50.335398]]},"properties":{"line":"BP","dir":"Pazurek","mode":"bus"}},{"type":"Feature","geometry":{"type":"LineString","coordinates":[[19.566647,50.267176],[19.566822,50.26712],[19.567115,50.267454],[19.568987,50.266017],[19.569297,50.265919],[19.572818,50.265668],[19.574203,50.265948],[19.573557,50.267671],[19.573622,50.269031],[19.572997,50.27012],[19.569846,50.269777],[19.567056,50.269618],[19.56605,50.269623],[19.561287,50.271244],[19.56085,50.271332],[19.561172,50.272848],[19.561797,50.277171],[19.561917,50.277524],[19.562346,50.278146],[19.563752,50.277552],[19.565657,50.277083],[19.566735,50.276697],[19.570352,50.276093],[19.573237,50.275095],[19.575788,50.274849],[19.578888,50.274241],[19.582812,50.274093],[19.583516,50.274146],[19.584574,50.273297],[19.585892,50.272703],[19.592062,50.271297],[19.593803,50.270826],[19.595969,50.273707],[19.59928,50.2768],[19.602946,50.282012],[19.60333,50.282667],[19.603719,50.283697],[19.604136,50.28635],[19.604521,50.287435],[19.605094,50.288444],[19.607733,50.291758],[19.608308,50.292717],[19.60886,50.293976],[19.609217,50.29611],[19.609162,50.297035],[19.608892,50.298393],[19.608174,50.300119],[19.605002,50.306076],[19.604815,50.306882],[19.6049,50.307694],[19.605216,50.307929],[19.605514,50.307904],[19.60576,50.307722],[19.606311,50.306924],[19.607306,50.306196],[19.61114,50.304624],[19.613109,50.304938],[19.614239,50.305024],[19.616943,50.304594],[19.618084,50.304632],[19.618815,50.304768],[19.621087,50.305414],[19.621646,50.305691],[19.622535,50.306808],[19.629812,50.313149]]},"properties":{"line":"BP","dir":"Podlesie II","mode":"bus"}},{"type":"Feature","geometry":{"type":"LineString","coordinates":[[19.563541,50.280809],[19.563823,50.280749],[19.564288,50.280444],[19.563233,50.279597],[19.562346,50.278146],[19.563752,50.277552],[19.564823,50.277321],[19.567134,50.276587],[19.570352,50.276093],[19.573323,50.27508],[19.575788,50.274849],[19.578888,50.274241],[19.582812,50.274093],[19.583516,50.274146],[19.584271,50.273497],[19.585408,50.272883],[19.586475,50.272536],[19.589451,50.271877],[19.588799,50.270872],[19.588191,50.270543],[19.587821,50.270459],[19.582295,50.270509],[19.579105,50.269672],[19.578587,50.269607],[19.577865,50.269646],[19.573948,50.270174],[19.572997,50.27012],[19.573622,50.269031],[19.573557,50.267671],[19.576663,50.259747],[19.576807,50.256032],[19.576677,50.25372],[19.576351,50.251355],[19.576721,50.249718],[19.578598,50.247337],[19.5789,50.246753],[19.579336,50.243287],[19.580338,50.241757],[19.580391,50.238735],[19.580763,50.235095],[19.58102,50.233934],[19.58188,50.231684],[19.583832,50.229417],[19.585359,50.227355],[19.586452,50.226178],[19.587209,50.222611],[19.587548,50.22175],[19.587906,50.221053],[19.589539,50.21896],[19.593685,50.216012],[19.595198,50.21557],[19.596139,50.215088],[19.597563,50.213987],[19.600607,50.211879],[19.600351,50.210507],[19.600462,50.208961],[19.599935,50.208011],[19.599672,50.207887],[19.597848,50.207638],[19.59715,50.207225],[19.596459,50.207102],[19.595255,50.207117],[19.593848,50.207704],[19.595255,50.207117],[19.594959,50.206435],[19.595481,50.205625],[19.593594,50.205],[19.592857,50.204828],[19.596487,50.205883],[19.597782,50.206364],[19.603029,50.206693],[19.604222,50.207132],[19.604678,50.207491],[19.606361,50.207985],[19.609795,50.208334],[19.611273,50.208714],[19.613788,50.208069],[19.618201,50.207639],[19.626114,50.206524],[19.628136,50.206274],[19.629311,50.206294],[19.633487,50.206058],[19.635411,50.205854],[19.636151,50.205606]]},"properties":{"line":"G","dir":"Gorenice Pętla","mode":"bus"}},{"type":"Feature","geometry":{"type":"LineString","coordinates":[[19.636151,50.205606],[19.635411,50.205854],[19.633487,50.206058],[19.629311,50.206294],[19.628136,50.206274],[19.626114,50.206524],[19.618215,50.207637],[19.613788,50.208069],[19.611273,50.208714],[19.609795,50.208334],[19.606361,50.207985],[19.604678,50.207491],[19.604222,50.207132],[19.602903,50.206676],[19.602427,50.207829],[19.602194,50.208122],[19.601398,50.208442],[19.600462,50.208961],[19.600351,50.210507],[19.600623,50.211692],[19.600561,50.211959],[19.597563,50.213987],[19.596139,50.215088],[19.595198,50.21557],[19.593685,50.216012],[19.589539,50.21896],[19.587906,50.221053],[19.587548,50.22175],[19.587209,50.222611],[19.586452,50.226178],[19.585359,50.227355],[19.583832,50.229417],[19.582047,50.231424],[19.58102,50.233934],[19.580763,50.235095],[19.580391,50.238735],[19.580338,50.241757],[19.579336,50.243287],[19.5789,50.246753],[19.578598,50.247337],[19.576721,50.249718],[19.576351,50.251355],[19.576677,50.25372],[19.576807,50.256032],[19.576663,50.259747],[19.573557,50.267671],[19.573622,50.269031],[19.572997,50.27012],[19.573948,50.270174],[19.577772,50.269655],[19.578587,50.269607],[19.57919,50.269691],[19.582295,50.270509],[19.587821,50.270459],[19.588191,50.270543],[19.588799,50.270872],[19.589703,50.272258],[19.589474,50.272318],[19.589113,50.272211],[19.588481,50.272347],[19.589113,50.272211],[19.589594,50.272299],[19.589703,50.272258],[19.589507,50.271982],[19.586268,50.272744],[19.584846,50.273352],[19.583695,50.274172],[19.582812,50.274093],[19.578888,50.274241],[19.575788,50.274849],[19.573323,50.27508],[19.570352,50.276093],[19.567134,50.276587],[19.564823,50.277321],[19.563752,50.277552],[19.562346,50.278146],[19.563294,50.279663],[19.564652,50.280695],[19.565012,50.28082],[19.563296,50.28118],[19.563294,50.280875],[19.563541,50.280809]]},"properties":{"line":"G","dir":"Olkusz Supersam ZKGKM","mode":"bus"}},{"type":"Feature","geometry":{"type":"LineString","coordinates":[[19.563541,50.280809],[19.563823,50.280749],[19.564288,50.280444],[19.563233,50.279597],[19.562346,50.278146],[19.563752,50.277552],[19.564823,50.277321],[19.567134,50.276587],[19.570352,50.276093],[19.573323,50.27508],[19.575788,50.274849],[19.578888,50.274241],[19.582812,50.274093],[19.583516,50.274146],[19.584271,50.273497],[19.585408,50.272883],[19.586475,50.272536],[19.589451,50.271877],[19.588799,50.270872],[19.588191,50.270543],[19.587821,50.270459],[19.582295,50.270509],[19.579105,50.269672],[19.578587,50.269607],[19.577865,50.269646],[19.573948,50.270174],[19.572997,50.27012],[19.573622,50.269031],[19.573557,50.267671],[19.576663,50.259747],[19.576807,50.256032],[19.576677,50.25372],[19.576345,50.251591],[19.576651,50.249853],[19.578761,50.24708],[19.578975,50.246385],[19.579336,50.243287],[19.580089,50.242174]]},"properties":{"line":"G","dir":"Witeradów IV","mode":"bus"}},{"type":"Feature","geometry":{"type":"LineString","coordinates":[[19.562894,50.260759],[19.562903,50.260415],[19.563139,50.260397],[19.563125,50.260196],[19.563556,50.260195],[19.568761,50.260494],[19.572058,50.260528],[19.57283,50.260628],[19.574001,50.26092],[19.57369,50.261286],[19.573715,50.262189],[19.573186,50.263522],[19.573359,50.265772],[19.574203,50.265948],[19.577533,50.266375],[19.580655,50.267951],[19.580455,50.268145],[19.579525,50.26978],[19.578923,50.269643],[19.578197,50.269612],[19.573769,50.270183],[19.569846,50.269777],[19.567056,50.269618],[19.56605,50.269623],[19.561287,50.271244],[19.56085,50.271332],[19.561172,50.272848],[19.561797,50.277171],[19.561917,50.277524],[19.562346,50.278146],[19.563752,50.277552],[19.564823,50.277321],[19.567134,50.276587],[19.570352,50.276093],[19.573323,50.27508],[19.573387,50.274906],[19.573941,50.274829],[19.573986,50.274629]]},"properties":{"line":"M","dir":"Olkusz Dworzec PKS","mode":"bus"}},{"type":"Feature","geometry":{"type":"LineString","coordinates":[[19.573986,50.274629],[19.57347,50.27478],[19.573323,50.27508],[19.570352,50.276093],[19.567134,50.276587],[19.564823,50.277321],[19.563752,50.277552],[19.562346,50.278146],[19.563294,50.279663],[19.564652,50.280695],[19.565012,50.28082],[19.563296,50.28118],[19.563294,50.280875],[19.563823,50.280749],[19.564288,50.280444],[19.563233,50.279597],[19.561867,50.277421],[19.56085,50.271332],[19.561287,50.271244],[19.56605,50.269623],[19.567056,50.269618],[19.569846,50.269777],[19.573769,50.270183],[19.578197,50.269612],[19.578923,50.269643],[19.579525,50.26978],[19.580455,50.268145],[19.580655,50.267951],[19.577533,50.266375],[19.574203,50.265948],[19.573359,50.265772],[19.573186,50.263522],[19.573715,50.262189],[19.57369,50.261286],[19.574001,50.26092],[19.57283,50.260628],[19.572058,50.260528],[19.568761,50.260494],[19.563556,50.260195],[19.563125,50.260196],[19.563139,50.260397],[19.562903,50.260415],[19.562894,50.260759]]},"properties":{"line":"M","dir":"Olkusz Os. Młodych Pętla","mode":"bus"}},{"type":"Feature","geometry":{"type":"LineString","coordinates":[[19.562894,50.260759],[19.562903,50.260415],[19.563139,50.260397],[19.563125,50.260196],[19.568761,50.260494],[19.572058,50.260528],[19.573209,50.260706],[19.575999,50.261497],[19.574203,50.265948],[19.572818,50.265668],[19.569132,50.265951],[19.567115,50.267454],[19.566822,50.26712],[19.566596,50.267214],[19.566619,50.267321],[19.567007,50.267538],[19.566218,50.268175],[19.566003,50.268489],[19.5659,50.269062],[19.56605,50.269623],[19.567056,50.269618],[19.569846,50.269777],[19.573769,50.270183],[19.577772,50.269655],[19.578587,50.269607],[19.57919,50.269691],[19.582295,50.270509],[19.587821,50.270459],[19.588191,50.270543],[19.588799,50.270872],[19.589703,50.272258],[19.589474,50.272318],[19.589113,50.272211],[19.588481,50.272347],[19.589113,50.272211],[19.589594,50.272299],[19.589703,50.272258],[19.589507,50.271982],[19.586268,50.272744],[19.584846,50.273352],[19.583695,50.274172],[19.582812,50.274093],[19.578888,50.274241],[19.575788,50.274849],[19.573237,50.275095],[19.570352,50.276093],[19.567134,50.276587],[19.564823,50.277321],[19.563752,50.277552],[19.562346,50.278146],[19.563294,50.279663],[19.558022,50.280677],[19.556946,50.278181],[19.552334,50.27877],[19.552972,50.280249],[19.552799,50.280291],[19.552209,50.280716],[19.551147,50.28072],[19.550751,50.280522],[19.54673,50.283533],[19.547216,50.283909]]},"properties":{"line":"PS","dir":"Olkusz Cmentarz","mode":"bus"}},{"type":"Feature","geometry":{"type":"LineString","coordinates":[[19.547216,50.283909],[19.548239,50.284479],[19.549393,50.284039],[19.550432,50.283791],[19.555586,50.2832],[19.556998,50.282964],[19.557339,50.282349],[19.55798,50.28049],[19.55704,50.27831],[19.556946,50.278181],[19.554299,50.278517],[19.556946,50.278181],[19.55704,50.27831],[19.557665,50.278238],[19.561917,50.277524],[19.562346,50.278146],[19.563752,50.277552],[19.565657,50.277083],[19.566735,50.276697],[19.570352,50.276093],[19.573237,50.275095],[19.575788,50.274849],[19.578888,50.274241],[19.582812,50.274093],[19.583516,50.274146],[19.584271,50.273497],[19.585408,50.272883],[19.586475,50.272536],[19.589451,50.271877],[19.588799,50.270872],[19.588191,50.270543],[19.587821,50.270459],[19.582295,50.270509],[19.579105,50.269672],[19.578587,50.269607],[19.577865,50.269646],[19.573769,50.270183],[19.569846,50.269777],[19.567056,50.269618],[19.56605,50.269623],[19.5659,50.269062],[19.566003,50.268489],[19.566422,50.267985],[19.567115,50.267454],[19.566822,50.26712],[19.566647,50.267176],[19.566822,50.26712],[19.567115,50.267454],[19.569132,50.265951],[19.572818,50.265668],[19.574203,50.265948],[19.575999,50.261497],[19.573209,50.260706],[19.572058,50.260528],[19.568761,50.260494],[19.563125,50.260196],[19.563139,50.260397],[19.562903,50.260415],[19.562894,50.260759]]},"properties":{"line":"PS","dir":"Olkusz Os. Młodych Pętla","mode":"bus"}},{"type":"Feature","geometry":{"type":"LineString","coordinates":[[19.562894,50.260759],[19.562903,50.260415],[19.563139,50.260397],[19.563125,50.260196],[19.568761,50.260494],[19.572058,50.260528],[19.573209,50.260706],[19.575999,50.261497],[19.574203,50.265948],[19.572818,50.265668],[19.569132,50.265951],[19.567115,50.267454],[19.566822,50.26712],[19.566596,50.267214],[19.566619,50.267321],[19.567007,50.267538],[19.566218,50.268175],[19.566003,50.268489],[19.5659,50.269062],[19.56605,50.269623],[19.567056,50.269618],[19.569846,50.269777],[19.573769,50.270183],[19.577772,50.269655],[19.578587,50.269607],[19.57919,50.269691],[19.582295,50.270509],[19.587821,50.270459],[19.588191,50.270543],[19.588799,50.270872],[19.589703,50.272258],[19.589474,50.272318],[19.589113,50.272211],[19.588481,50.272347],[19.589113,50.272211],[19.589594,50.272299],[19.589703,50.272258],[19.589507,50.271982],[19.586268,50.272744],[19.584846,50.273352],[19.583695,50.274172],[19.582812,50.274093],[19.578888,50.274241],[19.575788,50.274849],[19.573323,50.27508],[19.570352,50.276093],[19.567134,50.276587],[19.564823,50.277321],[19.563752,50.277552],[19.562346,50.278146],[19.563294,50.279663],[19.564652,50.280695],[19.565012,50.28082],[19.563296,50.28118],[19.563294,50.280875],[19.563823,50.280749],[19.564288,50.280444],[19.564652,50.280695],[19.565012,50.28082],[19.562374,50.281371],[19.557167,50.282918],[19.557122,50.283047],[19.556956,50.283086],[19.556998,50.282964],[19.555586,50.2832],[19.551004,50.283703],[19.549393,50.284039],[19.547947,50.284593],[19.543943,50.286783],[19.542999,50.287162],[19.542189,50.28739],[19.540411,50.287652],[19.537178,50.28756],[19.537107,50.285501]]},"properties":{"line":"PSK","dir":"Olkusz Kopalnia Pomorzany","mode":"bus"}},{"type":"Feature","geometry":{"type":"LineString","coordinates":[[19.537107,50.285501],[19.537178,50.28756],[19.540411,50.287652],[19.54189,50.287454],[19.542693,50.287262],[19.543943,50.286783],[19.547947,50.284593],[19.549852,50.283862],[19.552037,50.283522],[19.553831,50.283392],[19.556765,50.283023],[19.562374,50.281371],[19.564751,50.280875],[19.564652,50.280695],[19.563233,50.279597],[19.562346,50.278146],[19.563752,50.277552],[19.564823,50.277321],[19.567134,50.276587],[19.570352,50.276093],[19.573323,50.27508],[19.575788,50.274849],[19.578888,50.274241],[19.582812,50.274093],[19.583516,50.274146],[19.584271,50.273497],[19.585408,50.272883],[19.586475,50.272536],[19.589451,50.271877],[19.588799,50.270872],[19.588191,50.270543],[19.587821,50.270459],[19.582295,50.270509],[19.579105,50.269672],[19.578587,50.269607],[19.577865,50.269646],[19.573769,50.270183],[19.569846,50.269777],[19.567056,50.269618],[19.56605,50.269623],[19.5659,50.269062],[19.566003,50.268489],[19.566422,50.267985],[19.567115,50.267454],[19.566822,50.26712],[19.566647,50.267176],[19.566822,50.26712],[19.567115,50.267454],[19.569132,50.265951],[19.572818,50.265668],[19.574203,50.265948],[19.575999,50.261497],[19.573209,50.260706],[19.572058,50.260528],[19.568761,50.260494],[19.563125,50.260196],[19.563139,50.260397],[19.562903,50.260415],[19.562894,50.260759]]},"properties":{"line":"PSK","dir":"Olkusz Os. Młodych Pętla","mode":"bus"}},{"type":"Feature","geometry":{"type":"LineString","coordinates":[[19.58799,50.283734],[19.58829,50.28293],[19.58748,50.28262],[19.58477,50.28226],[19.58185,50.28153],[19.57946,50.2811],[19.578718,50.278552],[19.579095,50.278479],[19.579862,50.277873],[19.58079,50.27837],[19.581098,50.278752],[19.58079,50.27837],[19.579862,50.277873],[19.582516,50.275873],[19.58273,50.275856],[19.58347,50.276248],[19.58371,50.276682],[19.583896,50.277623],[19.584924,50.279093],[19.585687,50.279739],[19.59037,50.27737],[19.590798,50.277044],[19.590924,50.27635],[19.590848,50.276113],[19.585205,50.274456],[19.583066,50.274091],[19.578888,50.274241],[19.575788,50.274849],[19.573323,50.27508],[19.570352,50.276093],[19.567134,50.276587],[19.564823,50.277321],[19.563752,50.277552],[19.562346,50.278146],[19.563294,50.279663],[19.558022,50.280677],[19.556946,50.278181],[19.552334,50.27877],[19.552972,50.280249],[19.552799,50.280291],[19.552209,50.280716],[19.551147,50.28072],[19.550751,50.280522],[19.54673,50.283533],[19.547216,50.283909]]},"properties":{"line":"SŁ","dir":"Olkusz Cmentarz","mode":"bus"}},{"type":"Feature","geometry":{"type":"LineString","coordinates":[[19.58799,50.283734],[19.58829,50.28293],[19.58748,50.28262],[19.58477,50.28226],[19.58185,50.28153],[19.57946,50.2811],[19.578718,50.278552],[19.579095,50.278479],[19.579862,50.277873],[19.58079,50.27837],[19.581098,50.278752],[19.58079,50.27837],[19.579862,50.277873],[19.582516,50.275873],[19.58273,50.275856],[19.58347,50.276248],[19.58371,50.276682],[19.583896,50.277623],[19.584924,50.279093],[19.585687,50.279739],[19.59037,50.27737],[19.590798,50.277044],[19.590924,50.27635],[19.590848,50.276113],[19.585205,50.274456],[19.583066,50.274091],[19.578888,50.274241],[19.575788,50.274849],[19.573237,50.275095],[19.570352,50.276093],[19.567134,50.276587],[19.565657,50.277083],[19.563515,50.277635],[19.562346,50.278146],[19.563294,50.279663],[19.564652,50.280695],[19.565012,50.28082],[19.563296,50.28118],[19.563294,50.280875],[19.563823,50.280749],[19.564288,50.280444],[19.563233,50.279597],[19.561867,50.277421],[19.56085,50.271332],[19.561287,50.271244],[19.56605,50.269623],[19.567056,50.269618],[19.569846,50.269777],[19.573769,50.270183],[19.578197,50.269612],[19.578923,50.269643],[19.579525,50.26978],[19.580455,50.268145],[19.580655,50.267951],[19.577533,50.266375],[19.574203,50.265948],[19.572818,50.265668],[19.569132,50.265951],[19.567115,50.267454],[19.566822,50.26712],[19.566647,50.267176]]},"properties":{"line":"SŁ","dir":"Olkusz E. Orzeszkowej","mode":"bus"}},{"type":"Feature","geometry":{"type":"LineString","coordinates":[[19.566647,50.267176],[19.566822,50.26712],[19.567115,50.267454],[19.569132,50.265951],[19.572818,50.265668],[19.574203,50.265948],[19.577533,50.266375],[19.580655,50.267951],[19.580455,50.268145],[19.579525,50.26978],[19.578923,50.269643],[19.578197,50.269612],[19.573769,50.270183],[19.569846,50.269777],[19.567056,50.269618],[19.56605,50.269623],[19.561287,50.271244],[19.56085,50.271332],[19.561172,50.272848],[19.561797,50.277171],[19.561917,50.277524],[19.562346,50.278146],[19.563752,50.277552],[19.565657,50.277083],[19.566735,50.276697],[19.570352,50.276093],[19.573323,50.27508],[19.575788,50.274849],[19.578888,50.274241],[19.583066,50.274091],[19.585205,50.274456],[19.590848,50.276113],[19.590924,50.27635],[19.590862,50.276899],[19.59066,50.277204],[19.585687,50.279739],[19.584924,50.279093],[19.583896,50.277623],[19.58371,50.276682],[19.58347,50.276248],[19.58273,50.275856],[19.582593,50.275852],[19.581423,50.276691],[19.582593,50.275852],[19.583384,50.276183],[19.58371,50.276682],[19.583896,50.277623],[19.584354,50.278248],[19.583404,50.278751],[19.58219,50.2788],[19.581856,50.27867],[19.581188,50.278875],[19.58158,50.27994],[19.5792,50.28026],[19.579922,50.282445],[19.581129,50.284809],[19.58242,50.28438],[19.58366,50.28422],[19.58779,50.28427],[19.58799,50.283734]]},"properties":{"line":"SŁ","dir":"Olkusz Jasna II","mode":"bus"}},{"type":"Feature","geometry":{"type":"LineString","coordinates":[[19.579779,50.282042],[19.580447,50.283599],[19.581129,50.284809],[19.58242,50.28438],[19.58366,50.28422],[19.58779,50.28427],[19.58829,50.28293],[19.58748,50.28262],[19.58477,50.28226],[19.58185,50.28153],[19.57946,50.2811],[19.57868,50.27862],[19.578718,50.278552],[19.579095,50.278479],[19.579862,50.277873],[19.58079,50.27837],[19.581098,50.278752],[19.58079,50.27837],[19.579862,50.277873],[19.582453,50.275902],[19.58273,50.275856],[19.58347,50.276248],[19.58371,50.276682],[19.583896,50.277623],[19.584924,50.279093],[19.585687,50.279739],[19.59066,50.277204],[19.590862,50.276899],[19.590924,50.27635],[19.590848,50.276113],[19.585205,50.274456],[19.583066,50.274091],[19.578888,50.274241],[19.575788,50.274849],[19.573323,50.27508],[19.570352,50.276093],[19.566735,50.276697],[19.565657,50.277083],[19.563752,50.277552],[19.562346,50.278146],[19.563294,50.279663],[19.564652,50.280695],[19.565012,50.28082],[19.563296,50.28118],[19.563294,50.280875],[19.563744,50.280766]]},"properties":{"line":"SŁ","dir":"Olkusz Supersam ZKG KM","mode":"bus"}},{"type":"Feature","geometry":{"type":"LineString","coordinates":[[19.684489,50.258272],[19.684174,50.258146],[19.682418,50.258203],[19.675929,50.259261],[19.675911,50.259398],[19.675929,50.259261],[19.669283,50.260382],[19.668682,50.260537],[19.667275,50.271077],[19.661571,50.27164],[19.644679,50.271641],[19.639339,50.272079],[19.637345,50.271601],[19.636756,50.271522],[19.629083,50.271041],[19.625744,50.270058],[19.625112,50.271609],[19.62519,50.272028],[19.625487,50.272443],[19.626418,50.272801],[19.627925,50.273095],[19.628932,50.273911],[19.629075,50.273898],[19.628863,50.273882],[19.627925,50.273095],[19.626418,50.272801],[19.625487,50.272443],[19.62519,50.272028],[19.625112,50.271609],[19.625744,50.270058],[19.624658,50.269715],[19.622695,50.268536],[19.621867,50.268245],[19.613126,50.267256],[19.612222,50.267206],[19.610886,50.267573],[19.606857,50.268265],[19.60687,50.268678],[19.606905,50.268417],[19.602424,50.274565],[19.60383,50.274509],[19.605012,50.274671],[19.605671,50.274681],[19.605371,50.276662],[19.605389,50.27712],[19.606244,50.280292],[19.60661,50.280955],[19.606508,50.282829],[19.606031,50.282877],[19.60415,50.282641],[19.60333,50.282667],[19.59928,50.2768],[19.595969,50.273707],[19.593888,50.270934],[19.592176,50.271392],[19.589507,50.271982],[19.589703,50.272258],[19.589594,50.272299],[19.589113,50.272211],[19.588481,50.272347],[19.589113,50.272211],[19.589594,50.272299],[19.589703,50.272258],[19.589507,50.271982],[19.586268,50.272744],[19.584846,50.273352],[19.583695,50.274172],[19.582812,50.274093],[19.578888,50.274241],[19.575788,50.274849],[19.573323,50.27508],[19.570352,50.276093],[19.567134,50.276587],[19.564823,50.277321],[19.563752,50.277552],[19.562346,50.278146],[19.563294,50.279663],[19.564652,50.280695],[19.565012,50.28082],[19.563296,50.28118],[19.563294,50.280875],[19.563744,50.280766]]},"properties":{"line":"WK","dir":"Olkusz Supersam ZKG KM","mode":"bus"}},{"type":"Feature","geometry":{"type":"LineString","coordinates":[[19.684489,50.258272],[19.684174,50.258146],[19.682418,50.258203],[19.675929,50.259261],[19.675911,50.259398],[19.675929,50.259261],[19.669283,50.260382],[19.668682,50.260537],[19.667275,50.271077],[19.661571,50.27164],[19.644679,50.271641],[19.639339,50.272079],[19.637345,50.271601],[19.636756,50.271522],[19.629083,50.271041],[19.625744,50.270058],[19.625112,50.271609],[19.62519,50.272028],[19.625487,50.272443],[19.626418,50.272801],[19.627925,50.273095],[19.628932,50.273911],[19.629075,50.273898],[19.628863,50.273882],[19.627925,50.273095],[19.626418,50.272801],[19.625487,50.272443],[19.62519,50.272028],[19.625112,50.271609],[19.625744,50.270058],[19.624658,50.269715],[19.622695,50.268536],[19.621867,50.268245],[19.613126,50.267256],[19.612222,50.267206],[19.610886,50.267573],[19.606857,50.268265],[19.60687,50.268678]]},"properties":{"line":"WK","dir":"Sieniczno Orzechówka","mode":"bus"}},{"type":"Feature","geometry":{"type":"LineString","coordinates":[[19.563541,50.280809],[19.563823,50.280749],[19.564288,50.280444],[19.563233,50.279597],[19.562346,50.278146],[19.563752,50.277552],[19.564823,50.277321],[19.567134,50.276587],[19.570352,50.276093],[19.573323,50.27508],[19.575788,50.274849],[19.578888,50.274241],[19.582812,50.274093],[19.583516,50.274146],[19.584574,50.273297],[19.585892,50.272703],[19.592062,50.271297],[19.593803,50.270826],[19.595969,50.273707],[19.59928,50.2768],[19.60333,50.282667],[19.60415,50.282641],[19.606031,50.282877],[19.606508,50.282829],[19.60661,50.280955],[19.606244,50.280292],[19.605434,50.277568],[19.605371,50.276662],[19.605671,50.274681],[19.605012,50.274671],[19.60383,50.274509],[19.602424,50.274565],[19.606905,50.268417],[19.606857,50.268265],[19.610886,50.267573],[19.612873,50.267006],[19.613126,50.267256],[19.621867,50.268245],[19.622695,50.268536],[19.624658,50.269715],[19.625744,50.270058],[19.625112,50.271609],[19.62519,50.272028],[19.625487,50.272443],[19.626418,50.272801],[19.627925,50.273095],[19.628932,50.273911],[19.631574,50.27331],[19.632701,50.273135],[19.635038,50.272569],[19.636764,50.272271],[19.637922,50.272167],[19.638106,50.271803],[19.638973,50.272036],[19.639558,50.272078],[19.644679,50.271641],[19.661571,50.27164],[19.667275,50.271077],[19.668682,50.260537],[19.669283,50.260382],[19.675984,50.259251],[19.675996,50.259049],[19.675984,50.259251],[19.682418,50.258203],[19.684174,50.258146],[19.684489,50.258272]]},"properties":{"line":"WK","dir":"Zadole Kosmolowskie Pętla","mode":"bus"}},{"type":"Feature","geometry":{"type":"LineString","coordinates":[[19.563541,50.280809],[19.563823,50.280749],[19.564288,50.280444],[19.563233,50.279597],[19.562346,50.278146],[19.563752,50.277552],[19.564823,50.277321],[19.567134,50.276587],[19.570352,50.276093],[19.573323,50.27508],[19.575788,50.274849],[19.578888,50.274241],[19.582812,50.274093],[19.583516,50.274146],[19.584271,50.273497],[19.585408,50.272883],[19.586475,50.272536],[19.589451,50.271877],[19.588911,50.270982],[19.588191,50.270543],[19.587418,50.270432],[19.582645,50.270534],[19.581863,50.270439],[19.579525,50.26978],[19.579967,50.269003],[19.579525,50.26978],[19.581863,50.270439],[19.582645,50.270534],[19.587418,50.270432],[19.588191,50.270543],[19.588911,50.270982],[19.589451,50.271877],[19.592062,50.271297],[19.593803,50.270826],[19.593441,50.270333],[19.592588,50.269555],[19.588873,50.267597],[19.586723,50.266092],[19.585581,50.26511],[19.588134,50.263678],[19.591327,50.261553],[19.593789,50.260157],[19.594479,50.259709],[19.594393,50.259675],[19.594479,50.259709],[19.598143,50.257309],[19.598288,50.256792],[19.599987,50.243578],[19.607103,50.243893],[19.607129,50.24374],[19.607453,50.243771],[19.607129,50.24374],[19.607103,50.243893],[19.608121,50.24402],[19.608916,50.244209],[19.623606,50.248854],[19.625058,50.249232],[19.625299,50.249088],[19.625928,50.248204],[19.627422,50.247714],[19.628853,50.247403],[19.631537,50.247324],[19.635758,50.247031],[19.645208,50.247366],[19.646454,50.247501],[19.650887,50.247735],[19.66866,50.246557],[19.669142,50.246583],[19.669362,50.246693],[19.663163,50.249705],[19.661683,50.250253],[19.657751,50.251316],[19.657804,50.251391],[19.657975,50.251346],[19.657804,50.251391],[19.657751,50.251316],[19.644934,50.254784]]},"properties":{"line":"ZP","dir":"Kogutek Zadole Kosmolowskie","mode":"bus"}},{"type":"Feature","geometry":{"type":"LineString","coordinates":[[19.644934,50.254784],[19.658913,50.251003],[19.658888,50.250949],[19.658635,50.251016],[19.658888,50.250949],[19.658913,50.251003],[19.661683,50.250253],[19.663163,50.249705],[19.669362,50.246693],[19.669142,50.246583],[19.66866,50.246557],[19.650887,50.247735],[19.646454,50.247501],[19.645208,50.247366],[19.635758,50.247031],[19.631537,50.247324],[19.628853,50.247403],[19.627422,50.247714],[19.625928,50.248204],[19.625299,50.249088],[19.625058,50.249232],[19.623635,50.248863],[19.608916,50.244209],[19.608121,50.24402],[19.607292,50.24391],[19.607273,50.243993],[19.607292,50.24391],[19.606421,50.243851],[19.599987,50.243578],[19.602706,50.222258],[19.602732,50.220912],[19.603009,50.219886],[19.602732,50.220912],[19.602706,50.222258],[19.601589,50.231244],[19.599704,50.245265],[19.599955,50.245276],[19.599965,50.245201],[19.599955,50.245276],[19.599704,50.245265],[19.598288,50.256792],[19.598143,50.257309],[19.593789,50.260157],[19.591327,50.261553],[19.588134,50.263678],[19.586243,50.264748],[19.585655,50.265172],[19.584014,50.263803],[19.582848,50.263116],[19.582154,50.262813],[19.580575,50.262336],[19.575999,50.261497],[19.574203,50.265948],[19.577533,50.266375],[19.57848,50.266844],[19.577533,50.266375],[19.574203,50.265948],[19.573557,50.267671],[19.573622,50.269031],[19.572997,50.27012],[19.573948,50.270174],[19.577772,50.269655],[19.578587,50.269607],[19.57919,50.269691],[19.582295,50.270509],[19.587821,50.270459],[19.588191,50.270543],[19.588799,50.270872],[19.589703,50.272258],[19.589474,50.272318],[19.589113,50.272211],[19.588481,50.272347],[19.589113,50.272211],[19.589594,50.272299],[19.589703,50.272258],[19.589507,50.271982],[19.586268,50.272744],[19.584846,50.273352],[19.583695,50.274172],[19.582812,50.274093],[19.578888,50.274241],[19.575788,50.274849],[19.573323,50.27508],[19.570352,50.276093],[19.567134,50.276587],[19.564823,50.277321],[19.563752,50.277552],[19.562346,50.278146],[19.563294,50.279663],[19.564652,50.280695],[19.565012,50.28082],[19.563296,50.28118],[19.563294,50.280875],[19.563541,50.280809]]},"properties":{"line":"ZP","dir":"Olkusz Supersam ZKGKM","mode":"bus"}},{"type":"Feature","geometry":{"type":"LineString","coordinates":[[19.563541,50.280809],[19.563823,50.280749],[19.564288,50.280444],[19.563233,50.279597],[19.562346,50.278146],[19.563752,50.277552],[19.564823,50.277321],[19.567134,50.276587],[19.570352,50.276093],[19.573323,50.27508],[19.575788,50.274849],[19.578888,50.274241],[19.582812,50.274093],[19.583516,50.274146],[19.584271,50.273497],[19.585408,50.272883],[19.586475,50.272536],[19.589451,50.271877],[19.588911,50.270982],[19.588191,50.270543],[19.587418,50.270432],[19.582645,50.270534],[19.581863,50.270439],[19.579525,50.26978],[19.579967,50.269003],[19.579525,50.26978],[19.581863,50.270439],[19.582645,50.270534],[19.587418,50.270432],[19.588191,50.270543],[19.588911,50.270982],[19.589451,50.271877],[19.592062,50.271297],[19.593803,50.270826],[19.593441,50.270333],[19.592588,50.269555],[19.588873,50.267597],[19.586723,50.266092],[19.585581,50.26511],[19.588134,50.263678],[19.591327,50.261553],[19.593789,50.260157],[19.594479,50.259709],[19.594393,50.259675],[19.594479,50.259709],[19.597973,50.257431],[19.598143,50.257309],[19.598246,50.257061],[19.602706,50.222258],[19.602732,50.220912],[19.603009,50.219886],[19.602732,50.220912],[19.602706,50.222258],[19.599987,50.243578],[19.607103,50.243893],[19.607129,50.24374],[19.607453,50.243771],[19.607129,50.24374],[19.607103,50.243893],[19.608121,50.24402],[19.608916,50.244209],[19.623606,50.248854],[19.625058,50.249232],[19.625299,50.249088],[19.625928,50.248204],[19.627534,50.247633],[19.628824,50.246527],[19.631717,50.243702],[19.634996,50.237366],[19.636083,50.235089],[19.635866,50.235049],[19.636083,50.235089],[19.637103,50.232707],[19.638248,50.231633],[19.638321,50.230737],[19.638778,50.229906],[19.639088,50.228739],[19.638891,50.228724],[19.639088,50.228739],[19.640729,50.222629],[19.64117,50.221636],[19.640646,50.220603],[19.640235,50.22001],[19.639788,50.219567],[19.637252,50.217884],[19.639788,50.219567],[19.640235,50.22001],[19.640646,50.220603],[19.64117,50.221636],[19.640714,50.222685],[19.638778,50.229906],[19.638321,50.230737],[19.638248,50.231633],[19.637103,50.232707],[19.634996,50.237366],[19.631717,50.243702],[19.628824,50.246527],[19.627422,50.247714],[19.628853,50.247403],[19.631537,50.247324],[19.635758,50.247031],[19.645208,50.247366],[19.646454,50.247501],[19.650887,50.247735],[19.66866,50.246557],[19.669142,50.246583],[19.669362,50.246693],[19.663163,50.249705],[19.661683,50.250253],[19.657751,50.251316],[19.657804,50.251391],[19.657975,50.251346],[19.657804,50.251391],[19.657751,50.251316],[19.644934,50.254784]]},"properties":{"line":"ZZ","dir":"Kogutek Zadole Kosmolowskie","mode":"bus"}},{"type":"Feature","geometry":{"type":"LineString","coordinates":[[19.644934,50.254784],[19.658913,50.251003],[19.658888,50.250949],[19.658635,50.251016],[19.658888,50.250949],[19.658913,50.251003],[19.661683,50.250253],[19.663163,50.249705],[19.669362,50.246693],[19.669142,50.246583],[19.66866,50.246557],[19.650887,50.247735],[19.646454,50.247501],[19.645208,50.247366],[19.635758,50.247031],[19.631537,50.247324],[19.628853,50.247403],[19.627422,50.247714],[19.628824,50.246527],[19.631717,50.243702],[19.634996,50.237366],[19.636083,50.235089],[19.635866,50.235049],[19.636083,50.235089],[19.637103,50.232707],[19.638248,50.231633],[19.638321,50.230737],[19.638778,50.229906],[19.639088,50.228739],[19.638891,50.228724],[19.639088,50.228739],[19.640729,50.222629],[19.64117,50.221636],[19.640646,50.220603],[19.640235,50.22001],[19.639788,50.219567],[19.637252,50.217884],[19.639788,50.219567],[19.640235,50.22001],[19.640646,50.220603],[19.64117,50.221636],[19.640714,50.222685],[19.638778,50.229906],[19.638321,50.230737],[19.638248,50.231633],[19.637103,50.232707],[19.634996,50.237366],[19.631717,50.243702],[19.628824,50.246527],[19.627534,50.247633],[19.625928,50.248204],[19.625299,50.249088],[19.625058,50.249232],[19.623635,50.248863],[19.608916,50.244209],[19.608121,50.24402],[19.607292,50.24391],[19.607273,50.243993],[19.607292,50.24391],[19.606421,50.243851],[19.599987,50.243578],[19.602706,50.222258],[19.602732,50.220912],[19.603009,50.219886],[19.602732,50.220912],[19.602706,50.222258],[19.601589,50.231244],[19.599704,50.245265],[19.599955,50.245276],[19.599965,50.245201],[19.599955,50.245276],[19.599704,50.245265],[19.598288,50.256792],[19.598143,50.257309],[19.593789,50.260157],[19.591327,50.261553],[19.588134,50.263678],[19.586243,50.264748],[19.585655,50.265172],[19.584014,50.263803],[19.582848,50.263116],[19.582154,50.262813],[19.580575,50.262336],[19.575999,50.261497],[19.574203,50.265948],[19.577533,50.266375],[19.57848,50.266844],[19.577533,50.266375],[19.574203,50.265948],[19.573557,50.267671],[19.573622,50.269031],[19.572997,50.27012],[19.573948,50.270174],[19.577772,50.269655],[19.578587,50.269607],[19.57919,50.269691],[19.582295,50.270509],[19.587821,50.270459],[19.588191,50.270543],[19.588799,50.270872],[19.589703,50.272258],[19.589474,50.272318],[19.589113,50.272211],[19.588481,50.272347],[19.589113,50.272211],[19.589594,50.272299],[19.589703,50.272258],[19.589507,50.271982],[19.586268,50.272744],[19.584846,50.273352],[19.583695,50.274172],[19.582812,50.274093],[19.578888,50.274241],[19.575788,50.274849],[19.573323,50.27508],[19.570352,50.276093],[19.567134,50.276587],[19.564823,50.277321],[19.563752,50.277552],[19.562346,50.278146],[19.563294,50.279663],[19.564652,50.280695],[19.565012,50.28082],[19.563296,50.28118],[19.563294,50.280875],[19.563541,50.280809]]},"properties":{"line":"ZZ","dir":"Olkusz Supersam ZKGKM","mode":"bus"}},{"type":"Feature","geometry":{"type":"LineString","coordinates":[[19.563541,50.280809],[19.563823,50.280749],[19.564288,50.280444],[19.563233,50.279597],[19.562346,50.278146],[19.563752,50.277552],[19.564823,50.277321],[19.567134,50.276587],[19.570352,50.276093],[19.573323,50.27508],[19.575788,50.274849],[19.578888,50.274241],[19.582812,50.274093],[19.583516,50.274146],[19.584271,50.273497],[19.585408,50.272883],[19.586475,50.272536],[19.589451,50.271877],[19.588911,50.270982],[19.588191,50.270543],[19.587418,50.270432],[19.582645,50.270534],[19.581863,50.270439],[19.579525,50.26978],[19.579967,50.269003],[19.579525,50.26978],[19.581863,50.270439],[19.582645,50.270534],[19.587418,50.270432],[19.588191,50.270543],[19.588911,50.270982],[19.589451,50.271877],[19.592062,50.271297],[19.593803,50.270826],[19.593441,50.270333],[19.592588,50.269555],[19.588873,50.267597],[19.586723,50.266092],[19.585581,50.26511],[19.588134,50.263678],[19.591327,50.261553],[19.593789,50.260157],[19.594479,50.259709],[19.594393,50.259675],[19.594479,50.259709],[19.597973,50.257431],[19.598143,50.257309],[19.598246,50.257061],[19.602706,50.222258],[19.602732,50.220912],[19.603009,50.219886],[19.602732,50.220912],[19.602706,50.222258],[19.599987,50.243578],[19.607103,50.243893],[19.607129,50.24374],[19.607453,50.243771],[19.607129,50.24374],[19.607103,50.243893],[19.608121,50.24402],[19.608916,50.244209],[19.623606,50.248854],[19.625058,50.249232],[19.625299,50.249088],[19.625928,50.248204],[19.627534,50.247633],[19.628824,50.246527],[19.631717,50.243702],[19.634996,50.237366],[19.636083,50.235089],[19.635866,50.235049],[19.636083,50.235089],[19.637103,50.232707],[19.638248,50.231633],[19.638321,50.230737],[19.638778,50.229906],[19.639088,50.228739],[19.638891,50.228724],[19.639088,50.228739],[19.640729,50.222629],[19.64117,50.221636],[19.640646,50.220603],[19.640235,50.22001],[19.639788,50.219567],[19.637252,50.217884]]},"properties":{"line":"ZZ","dir":"Zawada Pętla","mode":"bus"}},{"type":"Feature","geometry":{"type":"LineString","coordinates":[[19.539891,50.241188],[19.541385,50.254488],[19.551827,50.253707],[19.553077,50.253405],[19.561205,50.25102],[19.560586,50.25982],[19.560779,50.260209],[19.56054,50.260553],[19.559891,50.268546],[19.558817,50.270181],[19.558754,50.270662],[19.558852,50.270833],[19.56062,50.271124],[19.56085,50.271332],[19.561128,50.271291],[19.565405,50.269797],[19.566353,50.269603],[19.569846,50.269777],[19.573769,50.270183],[19.577772,50.269655],[19.578587,50.269607],[19.57919,50.269691],[19.582295,50.270509],[19.587103,50.270429],[19.587999,50.270488],[19.588535,50.270701],[19.588911,50.270982],[19.589703,50.272258],[19.589474,50.272318],[19.589113,50.272211],[19.588481,50.272347],[19.589113,50.272211],[19.589594,50.272299],[19.589703,50.272258],[19.589507,50.271982],[19.586268,50.272744],[19.584846,50.273352],[19.583695,50.274172],[19.582812,50.274093],[19.578888,50.274241],[19.575788,50.274849],[19.573323,50.27508],[19.573387,50.274906],[19.573941,50.274829],[19.573986,50.274629]]},"properties":{"line":"Ż","dir":"Olkusz Dworzec PKS","mode":"bus"}},{"type":"Feature","geometry":{"type":"LineString","coordinates":[[19.539891,50.241188],[19.541697,50.2573],[19.541915,50.260654],[19.542194,50.262003],[19.542085,50.262745],[19.542279,50.263605],[19.544026,50.265099],[19.544713,50.265447],[19.545062,50.26554],[19.547907,50.265349],[19.55216,50.26951],[19.554872,50.27191],[19.555438,50.272785],[19.558134,50.274972],[19.558762,50.275746],[19.559405,50.276825],[19.559591,50.277913],[19.561917,50.277524],[19.562346,50.278146],[19.563752,50.277552],[19.565657,50.277083],[19.566735,50.276697],[19.570352,50.276093],[19.573323,50.27508],[19.575788,50.274849],[19.578888,50.274241],[19.582812,50.274093],[19.583516,50.274146],[19.584271,50.273497],[19.585408,50.272883],[19.586475,50.272536],[19.589451,50.271877],[19.588799,50.270872],[19.588191,50.270543],[19.587821,50.270459],[19.582295,50.270509],[19.579105,50.269672],[19.578587,50.269607],[19.577865,50.269646],[19.573769,50.270183],[19.569846,50.269777],[19.567056,50.269618],[19.56605,50.269623],[19.5659,50.269062],[19.566003,50.268489],[19.566422,50.267985],[19.567115,50.267454],[19.566822,50.26712],[19.566647,50.267176]]},"properties":{"line":"Ż","dir":"Olkusz E.Orzeszkowej","mode":"bus"}},{"type":"Feature","geometry":{"type":"LineString","coordinates":[[19.539891,50.241188],[19.541697,50.2573],[19.541915,50.260654],[19.542194,50.262003],[19.542085,50.262745],[19.542279,50.263605],[19.544026,50.265099],[19.544529,50.26538],[19.545526,50.265701],[19.546904,50.266346],[19.548512,50.267875],[19.553882,50.272103],[19.554399,50.27236],[19.555128,50.272295],[19.555438,50.272785],[19.557954,50.274807],[19.558762,50.275746],[19.559469,50.27697],[19.559591,50.277913],[19.561917,50.277524],[19.563294,50.279663],[19.564652,50.280695],[19.565012,50.28082],[19.563296,50.28118],[19.563294,50.280875],[19.563541,50.280809]]},"properties":{"line":"Ż","dir":"Olkusz Supersam ZKGKM","mode":"bus"}},{"type":"Feature","geometry":{"type":"LineString","coordinates":[[19.566647,50.267176],[19.566563,50.267273],[19.567007,50.267538],[19.566218,50.268175],[19.566003,50.268489],[19.5659,50.269062],[19.56605,50.269623],[19.567056,50.269618],[19.569846,50.269777],[19.573769,50.270183],[19.577772,50.269655],[19.578587,50.269607],[19.57919,50.269691],[19.582295,50.270509],[19.587821,50.270459],[19.588191,50.270543],[19.588799,50.270872],[19.589703,50.272258],[19.589474,50.272318],[19.589113,50.272211],[19.588481,50.272347],[19.589113,50.272211],[19.589594,50.272299],[19.589703,50.272258],[19.589507,50.271982],[19.586268,50.272744],[19.584846,50.273352],[19.583695,50.274172],[19.582812,50.274093],[19.578888,50.274241],[19.575788,50.274849],[19.573237,50.275095],[19.570352,50.276093],[19.567134,50.276587],[19.564823,50.277321],[19.563752,50.277552],[19.562346,50.278146],[19.563294,50.279663],[19.557945,50.280662],[19.557966,50.280422],[19.55704,50.27831],[19.559591,50.277913],[19.559405,50.276825],[19.558762,50.275746],[19.558134,50.274972],[19.55555,50.272854],[19.554681,50.272468],[19.554755,50.272351],[19.555128,50.272295],[19.554872,50.27191],[19.55216,50.26951],[19.547907,50.265349],[19.545062,50.26554],[19.544713,50.265447],[19.544026,50.265099],[19.542279,50.263605],[19.542085,50.262745],[19.542194,50.262003],[19.541915,50.260654],[19.541688,50.25721],[19.539891,50.241188]]},"properties":{"line":"Ż","dir":"Żurada Pętla","mode":"bus"}}]}