{"type":"FeatureCollection","features":[{"type":"Feature","geometry":{"type":"Point","coordinates":[19.556561,50.208904]},"properties":{"lines":"457","color":"#0059a9","mode":"bus","arr":["457"],"angle":88.4,"mi":2}},{"type":"Feature","geometry":{"type":"Point","coordinates":[19.556827,50.216179]},"properties":{"lines":"457","color":"#0059a9","mode":"bus","arr":["457"],"angle":49.7}},{"type":"Feature","geometry":{"type":"Point","coordinates":[19.558305,50.222889]},"properties":{"lines":"457","color":"#0059a9","mode":"bus","arr":["457"],"angle":-52.1,"mi":1}},{"type":"Feature","geometry":{"type":"Point","coordinates":[19.556891,50.211953]},"properties":{"lines":"457","color":"#0059a9","mode":"bus","arr":["457"],"angle":-77.8,"extra":1,"ei":0}},{"type":"Feature","geometry":{"type":"Point","coordinates":[19.558036,50.213682]},"properties":{"lines":"457","color":"#0059a9","mode":"bus","arr":["457"],"angle":-56.8,"extra":1,"ei":1}},{"type":"Feature","geometry":{"type":"Point","coordinates":[19.556524,50.218706]},"properties":{"lines":"457","color":"#0059a9","mode":"bus","arr":["457"],"angle":-83.2,"extra":1,"ei":2}},{"type":"Feature","geometry":{"type":"Point","coordinates":[19.556866,50.220581]},"properties":{"lines":"457","color":"#0059a9","mode":"bus","arr":["457"],"angle":-83.6,"extra":1,"ei":3}},{"type":"Feature","geometry":{"type":"Point","coordinates":[19.560715,50.237269]},"properties":{"lines":"457","color":"#0059a9","mode":"bus","arr":["457"],"angle":-71.1}},{"type":"Feature","geometry":{"type":"Point","coordinates":[19.559021,50.224701]},"properties":{"lines":"457","color":"#0059a9","mode":"bus","arr":["457"],"angle":78.2,"extra":1,"ei":0}},{"type":"Feature","geometry":{"type":"Point","coordinates":[19.558617,50.22657]},"properties":{"lines":"457","color":"#0059a9","mode":"bus","arr":["457"],"angle":88.7,"extra":1,"ei":1}},{"type":"Feature","geometry":{"type":"Point","coordinates":[19.558744,50.228456]},"properties":{"lines":"457","color":"#0059a9","mode":"bus","arr":["457"],"angle":-87.3,"extra":1,"ei":2}},{"type":"Feature","geometry":{"type":"Point","coordinates":[19.558302,50.230313]},"properties":{"lines":"457","color":"#0059a9","mode":"bus","arr":["457"],"angle":76.2,"extra":1,"ei":3}},{"type":"Feature","geometry":{"type":"Point","coordinates":[19.558195,50.232184]},"properties":{"lines":"457","color":"#0059a9","mode":"bus","arr":["457"],"angle":-79.5,"extra":1,"ei":4}},{"type":"Feature","geometry":{"type":"Point","coordinates":[19.558959,50.234008]},"properties":{"lines":"457","color":"#0059a9","mode":"bus","arr":["457"],"angle":-74.2,"extra":1,"ei":5}},{"type":"Feature","geometry":{"type":"Point","coordinates":[19.559898,50.235797]},"properties":{"lines":"457","color":"#0059a9","mode":"bus","arr":["457"],"angle":-70,"extra":1,"ei":6}},{"type":"Feature","geometry":{"type":"Point","coordinates":[19.56157,50.239413]},"properties":{"lines":"457","color":"#0059a9","mode":"bus","arr":["457"],"angle":-79.3,"extra":1,"ei":7}},{"type":"Feature","geometry":{"type":"Point","coordinates":[19.561802,50.241293]},"properties":{"lines":"457","color":"#0059a9","mode":"bus","arr":["457"],"angle":-88,"extra":1,"ei":8}},{"type":"Feature","geometry":{"type":"Point","coordinates":[19.561754,50.243181]},"properties":{"lines":"457","color":"#0059a9","mode":"bus","arr":["457"],"angle":87.9,"extra":1,"ei":9}},{"type":"Feature","geometry":{"type":"Point","coordinates":[19.561637,50.245068]},"properties":{"lines":"457","color":"#0059a9","mode":"bus","arr":["457"],"angle":87.3,"extra":1,"ei":10}},{"type":"Feature","geometry":{"type":"Point","coordinates":[19.5615,50.246954]},"properties":{"lines":"457","color":"#0059a9","mode":"bus","arr":["457"],"angle":87.3,"extra":1,"ei":11}},{"type":"Feature","geometry":{"type":"Point","coordinates":[19.561363,50.248841]},"properties":{"lines":"457","color":"#0059a9","mode":"bus","arr":["457"],"angle":87.3,"extra":1,"ei":12}},{"type":"Feature","geometry":{"type":"Point","coordinates":[19.561227,50.250727]},"properties":{"lines":"457","color":"#0059a9","mode":"bus","arr":["457"],"angle":87.3,"extra":1,"ei":13}},{"type":"Feature","geometry":{"type":"Point","coordinates":[19.560887,50.255544]},"properties":{"lines":"457, Ż","color":"#0059a9","mode":"bus","arr":["457","Ż"],"angle":87.3}},{"type":"Feature","geometry":{"type":"Point","coordinates":[19.561143,50.251963]},"properties":{"lines":"457, Ż","color":"#0059a9","mode":"bus","arr":["457","Ż"],"angle":87.4,"extra":1,"ei":0}},{"type":"Feature","geometry":{"type":"Point","coordinates":[19.561013,50.25385]},"properties":{"lines":"457, Ż","color":"#0059a9","mode":"bus","arr":["457","Ż"],"angle":87.3,"extra":1,"ei":1}},{"type":"Feature","geometry":{"type":"Point","coordinates":[19.560749,50.257624]},"properties":{"lines":"457, Ż","color":"#0059a9","mode":"bus","arr":["457","Ż"],"angle":87.6,"extra":1,"ei":2}},{"type":"Feature","geometry":{"type":"Point","coordinates":[19.560607,50.25951]},"properties":{"lines":"457, Ż","color":"#0059a9","mode":"bus","arr":["457","Ż"],"angle":87.5,"extra":1,"ei":3}},{"type":"Feature","geometry":{"type":"Point","coordinates":[19.56194,50.260198]},"properties":{"lines":"457","color":"#0059a9","mode":"bus","arr":["457"],"angle":-0.1}},{"type":"Feature","geometry":{"type":"Point","coordinates":[19.568605,50.260487]},"properties":{"lines":"457, 460, 464, 465, 466, 470, 474, 475, M, PS, PSK","color":"#0059a9","mode":"bus","arr":["457","460","464","465","466","470","474","475","M","PS","PSK"],"angle":-3.1}},{"type":"Feature","geometry":{"type":"Point","coordinates":[19.564597,50.260262]},"properties":{"lines":"457, 460, 464, 465, 466, 470, 474, 475, M, PS, PSK","color":"#0059a9","mode":"bus","arr":["457","460","464","465","466","470","474","475","M","PS","PSK"],"angle":-5.3,"extra":1,"ei":0}},{"type":"Feature","geometry":{"type":"Point","coordinates":[19.570489,50.260499]},"properties":{"lines":"457, 460, 464, 465, 466, 470, 474, 475, M, PS, PSK","color":"#0059a9","mode":"bus","arr":["457","460","464","465","466","470","474","475","M","PS","PSK"],"angle":-0.1,"extra":1,"ei":1}},{"type":"Feature","geometry":{"type":"Point","coordinates":[19.573392,50.260753]},"properties":{"lines":"457, 460, 464, 465, 466, 470, 474, 475, M, PS, PSK","color":"#0059a9","mode":"bus","arr":["457","460","464","465","466","470","474","475","M","PS","PSK"],"angle":-21.4,"extra":1,"ei":2}},{"type":"Feature","geometry":{"type":"Point","coordinates":[19.574984,50.261232]},"properties":{"lines":"457, 460, 464, 465, 466, 470, 474, 475, PS, PSK","color":"#0059a9","mode":"bus","arr":["457","460","464","465","466","470","474","475","PS","PSK"],"angle":-25.3}},{"type":"Feature","geometry":{"type":"Point","coordinates":[19.575104,50.263723]},"properties":{"lines":"457, 460, 464, 465, 466, 470, 474, 475, G, PS, PSK, ZP, ZZ","color":"#0059a9","mode":"bus","arr":["457","460","464","465","466","470","474","475","G","PS","PSK","ZP","ZZ"],"angle":75.7}},{"type":"Feature","geometry":{"type":"Point","coordinates":[19.575628,50.262411]},"properties":{"lines":"457, 460, 464, 465, 466, 470, 474, 475, G, PS, PSK, ZP, ZZ","color":"#0059a9","mode":"bus","arr":["457","460","464","465","466","470","474","475","G","PS","PSK","ZP","ZZ"],"angle":75.9,"extra":1,"ei":0}},{"type":"Feature","geometry":{"type":"Point","coordinates":[19.573572,50.268048]},"properties":{"lines":"457, 460, 464, 465, 466, 470, 474, 475, BP, G, ZP, ZZ","color":"#0059a9","mode":"bus","arr":["457","460","464","465","466","470","474","475","BP","G","ZP","ZZ"],"angle":-87.6}},{"type":"Feature","geometry":{"type":"Point","coordinates":[19.573847,50.266864]},"properties":{"lines":"457, 460, 464, 465, 466, 470, 474, 475, BP, G, ZP, ZZ","color":"#0059a9","mode":"bus","arr":["457","460","464","465","466","470","474","475","BP","G","ZP","ZZ"],"angle":76.9,"extra":1,"ei":0}},{"type":"Feature","geometry":{"type":"Point","coordinates":[19.576272,50.269856]},"properties":{"lines":"457, 460, 461, 464, 465, 466, 470, 472, 474, 475, 477, G, M, PS, PSK, SŁ, ZP, ZZ, Ż","color":"#0059a9","mode":"bus","arr":["457","460","461","464","465","466","470","472","474","475","477","G","M","PS","PSK","SŁ","ZP","ZZ","Ż"],"angle":12}},{"type":"Feature","geometry":{"type":"Point","coordinates":[19.574457,50.270109]},"properties":{"lines":"457, 460, 461, 464, 465, 466, 470, 472, 474, 475, 477, G, M, PS, PSK, SŁ, ZP, ZZ, Ż","color":"#0059a9","mode":"bus","arr":["457","460","461","464","465","466","470","472","474","475","477","G","M","PS","PSK","SŁ","ZP","ZZ","Ż"],"angle":11.9,"extra":1,"ei":0}},{"type":"Feature","geometry":{"type":"Point","coordinates":[19.585008,50.270481]},"properties":{"lines":"457, 460, 461, 464, 465, 466, 470, 472, 474, 475, 477, G, PS, PSK, ZP, ZZ, Ż","color":"#0059a9","mode":"bus","arr":["457","460","461","464","465","466","470","472","474","475","477","G","PS","PSK","ZP","ZZ","Ż"],"angle":2}},{"type":"Feature","geometry":{"type":"Point","coordinates":[19.580875,50.270164]},"properties":{"lines":"457, 460, 461, 464, 465, 466, 470, 472, 474, 475, 477, G, PS, PSK, ZP, ZZ, Ż","color":"#0059a9","mode":"bus","arr":["457","460","461","464","465","466","470","472","474","475","477","G","PS","PSK","ZP","ZZ","Ż"],"angle":-24.2,"extra":1,"ei":0}},{"type":"Feature","geometry":{"type":"Point","coordinates":[19.589067,50.271221]},"properties":{"lines":"457, 460, 461, 464, 465, 466, 470, 472, 474, 475, 477, G, PS, PSK, ZP, ZZ, Ż","color":"#0059a9","mode":"bus","arr":["457","460","461","464","465","466","470","472","474","475","477","G","PS","PSK","ZP","ZZ","Ż"],"angle":-68.2,"extra":1,"ei":1}},{"type":"Feature","geometry":{"type":"Point","coordinates":[19.589121,50.272212]},"properties":{"lines":"457, 460, 464, 465, 466, 470, 472, 474, 475, BP, G, PS, PSK, WK, ZP, ZZ, Ż","color":"#0059a9","mode":"bus","arr":["457","460","464","465","466","470","472","474","475","BP","G","PS","PSK","WK","ZP","ZZ","Ż"],"angle":-2.4}},{"type":"Feature","geometry":{"type":"Point","coordinates":[19.586273,50.272742]},"properties":{"lines":"457, 460, 464, 465, 466, 470, 472, 474, 475, BP, G, PS, PSK, WK, ZP, ZZ, Ż","color":"#0059a9","mode":"bus","arr":["457","460","464","465","466","470","472","474","475","BP","G","PS","PSK","WK","ZP","ZZ","Ż"],"angle":26.7,"mi":1}},{"type":"Feature","geometry":{"type":"Point","coordinates":[19.588111,50.272291]},"properties":{"lines":"457, 460, 464, 465, 466, 470, 472, 474, 475, BP, G, PS, PSK, WK, ZP, ZZ, Ż","color":"#0059a9","mode":"bus","arr":["457","460","464","465","466","470","472","474","475","BP","G","PS","PSK","WK","ZP","ZZ","Ż"],"angle":19.1,"extra":1,"ei":0}},{"type":"Feature","geometry":{"type":"Point","coordinates":[19.578363,50.274338]},"properties":{"lines":"457, 460, 461, 464, 465, 466, 470, 472, 474, 475, 477, BP, G, PS, PSK, SŁ, WK, ZP, ZZ, Ż","color":"#0059a9","mode":"bus","arr":["457","460","461","464","465","466","470","472","474","475","477","BP","G","PS","PSK","SŁ","WK","ZP","ZZ","Ż"],"angle":17.7}},{"type":"Feature","geometry":{"type":"Point","coordinates":[19.582049,50.274124]},"properties":{"lines":"457, 460, 461, 464, 465, 466, 470, 472, 474, 475, 477, BP, G, PS, PSK, SŁ, WK, ZP, ZZ, Ż","color":"#0059a9","mode":"bus","arr":["457","460","461","464","465","466","470","472","474","475","477","BP","G","PS","PSK","SŁ","WK","ZP","ZZ","Ż"],"angle":3.4,"extra":1,"ei":0}},{"type":"Feature","geometry":{"type":"Point","coordinates":[19.576271,50.274762]},"properties":{"lines":"457, 460, 461, 464, 465, 466, 470, 472, 474, 475, 477, BP, G, PS, PSK, SŁ, WK, ZP, ZZ, Ż","color":"#0059a9","mode":"bus","arr":["457","460","461","464","465","466","470","472","474","475","477","BP","G","PS","PSK","SŁ","WK","ZP","ZZ","Ż"],"angle":16,"extra":1,"ei":1}},{"type":"Feature","geometry":{"type":"Point","coordinates":[19.573366,50.275077]},"properties":{"lines":"457, 460, 461, 464, 465, 466, 470, 472, 474, 475, 477, BP, G, PS, PSK, SŁ, WK, ZP, ZZ, Ż","color":"#0059a9","mode":"bus","arr":["457","460","461","464","465","466","470","472","474","475","477","BP","G","PS","PSK","SŁ","WK","ZP","ZZ","Ż"],"angle":6.6,"extra":1,"ei":2}},{"type":"Feature","geometry":{"type":"Point","coordinates":[19.567756,50.276488]},"properties":{"lines":"457, 460, 461, 462, 464, 465, 466, 470, 472, 474, 475, 476, 477, BP, G, M, PS, PSK, SŁ, WK, ZP, ZZ, Ż","color":"#0059a9","mode":"bus","arr":["457","460","461","462","464","465","466","470","472","474","475","476","477","BP","G","M","PS","PSK","SŁ","WK","ZP","ZZ","Ż"],"angle":14}},{"type":"Feature","geometry":{"type":"Point","coordinates":[19.572031,50.275534]},"properties":{"lines":"457, 460, 461, 462, 464, 465, 466, 470, 472, 474, 475, 476, 477, BP, G, M, PS, PSK, SŁ, WK, ZP, ZZ, Ż","color":"#0059a9","mode":"bus","arr":["457","460","461","462","464","465","466","470","472","474","475","476","477","BP","G","M","PS","PSK","SŁ","WK","ZP","ZZ","Ż"],"angle":30.5,"extra":1,"ei":0}},{"type":"Feature","geometry":{"type":"Point","coordinates":[19.563805,50.277539]},"properties":{"lines":"457, 460, 461, 462, 464, 465, 466, 470, 472, 474, 475, 476, 477, BP, G, M, PS, PSK, SŁ, WK, ZP, ZZ, Ż","color":"#0059a9","mode":"bus","arr":["457","460","461","462","464","465","466","470","472","474","475","476","477","BP","G","M","PS","PSK","SŁ","WK","ZP","ZZ","Ż"],"angle":23.5,"extra":1,"ei":1}},{"type":"Feature","geometry":{"type":"Point","coordinates":[19.562809,50.278908]},"properties":{"lines":"457, 460, 461, 462, 464, 465, 466, 470, 472, 474, 475, 476, 477, BP, G, M, PS, PSK, SŁ, WK, ZP, ZZ, Ż","color":"#0059a9","mode":"bus","arr":["457","460","461","462","464","465","466","470","472","474","475","476","477","BP","G","M","PS","PSK","SŁ","WK","ZP","ZZ","Ż"],"angle":-68.6,"mi":1}},{"type":"Feature","geometry":{"type":"Point","coordinates":[19.563786,50.280056]},"properties":{"lines":"457, 460, 461, 462, 464, 465, 466, 470, 472, 474, 475, 476, 477, BP, G, M, PSK, SŁ, WK, ZP, ZZ, Ż","color":"#0059a9","mode":"bus","arr":["457","460","461","462","464","465","466","470","472","474","475","476","477","BP","G","M","PSK","SŁ","WK","ZP","ZZ","Ż"],"angle":-50.2}},{"type":"Feature","geometry":{"type":"Point","coordinates":[19.564609,50.280666]},"properties":{"lines":"457, 460, 461, 462, 463, 464, 465, 466, 470, 471, 472, 473, 474, 475, 476, 477, BP, G, M, PSK, SŁ, WK, ZP, ZZ, Ż","color":"#0059a9","mode":"bus","arr":["457","460","461","462","463","464","465","466","470","471","472","473","474","475","476","477","BP","G","M","PSK","SŁ","WK","ZP","ZZ","Ż"],"angle":-39.2,"side":-1,"mi":1}},{"type":"Feature","geometry":{"type":"Point","coordinates":[19.560224,50.282029]},"properties":{"lines":"457, 460, 461, 462, 463, 464, 465, 466, 470, 471, 472, 473, 474, 475, 476, 477, PSK","color":"#0059a9","mode":"bus","arr":["457","460","461","462","463","464","465","466","470","471","472","473","474","475","476","477","PSK"],"angle":24.5}},{"type":"Feature","geometry":{"type":"Point","coordinates":[19.561946,50.281542]},"properties":{"lines":"457, 460, 461, 462, 463, 464, 465, 466, 470, 471, 472, 473, 474, 475, 476, 477, PSK","color":"#0059a9","mode":"bus","arr":["457","460","461","462","463","464","465","466","470","471","472","473","474","475","476","477","PSK"],"angle":27.4,"extra":1,"ei":0}},{"type":"Feature","geometry":{"type":"Point","coordinates":[19.564154,50.281]},"properties":{"lines":"457, 460, 461, 462, 463, 464, 465, 466, 470, 471, 472, 473, 474, 475, 476, 477, BP, G, M, PSK, SŁ, WK, ZP, ZZ, Ż","color":"#0059a9","mode":"bus","arr":["457","460","461","462","463","464","465","466","470","471","472","473","474","475","476","477","BP","G","M","PSK","SŁ","WK","ZP","ZZ","Ż"],"angle":18.2}},{"type":"Feature","geometry":{"type":"Point","coordinates":[19.553179,50.283462]},"properties":{"lines":"457, 460, 461, 462, 463, 464, 465, 466, 470, 471, 472, 473, 474, 475, 476, 477, PS, PSK","color":"#0059a9","mode":"bus","arr":["457","460","461","462","463","464","465","466","470","471","472","473","474","475","476","477","PS","PSK"],"angle":9.5}},{"type":"Feature","geometry":{"type":"Point","coordinates":[19.555572,50.283202]},"properties":{"lines":"457, 460, 461, 462, 463, 464, 465, 466, 470, 471, 472, 473, 474, 475, 476, 477, PS, PSK","color":"#0059a9","mode":"bus","arr":["457","460","461","462","463","464","465","466","470","471","472","473","474","475","476","477","PS","PSK"],"angle":10.8,"extra":1,"ei":0}},{"type":"Feature","geometry":{"type":"Point","coordinates":[19.54979,50.283944]},"properties":{"lines":"457, 460, 461, 462, 463, 464, 465, 466, 470, 471, 472, 473, 474, 475, 476, 477, PS, PSK","color":"#0059a9","mode":"bus","arr":["457","460","461","462","463","464","465","466","470","471","472","473","474","475","476","477","PS","PSK"],"angle":20.5,"extra":1,"ei":1}},{"type":"Feature","geometry":{"type":"Point","coordinates":[19.548919,50.284206]},"properties":{"lines":"457, 460, 461, 462, 463, 464, 465, 466, 470, 471, 473, 474, 476, PS, PSK","color":"#0059a9","mode":"bus","arr":["457","460","461","462","463","464","465","466","470","471","473","474","476","PS","PSK"],"angle":29.7}},{"type":"Feature","geometry":{"type":"Point","coordinates":[19.543235,50.287076]},"properties":{"lines":"457, 460, 461, 462, 463, 464, 465, 466, PSK","color":"#0059a9","mode":"bus","arr":["457","460","461","462","463","464","465","466","PSK"],"angle":30.2}},{"type":"Feature","geometry":{"type":"Point","coordinates":[19.546921,50.28517]},"properties":{"lines":"457, 460, 461, 462, 463, 464, 465, 466, PSK","color":"#0059a9","mode":"bus","arr":["457","460","461","462","463","464","465","466","PSK"],"angle":40.6,"extra":1,"ei":0}},{"type":"Feature","geometry":{"type":"Point","coordinates":[19.539283,50.287647]},"properties":{"lines":"457, 460, 461, 462, 463, 464, 465, 466, PSK","color":"#0059a9","mode":"bus","arr":["457","460","461","462","463","464","465","466","PSK"],"angle":-2.3,"extra":1,"ei":1}},{"type":"Feature","geometry":{"type":"Point","coordinates":[19.536391,50.287765]},"properties":{"lines":"457, 460, 461, 462, 463, 464, 465, 466","color":"#0059a9","mode":"bus","arr":["457","460","461","462","463","464","465","466"],"angle":-8.6}},{"type":"Feature","geometry":{"type":"Point","coordinates":[19.51747,50.28864]},"properties":{"lines":"457, 460, 461, 462, 463, 464, 465, 466","color":"#0059a9","mode":"bus","arr":["457","460","461","462","463","464","465","466"],"angle":26.1}},{"type":"Feature","geometry":{"type":"Point","coordinates":[19.535704,50.287496]},"properties":{"lines":"457, 460, 461, 462, 463, 464, 465, 466","color":"#0059a9","mode":"bus","arr":["457","460","461","462","463","464","465","466"],"angle":-3.8,"extra":1,"ei":0,"side":-1}},{"type":"Feature","geometry":{"type":"Point","coordinates":[19.532756,50.287373]},"properties":{"lines":"457, 460, 461, 462, 463, 464, 465, 466","color":"#0059a9","mode":"bus","arr":["457","460","461","462","463","464","465","466"],"angle":-3.8,"extra":1,"ei":1}},{"type":"Feature","geometry":{"type":"Point","coordinates":[19.529812,50.287224]},"properties":{"lines":"457, 460, 461, 462, 463, 464, 465, 466","color":"#0059a9","mode":"bus","arr":["457","460","461","462","463","464","465","466"],"angle":-5.4,"extra":1,"ei":2}},{"type":"Feature","geometry":{"type":"Point","coordinates":[19.526866,50.28711]},"properties":{"lines":"457, 460, 461, 462, 463, 464, 465, 466","color":"#0059a9","mode":"bus","arr":["457","460","461","462","463","464","465","466"],"angle":0.6,"extra":1,"ei":3}},{"type":"Feature","geometry":{"type":"Point","coordinates":[19.523917,50.287037]},"properties":{"lines":"457, 460, 461, 462, 463, 464, 465, 466","color":"#0059a9","mode":"bus","arr":["457","460","461","462","463","464","465","466"],"angle":2.9,"extra":1,"ei":4}},{"type":"Feature","geometry":{"type":"Point","coordinates":[19.521079,50.287512]},"properties":{"lines":"457, 460, 461, 462, 463, 464, 465, 466","color":"#0059a9","mode":"bus","arr":["457","460","461","462","463","464","465","466"],"angle":24.9,"extra":1,"ei":5}},{"type":"Feature","geometry":{"type":"Point","coordinates":[19.515773,50.289172]},"properties":{"lines":"457, 460, 461, 462, 463, 464, 465, 466","color":"#0059a9","mode":"bus","arr":["457","460","461","462","463","464","465","466"],"angle":26.1,"extra":1,"ei":6}},{"type":"Feature","geometry":{"type":"Point","coordinates":[19.51312,50.290004]},"properties":{"lines":"457, 460, 461, 462, 463, 464, 465, 466","color":"#0059a9","mode":"bus","arr":["457","460","461","462","463","464","465","466"],"angle":26.1,"extra":1,"ei":7}},{"type":"Feature","geometry":{"type":"Point","coordinates":[19.510467,50.290834]},"properties":{"lines":"457, 460, 461, 462, 463, 464, 465, 466","color":"#0059a9","mode":"bus","arr":["457","460","461","462","463","464","465","466"],"angle":26,"extra":1,"ei":8}},{"type":"Feature","geometry":{"type":"Point","coordinates":[19.507814,50.291665]},"properties":{"lines":"457, 460, 461, 462, 463, 464, 465, 466","color":"#0059a9","mode":"bus","arr":["457","460","461","462","463","464","465","466"],"angle":26.2,"extra":1,"ei":9}},{"type":"Feature","geometry":{"type":"Point","coordinates":[19.505163,50.292498]},"properties":{"lines":"457, 460, 461, 462, 463, 464, 465, 466","color":"#0059a9","mode":"bus","arr":["457","460","461","462","463","464","465","466"],"angle":26.2,"extra":1,"ei":10}},{"type":"Feature","geometry":{"type":"Point","coordinates":[19.502524,50.293347]},"properties":{"lines":"457, 460, 461, 462, 463, 464, 465, 466","color":"#0059a9","mode":"bus","arr":["457","460","461","462","463","464","465","466"],"angle":28.5,"extra":1,"ei":11}},{"type":"Feature","geometry":{"type":"Point","coordinates":[19.500103,50.294422]},"properties":{"lines":"457, 460, 461, 462, 463, 464, 465, 466","color":"#0059a9","mode":"bus","arr":["457","460","461","462","463","464","465","466"],"angle":40.8,"extra":1,"ei":12}},{"type":"Feature","geometry":{"type":"Point","coordinates":[19.490564,50.295038]},"properties":{"lines":"457, 460, 461, 462, 463, 464, 465, 466","color":"#0059a9","mode":"bus","arr":["457","460","461","462","463","464","465","466"],"angle":16}},{"type":"Feature","geometry":{"type":"Point","coordinates":[19.498753,50.293781]},"properties":{"lines":"457, 460, 461, 462, 463, 464, 465, 466","color":"#0059a9","mode":"bus","arr":["457","460","461","462","463","464","465","466"],"angle":-55.6,"extra":1,"ei":0}},{"type":"Feature","geometry":{"type":"Point","coordinates":[19.496088,50.294035]},"properties":{"lines":"457, 460, 461, 462, 463, 464, 465, 466","color":"#0059a9","mode":"bus","arr":["457","460","461","462","463","464","465","466"],"angle":15.7,"extra":1,"ei":1}},{"type":"Feature","geometry":{"type":"Point","coordinates":[19.493246,50.29455]},"properties":{"lines":"457, 460, 461, 462, 463, 464, 465, 466","color":"#0059a9","mode":"bus","arr":["457","460","461","462","463","464","465","466"],"angle":15.9,"extra":1,"ei":2}},{"type":"Feature","geometry":{"type":"Point","coordinates":[19.487566,50.29559]},"properties":{"lines":"457, 460, 461, 462, 463, 464, 465, 466","color":"#0059a9","mode":"bus","arr":["457","460","461","462","463","464","465","466"],"angle":16,"extra":1,"ei":3}},{"type":"Feature","geometry":{"type":"Point","coordinates":[19.484725,50.296109]},"properties":{"lines":"457, 460, 461, 462, 463, 464, 465, 466","color":"#0059a9","mode":"bus","arr":["457","460","461","462","463","464","465","466"],"angle":16.1,"extra":1,"ei":4}},{"type":"Feature","geometry":{"type":"Point","coordinates":[19.481888,50.296635]},"properties":{"lines":"457, 460, 461, 462, 463, 464, 465, 466","color":"#0059a9","mode":"bus","arr":["457","460","461","462","463","464","465","466"],"angle":15.4,"extra":1,"ei":5}},{"type":"Feature","geometry":{"type":"Point","coordinates":[19.473471,50.294324]},"properties":{"lines":"457, 460, 461, 462, 463, 464, 465, 466, 467","color":"#0059a9","mode":"bus","arr":["457","460","461","462","463","464","465","466","467"],"angle":5.3}},{"type":"Feature","geometry":{"type":"Point","coordinates":[19.466994,50.295802]},"properties":{"lines":"457, 460, 461, 462, 463, 464, 465, 466, 467","color":"#0059a9","mode":"bus","arr":["457","460","461","462","463","464","465","466","467"],"angle":23.3,"extra":1,"ei":0}},{"type":"Feature","geometry":{"type":"Point","coordinates":[19.469695,50.295037]},"properties":{"lines":"457, 460, 461, 462, 463, 464, 465, 466, 467","color":"#0059a9","mode":"bus","arr":["457","460","461","462","463","464","465","466","467"],"angle":24.3,"extra":1,"ei":1}},{"type":"Feature","geometry":{"type":"Point","coordinates":[19.475382,50.294497]},"properties":{"lines":"457, 460, 461, 462, 463, 464, 465, 466, 467","color":"#0059a9","mode":"bus","arr":["457","460","461","462","463","464","465","466","467"],"angle":-18.4,"extra":1,"ei":2}},{"type":"Feature","geometry":{"type":"Point","coordinates":[19.477967,50.295401]},"properties":{"lines":"457, 460, 461, 462, 463, 464, 465, 466, 467","color":"#0059a9","mode":"bus","arr":["457","460","461","462","463","464","465","466","467"],"angle":-35.4,"extra":1,"ei":3}},{"type":"Feature","geometry":{"type":"Point","coordinates":[19.480273,50.296581]},"properties":{"lines":"457, 460, 461, 462, 463, 464, 465, 466, 467","color":"#0059a9","mode":"bus","arr":["457","460","461","462","463","464","465","466","467"],"angle":-33.6,"extra":1,"ei":4}},{"type":"Feature","geometry":{"type":"Point","coordinates":[19.463703,50.293475]},"properties":{"lines":"457, 460, 462, 464, 465, 466, 467","color":"#0059a9","mode":"bus","arr":["457","460","462","464","465","466","467"],"angle":-66.1}},{"type":"Feature","geometry":{"type":"Point","coordinates":[19.465015,50.29532]},"properties":{"lines":"457, 460, 462, 464, 465, 466, 467","color":"#0059a9","mode":"bus","arr":["457","460","462","464","465","466","467"],"angle":-65.1,"extra":1,"ei":0}},{"type":"Feature","geometry":{"type":"Point","coordinates":[19.461775,50.292376]},"properties":{"lines":"457, 460, 462, 464, 465, 466, 467","color":"#0059a9","mode":"bus","arr":["457","460","462","464","465","466","467"],"angle":-23.6,"extra":1,"ei":1}},{"type":"Feature","geometry":{"type":"Point","coordinates":[19.453631,50.290124]},"properties":{"lines":"460, 467","color":"#0059a9","mode":"bus","arr":["460","467"],"angle":-23.6}},{"type":"Feature","geometry":{"type":"Point","coordinates":[19.405531,50.29086]},"properties":{"lines":"460, 467","color":"#0059a9","mode":"bus","arr":["460","467"],"angle":-68.8,"mi":1}},{"type":"Feature","geometry":{"type":"Point","coordinates":[19.403098,50.287184]},"properties":{"lines":"460, 467","color":"#0059a9","mode":"bus","arr":["460","467"],"angle":13.7,"side":-1}},{"type":"Feature","geometry":{"type":"Point","coordinates":[19.457296,50.291162]},"properties":{"lines":"460, 462, 463, 467","color":"#0059a9","mode":"bus","arr":["460","462","463","467"],"angle":-23.8}},{"type":"Feature","geometry":{"type":"Point","coordinates":[19.463887,50.289104]},"properties":{"lines":"457, 460, 463, 464, 465, 466, 467","color":"#0059a9","mode":"bus","arr":["457","460","463","464","465","466","467"],"angle":36.7}},{"type":"Feature","geometry":{"type":"Point","coordinates":[19.461054,50.291253]},"properties":{"lines":"457, 460, 463, 464, 465, 466, 467","color":"#0059a9","mode":"bus","arr":["457","460","463","464","465","466","467"],"angle":41.2,"extra":1,"ei":0}},{"type":"Feature","geometry":{"type":"Point","coordinates":[19.467754,50.287862]},"properties":{"lines":"457, 460, 463, 464, 465, 466, 467","color":"#0059a9","mode":"bus","arr":["457","460","463","464","465","466","467"],"angle":30.5,"extra":1,"ei":1}},{"type":"Feature","geometry":{"type":"Point","coordinates":[19.468948,50.275918]},"properties":{"lines":"457, 460, 463, 464, 465, 466, 467","color":"#0059a9","mode":"bus","arr":["457","460","463","464","465","466","467"],"angle":-64.7}},{"type":"Feature","geometry":{"type":"Point","coordinates":[19.469103,50.286133]},"properties":{"lines":"457, 460, 463, 464, 465, 466, 467","color":"#0059a9","mode":"bus","arr":["457","460","463","464","465","466","467"],"angle":-87.9,"extra":1,"ei":0}},{"type":"Feature","geometry":{"type":"Point","coordinates":[19.469149,50.284245]},"properties":{"lines":"457, 460, 463, 464, 465, 466, 467","color":"#0059a9","mode":"bus","arr":["457","460","463","464","465","466","467"],"angle":88.7,"extra":1,"ei":1}},{"type":"Feature","geometry":{"type":"Point","coordinates":[19.469225,50.282357]},"properties":{"lines":"457, 460, 463, 464, 465, 466, 467","color":"#0059a9","mode":"bus","arr":["457","460","463","464","465","466","467"],"angle":87.8,"extra":1,"ei":2}},{"type":"Feature","geometry":{"type":"Point","coordinates":[19.46968,50.280507]},"properties":{"lines":"457, 460, 463, 464, 465, 466, 467","color":"#0059a9","mode":"bus","arr":["457","460","463","464","465","466","467"],"angle":-85,"extra":1,"ei":3}},{"type":"Feature","geometry":{"type":"Point","coordinates":[19.469805,50.278672]},"properties":{"lines":"457, 460, 463, 464, 465, 466, 467","color":"#0059a9","mode":"bus","arr":["457","460","463","464","465","466","467"],"angle":77.7,"extra":1,"ei":4}},{"type":"Feature","geometry":{"type":"Point","coordinates":[19.46713,50.273436]},"properties":{"lines":"457, 460, 463, 464, 465, 466, 467","color":"#0059a9","mode":"bus","arr":["457","460","463","464","465","466","467"],"angle":-65,"extra":1,"ei":5}},{"type":"Feature","geometry":{"type":"Point","coordinates":[19.465848,50.271735]},"properties":{"lines":"457, 460, 463, 464, 465, 466, 467","color":"#0059a9","mode":"bus","arr":["457","460","463","464","465","466","467"],"angle":-64.1,"extra":1,"ei":6}},{"type":"Feature","geometry":{"type":"Point","coordinates":[19.464553,50.270037]},"properties":{"lines":"457, 460, 463, 464, 465, 466, 467","color":"#0059a9","mode":"bus","arr":["457","460","463","464","465","466","467"],"angle":-64,"extra":1,"ei":7}},{"type":"Feature","geometry":{"type":"Point","coordinates":[19.463262,50.268339]},"properties":{"lines":"457, 460, 463, 464, 465, 466, 467","color":"#0059a9","mode":"bus","arr":["457","460","463","464","465","466","467"],"angle":-64.3,"extra":1,"ei":8}},{"type":"Feature","geometry":{"type":"Point","coordinates":[19.462693,50.266522]},"properties":{"lines":"457, 460, 463, 464, 465, 466, 467","color":"#0059a9","mode":"bus","arr":["457","460","463","464","465","466","467"],"angle":87.8,"extra":1,"ei":9}},{"type":"Feature","geometry":{"type":"Point","coordinates":[19.462562,50.265034]},"properties":{"lines":"457, 460, 463, 464, 465, 466, 467","color":"#0059a9","mode":"bus","arr":["457","460","463","464","465","466","467"],"angle":-60.1}},{"type":"Feature","geometry":{"type":"Point","coordinates":[19.563284,50.280977]},"properties":{"lines":"457, 460, 461, 462, 463, 464, 465, 466, 470, 471, 472, 473, 474, 475, 476, 477, BP, G, M, PSK, SŁ, WK, ZP, ZZ, Ż","color":"#0059a9","mode":"bus","arr":["457","460","461","462","463","464","465","466","470","471","472","473","474","475","476","477","BP","G","M","PSK","SŁ","WK","ZP","ZZ","Ż"],"angle":76.3,"side":-1,"mi":2}},{"type":"Feature","geometry":{"type":"Point","coordinates":[19.563994,50.280641]},"properties":{"lines":"457, 460, 461, 462, 463, 464, 465, 466, 470, 471, 472, 473, 474, 475, 476, 477, BP, G, M, PSK, SŁ, WK, ZP, ZZ","color":"#0059a9","mode":"bus","arr":["457","460","461","462","463","464","465","466","470","471","472","473","474","475","476","477","BP","G","M","PSK","SŁ","WK","ZP","ZZ"],"angle":40}},{"type":"Feature","geometry":{"type":"Point","coordinates":[19.586104,50.272639]},"properties":{"lines":"457, 460, 461, 464, 465, 470, 472, 474, 475, 477, BP, G, PS, PSK, WK, ZP, ZZ, Ż","color":"#0059a9","mode":"bus","arr":["457","460","461","464","465","470","472","474","475","477","BP","G","PS","PSK","WK","ZP","ZZ","Ż"],"angle":25,"side":-1}},{"type":"Feature","geometry":{"type":"Point","coordinates":[19.584415,50.273398]},"properties":{"lines":"457, 460, 461, 464, 465, 470, 472, 474, 475, 477, BP, G, PS, PSK, WK, ZP, ZZ, Ż","color":"#0059a9","mode":"bus","arr":["457","460","461","464","465","470","472","474","475","477","BP","G","PS","PSK","WK","ZP","ZZ","Ż"],"angle":45.9,"extra":1,"ei":0,"side":-1}},{"type":"Feature","geometry":{"type":"Point","coordinates":[19.569542,50.269754]},"properties":{"lines":"457, 461, 464, 465, 466, 472, 475, 477, BP, M, PS, PSK, SŁ, Ż","color":"#0059a9","mode":"bus","arr":["457","461","464","465","466","472","475","477","BP","M","PS","PSK","SŁ","Ż"],"angle":-6.7}},{"type":"Feature","geometry":{"type":"Point","coordinates":[19.571542,50.269957]},"properties":{"lines":"457, 461, 464, 465, 466, 472, 475, 477, BP, M, PS, PSK, SŁ, Ż","color":"#0059a9","mode":"bus","arr":["457","461","464","465","466","472","475","477","BP","M","PS","PSK","SŁ","Ż"],"angle":-10.5,"extra":1,"ei":0}},{"type":"Feature","geometry":{"type":"Point","coordinates":[19.563453,50.270486]},"properties":{"lines":"457, 466, 475, BP, M, SŁ, Ż","color":"#0059a9","mode":"bus","arr":["457","466","475","BP","M","SŁ","Ż"],"angle":28.9}},{"type":"Feature","geometry":{"type":"Point","coordinates":[19.56012,50.266376]},"properties":{"lines":"457, Ż","color":"#0059a9","mode":"bus","arr":["457","Ż"],"angle":86.3}},{"type":"Feature","geometry":{"type":"Point","coordinates":[19.559585,50.27098]},"properties":{"lines":"457, Ż","color":"#0059a9","mode":"bus","arr":["457","Ż"],"angle":-11.9,"extra":1,"ei":0}},{"type":"Feature","geometry":{"type":"Point","coordinates":[19.559278,50.269521]},"properties":{"lines":"457, Ż","color":"#0059a9","mode":"bus","arr":["457","Ż"],"angle":64.7,"extra":1,"ei":1}},{"type":"Feature","geometry":{"type":"Point","coordinates":[19.559979,50.267714]},"properties":{"lines":"457, Ż","color":"#0059a9","mode":"bus","arr":["457","Ż"],"angle":86.3,"extra":1,"ei":2}},{"type":"Feature","geometry":{"type":"Point","coordinates":[19.56031,50.263943]},"properties":{"lines":"457, Ż","color":"#0059a9","mode":"bus","arr":["457","Ż"],"angle":87.4,"extra":1,"ei":3}},{"type":"Feature","geometry":{"type":"Point","coordinates":[19.560445,50.262056]},"properties":{"lines":"457, Ż","color":"#0059a9","mode":"bus","arr":["457","Ż"],"angle":87.3,"extra":1,"ei":4}},{"type":"Feature","geometry":{"type":"Point","coordinates":[19.57349,50.274892]},"properties":{"lines":"460, 461, 462, 464, 465, 466, 472, 475, 476, BP, M, Ż","color":"#0059a9","mode":"bus","arr":["460","461","462","464","465","466","472","475","476","BP","M","Ż"],"angle":34.3}},{"type":"Feature","geometry":{"type":"Point","coordinates":[19.495034,50.297872]},"properties":{"lines":"460, 463","color":"#0059a9","mode":"bus","arr":["460","463"],"angle":47.7}},{"type":"Feature","geometry":{"type":"Point","coordinates":[19.498597,50.29538]},"properties":{"lines":"460, 463","color":"#0059a9","mode":"bus","arr":["460","463"],"angle":47,"extra":1,"ei":0}},{"type":"Feature","geometry":{"type":"Point","coordinates":[19.496601,50.296773]},"properties":{"lines":"460, 463","color":"#0059a9","mode":"bus","arr":["460","463"],"angle":47.7,"extra":1,"ei":1}},{"type":"Feature","geometry":{"type":"Point","coordinates":[19.492618,50.299563]},"properties":{"lines":"460, 463","color":"#0059a9","mode":"bus","arr":["460","463"],"angle":47.6,"extra":1,"ei":2}},{"type":"Feature","geometry":{"type":"Point","coordinates":[19.490631,50.30096]},"properties":{"lines":"460, 463","color":"#0059a9","mode":"bus","arr":["460","463"],"angle":47.8,"extra":1,"ei":3}},{"type":"Feature","geometry":{"type":"Point","coordinates":[19.491411,50.301412]},"properties":{"lines":"460","color":"#0059a9","mode":"bus","arr":["460"],"angle":2.5}},{"type":"Feature","geometry":{"type":"Point","coordinates":[19.405953,50.293091]},"properties":{"lines":"460","color":"#0059a9","mode":"bus","arr":["460"],"angle":29.7}},{"type":"Feature","geometry":{"type":"Point","coordinates":[19.495078,50.303006]},"properties":{"lines":"460, 462","color":"#0059a9","mode":"bus","arr":["460","462"],"angle":-64.3}},{"type":"Feature","geometry":{"type":"Point","coordinates":[19.488981,50.297979]},"properties":{"lines":"460, 462","color":"#0059a9","mode":"bus","arr":["460","462"],"angle":-63.4,"mi":2}},{"type":"Feature","geometry":{"type":"Point","coordinates":[19.492924,50.301156]},"properties":{"lines":"460, 462","color":"#0059a9","mode":"bus","arr":["460","462"],"angle":-42.3,"extra":1,"ei":0}},{"type":"Feature","geometry":{"type":"Point","coordinates":[19.496071,50.304298]},"properties":{"lines":"460, 462","color":"#0059a9","mode":"bus","arr":["460","462"],"angle":-63.6,"extra":1,"ei":1}},{"type":"Feature","geometry":{"type":"Point","coordinates":[19.487869,50.296505]},"properties":{"lines":"460, 462","color":"#0059a9","mode":"bus","arr":["460","462"],"angle":-65.6,"extra":1,"ei":0}},{"type":"Feature","geometry":{"type":"Point","coordinates":[19.490659,50.299814]},"properties":{"lines":"460, 462","color":"#0059a9","mode":"bus","arr":["460","462"],"angle":-44,"extra":1,"ei":1}},{"type":"Feature","geometry":{"type":"Point","coordinates":[19.498026,50.306788]},"properties":{"lines":"460, 462","color":"#0059a9","mode":"bus","arr":["460","462"],"angle":-60.6,"mi":3}},{"type":"Feature","geometry":{"type":"Point","coordinates":[19.491496,50.300319]},"properties":{"lines":"460, 462","color":"#0059a9","mode":"bus","arr":["460","462"],"angle":-42.4,"mi":1}},{"type":"Feature","geometry":{"type":"Point","coordinates":[19.44737,50.283889]},"properties":{"lines":"460, 467","color":"#0059a9","mode":"bus","arr":["460","467"],"angle":-68.7,"mi":1}},{"type":"Feature","geometry":{"type":"Point","coordinates":[19.443833,50.278073]},"properties":{"lines":"460, 467","color":"#0059a9","mode":"bus","arr":["460","467"],"angle":-68.4,"extra":1,"ei":0}},{"type":"Feature","geometry":{"type":"Point","coordinates":[19.444897,50.279834]},"properties":{"lines":"460, 467","color":"#0059a9","mode":"bus","arr":["460","467"],"angle":-68.7,"extra":1,"ei":1}},{"type":"Feature","geometry":{"type":"Point","coordinates":[19.445977,50.281592]},"properties":{"lines":"460, 467","color":"#0059a9","mode":"bus","arr":["460","467"],"angle":-68.5,"extra":1,"ei":2}},{"type":"Feature","geometry":{"type":"Point","coordinates":[19.448122,50.285111]},"properties":{"lines":"460, 467","color":"#0059a9","mode":"bus","arr":["460","467"],"angle":-68.4,"extra":1,"ei":3}},{"type":"Feature","geometry":{"type":"Point","coordinates":[19.449205,50.286869]},"properties":{"lines":"460, 467","color":"#0059a9","mode":"bus","arr":["460","467"],"angle":-68.4,"extra":1,"ei":4}},{"type":"Feature","geometry":{"type":"Point","coordinates":[19.450293,50.288624]},"properties":{"lines":"460, 467","color":"#0059a9","mode":"bus","arr":["460","467"],"angle":-68.9,"extra":1,"ei":5}},{"type":"Feature","geometry":{"type":"Point","coordinates":[19.452396,50.289785]},"properties":{"lines":"460, 467","color":"#0059a9","mode":"bus","arr":["460","467"],"angle":-24.2,"extra":1,"ei":6}},{"type":"Feature","geometry":{"type":"Point","coordinates":[19.422562,50.284302]},"properties":{"lines":"460, 467","color":"#0059a9","mode":"bus","arr":["460","467"],"angle":27.4}},{"type":"Feature","geometry":{"type":"Point","coordinates":[19.441986,50.27765]},"properties":{"lines":"460, 467","color":"#0059a9","mode":"bus","arr":["460","467"],"angle":28.1,"extra":1,"ei":0}},{"type":"Feature","geometry":{"type":"Point","coordinates":[19.439378,50.278537]},"properties":{"lines":"460, 467","color":"#0059a9","mode":"bus","arr":["460","467"],"angle":28,"extra":1,"ei":1}},{"type":"Feature","geometry":{"type":"Point","coordinates":[19.436772,50.279427]},"properties":{"lines":"460, 467","color":"#0059a9","mode":"bus","arr":["460","467"],"angle":28.5,"extra":1,"ei":2}},{"type":"Feature","geometry":{"type":"Point","coordinates":[19.434174,50.280325]},"properties":{"lines":"460, 467","color":"#0059a9","mode":"bus","arr":["460","467"],"angle":28.2,"extra":1,"ei":3}},{"type":"Feature","geometry":{"type":"Point","coordinates":[19.431572,50.281219]},"properties":{"lines":"460, 467","color":"#0059a9","mode":"bus","arr":["460","467"],"angle":28.2,"extra":1,"ei":4}},{"type":"Feature","geometry":{"type":"Point","coordinates":[19.428967,50.28211]},"properties":{"lines":"460, 467","color":"#0059a9","mode":"bus","arr":["460","467"],"angle":28,"extra":1,"ei":5}},{"type":"Feature","geometry":{"type":"Point","coordinates":[19.42636,50.282999]},"properties":{"lines":"460, 467","color":"#0059a9","mode":"bus","arr":["460","467"],"angle":28.2,"extra":1,"ei":6}},{"type":"Feature","geometry":{"type":"Point","coordinates":[19.418168,50.28503]},"properties":{"lines":"460, 467","color":"#0059a9","mode":"bus","arr":["460","467"],"angle":12.9,"extra":1,"ei":7}},{"type":"Feature","geometry":{"type":"Point","coordinates":[19.41529,50.285456]},"properties":{"lines":"460, 467","color":"#0059a9","mode":"bus","arr":["460","467"],"angle":13.1,"extra":1,"ei":8}},{"type":"Feature","geometry":{"type":"Point","coordinates":[19.412426,50.285919]},"properties":{"lines":"460, 467","color":"#0059a9","mode":"bus","arr":["460","467"],"angle":14.6,"extra":1,"ei":9}},{"type":"Feature","geometry":{"type":"Point","coordinates":[19.409562,50.286381]},"properties":{"lines":"460, 467","color":"#0059a9","mode":"bus","arr":["460","467"],"angle":13.2,"extra":1,"ei":10}},{"type":"Feature","geometry":{"type":"Point","coordinates":[19.406698,50.286842]},"properties":{"lines":"460, 467","color":"#0059a9","mode":"bus","arr":["460","467"],"angle":14.4,"extra":1,"ei":11}},{"type":"Feature","geometry":{"type":"Point","coordinates":[19.403837,50.287313]},"properties":{"lines":"460, 467","color":"#0059a9","mode":"bus","arr":["460","467"],"angle":26.9,"extra":1,"ei":12}},{"type":"Feature","geometry":{"type":"Point","coordinates":[19.40444,50.288985]},"properties":{"lines":"460, 467","color":"#0059a9","mode":"bus","arr":["460","467"],"angle":-68.8,"extra":1,"ei":13}},{"type":"Feature","geometry":{"type":"Point","coordinates":[19.428946,50.294435]},"properties":{"lines":"462, 463","color":"#0059a9","mode":"bus","arr":["462","463"],"angle":10.3}},{"type":"Feature","geometry":{"type":"Point","coordinates":[19.407311,50.293734]},"properties":{"lines":"462, 463","color":"#0059a9","mode":"bus","arr":["462","463"],"angle":-67.1,"extra":1,"ei":0}},{"type":"Feature","geometry":{"type":"Point","coordinates":[19.40844,50.295479]},"properties":{"lines":"462, 463","color":"#0059a9","mode":"bus","arr":["462","463"],"angle":-68.8,"extra":1,"ei":1}},{"type":"Feature","geometry":{"type":"Point","coordinates":[19.409907,50.296777]},"properties":{"lines":"462, 463","color":"#0059a9","mode":"bus","arr":["462","463"],"angle":12,"extra":1,"ei":2}},{"type":"Feature","geometry":{"type":"Point","coordinates":[19.412808,50.29642]},"properties":{"lines":"462, 463","color":"#0059a9","mode":"bus","arr":["462","463"],"angle":10,"extra":1,"ei":3}},{"type":"Feature","geometry":{"type":"Point","coordinates":[19.415712,50.296075]},"properties":{"lines":"462, 463","color":"#0059a9","mode":"bus","arr":["462","463"],"angle":11.3,"extra":1,"ei":4}},{"type":"Feature","geometry":{"type":"Point","coordinates":[19.418607,50.2957]},"properties":{"lines":"462, 463","color":"#0059a9","mode":"bus","arr":["462","463"],"angle":10.9,"extra":1,"ei":5}},{"type":"Feature","geometry":{"type":"Point","coordinates":[19.421509,50.295346]},"properties":{"lines":"462, 463","color":"#0059a9","mode":"bus","arr":["462","463"],"angle":10.7,"extra":1,"ei":6}},{"type":"Feature","geometry":{"type":"Point","coordinates":[19.424411,50.294992]},"properties":{"lines":"462, 463","color":"#0059a9","mode":"bus","arr":["462","463"],"angle":10.8,"extra":1,"ei":7}},{"type":"Feature","geometry":{"type":"Point","coordinates":[19.433119,50.29394]},"properties":{"lines":"462, 463","color":"#0059a9","mode":"bus","arr":["462","463"],"angle":10.7,"extra":1,"ei":8}},{"type":"Feature","geometry":{"type":"Point","coordinates":[19.43602,50.293584]},"properties":{"lines":"462, 463","color":"#0059a9","mode":"bus","arr":["462","463"],"angle":9.9,"extra":1,"ei":9}},{"type":"Feature","geometry":{"type":"Point","coordinates":[19.43892,50.293227]},"properties":{"lines":"462, 463","color":"#0059a9","mode":"bus","arr":["462","463"],"angle":11.5,"extra":1,"ei":10}},{"type":"Feature","geometry":{"type":"Point","coordinates":[19.441821,50.292871]},"properties":{"lines":"462, 463","color":"#0059a9","mode":"bus","arr":["462","463"],"angle":10.7,"extra":1,"ei":11}},{"type":"Feature","geometry":{"type":"Point","coordinates":[19.444723,50.292515]},"properties":{"lines":"462, 463","color":"#0059a9","mode":"bus","arr":["462","463"],"angle":10.9,"extra":1,"ei":12}},{"type":"Feature","geometry":{"type":"Point","coordinates":[19.447623,50.292158]},"properties":{"lines":"462, 463","color":"#0059a9","mode":"bus","arr":["462","463"],"angle":10.9,"extra":1,"ei":13}},{"type":"Feature","geometry":{"type":"Point","coordinates":[19.450525,50.291803]},"properties":{"lines":"462, 463","color":"#0059a9","mode":"bus","arr":["462","463"],"angle":10.9,"extra":1,"ei":14}},{"type":"Feature","geometry":{"type":"Point","coordinates":[19.453327,50.291266]},"properties":{"lines":"462, 463","color":"#0059a9","mode":"bus","arr":["462","463"],"angle":38.3,"extra":1,"ei":15}},{"type":"Feature","geometry":{"type":"Point","coordinates":[19.513149,50.289865]},"properties":{"lines":"460, 461, 462, 463, 464, 465, 466","color":"#0059a9","mode":"bus","arr":["460","461","462","463","464","465","466"],"angle":26.2,"side":-1}},{"type":"Feature","geometry":{"type":"Point","coordinates":[19.500651,50.293988]},"properties":{"lines":"460, 461, 462, 463, 464, 465, 466","color":"#0059a9","mode":"bus","arr":["460","461","462","463","464","465","466"],"angle":37.4,"extra":1,"ei":0,"side":-1}},{"type":"Feature","geometry":{"type":"Point","coordinates":[19.503169,50.293007]},"properties":{"lines":"460, 461, 462, 463, 464, 465, 466","color":"#0059a9","mode":"bus","arr":["460","461","462","463","464","465","466"],"angle":26.8,"extra":1,"ei":1,"side":-1}},{"type":"Feature","geometry":{"type":"Point","coordinates":[19.505817,50.29217]},"properties":{"lines":"460, 461, 462, 463, 464, 465, 466","color":"#0059a9","mode":"bus","arr":["460","461","462","463","464","465","466"],"angle":26.2,"extra":1,"ei":2,"side":-1}},{"type":"Feature","geometry":{"type":"Point","coordinates":[19.508467,50.291336]},"properties":{"lines":"460, 461, 462, 463, 464, 465, 466","color":"#0059a9","mode":"bus","arr":["460","461","462","463","464","465","466"],"angle":26.2,"extra":1,"ei":3,"side":-1}},{"type":"Feature","geometry":{"type":"Point","coordinates":[19.511119,50.290504]},"properties":{"lines":"460, 461, 462, 463, 464, 465, 466","color":"#0059a9","mode":"bus","arr":["460","461","462","463","464","465","466"],"angle":26.1,"extra":1,"ei":4,"side":-1}},{"type":"Feature","geometry":{"type":"Point","coordinates":[19.516423,50.288839]},"properties":{"lines":"460, 461, 462, 463, 464, 465, 466","color":"#0059a9","mode":"bus","arr":["460","461","462","463","464","465","466"],"angle":26,"extra":1,"ei":5,"side":-1}},{"type":"Feature","geometry":{"type":"Point","coordinates":[19.519077,50.28801]},"properties":{"lines":"460, 461, 462, 463, 464, 465, 466","color":"#0059a9","mode":"bus","arr":["460","461","462","463","464","465","466"],"angle":26,"extra":1,"ei":6,"side":-1}},{"type":"Feature","geometry":{"type":"Point","coordinates":[19.521751,50.287209]},"properties":{"lines":"460, 461, 462, 463, 464, 465, 466","color":"#0059a9","mode":"bus","arr":["460","461","462","463","464","465","466"],"angle":20.4,"extra":1,"ei":7,"side":-1}},{"type":"Feature","geometry":{"type":"Point","coordinates":[19.524651,50.286927]},"properties":{"lines":"460, 461, 462, 463, 464, 465, 466","color":"#0059a9","mode":"bus","arr":["460","461","462","463","464","465","466"],"angle":-2.6,"extra":1,"ei":8,"side":-1}},{"type":"Feature","geometry":{"type":"Point","coordinates":[19.527592,50.287099]},"properties":{"lines":"460, 461, 462, 463, 464, 465, 466","color":"#0059a9","mode":"bus","arr":["460","461","462","463","464","465","466"],"angle":-5.4,"extra":1,"ei":9}},{"type":"Feature","geometry":{"type":"Point","coordinates":[19.551558,50.283581]},"properties":{"lines":"460, 461, 462, 463, 464, 465, 466, 470, 471, 472, 473, 474, 475, 476, 477, PSK","color":"#0059a9","mode":"bus","arr":["460","461","462","463","464","465","466","470","471","472","473","474","475","476","477","PSK"],"angle":11.1,"side":-1}},{"type":"Feature","geometry":{"type":"Point","coordinates":[19.553663,50.283395]},"properties":{"lines":"460, 461, 462, 463, 464, 465, 466, 470, 471, 472, 473, 474, 475, 476, 477, PSK","color":"#0059a9","mode":"bus","arr":["460","461","462","463","464","465","466","470","471","472","473","474","475","476","477","PSK"],"angle":1,"extra":1,"ei":0}},{"type":"Feature","geometry":{"type":"Point","coordinates":[19.387539,50.298483]},"properties":{"lines":"463","color":"#0059a9","mode":"bus","arr":["463"],"angle":-65.4}},{"type":"Feature","geometry":{"type":"Point","coordinates":[19.389158,50.298233]},"properties":{"lines":"460, 461, 463","color":"#0059a9","mode":"bus","arr":["460","461","463"],"angle":-66.3,"mi":1}},{"type":"Feature","geometry":{"type":"Point","coordinates":[19.391471,50.299577]},"properties":{"lines":"460, 461, 463","color":"#0059a9","mode":"bus","arr":["460","461","463"],"angle":-46}},{"type":"Feature","geometry":{"type":"Point","coordinates":[19.39656,50.300336]},"properties":{"lines":"460, 461, 463","color":"#0059a9","mode":"bus","arr":["460","461","463"],"angle":17.2,"mi":2}},{"type":"Feature","geometry":{"type":"Point","coordinates":[19.403081,50.299703]},"properties":{"lines":"461, 463","color":"#0059a9","mode":"bus","arr":["461","463"],"angle":4.6,"mi":12}},{"type":"Feature","geometry":{"type":"Point","coordinates":[19.401031,50.299794]},"properties":{"lines":"461, 463","color":"#0059a9","mode":"bus","arr":["461","463"],"angle":3.8,"extra":1,"ei":0}},{"type":"Feature","geometry":{"type":"Point","coordinates":[19.400364,50.298236]},"properties":{"lines":"460, 463","color":"#0059a9","mode":"bus","arr":["460","463"],"angle":51}},{"type":"Feature","geometry":{"type":"Point","coordinates":[19.403452,50.295463]},"properties":{"lines":"460","color":"#0059a9","mode":"bus","arr":["460"],"angle":65.8,"mi":1}},{"type":"Feature","geometry":{"type":"Point","coordinates":[19.404091,50.294341]},"properties":{"lines":"460","color":"#0059a9","mode":"bus","arr":["460"],"angle":78.4,"extra":1,"ei":0}},{"type":"Feature","geometry":{"type":"Point","coordinates":[19.5629,50.260504]},"properties":{"lines":"460, 464, 465, 466, 470, 474, 475, M, PS, PSK","color":"#0059a9","mode":"bus","arr":["460","464","465","466","470","474","475","M","PS","PSK"],"angle":65.8}},{"type":"Feature","geometry":{"type":"Point","coordinates":[19.479379,50.298332]},"properties":{"lines":"461, 463, 464, 466, 467","color":"#0059a9","mode":"bus","arr":["461","463","464","466","467"],"angle":59.7}},{"type":"Feature","geometry":{"type":"Point","coordinates":[19.478656,50.302049]},"properties":{"lines":"461, 463, 464, 466","color":"#0059a9","mode":"bus","arr":["461","463","464","466"],"angle":-79.8}},{"type":"Feature","geometry":{"type":"Point","coordinates":[19.478312,50.3008]},"properties":{"lines":"461, 463, 464, 466","color":"#0059a9","mode":"bus","arr":["461","463","464","466"],"angle":-80,"extra":1,"ei":0}},{"type":"Feature","geometry":{"type":"Point","coordinates":[19.479452,50.304922]},"properties":{"lines":"461, 463, 464, 466, 467","color":"#0059a9","mode":"bus","arr":["461","463","464","466","467"],"angle":-80.1,"mi":1}},{"type":"Feature","geometry":{"type":"Point","coordinates":[19.47502,50.306931]},"properties":{"lines":"461, 463, 464","color":"#0059a9","mode":"bus","arr":["461","463","464"],"angle":22.1,"mi":3}},{"type":"Feature","geometry":{"type":"Point","coordinates":[19.478305,50.306083]},"properties":{"lines":"461, 463, 464","color":"#0059a9","mode":"bus","arr":["461","463","464"],"angle":21.9,"extra":1,"ei":0}},{"type":"Feature","geometry":{"type":"Point","coordinates":[19.472825,50.307495]},"properties":{"lines":"461, 463, 464","color":"#0059a9","mode":"bus","arr":["461","463","464"],"angle":20,"extra":1,"ei":1}},{"type":"Feature","geometry":{"type":"Point","coordinates":[19.466692,50.311712]},"properties":{"lines":"461, 463, 464","color":"#0059a9","mode":"bus","arr":["461","463","464"],"angle":58.4}},{"type":"Feature","geometry":{"type":"Point","coordinates":[19.463836,50.314684]},"properties":{"lines":"461, 463, 464","color":"#0059a9","mode":"bus","arr":["461","463","464"],"angle":58.4,"extra":1,"ei":0}},{"type":"Feature","geometry":{"type":"Point","coordinates":[19.465382,50.313074]},"properties":{"lines":"461, 463, 464","color":"#0059a9","mode":"bus","arr":["461","463","464"],"angle":58.4,"extra":1,"ei":1}},{"type":"Feature","geometry":{"type":"Point","coordinates":[19.468496,50.309864]},"properties":{"lines":"461, 463, 464","color":"#0059a9","mode":"bus","arr":["461","463","464"],"angle":57.9,"extra":1,"ei":2}},{"type":"Feature","geometry":{"type":"Point","coordinates":[19.470008,50.308242]},"properties":{"lines":"461, 463, 464","color":"#0059a9","mode":"bus","arr":["461","463","464"],"angle":60.6,"extra":1,"ei":3}},{"type":"Feature","geometry":{"type":"Point","coordinates":[19.462596,50.317073]},"properties":{"lines":"461, 463, 464","color":"#0059a9","mode":"bus","arr":["461","463","464"],"angle":67.1,"mi":1}},{"type":"Feature","geometry":{"type":"Point","coordinates":[19.461105,50.317803]},"properties":{"lines":"461, 463, 464","color":"#0059a9","mode":"bus","arr":["461","463","464"],"angle":26.7,"extra":1,"ei":0,"side":-1}},{"type":"Feature","geometry":{"type":"Point","coordinates":[19.460823,50.318119]},"properties":{"lines":"461, 463, 464","color":"#0059a9","mode":"bus","arr":["461","463","464"],"angle":13.9,"mi":2}},{"type":"Feature","geometry":{"type":"Point","coordinates":[19.475129,50.30679]},"properties":{"lines":"461, 463, 464, 467","color":"#0059a9","mode":"bus","arr":["461","463","464","467"],"angle":22.1,"side":-1}},{"type":"Feature","geometry":{"type":"Point","coordinates":[19.471954,50.307566]},"properties":{"lines":"461, 463, 464, 467","color":"#0059a9","mode":"bus","arr":["461","463","464","467"],"angle":16.5,"extra":1,"ei":0,"side":-1}},{"type":"Feature","geometry":{"type":"Point","coordinates":[19.477452,50.306186]},"properties":{"lines":"461, 463, 464, 467","color":"#0059a9","mode":"bus","arr":["461","463","464","467"],"angle":22,"extra":1,"ei":1,"side":-1}},{"type":"Feature","geometry":{"type":"Point","coordinates":[19.457143,50.298627]},"properties":{"lines":"461, 463","color":"#0059a9","mode":"bus","arr":["461","463"],"angle":23.9,"mi":15}},{"type":"Feature","geometry":{"type":"Point","coordinates":[19.43086,50.299941]},"properties":{"lines":"461, 463","color":"#0059a9","mode":"bus","arr":["461","463"],"angle":-2.3}},{"type":"Feature","geometry":{"type":"Point","coordinates":[19.464293,50.296566]},"properties":{"lines":"461, 463","color":"#0059a9","mode":"bus","arr":["461","463"],"angle":24.5,"extra":1,"ei":0}},{"type":"Feature","geometry":{"type":"Point","coordinates":[19.461606,50.29735]},"properties":{"lines":"461, 463","color":"#0059a9","mode":"bus","arr":["461","463"],"angle":24.4,"extra":1,"ei":1}},{"type":"Feature","geometry":{"type":"Point","coordinates":[19.458912,50.298125]},"properties":{"lines":"461, 463","color":"#0059a9","mode":"bus","arr":["461","463"],"angle":23.9,"extra":1,"ei":2}},{"type":"Feature","geometry":{"type":"Point","coordinates":[19.453464,50.299559]},"properties":{"lines":"461, 463","color":"#0059a9","mode":"bus","arr":["461","463"],"angle":10.5,"extra":1,"ei":3}},{"type":"Feature","geometry":{"type":"Point","coordinates":[19.450551,50.299873]},"properties":{"lines":"461, 463","color":"#0059a9","mode":"bus","arr":["461","463"],"angle":9.6,"extra":1,"ei":4}},{"type":"Feature","geometry":{"type":"Point","coordinates":[19.426847,50.299826]},"properties":{"lines":"461, 463","color":"#0059a9","mode":"bus","arr":["461","463"],"angle":-2.5,"extra":1,"ei":0}},{"type":"Feature","geometry":{"type":"Point","coordinates":[19.43275,50.29999]},"properties":{"lines":"461, 463","color":"#0059a9","mode":"bus","arr":["461","463"],"angle":-2.3,"extra":1,"ei":1}},{"type":"Feature","geometry":{"type":"Point","coordinates":[19.435702,50.300066]},"properties":{"lines":"461, 463","color":"#0059a9","mode":"bus","arr":["461","463"],"angle":-2.3,"extra":1,"ei":2}},{"type":"Feature","geometry":{"type":"Point","coordinates":[19.437408,50.305632]},"properties":{"lines":"461, 463","color":"#0059a9","mode":"bus","arr":["461","463"],"angle":-33.1,"mi":3}},{"type":"Feature","geometry":{"type":"Point","coordinates":[19.446508,50.300309]},"properties":{"lines":"461, 463","color":"#0059a9","mode":"bus","arr":["461","463"],"angle":4.1,"mi":9}},{"type":"Feature","geometry":{"type":"Point","coordinates":[19.444272,50.300271]},"properties":{"lines":"461, 463","color":"#0059a9","mode":"bus","arr":["461","463"],"angle":9.7,"mi":8}},{"type":"Feature","geometry":{"type":"Point","coordinates":[19.44257,50.301559]},"properties":{"lines":"461, 463","color":"#0059a9","mode":"bus","arr":["461","463"],"angle":55.5,"mi":6}},{"type":"Feature","geometry":{"type":"Point","coordinates":[19.442527,50.305733]},"properties":{"lines":"461, 463","color":"#0059a9","mode":"bus","arr":["461","463"],"angle":9.9,"extra":1,"ei":0}},{"type":"Feature","geometry":{"type":"Point","coordinates":[19.439621,50.306074]},"properties":{"lines":"461, 463","color":"#0059a9","mode":"bus","arr":["461","463"],"angle":11.4,"extra":1,"ei":1}},{"type":"Feature","geometry":{"type":"Point","coordinates":[19.434261,50.305817]},"properties":{"lines":"461, 463","color":"#0059a9","mode":"bus","arr":["461","463"],"angle":22.7,"extra":1,"ei":2}},{"type":"Feature","geometry":{"type":"Point","coordinates":[19.431998,50.307008]},"properties":{"lines":"461, 463","color":"#0059a9","mode":"bus","arr":["461","463"],"angle":50.3,"extra":1,"ei":3}},{"type":"Feature","geometry":{"type":"Point","coordinates":[19.442836,50.303957]},"properties":{"lines":"461, 463","color":"#0059a9","mode":"bus","arr":["461","463"],"angle":-65.6,"mi":7}},{"type":"Feature","geometry":{"type":"Point","coordinates":[19.425578,50.309394]},"properties":{"lines":"461, 463","color":"#0059a9","mode":"bus","arr":["461","463"],"angle":28,"mi":5}},{"type":"Feature","geometry":{"type":"Point","coordinates":[19.430119,50.307839]},"properties":{"lines":"461, 463","color":"#0059a9","mode":"bus","arr":["461","463"],"angle":27.8,"extra":1,"ei":0}},{"type":"Feature","geometry":{"type":"Point","coordinates":[19.427515,50.308731]},"properties":{"lines":"461, 463","color":"#0059a9","mode":"bus","arr":["461","463"],"angle":28.2,"extra":1,"ei":1}},{"type":"Feature","geometry":{"type":"Point","coordinates":[19.422301,50.310508]},"properties":{"lines":"461, 463","color":"#0059a9","mode":"bus","arr":["461","463"],"angle":28,"extra":1,"ei":2}},{"type":"Feature","geometry":{"type":"Point","coordinates":[19.40623,50.300317]},"properties":{"lines":"461, 463","color":"#0059a9","mode":"bus","arr":["461","463"],"angle":-31,"side":-1,"mi":11}},{"type":"Feature","geometry":{"type":"Point","coordinates":[19.436338,50.299576]},"properties":{"lines":"461, 463","color":"#0059a9","mode":"bus","arr":["461","463"],"angle":81.7,"mi":2}},{"type":"Feature","geometry":{"type":"Point","coordinates":[19.400339,50.302448]},"properties":{"lines":"461, 463","color":"#0059a9","mode":"bus","arr":["461","463"],"angle":-56.4,"mi":14}},{"type":"Feature","geometry":{"type":"Point","coordinates":[19.434701,50.29916]},"properties":{"lines":"461, 463","color":"#0059a9","mode":"bus","arr":["461","463"],"angle":0.8,"mi":1}},{"type":"Feature","geometry":{"type":"Point","coordinates":[19.407294,50.300299]},"properties":{"lines":"461, 463","color":"#0059a9","mode":"bus","arr":["461","463"],"angle":20.3,"mi":10}},{"type":"Feature","geometry":{"type":"Point","coordinates":[19.410977,50.299484]},"properties":{"lines":"461, 463","color":"#0059a9","mode":"bus","arr":["461","463"],"angle":9.2,"extra":1,"ei":0,"side":-1}},{"type":"Feature","geometry":{"type":"Point","coordinates":[19.41392,50.29936]},"properties":{"lines":"461, 463","color":"#0059a9","mode":"bus","arr":["461","463"],"angle":-1.6,"extra":1,"ei":1,"side":-1}},{"type":"Feature","geometry":{"type":"Point","coordinates":[19.44201,50.300332]},"properties":{"lines":"461, 463","color":"#0059a9","mode":"bus","arr":["461","463"],"angle":-26.1,"extra":1,"ei":0}},{"type":"Feature","geometry":{"type":"Point","coordinates":[19.439291,50.2996]},"properties":{"lines":"461, 463","color":"#0059a9","mode":"bus","arr":["461","463"],"angle":-17.5,"extra":1,"ei":1}},{"type":"Feature","geometry":{"type":"Point","coordinates":[19.430512,50.299362]},"properties":{"lines":"461, 463","color":"#0059a9","mode":"bus","arr":["461","463"],"angle":4.6,"extra":1,"ei":2}},{"type":"Feature","geometry":{"type":"Point","coordinates":[19.427568,50.29952]},"properties":{"lines":"461, 463","color":"#0059a9","mode":"bus","arr":["461","463"],"angle":5,"extra":1,"ei":3}},{"type":"Feature","geometry":{"type":"Point","coordinates":[19.404246,50.301027]},"properties":{"lines":"461, 463","color":"#0059a9","mode":"bus","arr":["461","463"],"angle":20.2,"extra":1,"ei":0}},{"type":"Feature","geometry":{"type":"Point","coordinates":[19.401477,50.301685]},"properties":{"lines":"461, 463","color":"#0059a9","mode":"bus","arr":["461","463"],"angle":20.4,"extra":1,"ei":1,"side":-1}},{"type":"Feature","geometry":{"type":"Point","coordinates":[19.416686,50.305516]},"properties":{"lines":"461, 463","color":"#0059a9","mode":"bus","arr":["461","463"],"angle":-57.7,"mi":4}},{"type":"Feature","geometry":{"type":"Point","coordinates":[19.414292,50.300419]},"properties":{"lines":"461, 463","color":"#0059a9","mode":"bus","arr":["461","463"],"angle":-86.4,"extra":1,"ei":0}},{"type":"Feature","geometry":{"type":"Point","coordinates":[19.414519,50.302302]},"properties":{"lines":"461, 463","color":"#0059a9","mode":"bus","arr":["461","463"],"angle":-85.5,"extra":1,"ei":1}},{"type":"Feature","geometry":{"type":"Point","coordinates":[19.415286,50.304087]},"properties":{"lines":"461, 463","color":"#0059a9","mode":"bus","arr":["461","463"],"angle":-57.7,"extra":1,"ei":2}},{"type":"Feature","geometry":{"type":"Point","coordinates":[19.418454,50.307275]},"properties":{"lines":"461, 463","color":"#0059a9","mode":"bus","arr":["461","463"],"angle":-61.5,"extra":1,"ei":3}},{"type":"Feature","geometry":{"type":"Point","coordinates":[19.418837,50.309115]},"properties":{"lines":"461, 463","color":"#0059a9","mode":"bus","arr":["461","463"],"angle":86.8,"extra":1,"ei":4}},{"type":"Feature","geometry":{"type":"Point","coordinates":[19.419322,50.310941]},"properties":{"lines":"461, 463","color":"#0059a9","mode":"bus","arr":["461","463"],"angle":-65.5,"extra":1,"ei":5}},{"type":"Feature","geometry":{"type":"Point","coordinates":[19.48569,50.303971]},"properties":{"lines":"463","color":"#0059a9","mode":"bus","arr":["463"],"angle":32.8}},{"type":"Feature","geometry":{"type":"Point","coordinates":[19.48948,50.301759]},"properties":{"lines":"463","color":"#0059a9","mode":"bus","arr":["463"],"angle":47.1,"extra":1,"ei":0}},{"type":"Feature","geometry":{"type":"Point","coordinates":[19.48743,50.303118]},"properties":{"lines":"463","color":"#0059a9","mode":"bus","arr":["463"],"angle":42.3,"extra":1,"ei":1}},{"type":"Feature","geometry":{"type":"Point","coordinates":[19.482372,50.305026]},"properties":{"lines":"463","color":"#0059a9","mode":"bus","arr":["463"],"angle":22.2,"extra":1,"ei":2}},{"type":"Feature","geometry":{"type":"Point","coordinates":[19.566036,50.268435]},"properties":{"lines":"461, 464, 465, 472, 475, 477, PS, PSK, Ż","color":"#0059a9","mode":"bus","arr":["461","464","465","472","475","477","PS","PSK","Ż"],"angle":70.9}},{"type":"Feature","geometry":{"type":"Point","coordinates":[19.56971,50.265884]},"properties":{"lines":"464, 465, 475, BP, PS, PSK, SŁ","color":"#0059a9","mode":"bus","arr":["464","465","475","BP","PS","PSK","SŁ"],"angle":7.3}},{"type":"Feature","geometry":{"type":"Point","coordinates":[19.568056,50.266726]},"properties":{"lines":"464, 465, 475, BP, PS, PSK, SŁ","color":"#0059a9","mode":"bus","arr":["464","465","475","BP","PS","PSK","SŁ"],"angle":49.9,"extra":1,"ei":0}},{"type":"Feature","geometry":{"type":"Point","coordinates":[19.573359,50.265772]},"properties":{"lines":"464, 465, 475, BP, PS, PSK, SŁ","color":"#0059a9","mode":"bus","arr":["464","465","475","BP","PS","PSK","SŁ"],"angle":-16.8,"extra":1,"ei":1}},{"type":"Feature","geometry":{"type":"Point","coordinates":[19.566939,50.267235]},"properties":{"lines":"461, 464, 465, 472, 475, 477, BP, PS, PSK, SŁ, Ż","color":"#0059a9","mode":"bus","arr":["461","464","465","472","475","477","BP","PS","PSK","SŁ","Ż"],"angle":-45.2,"side":-1}},{"type":"Feature","geometry":{"type":"Point","coordinates":[19.566729,50.267373]},"properties":{"lines":"472, 475, PS, PSK, Ż","color":"#0059a9","mode":"bus","arr":["472","475","PS","PSK","Ż"],"angle":-55.3}},{"type":"Feature","geometry":{"type":"Point","coordinates":[19.402051,50.301154]},"properties":{"lines":"461, 463","color":"#0059a9","mode":"bus","arr":["461","463"],"angle":82.5,"mi":13}},{"type":"Feature","geometry":{"type":"Point","coordinates":[19.406668,50.297247]},"properties":{"lines":"463","color":"#0059a9","mode":"bus","arr":["463"],"angle":6.7,"mi":1}},{"type":"Feature","geometry":{"type":"Point","coordinates":[19.399367,50.312814]},"properties":{"lines":"463","color":"#0059a9","mode":"bus","arr":["463"],"angle":-74.6,"mi":3}},{"type":"Feature","geometry":{"type":"Point","coordinates":[19.403986,50.314223]},"properties":{"lines":"463","color":"#0059a9","mode":"bus","arr":["463"],"angle":-13.4,"extra":1,"ei":0}},{"type":"Feature","geometry":{"type":"Point","coordinates":[19.401116,50.313847]},"properties":{"lines":"463","color":"#0059a9","mode":"bus","arr":["463"],"angle":2.4,"extra":1,"ei":1}},{"type":"Feature","geometry":{"type":"Point","coordinates":[19.3988,50.310764]},"properties":{"lines":"463","color":"#0059a9","mode":"bus","arr":["463"],"angle":-80.4,"extra":1,"ei":2}},{"type":"Feature","geometry":{"type":"Point","coordinates":[19.398714,50.308878]},"properties":{"lines":"463","color":"#0059a9","mode":"bus","arr":["463"],"angle":-89.2,"extra":1,"ei":3}},{"type":"Feature","geometry":{"type":"Point","coordinates":[19.491733,50.299331]},"properties":{"lines":"462","color":"#0059a9","mode":"bus","arr":["462"],"angle":18.9}},{"type":"Feature","geometry":{"type":"Point","coordinates":[19.496239,50.296861]},"properties":{"lines":"462, 466","color":"#0059a9","mode":"bus","arr":["462","466"],"angle":47.8,"side":-1}},{"type":"Feature","geometry":{"type":"Point","coordinates":[19.493981,50.298446]},"properties":{"lines":"462, 466","color":"#0059a9","mode":"bus","arr":["462","466"],"angle":47.4,"extra":1,"ei":0,"side":-1}},{"type":"Feature","geometry":{"type":"Point","coordinates":[19.497961,50.295654]},"properties":{"lines":"462, 466","color":"#0059a9","mode":"bus","arr":["462","466"],"angle":47.5,"extra":1,"ei":1,"side":-1}},{"type":"Feature","geometry":{"type":"Point","coordinates":[19.403158,50.296925]},"properties":{"lines":"463","color":"#0059a9","mode":"bus","arr":["463"],"angle":-7,"mi":2}},{"type":"Feature","geometry":{"type":"Point","coordinates":[19.412512,50.312614]},"properties":{"lines":"463","color":"#0059a9","mode":"bus","arr":["463"],"angle":7.4,"mi":4}},{"type":"Feature","geometry":{"type":"Point","coordinates":[19.418363,50.311714]},"properties":{"lines":"463","color":"#0059a9","mode":"bus","arr":["463"],"angle":14.5,"extra":1,"ei":0}},{"type":"Feature","geometry":{"type":"Point","coordinates":[19.415543,50.312272]},"properties":{"lines":"463","color":"#0059a9","mode":"bus","arr":["463"],"angle":16.4,"extra":1,"ei":1}},{"type":"Feature","geometry":{"type":"Point","coordinates":[19.409767,50.313002]},"properties":{"lines":"463","color":"#0059a9","mode":"bus","arr":["463"],"angle":23.4,"extra":1,"ei":2}},{"type":"Feature","geometry":{"type":"Point","coordinates":[19.407064,50.313761]},"properties":{"lines":"463","color":"#0059a9","mode":"bus","arr":["463"],"angle":20.8,"extra":1,"ei":3}},{"type":"Feature","geometry":{"type":"Point","coordinates":[19.399343,50.305469]},"properties":{"lines":"463","color":"#0059a9","mode":"bus","arr":["463"],"angle":78.2}},{"type":"Feature","geometry":{"type":"Point","coordinates":[19.398679,50.307385]},"properties":{"lines":"463","color":"#0059a9","mode":"bus","arr":["463"],"angle":78.8,"extra":1,"ei":0}},{"type":"Feature","geometry":{"type":"Point","coordinates":[19.400164,50.303759]},"properties":{"lines":"463","color":"#0059a9","mode":"bus","arr":["463"],"angle":58.3,"extra":1,"ei":1}},{"type":"Feature","geometry":{"type":"Point","coordinates":[19.57378,50.265863]},"properties":{"lines":"464, 465, 475, BP, M, PS, PSK, SŁ","color":"#0059a9","mode":"bus","arr":["464","465","475","BP","M","PS","PSK","SŁ"],"angle":-18.1}},{"type":"Feature","geometry":{"type":"Point","coordinates":[19.459589,50.271359]},"properties":{"lines":"465","color":"#0059a9","mode":"bus","arr":["465"],"angle":26.1}},{"type":"Feature","geometry":{"type":"Point","coordinates":[19.463138,50.270334]},"properties":{"lines":"465","color":"#0059a9","mode":"bus","arr":["465"],"angle":23.2,"extra":1,"ei":0}},{"type":"Feature","geometry":{"type":"Point","coordinates":[19.45778,50.271924]},"properties":{"lines":"465","color":"#0059a9","mode":"bus","arr":["465"],"angle":28,"extra":1,"ei":1}},{"type":"Feature","geometry":{"type":"Point","coordinates":[19.455421,50.273056]},"properties":{"lines":"465","color":"#0059a9","mode":"bus","arr":["465"],"angle":38.2,"extra":1,"ei":2}},{"type":"Feature","geometry":{"type":"Point","coordinates":[19.560626,50.280192]},"properties":{"lines":"466, PS, SŁ, Ż","color":"#0059a9","mode":"bus","arr":["466","PS","SŁ","Ż"],"angle":16.7,"mi":1}},{"type":"Feature","geometry":{"type":"Point","coordinates":[19.557516,50.281822]},"properties":{"lines":"PS","color":"#0059a9","mode":"bus","arr":["PS"],"angle":77.3,"mi":1}},{"type":"Feature","geometry":{"type":"Point","coordinates":[19.557567,50.27948]},"properties":{"lines":"466, PS, SŁ, Ż","color":"#0059a9","mode":"bus","arr":["466","PS","SŁ","Ż"],"angle":-75}},{"type":"Feature","geometry":{"type":"Point","coordinates":[19.559484,50.277934]},"properties":{"lines":"466, PS, Ż","color":"#0059a9","mode":"bus","arr":["466","PS","Ż"],"angle":15.4}},{"type":"Feature","geometry":{"type":"Point","coordinates":[19.561336,50.277621]},"properties":{"lines":"466, PS, Ż","color":"#0059a9","mode":"bus","arr":["466","PS","Ż"],"angle":14.2,"extra":1,"ei":0}},{"type":"Feature","geometry":{"type":"Point","coordinates":[19.558263,50.275119]},"properties":{"lines":"466, Ż","color":"#0059a9","mode":"bus","arr":["466","Ż"],"angle":-60.6,"mi":1}},{"type":"Feature","geometry":{"type":"Point","coordinates":[19.55947,50.276973]},"properties":{"lines":"466, Ż","color":"#0059a9","mode":"bus","arr":["466","Ż"],"angle":-78.1,"extra":1,"ei":0}},{"type":"Feature","geometry":{"type":"Point","coordinates":[19.55661,50.27371]},"properties":{"lines":"466, Ż","color":"#0059a9","mode":"bus","arr":["466","Ż"],"angle":-51.9,"extra":1,"ei":1}},{"type":"Feature","geometry":{"type":"Point","coordinates":[19.55543,50.272778]},"properties":{"lines":"466, Ż","color":"#0059a9","mode":"bus","arr":["466","Ż"],"angle":48.1}},{"type":"Feature","geometry":{"type":"Point","coordinates":[19.528312,50.254429]},"properties":{"lines":"466","color":"#0059a9","mode":"bus","arr":["466"],"angle":-40.5}},{"type":"Feature","geometry":{"type":"Point","coordinates":[19.511557,50.253112]},"properties":{"lines":"466","color":"#0059a9","mode":"bus","arr":["466"],"angle":-2.5,"extra":1,"ei":0}},{"type":"Feature","geometry":{"type":"Point","coordinates":[19.514508,50.253198]},"properties":{"lines":"466","color":"#0059a9","mode":"bus","arr":["466"],"angle":-2.8,"extra":1,"ei":1}},{"type":"Feature","geometry":{"type":"Point","coordinates":[19.517458,50.253298]},"properties":{"lines":"466","color":"#0059a9","mode":"bus","arr":["466"],"angle":-2.5,"extra":1,"ei":2}},{"type":"Feature","geometry":{"type":"Point","coordinates":[19.520409,50.253371]},"properties":{"lines":"466","color":"#0059a9","mode":"bus","arr":["466"],"angle":-2.6,"extra":1,"ei":3}},{"type":"Feature","geometry":{"type":"Point","coordinates":[19.52336,50.253457]},"properties":{"lines":"466","color":"#0059a9","mode":"bus","arr":["466"],"angle":-2.4,"extra":1,"ei":4}},{"type":"Feature","geometry":{"type":"Point","coordinates":[19.526311,50.253543]},"properties":{"lines":"466","color":"#0059a9","mode":"bus","arr":["466"],"angle":-10.5,"extra":1,"ei":5}},{"type":"Feature","geometry":{"type":"Point","coordinates":[19.530909,50.255876]},"properties":{"lines":"466","color":"#0059a9","mode":"bus","arr":["466"],"angle":-41.3,"extra":1,"ei":6}},{"type":"Feature","geometry":{"type":"Point","coordinates":[19.53313,50.257122]},"properties":{"lines":"466","color":"#0059a9","mode":"bus","arr":["466"],"angle":-41.2,"extra":1,"ei":7}},{"type":"Feature","geometry":{"type":"Point","coordinates":[19.535351,50.258367]},"properties":{"lines":"466","color":"#0059a9","mode":"bus","arr":["466"],"angle":-41.3,"extra":1,"ei":8}},{"type":"Feature","geometry":{"type":"Point","coordinates":[19.537571,50.259613]},"properties":{"lines":"466","color":"#0059a9","mode":"bus","arr":["466"],"angle":-41.2,"extra":1,"ei":9}},{"type":"Feature","geometry":{"type":"Point","coordinates":[19.539799,50.260853]},"properties":{"lines":"466","color":"#0059a9","mode":"bus","arr":["466"],"angle":-41.5,"extra":1,"ei":10}},{"type":"Feature","geometry":{"type":"Point","coordinates":[19.541695,50.262284]},"properties":{"lines":"466","color":"#0059a9","mode":"bus","arr":["466"],"angle":-61.9,"extra":1,"ei":11}},{"type":"Feature","geometry":{"type":"Point","coordinates":[19.548078,50.267483]},"properties":{"lines":"466, Ż","color":"#0059a9","mode":"bus","arr":["466","Ż"],"angle":-55.5,"mi":2}},{"type":"Feature","geometry":{"type":"Point","coordinates":[19.553365,50.271696]},"properties":{"lines":"466, Ż","color":"#0059a9","mode":"bus","arr":["466","Ż"],"angle":-50.9,"extra":1,"ei":0}},{"type":"Feature","geometry":{"type":"Point","coordinates":[19.551496,50.270233]},"properties":{"lines":"466, Ż","color":"#0059a9","mode":"bus","arr":["466","Ż"],"angle":-50.9,"extra":1,"ei":1}},{"type":"Feature","geometry":{"type":"Point","coordinates":[19.549638,50.268765]},"properties":{"lines":"466, Ż","color":"#0059a9","mode":"bus","arr":["466","Ż"],"angle":-51,"extra":1,"ei":2}},{"type":"Feature","geometry":{"type":"Point","coordinates":[19.545916,50.265876]},"properties":{"lines":"466, Ż","color":"#0059a9","mode":"bus","arr":["466","Ż"],"angle":-35.7,"extra":1,"ei":3}},{"type":"Feature","geometry":{"type":"Point","coordinates":[19.543616,50.264746]},"properties":{"lines":"466, Ż","color":"#0059a9","mode":"bus","arr":["466","Ż"],"angle":-55.4,"extra":1,"ei":4}},{"type":"Feature","geometry":{"type":"Point","coordinates":[19.542172,50.263157]},"properties":{"lines":"466, Ż","color":"#0059a9","mode":"bus","arr":["466","Ż"],"angle":-84.7,"extra":1,"ei":5}},{"type":"Feature","geometry":{"type":"Point","coordinates":[19.491528,50.254249]},"properties":{"lines":"466","color":"#0059a9","mode":"bus","arr":["466"],"angle":52}},{"type":"Feature","geometry":{"type":"Point","coordinates":[19.508606,50.253023]},"properties":{"lines":"466","color":"#0059a9","mode":"bus","arr":["466"],"angle":-3.1,"extra":1,"ei":0}},{"type":"Feature","geometry":{"type":"Point","coordinates":[19.505656,50.25292]},"properties":{"lines":"466","color":"#0059a9","mode":"bus","arr":["466"],"angle":-3.1,"extra":1,"ei":1}},{"type":"Feature","geometry":{"type":"Point","coordinates":[19.502706,50.252816]},"properties":{"lines":"466","color":"#0059a9","mode":"bus","arr":["466"],"angle":-3.1,"extra":1,"ei":2}},{"type":"Feature","geometry":{"type":"Point","coordinates":[19.499757,50.252708]},"properties":{"lines":"466","color":"#0059a9","mode":"bus","arr":["466"],"angle":-3.4,"extra":1,"ei":3}},{"type":"Feature","geometry":{"type":"Point","coordinates":[19.496807,50.252608]},"properties":{"lines":"466","color":"#0059a9","mode":"bus","arr":["466"],"angle":-2.1,"extra":1,"ei":4}},{"type":"Feature","geometry":{"type":"Point","coordinates":[19.493857,50.252582]},"properties":{"lines":"466","color":"#0059a9","mode":"bus","arr":["466"],"angle":9.1,"extra":1,"ei":5}},{"type":"Feature","geometry":{"type":"Point","coordinates":[19.489966,50.25527]},"properties":{"lines":"466","color":"#0059a9","mode":"bus","arr":["466"],"angle":45.7,"extra":1,"ei":6}},{"type":"Feature","geometry":{"type":"Point","coordinates":[19.487902,50.256621]},"properties":{"lines":"466","color":"#0059a9","mode":"bus","arr":["466"],"angle":45.7,"extra":1,"ei":7}},{"type":"Feature","geometry":{"type":"Point","coordinates":[19.485837,50.257972]},"properties":{"lines":"466","color":"#0059a9","mode":"bus","arr":["466"],"angle":45.7,"extra":1,"ei":8}},{"type":"Feature","geometry":{"type":"Point","coordinates":[19.483772,50.259322]},"properties":{"lines":"466","color":"#0059a9","mode":"bus","arr":["466"],"angle":45.6,"extra":1,"ei":9}},{"type":"Feature","geometry":{"type":"Point","coordinates":[19.481704,50.260671]},"properties":{"lines":"466","color":"#0059a9","mode":"bus","arr":["466"],"angle":45.5,"extra":1,"ei":10}},{"type":"Feature","geometry":{"type":"Point","coordinates":[19.479639,50.262021]},"properties":{"lines":"466","color":"#0059a9","mode":"bus","arr":["466"],"angle":45.8,"extra":1,"ei":11}},{"type":"Feature","geometry":{"type":"Point","coordinates":[19.47948,50.265325]},"properties":{"lines":"466, 467, 467A","color":"#0059a9","mode":"bus","arr":["466","467","467A"],"angle":-38.8,"mi":1}},{"type":"Feature","geometry":{"type":"Point","coordinates":[19.481499,50.265956]},"properties":{"lines":"466, 467, 467A","color":"#0059a9","mode":"bus","arr":["466","467","467A"],"angle":-7,"extra":1,"ei":0}},{"type":"Feature","geometry":{"type":"Point","coordinates":[19.477674,50.263487]},"properties":{"lines":"466, 467, 467A","color":"#0059a9","mode":"bus","arr":["466","467","467A"],"angle":-79.8,"extra":1,"ei":1,"side":-1}},{"type":"Feature","geometry":{"type":"Point","coordinates":[19.483225,50.266313]},"properties":{"lines":"466, 467, 467A","color":"#0059a9","mode":"bus","arr":["466","467","467A"],"angle":22.8}},{"type":"Feature","geometry":{"type":"Point","coordinates":[19.460597,50.262922]},"properties":{"lines":"466, 467, 467A","color":"#0059a9","mode":"bus","arr":["466","467","467A"],"angle":1.4}},{"type":"Feature","geometry":{"type":"Point","coordinates":[19.476314,50.263667]},"properties":{"lines":"466, 467, 467A","color":"#0059a9","mode":"bus","arr":["466","467","467A"],"angle":-9,"extra":1,"ei":0}},{"type":"Feature","geometry":{"type":"Point","coordinates":[19.473445,50.263218]},"properties":{"lines":"466, 467, 467A","color":"#0059a9","mode":"bus","arr":["466","467","467A"],"angle":-13.8,"extra":1,"ei":1}},{"type":"Feature","geometry":{"type":"Point","coordinates":[19.470533,50.262917]},"properties":{"lines":"466, 467, 467A","color":"#0059a9","mode":"bus","arr":["466","467","467A"],"angle":-6.8,"extra":1,"ei":2}},{"type":"Feature","geometry":{"type":"Point","coordinates":[19.467583,50.262841]},"properties":{"lines":"466, 467, 467A","color":"#0059a9","mode":"bus","arr":["466","467","467A"],"angle":-0.8,"extra":1,"ei":3}},{"type":"Feature","geometry":{"type":"Point","coordinates":[19.464629,50.262868]},"properties":{"lines":"466, 467, 467A","color":"#0059a9","mode":"bus","arr":["466","467","467A"],"angle":1.1,"extra":1,"ei":4}},{"type":"Feature","geometry":{"type":"Point","coordinates":[19.458723,50.26295]},"properties":{"lines":"466, 467, 467A","color":"#0059a9","mode":"bus","arr":["466","467","467A"],"angle":1.7,"extra":1,"ei":5}},{"type":"Feature","geometry":{"type":"Point","coordinates":[19.455772,50.263039]},"properties":{"lines":"466, 467, 467A","color":"#0059a9","mode":"bus","arr":["466","467","467A"],"angle":4.5,"extra":1,"ei":6}},{"type":"Feature","geometry":{"type":"Point","coordinates":[19.452828,50.26319]},"properties":{"lines":"466, 467, 467A","color":"#0059a9","mode":"bus","arr":["466","467","467A"],"angle":6,"extra":1,"ei":7}},{"type":"Feature","geometry":{"type":"Point","coordinates":[19.449942,50.263576]},"properties":{"lines":"466, 467, 467A","color":"#0059a9","mode":"bus","arr":["466","467","467A"],"angle":16.1,"extra":1,"ei":8}},{"type":"Feature","geometry":{"type":"Point","coordinates":[19.447058,50.263855]},"properties":{"lines":"466, 467, 467A","color":"#0059a9","mode":"bus","arr":["466","467","467A"],"angle":-5.4,"extra":1,"ei":9}},{"type":"Feature","geometry":{"type":"Point","coordinates":[19.444116,50.263689]},"properties":{"lines":"466, 467, 467A","color":"#0059a9","mode":"bus","arr":["466","467","467A"],"angle":9.6,"extra":1,"ei":10}},{"type":"Feature","geometry":{"type":"Point","coordinates":[19.43546,50.253378]},"properties":{"lines":"466, 467, 467A","color":"#0059a9","mode":"bus","arr":["466","467","467A"],"angle":-66.4}},{"type":"Feature","geometry":{"type":"Point","coordinates":[19.442443,50.263317]},"properties":{"lines":"466, 467, 467A","color":"#0059a9","mode":"bus","arr":["466","467","467A"],"angle":-47.8,"extra":1,"ei":0}},{"type":"Feature","geometry":{"type":"Point","coordinates":[19.441827,50.261529]},"properties":{"lines":"466, 467, 467A","color":"#0059a9","mode":"bus","arr":["466","467","467A"],"angle":82.5,"extra":1,"ei":1}},{"type":"Feature","geometry":{"type":"Point","coordinates":[19.440745,50.259866]},"properties":{"lines":"466, 467, 467A","color":"#0059a9","mode":"bus","arr":["466","467","467A"],"angle":-43.3,"extra":1,"ei":2}},{"type":"Feature","geometry":{"type":"Point","coordinates":[19.438907,50.258401]},"properties":{"lines":"466, 467, 467A","color":"#0059a9","mode":"bus","arr":["466","467","467A"],"angle":-63,"extra":1,"ei":3}},{"type":"Feature","geometry":{"type":"Point","coordinates":[19.437714,50.256673]},"properties":{"lines":"466, 467, 467A","color":"#0059a9","mode":"bus","arr":["466","467","467A"],"angle":-66.4,"extra":1,"ei":4}},{"type":"Feature","geometry":{"type":"Point","coordinates":[19.436532,50.254943]},"properties":{"lines":"466, 467, 467A","color":"#0059a9","mode":"bus","arr":["466","467","467A"],"angle":-66.4,"extra":1,"ei":5}},{"type":"Feature","geometry":{"type":"Point","coordinates":[19.433766,50.251651]},"properties":{"lines":"466, 467, 467A","color":"#0059a9","mode":"bus","arr":["466","467","467A"],"angle":-42.3,"extra":1,"ei":6}},{"type":"Feature","geometry":{"type":"Point","coordinates":[19.432403,50.250049]},"properties":{"lines":"466, 467, 467A","color":"#0059a9","mode":"bus","arr":["466","467","467A"],"angle":-86.8,"extra":1,"ei":7}},{"type":"Feature","geometry":{"type":"Point","coordinates":[19.432252,50.248165]},"properties":{"lines":"466, 467, 467A","color":"#0059a9","mode":"bus","arr":["466","467","467A"],"angle":-82.2,"extra":1,"ei":8}},{"type":"Feature","geometry":{"type":"Point","coordinates":[19.43183,50.246295]},"properties":{"lines":"466, 467, 467A","color":"#0059a9","mode":"bus","arr":["466","467","467A"],"angle":-82.2,"extra":1,"ei":9}},{"type":"Feature","geometry":{"type":"Point","coordinates":[19.431424,50.244425]},"properties":{"lines":"466, 467, 467A","color":"#0059a9","mode":"bus","arr":["466","467","467A"],"angle":-81.9,"extra":1,"ei":10}},{"type":"Feature","geometry":{"type":"Point","coordinates":[19.430821,50.242585]},"properties":{"lines":"466, 467, 467A","color":"#0059a9","mode":"bus","arr":["466","467","467A"],"angle":-64,"extra":1,"ei":11}},{"type":"Feature","geometry":{"type":"Point","coordinates":[19.428179,50.237792]},"properties":{"lines":"466, 467, 467A","color":"#0059a9","mode":"bus","arr":["466","467","467A"],"angle":88.6}},{"type":"Feature","geometry":{"type":"Point","coordinates":[19.429373,50.241373]},"properties":{"lines":"466, 467, 467A","color":"#0059a9","mode":"bus","arr":["466","467","467A"],"angle":-58.5,"extra":1,"ei":0}},{"type":"Feature","geometry":{"type":"Point","coordinates":[19.42847,50.239585]},"properties":{"lines":"466, 467, 467A","color":"#0059a9","mode":"bus","arr":["466","467","467A"],"angle":-82.4,"extra":1,"ei":1}},{"type":"Feature","geometry":{"type":"Point","coordinates":[19.428196,50.235839]},"properties":{"lines":"466, 467, 467A","color":"#0059a9","mode":"bus","arr":["466","467","467A"],"angle":76.5,"extra":1,"ei":2}},{"type":"Feature","geometry":{"type":"Point","coordinates":[19.427255,50.234136]},"properties":{"lines":"466, 467, 467A","color":"#0059a9","mode":"bus","arr":["466","467","467A"],"angle":-54.5,"extra":1,"ei":3}},{"type":"Feature","geometry":{"type":"Point","coordinates":[19.444153,50.266943]},"properties":{"lines":"466","color":"#0059a9","mode":"bus","arr":["466"],"angle":32}},{"type":"Feature","geometry":{"type":"Point","coordinates":[19.444484,50.264641]},"properties":{"lines":"466","color":"#0059a9","mode":"bus","arr":["466"],"angle":-55.9,"extra":1,"ei":0}},{"type":"Feature","geometry":{"type":"Point","coordinates":[19.444015,50.269447]},"properties":{"lines":"466","color":"#0059a9","mode":"bus","arr":["466"],"angle":87.4,"extra":1,"ei":1}},{"type":"Feature","geometry":{"type":"Point","coordinates":[19.453594,50.26973]},"properties":{"lines":"466","color":"#0059a9","mode":"bus","arr":["466"],"angle":2.8,"mi":1}},{"type":"Feature","geometry":{"type":"Point","coordinates":[19.445328,50.270378]},"properties":{"lines":"466","color":"#0059a9","mode":"bus","arr":["466"],"angle":18.5,"extra":1,"ei":0}},{"type":"Feature","geometry":{"type":"Point","coordinates":[19.448165,50.269875]},"properties":{"lines":"466","color":"#0059a9","mode":"bus","arr":["466"],"angle":3.7,"extra":1,"ei":1}},{"type":"Feature","geometry":{"type":"Point","coordinates":[19.451118,50.26981]},"properties":{"lines":"466","color":"#0059a9","mode":"bus","arr":["466"],"angle":2.8,"extra":1,"ei":2}},{"type":"Feature","geometry":{"type":"Point","coordinates":[19.456888,50.269263]},"properties":{"lines":"466","color":"#0059a9","mode":"bus","arr":["466"],"angle":24.4,"extra":1,"ei":3}},{"type":"Feature","geometry":{"type":"Point","coordinates":[19.459577,50.268481]},"properties":{"lines":"466","color":"#0059a9","mode":"bus","arr":["466"],"angle":24.5,"extra":1,"ei":4}},{"type":"Feature","geometry":{"type":"Point","coordinates":[19.462267,50.267699]},"properties":{"lines":"466","color":"#0059a9","mode":"bus","arr":["466"],"angle":22.5,"extra":1,"ei":5}},{"type":"Feature","geometry":{"type":"Point","coordinates":[19.470632,50.245966]},"properties":{"lines":"466, 467, 467A","color":"#0059a9","mode":"bus","arr":["466","467","467A"],"angle":-48.7}},{"type":"Feature","geometry":{"type":"Point","coordinates":[19.47373,50.233519]},"properties":{"lines":"466, 467, 467A","color":"#0059a9","mode":"bus","arr":["466","467","467A"],"angle":17.7,"extra":1,"ei":0}},{"type":"Feature","geometry":{"type":"Point","coordinates":[19.470923,50.234109]},"properties":{"lines":"466, 467, 467A","color":"#0059a9","mode":"bus","arr":["466","467","467A"],"angle":17.9,"extra":1,"ei":1}},{"type":"Feature","geometry":{"type":"Point","coordinates":[19.468227,50.234862]},"properties":{"lines":"466, 467, 467A","color":"#0059a9","mode":"bus","arr":["466","467","467A"],"angle":28.1,"extra":1,"ei":2}},{"type":"Feature","geometry":{"type":"Point","coordinates":[19.465658,50.235779]},"properties":{"lines":"466, 467, 467A","color":"#0059a9","mode":"bus","arr":["466","467","467A"],"angle":28.4,"extra":1,"ei":3}},{"type":"Feature","geometry":{"type":"Point","coordinates":[19.463787,50.237118]},"properties":{"lines":"466, 467, 467A","color":"#0059a9","mode":"bus","arr":["466","467","467A"],"angle":50.2,"extra":1,"ei":4}},{"type":"Feature","geometry":{"type":"Point","coordinates":[19.464125,50.238795]},"properties":{"lines":"466, 467, 467A","color":"#0059a9","mode":"bus","arr":["466","467","467A"],"angle":-51.1,"extra":1,"ei":5}},{"type":"Feature","geometry":{"type":"Point","coordinates":[19.465482,50.240422]},"properties":{"lines":"466, 467, 467A","color":"#0059a9","mode":"bus","arr":["466","467","467A"],"angle":-75,"extra":1,"ei":6}},{"type":"Feature","geometry":{"type":"Point","coordinates":[19.466387,50.242215]},"properties":{"lines":"466, 467, 467A","color":"#0059a9","mode":"bus","arr":["466","467","467A"],"angle":-59,"extra":1,"ei":7}},{"type":"Feature","geometry":{"type":"Point","coordinates":[19.468161,50.243725]},"properties":{"lines":"466, 467, 467A","color":"#0059a9","mode":"bus","arr":["466","467","467A"],"angle":-53.6,"extra":1,"ei":8}},{"type":"Feature","geometry":{"type":"Point","coordinates":[19.472027,50.248684]},"properties":{"lines":"466, 467, 467A","color":"#0059a9","mode":"bus","arr":["466","467","467A"],"angle":-77.9,"extra":1,"ei":9}},{"type":"Feature","geometry":{"type":"Point","coordinates":[19.472461,50.250545]},"properties":{"lines":"466, 467, 467A","color":"#0059a9","mode":"bus","arr":["466","467","467A"],"angle":85.8,"extra":1,"ei":10}},{"type":"Feature","geometry":{"type":"Point","coordinates":[19.471894,50.252397]},"properties":{"lines":"466, 467, 467A","color":"#0059a9","mode":"bus","arr":["466","467","467A"],"angle":78.2,"extra":1,"ei":11}},{"type":"Feature","geometry":{"type":"Point","coordinates":[19.471284,50.254245]},"properties":{"lines":"466, 467, 467A","color":"#0059a9","mode":"bus","arr":["466","467","467A"],"angle":78.1,"extra":1,"ei":12}},{"type":"Feature","geometry":{"type":"Point","coordinates":[19.470176,50.255876]},"properties":{"lines":"466, 467, 467A","color":"#0059a9","mode":"bus","arr":["466","467","467A"],"angle":17.8,"extra":1,"ei":13}},{"type":"Feature","geometry":{"type":"Point","coordinates":[19.467265,50.256198]},"properties":{"lines":"466, 467, 467A","color":"#0059a9","mode":"bus","arr":["466","467","467A"],"angle":9.2,"extra":1,"ei":14}},{"type":"Feature","geometry":{"type":"Point","coordinates":[19.464367,50.25656]},"properties":{"lines":"466, 467, 467A","color":"#0059a9","mode":"bus","arr":["466","467","467A"],"angle":13,"extra":1,"ei":15}},{"type":"Feature","geometry":{"type":"Point","coordinates":[19.461483,50.256968]},"properties":{"lines":"466, 467, 467A","color":"#0059a9","mode":"bus","arr":["466","467","467A"],"angle":8.4,"extra":1,"ei":16}},{"type":"Feature","geometry":{"type":"Point","coordinates":[19.458552,50.257205]},"properties":{"lines":"466, 467, 467A","color":"#0059a9","mode":"bus","arr":["466","467","467A"],"angle":6.9,"extra":1,"ei":17}},{"type":"Feature","geometry":{"type":"Point","coordinates":[19.458214,50.260619]},"properties":{"lines":"466, 467, 467A","color":"#0059a9","mode":"bus","arr":["466","467","467A"],"angle":-40.8,"mi":2}},{"type":"Feature","geometry":{"type":"Point","coordinates":[19.457228,50.258512]},"properties":{"lines":"466, 467, 467A","color":"#0059a9","mode":"bus","arr":["466","467","467A"],"angle":-82.8,"extra":1,"ei":0}},{"type":"Feature","geometry":{"type":"Point","coordinates":[19.460296,50.261316]},"properties":{"lines":"466, 467, 467A","color":"#0059a9","mode":"bus","arr":["466","467","467A"],"angle":-21.6,"extra":1,"ei":1}},{"type":"Feature","geometry":{"type":"Point","coordinates":[19.463088,50.262305]},"properties":{"lines":"466, 467, 467A","color":"#0059a9","mode":"bus","arr":["466","467","467A"],"angle":-73,"mi":1}},{"type":"Feature","geometry":{"type":"Point","coordinates":[19.473529,50.267383]},"properties":{"lines":"466, 467","color":"#0059a9","mode":"bus","arr":["466","467"],"angle":23.9}},{"type":"Feature","geometry":{"type":"Point","coordinates":[19.465845,50.269578]},"properties":{"lines":"466, 467","color":"#0059a9","mode":"bus","arr":["466","467"],"angle":23.8,"extra":1,"ei":0}},{"type":"Feature","geometry":{"type":"Point","coordinates":[19.468543,50.268809]},"properties":{"lines":"466, 467","color":"#0059a9","mode":"bus","arr":["466","467"],"angle":24.1,"extra":1,"ei":1}},{"type":"Feature","geometry":{"type":"Point","coordinates":[19.471239,50.268037]},"properties":{"lines":"466, 467","color":"#0059a9","mode":"bus","arr":["466","467"],"angle":24.2,"extra":1,"ei":2}},{"type":"Feature","geometry":{"type":"Point","coordinates":[19.476638,50.266503]},"properties":{"lines":"466, 467","color":"#0059a9","mode":"bus","arr":["466","467"],"angle":23.9,"extra":1,"ei":3}},{"type":"Feature","geometry":{"type":"Point","coordinates":[19.479281,50.266279]},"properties":{"lines":"466, 467","color":"#0059a9","mode":"bus","arr":["466","467"],"angle":-36.4,"extra":1,"ei":4}},{"type":"Feature","geometry":{"type":"Point","coordinates":[19.481854,50.266669]},"properties":{"lines":"466, 467","color":"#0059a9","mode":"bus","arr":["466","467"],"angle":18.5,"extra":1,"ei":5}},{"type":"Feature","geometry":{"type":"Point","coordinates":[19.562133,50.277835]},"properties":{"lines":"466, 475, BP, M, PS, SŁ, Ż","color":"#0059a9","mode":"bus","arr":["466","475","BP","M","PS","SŁ","Ż"],"angle":-66.1}},{"type":"Feature","geometry":{"type":"Point","coordinates":[19.487169,50.303123]},"properties":{"lines":"466","color":"#0059a9","mode":"bus","arr":["466"],"angle":41.5,"side":-1}},{"type":"Feature","geometry":{"type":"Point","coordinates":[19.481017,50.305261]},"properties":{"lines":"466","color":"#0059a9","mode":"bus","arr":["466"],"angle":22,"extra":1,"ei":0,"side":-1}},{"type":"Feature","geometry":{"type":"Point","coordinates":[19.483743,50.304534]},"properties":{"lines":"466","color":"#0059a9","mode":"bus","arr":["466"],"angle":24.7,"extra":1,"ei":1,"side":-1}},{"type":"Feature","geometry":{"type":"Point","coordinates":[19.490457,50.300915]},"properties":{"lines":"466","color":"#0059a9","mode":"bus","arr":["466"],"angle":47.7,"extra":1,"ei":2,"side":-1}},{"type":"Feature","geometry":{"type":"Point","coordinates":[19.492446,50.299519]},"properties":{"lines":"466","color":"#0059a9","mode":"bus","arr":["466"],"angle":47.8,"extra":1,"ei":3}},{"type":"Feature","geometry":{"type":"Point","coordinates":[19.561396,50.274426]},"properties":{"lines":"466, 475, BP, M, SŁ","color":"#0059a9","mode":"bus","arr":["466","475","BP","M","SŁ"],"angle":-84.7}},{"type":"Feature","geometry":{"type":"Point","coordinates":[19.561708,50.276591]},"properties":{"lines":"466, 475, BP, M, SŁ","color":"#0059a9","mode":"bus","arr":["466","475","BP","M","SŁ"],"angle":-84.7,"extra":1,"ei":0}},{"type":"Feature","geometry":{"type":"Point","coordinates":[19.561169,50.27283]},"properties":{"lines":"466, 475, BP, M, SŁ","color":"#0059a9","mode":"bus","arr":["466","475","BP","M","SŁ"],"angle":-83.9,"extra":1,"ei":1}},{"type":"Feature","geometry":{"type":"Point","coordinates":[19.475666,50.302284]},"properties":{"lines":"467","color":"#0059a9","mode":"bus","arr":["467"],"angle":58.7}},{"type":"Feature","geometry":{"type":"Point","coordinates":[19.477154,50.300715]},"properties":{"lines":"467","color":"#0059a9","mode":"bus","arr":["467"],"angle":58.9,"extra":1,"ei":0}},{"type":"Feature","geometry":{"type":"Point","coordinates":[19.474094,50.303946]},"properties":{"lines":"467","color":"#0059a9","mode":"bus","arr":["467"],"angle":58.8,"extra":1,"ei":1}},{"type":"Feature","geometry":{"type":"Point","coordinates":[19.471934,50.306213]},"properties":{"lines":"467","color":"#0059a9","mode":"bus","arr":["467"],"angle":58.6,"mi":1}},{"type":"Feature","geometry":{"type":"Point","coordinates":[19.448504,50.258482]},"properties":{"lines":"467","color":"#0059a9","mode":"bus","arr":["467"],"angle":6.6}},{"type":"Feature","geometry":{"type":"Point","coordinates":[19.455516,50.257579]},"properties":{"lines":"467","color":"#0059a9","mode":"bus","arr":["467"],"angle":8.9,"extra":1,"ei":0}},{"type":"Feature","geometry":{"type":"Point","coordinates":[19.452647,50.257992]},"properties":{"lines":"467","color":"#0059a9","mode":"bus","arr":["467"],"angle":20,"extra":1,"ei":1}},{"type":"Feature","geometry":{"type":"Point","coordinates":[19.443897,50.258782]},"properties":{"lines":"467","color":"#0059a9","mode":"bus","arr":["467"],"angle":10,"extra":1,"ei":2}},{"type":"Feature","geometry":{"type":"Point","coordinates":[19.44099,50.259118]},"properties":{"lines":"467","color":"#0059a9","mode":"bus","arr":["467"],"angle":14.3,"extra":1,"ei":3}},{"type":"Feature","geometry":{"type":"Point","coordinates":[19.548733,50.284836]},"properties":{"lines":"470, 471, 473, 474, 476","color":"#0059a9","mode":"bus","arr":["470","471","473","474","476"],"angle":-61.4,"side":-1}},{"type":"Feature","geometry":{"type":"Point","coordinates":[19.558987,50.315426]},"properties":{"lines":"470, 471, 473, 474, 476","color":"#0059a9","mode":"bus","arr":["470","471","473","474","476"],"angle":-28.9}},{"type":"Feature","geometry":{"type":"Point","coordinates":[19.561022,50.316258]},"properties":{"lines":"470, 471, 473, 474, 476","color":"#0059a9","mode":"bus","arr":["470","471","473","474","476"],"angle":-41.9,"extra":1,"ei":0}},{"type":"Feature","geometry":{"type":"Point","coordinates":[19.555937,50.31435]},"properties":{"lines":"470, 471, 473, 474, 476","color":"#0059a9","mode":"bus","arr":["470","471","473","474","476"],"angle":-31.3,"extra":1,"ei":1}},{"type":"Feature","geometry":{"type":"Point","coordinates":[19.548047,50.299408]},"properties":{"lines":"470, 471, 473, 474, 476","color":"#0059a9","mode":"bus","arr":["470","471","473","474","476"],"angle":86}},{"type":"Feature","geometry":{"type":"Point","coordinates":[19.547784,50.285672]},"properties":{"lines":"470, 471, 473, 474, 476","color":"#0059a9","mode":"bus","arr":["470","471","473","474","476"],"angle":41.7,"extra":1,"ei":0}},{"type":"Feature","geometry":{"type":"Point","coordinates":[19.546376,50.287218]},"properties":{"lines":"470, 471, 473, 474, 476","color":"#0059a9","mode":"bus","arr":["470","471","473","474","476"],"angle":83.7,"extra":1,"ei":1}},{"type":"Feature","geometry":{"type":"Point","coordinates":[19.544973,50.288847]},"properties":{"lines":"470, 471, 473, 474, 476","color":"#0059a9","mode":"bus","arr":["470","471","473","474","476"],"angle":55.4,"extra":1,"ei":2}},{"type":"Feature","geometry":{"type":"Point","coordinates":[19.543303,50.290405]},"properties":{"lines":"470, 471, 473, 474, 476","color":"#0059a9","mode":"bus","arr":["470","471","473","474","476"],"angle":56.1,"extra":1,"ei":3}},{"type":"Feature","geometry":{"type":"Point","coordinates":[19.543144,50.292076]},"properties":{"lines":"470, 471, 473, 474, 476","color":"#0059a9","mode":"bus","arr":["470","471","473","474","476"],"angle":-62.8,"extra":1,"ei":4}},{"type":"Feature","geometry":{"type":"Point","coordinates":[19.544408,50.293782]},"properties":{"lines":"470, 471, 473, 474, 476","color":"#0059a9","mode":"bus","arr":["470","471","473","474","476"],"angle":-64.4,"extra":1,"ei":5}},{"type":"Feature","geometry":{"type":"Point","coordinates":[19.545694,50.295483]},"properties":{"lines":"470, 471, 473, 474, 476","color":"#0059a9","mode":"bus","arr":["470","471","473","474","476"],"angle":-64.6,"extra":1,"ei":6}},{"type":"Feature","geometry":{"type":"Point","coordinates":[19.546942,50.297194]},"properties":{"lines":"470, 471, 473, 474, 476","color":"#0059a9","mode":"bus","arr":["470","471","473","474","476"],"angle":-65,"extra":1,"ei":7}},{"type":"Feature","geometry":{"type":"Point","coordinates":[19.547901,50.300803]},"properties":{"lines":"470, 471, 473, 474, 476","color":"#0059a9","mode":"bus","arr":["470","471","473","474","476"],"angle":86.5,"extra":1,"ei":8}},{"type":"Feature","geometry":{"type":"Point","coordinates":[19.547717,50.302687]},"properties":{"lines":"470, 471, 473, 474, 476","color":"#0059a9","mode":"bus","arr":["470","471","473","474","476"],"angle":86.2,"extra":1,"ei":9}},{"type":"Feature","geometry":{"type":"Point","coordinates":[19.547525,50.304572]},"properties":{"lines":"470, 471, 473, 474, 476","color":"#0059a9","mode":"bus","arr":["470","471","473","474","476"],"angle":86.5,"extra":1,"ei":10}},{"type":"Feature","geometry":{"type":"Point","coordinates":[19.547347,50.306457]},"properties":{"lines":"470, 471, 473, 474, 476","color":"#0059a9","mode":"bus","arr":["470","471","473","474","476"],"angle":87.4,"extra":1,"ei":11}},{"type":"Feature","geometry":{"type":"Point","coordinates":[19.548455,50.30814]},"properties":{"lines":"470, 471, 473, 474, 476","color":"#0059a9","mode":"bus","arr":["470","471","473","474","476"],"angle":-56.5,"extra":1,"ei":12}},{"type":"Feature","geometry":{"type":"Point","coordinates":[19.55023,50.309646]},"properties":{"lines":"470, 471, 473, 474, 476","color":"#0059a9","mode":"bus","arr":["470","471","473","474","476"],"angle":-53.7,"extra":1,"ei":13}},{"type":"Feature","geometry":{"type":"Point","coordinates":[19.552003,50.311156]},"properties":{"lines":"470, 471, 473, 474, 476","color":"#0059a9","mode":"bus","arr":["470","471","473","474","476"],"angle":-52.8,"extra":1,"ei":14}},{"type":"Feature","geometry":{"type":"Point","coordinates":[19.553783,50.312663]},"properties":{"lines":"470, 471, 473, 474, 476","color":"#0059a9","mode":"bus","arr":["470","471","473","474","476"],"angle":-53.3,"extra":1,"ei":15}},{"type":"Feature","geometry":{"type":"Point","coordinates":[19.555553,50.314174]},"properties":{"lines":"470, 471, 473, 474, 476","color":"#0059a9","mode":"bus","arr":["470","471","473","474","476"],"angle":-51.4,"extra":1,"ei":16}},{"type":"Feature","geometry":{"type":"Point","coordinates":[19.561162,50.323204]},"properties":{"lines":"470, 471, 472, 473, 474, 476, 477","color":"#0059a9","mode":"bus","arr":["470","471","472","473","474","476","477"],"angle":-73.3}},{"type":"Feature","geometry":{"type":"Point","coordinates":[19.561794,50.31781]},"properties":{"lines":"470, 471, 472, 473, 474, 476, 477","color":"#0059a9","mode":"bus","arr":["470","471","472","473","474","476","477"],"angle":77.2,"extra":1,"ei":0}},{"type":"Feature","geometry":{"type":"Point","coordinates":[19.561143,50.319652]},"properties":{"lines":"470, 471, 472, 473, 474, 476, 477","color":"#0059a9","mode":"bus","arr":["470","471","472","473","474","476","477"],"angle":80.1,"extra":1,"ei":1}},{"type":"Feature","geometry":{"type":"Point","coordinates":[19.560768,50.321525]},"properties":{"lines":"470, 471, 472, 473, 474, 476, 477","color":"#0059a9","mode":"bus","arr":["470","471","472","473","474","476","477"],"angle":83.4,"extra":1,"ei":2}},{"type":"Feature","geometry":{"type":"Point","coordinates":[19.561506,50.325241]},"properties":{"lines":"470, 471, 472, 473, 474, 476, 477","color":"#0059a9","mode":"bus","arr":["470","471","472","473","474","476","477"],"angle":-87.1,"extra":1,"ei":3}},{"type":"Feature","geometry":{"type":"Point","coordinates":[19.561226,50.327107]},"properties":{"lines":"470, 471, 472, 473, 474, 476, 477","color":"#0059a9","mode":"bus","arr":["470","471","472","473","474","476","477"],"angle":72.4,"extra":1,"ei":4}},{"type":"Feature","geometry":{"type":"Point","coordinates":[19.560932,50.328775]},"properties":{"lines":"470, 471, 472, 473, 474, 476, 477","color":"#0059a9","mode":"bus","arr":["470","471","472","473","474","476","477"],"angle":75.2,"extra":1,"ei":5}},{"type":"Feature","geometry":{"type":"Point","coordinates":[19.555091,50.331795]},"properties":{"lines":"470, 471, 472, 473, 474, 476, 477","color":"#0059a9","mode":"bus","arr":["470","471","472","473","474","476","477"],"angle":-66.3}},{"type":"Feature","geometry":{"type":"Point","coordinates":[19.56022,50.328394]},"properties":{"lines":"470, 471, 472, 473, 474, 476, 477","color":"#0059a9","mode":"bus","arr":["470","471","472","473","474","476","477"],"angle":54.1,"extra":1,"ei":0}},{"type":"Feature","geometry":{"type":"Point","coordinates":[19.558054,50.329657]},"properties":{"lines":"470, 471, 472, 473, 474, 476, 477","color":"#0059a9","mode":"bus","arr":["470","471","472","473","474","476","477"],"angle":32.3,"extra":1,"ei":1}},{"type":"Feature","geometry":{"type":"Point","coordinates":[19.555542,50.330651]},"properties":{"lines":"470, 471, 472, 473, 474, 476, 477","color":"#0059a9","mode":"bus","arr":["470","471","472","473","474","476","477"],"angle":31.9,"extra":1,"ei":2}},{"type":"Feature","geometry":{"type":"Point","coordinates":[19.557068,50.333567]},"properties":{"lines":"470, 471, 472, 473, 474, 476, 477","color":"#0059a9","mode":"bus","arr":["470","471","472","473","474","476","477"],"angle":-30.6,"extra":1,"ei":3}},{"type":"Feature","geometry":{"type":"Point","coordinates":[19.5596,50.33454]},"properties":{"lines":"470, 471, 472, 473, 474, 476, 477","color":"#0059a9","mode":"bus","arr":["470","471","472","473","474","476","477"],"angle":-31.2,"extra":1,"ei":4}},{"type":"Feature","geometry":{"type":"Point","coordinates":[19.562085,50.335556]},"properties":{"lines":"470, 471, 472, 473, 474, 476, 477","color":"#0059a9","mode":"bus","arr":["470","471","472","473","474","476","477"],"angle":-41.5,"extra":1,"ei":5}},{"type":"Feature","geometry":{"type":"Point","coordinates":[19.572558,50.336763]},"properties":{"lines":"470, 473, 474, 476","color":"#0059a9","mode":"bus","arr":["470","473","474","476"],"angle":10.2}},{"type":"Feature","geometry":{"type":"Point","coordinates":[19.564017,50.335568]},"properties":{"lines":"470, 473, 474, 476","color":"#0059a9","mode":"bus","arr":["470","473","474","476"],"angle":0.3,"extra":1,"ei":0}},{"type":"Feature","geometry":{"type":"Point","coordinates":[19.566932,50.335854]},"properties":{"lines":"470, 473, 474, 476","color":"#0059a9","mode":"bus","arr":["470","473","474","476"],"angle":-12.1,"extra":1,"ei":1}},{"type":"Feature","geometry":{"type":"Point","coordinates":[19.569715,50.336476]},"properties":{"lines":"470, 473, 474, 476","color":"#0059a9","mode":"bus","arr":["470","473","474","476"],"angle":-22,"extra":1,"ei":2}},{"type":"Feature","geometry":{"type":"Point","coordinates":[19.575509,50.336673]},"properties":{"lines":"470, 473, 474, 476","color":"#0059a9","mode":"bus","arr":["470","473","474","476"],"angle":-3.5,"extra":1,"ei":3}},{"type":"Feature","geometry":{"type":"Point","coordinates":[19.578389,50.336316]},"properties":{"lines":"470, 473, 474, 476","color":"#0059a9","mode":"bus","arr":["470","473","474","476"],"angle":19.8,"extra":1,"ei":4}},{"type":"Feature","geometry":{"type":"Point","coordinates":[19.581154,50.335651]},"properties":{"lines":"470, 473, 474, 476","color":"#0059a9","mode":"bus","arr":["470","473","474","476"],"angle":18.5,"extra":1,"ei":5}},{"type":"Feature","geometry":{"type":"Point","coordinates":[19.601864,50.336173]},"properties":{"lines":"470, 473, 474, 476","color":"#0059a9","mode":"bus","arr":["470","473","474","476"],"angle":-17}},{"type":"Feature","geometry":{"type":"Point","coordinates":[19.58398,50.335372]},"properties":{"lines":"470, 473, 474, 476","color":"#0059a9","mode":"bus","arr":["470","473","474","476"],"angle":2.1,"extra":1,"ei":0}},{"type":"Feature","geometry":{"type":"Point","coordinates":[19.586932,50.335303]},"properties":{"lines":"470, 473, 474, 476","color":"#0059a9","mode":"bus","arr":["470","473","474","476"],"angle":2.1,"extra":1,"ei":1}},{"type":"Feature","geometry":{"type":"Point","coordinates":[19.589884,50.335233]},"properties":{"lines":"470, 473, 474, 476","color":"#0059a9","mode":"bus","arr":["470","473","474","476"],"angle":2.1,"extra":1,"ei":2}},{"type":"Feature","geometry":{"type":"Point","coordinates":[19.592836,50.335162]},"properties":{"lines":"470, 473, 474, 476","color":"#0059a9","mode":"bus","arr":["470","473","474","476"],"angle":2.1,"extra":1,"ei":3}},{"type":"Feature","geometry":{"type":"Point","coordinates":[19.595784,50.335124]},"properties":{"lines":"470, 473, 474, 476","color":"#0059a9","mode":"bus","arr":["470","473","474","476"],"angle":-9.8,"extra":1,"ei":4}},{"type":"Feature","geometry":{"type":"Point","coordinates":[19.59864,50.335606]},"properties":{"lines":"470, 473, 474, 476","color":"#0059a9","mode":"bus","arr":["470","473","474","476"],"angle":-15,"extra":1,"ei":5}},{"type":"Feature","geometry":{"type":"Point","coordinates":[19.604309,50.336667]},"properties":{"lines":"470, 473, 474, 476","color":"#0059a9","mode":"bus","arr":["470","473","474","476"],"angle":-17.7,"extra":1,"ei":6}},{"type":"Feature","geometry":{"type":"Point","coordinates":[19.607121,50.337246]},"properties":{"lines":"470, 473, 474, 476","color":"#0059a9","mode":"bus","arr":["470","473","474","476"],"angle":-17.9,"extra":1,"ei":7}},{"type":"Feature","geometry":{"type":"Point","coordinates":[19.609932,50.337826]},"properties":{"lines":"470, 473, 474, 476","color":"#0059a9","mode":"bus","arr":["470","473","474","476"],"angle":-17.7,"extra":1,"ei":8}},{"type":"Feature","geometry":{"type":"Point","coordinates":[19.612728,50.338428]},"properties":{"lines":"470, 473, 474, 476","color":"#0059a9","mode":"bus","arr":["470","473","474","476"],"angle":-30.6,"extra":1,"ei":9}},{"type":"Feature","geometry":{"type":"Point","coordinates":[19.615011,50.339625]},"properties":{"lines":"470, 473, 474, 476","color":"#0059a9","mode":"bus","arr":["470","473","474","476"],"angle":-39.8,"extra":1,"ei":10}},{"type":"Feature","geometry":{"type":"Point","coordinates":[19.617286,50.34083]},"properties":{"lines":"470, 473, 474, 476","color":"#0059a9","mode":"bus","arr":["470","473","474","476"],"angle":-38.7,"extra":1,"ei":11}},{"type":"Feature","geometry":{"type":"Point","coordinates":[19.618606,50.342337]},"properties":{"lines":"470, 473, 474","color":"#0059a9","mode":"bus","arr":["470","473","474"],"angle":76.2}},{"type":"Feature","geometry":{"type":"Point","coordinates":[19.625467,50.34972]},"properties":{"lines":"470, 474","color":"#0059a9","mode":"bus","arr":["470","474"],"angle":-43}},{"type":"Feature","geometry":{"type":"Point","coordinates":[19.619191,50.343728]},"properties":{"lines":"470, 474","color":"#0059a9","mode":"bus","arr":["470","474"],"angle":-58.5,"extra":1,"ei":0}},{"type":"Feature","geometry":{"type":"Point","coordinates":[19.62071,50.345348]},"properties":{"lines":"470, 474","color":"#0059a9","mode":"bus","arr":["470","474"],"angle":-59.2,"extra":1,"ei":1}},{"type":"Feature","geometry":{"type":"Point","coordinates":[19.62222,50.346971]},"properties":{"lines":"470, 474","color":"#0059a9","mode":"bus","arr":["470","474"],"angle":-59.4,"extra":1,"ei":2}},{"type":"Feature","geometry":{"type":"Point","coordinates":[19.623738,50.348591]},"properties":{"lines":"470, 474","color":"#0059a9","mode":"bus","arr":["470","474"],"angle":-57.3,"extra":1,"ei":3}},{"type":"Feature","geometry":{"type":"Point","coordinates":[19.627972,50.351215]},"properties":{"lines":"470, 474","color":"#0059a9","mode":"bus","arr":["470","474"],"angle":-43,"extra":1,"ei":4}},{"type":"Feature","geometry":{"type":"Point","coordinates":[19.630131,50.352504]},"properties":{"lines":"470, 474","color":"#0059a9","mode":"bus","arr":["470","474"],"angle":-43,"extra":1,"ei":5}},{"type":"Feature","geometry":{"type":"Point","coordinates":[19.63229,50.353793]},"properties":{"lines":"470, 474","color":"#0059a9","mode":"bus","arr":["470","474"],"angle":-43,"extra":1,"ei":6}},{"type":"Feature","geometry":{"type":"Point","coordinates":[19.634449,50.355082]},"properties":{"lines":"470, 474","color":"#0059a9","mode":"bus","arr":["470","474"],"angle":-43.3,"extra":1,"ei":7}},{"type":"Feature","geometry":{"type":"Point","coordinates":[19.642575,50.360141]},"properties":{"lines":"470, 474","color":"#0059a9","mode":"bus","arr":["470","474"],"angle":-77.2}},{"type":"Feature","geometry":{"type":"Point","coordinates":[19.635918,50.355955]},"properties":{"lines":"470, 474","color":"#0059a9","mode":"bus","arr":["470","474"],"angle":-42.5,"extra":1,"ei":0}},{"type":"Feature","geometry":{"type":"Point","coordinates":[19.638074,50.357247]},"properties":{"lines":"470, 474","color":"#0059a9","mode":"bus","arr":["470","474"],"angle":-43.2,"extra":1,"ei":1}},{"type":"Feature","geometry":{"type":"Point","coordinates":[19.640236,50.358533]},"properties":{"lines":"470, 474","color":"#0059a9","mode":"bus","arr":["470","474"],"angle":-42.6,"extra":1,"ei":2}},{"type":"Feature","geometry":{"type":"Point","coordinates":[19.642123,50.361659]},"properties":{"lines":"470, 474","color":"#0059a9","mode":"bus","arr":["470","474"],"angle":75.3,"extra":1,"ei":3}},{"type":"Feature","geometry":{"type":"Point","coordinates":[19.641377,50.363486]},"properties":{"lines":"470, 474","color":"#0059a9","mode":"bus","arr":["470","474"],"angle":75.4,"extra":1,"ei":4}},{"type":"Feature","geometry":{"type":"Point","coordinates":[19.640654,50.365317]},"properties":{"lines":"470, 474","color":"#0059a9","mode":"bus","arr":["470","474"],"angle":81.5,"extra":1,"ei":5}},{"type":"Feature","geometry":{"type":"Point","coordinates":[19.643935,50.37382]},"properties":{"lines":"470, 474","color":"#0059a9","mode":"bus","arr":["470","474"],"angle":-74.3,"mi":4}},{"type":"Feature","geometry":{"type":"Point","coordinates":[19.641326,50.367807]},"properties":{"lines":"470, 474","color":"#0059a9","mode":"bus","arr":["470","474"],"angle":-74.5,"extra":1,"ei":0}},{"type":"Feature","geometry":{"type":"Point","coordinates":[19.642117,50.369626]},"properties":{"lines":"470, 474","color":"#0059a9","mode":"bus","arr":["470","474"],"angle":-74.5,"extra":1,"ei":1}},{"type":"Feature","geometry":{"type":"Point","coordinates":[19.642909,50.371446]},"properties":{"lines":"470, 474","color":"#0059a9","mode":"bus","arr":["470","474"],"angle":-73.9,"extra":1,"ei":2}},{"type":"Feature","geometry":{"type":"Point","coordinates":[19.644489,50.375085]},"properties":{"lines":"470, 474","color":"#0059a9","mode":"bus","arr":["470","474"],"angle":-74.4,"extra":1,"ei":3}},{"type":"Feature","geometry":{"type":"Point","coordinates":[19.645286,50.376904]},"properties":{"lines":"470, 474","color":"#0059a9","mode":"bus","arr":["470","474"],"angle":-74.7,"extra":1,"ei":4}},{"type":"Feature","geometry":{"type":"Point","coordinates":[19.646097,50.378719]},"properties":{"lines":"470, 474","color":"#0059a9","mode":"bus","arr":["470","474"],"angle":-71.6,"extra":1,"ei":5}},{"type":"Feature","geometry":{"type":"Point","coordinates":[19.647068,50.380503]},"properties":{"lines":"470, 474","color":"#0059a9","mode":"bus","arr":["470","474"],"angle":-80.7,"extra":1,"ei":6}},{"type":"Feature","geometry":{"type":"Point","coordinates":[19.642666,50.382566]},"properties":{"lines":"470, 474","color":"#0059a9","mode":"bus","arr":["470","474"],"angle":72.3,"mi":1}},{"type":"Feature","geometry":{"type":"Point","coordinates":[19.645612,50.380858]},"properties":{"lines":"470, 474","color":"#0059a9","mode":"bus","arr":["470","474"],"angle":18.3,"extra":1,"ei":0}},{"type":"Feature","geometry":{"type":"Point","coordinates":[19.641745,50.385551]},"properties":{"lines":"470, 474","color":"#0059a9","mode":"bus","arr":["470","474"],"angle":-89.1,"extra":1,"ei":1}},{"type":"Feature","geometry":{"type":"Point","coordinates":[19.645315,50.391475]},"properties":{"lines":"470, 474","color":"#0059a9","mode":"bus","arr":["470","474"],"angle":64.9,"mi":2}},{"type":"Feature","geometry":{"type":"Point","coordinates":[19.643325,50.386337]},"properties":{"lines":"470, 474","color":"#0059a9","mode":"bus","arr":["470","474"],"angle":-19.4,"extra":1,"ei":0}},{"type":"Feature","geometry":{"type":"Point","coordinates":[19.645406,50.387445]},"properties":{"lines":"470, 474","color":"#0059a9","mode":"bus","arr":["470","474"],"angle":-83.3,"extra":1,"ei":1}},{"type":"Feature","geometry":{"type":"Point","coordinates":[19.645581,50.38933]},"properties":{"lines":"470, 474","color":"#0059a9","mode":"bus","arr":["470","474"],"angle":-85.3,"extra":1,"ei":2}},{"type":"Feature","geometry":{"type":"Point","coordinates":[19.644299,50.392914]},"properties":{"lines":"470, 474","color":"#0059a9","mode":"bus","arr":["470","474"],"angle":83.5,"extra":1,"ei":3}},{"type":"Feature","geometry":{"type":"Point","coordinates":[19.642641,50.393538]},"properties":{"lines":"470, 474","color":"#0059a9","mode":"bus","arr":["470","474"],"angle":-15.7,"extra":1,"ei":4}},{"type":"Feature","geometry":{"type":"Point","coordinates":[19.639734,50.393422]},"properties":{"lines":"470, 474","color":"#0059a9","mode":"bus","arr":["470","474"],"angle":7.3,"extra":1,"ei":5}},{"type":"Feature","geometry":{"type":"Point","coordinates":[19.630011,50.391319]},"properties":{"lines":"470, 474","color":"#0059a9","mode":"bus","arr":["470","474"],"angle":67.7,"mi":3}},{"type":"Feature","geometry":{"type":"Point","coordinates":[19.636043,50.394023]},"properties":{"lines":"470, 474","color":"#0059a9","mode":"bus","arr":["470","474"],"angle":19.1,"extra":1,"ei":0}},{"type":"Feature","geometry":{"type":"Point","coordinates":[19.633219,50.394326]},"properties":{"lines":"470, 474","color":"#0059a9","mode":"bus","arr":["470","474"],"angle":-23.6,"extra":1,"ei":1}},{"type":"Feature","geometry":{"type":"Point","coordinates":[19.631019,50.393238]},"properties":{"lines":"470, 474","color":"#0059a9","mode":"bus","arr":["470","474"],"angle":-70.1,"extra":1,"ei":2}},{"type":"Feature","geometry":{"type":"Point","coordinates":[19.631716,50.390363]},"properties":{"lines":"470, 474","color":"#0059a9","mode":"bus","arr":["470","474"],"angle":17.8,"extra":1,"ei":3}},{"type":"Feature","geometry":{"type":"Point","coordinates":[19.634544,50.389817]},"properties":{"lines":"470, 474","color":"#0059a9","mode":"bus","arr":["470","474"],"angle":16.5,"extra":1,"ei":4}},{"type":"Feature","geometry":{"type":"Point","coordinates":[19.63746,50.389549]},"properties":{"lines":"470, 474","color":"#0059a9","mode":"bus","arr":["470","474"],"angle":5.7,"extra":1,"ei":5}},{"type":"Feature","geometry":{"type":"Point","coordinates":[19.641542,50.388085]},"properties":{"lines":"470, 474","color":"#0059a9","mode":"bus","arr":["470","474"],"angle":65.4}},{"type":"Feature","geometry":{"type":"Point","coordinates":[19.641063,50.389219]},"properties":{"lines":"470, 474","color":"#0059a9","mode":"bus","arr":["470","474"],"angle":86.2,"extra":1,"ei":0}},{"type":"Feature","geometry":{"type":"Point","coordinates":[19.628955,50.371531]},"properties":{"lines":"470","color":"#0059a9","mode":"bus","arr":["470"],"angle":-4}},{"type":"Feature","geometry":{"type":"Point","coordinates":[19.644291,50.378147]},"properties":{"lines":"470","color":"#0059a9","mode":"bus","arr":["470"],"angle":7.4,"extra":1,"ei":0}},{"type":"Feature","geometry":{"type":"Point","coordinates":[19.641613,50.37755]},"properties":{"lines":"470","color":"#0059a9","mode":"bus","arr":["470"],"angle":-36.8,"extra":1,"ei":1}},{"type":"Feature","geometry":{"type":"Point","coordinates":[19.63917,50.37649]},"properties":{"lines":"470","color":"#0059a9","mode":"bus","arr":["470"],"angle":-32.7,"extra":1,"ei":2}},{"type":"Feature","geometry":{"type":"Point","coordinates":[19.637458,50.375087]},"properties":{"lines":"470","color":"#0059a9","mode":"bus","arr":["470"],"angle":-78.3,"extra":1,"ei":3}},{"type":"Feature","geometry":{"type":"Point","coordinates":[19.635824,50.373579]},"properties":{"lines":"470","color":"#0059a9","mode":"bus","arr":["470"],"angle":-43.6,"extra":1,"ei":4}},{"type":"Feature","geometry":{"type":"Point","coordinates":[19.633376,50.372538]},"properties":{"lines":"470","color":"#0059a9","mode":"bus","arr":["470"],"angle":-30.3,"extra":1,"ei":5}},{"type":"Feature","geometry":{"type":"Point","coordinates":[19.630812,50.371703]},"properties":{"lines":"470","color":"#0059a9","mode":"bus","arr":["470"],"angle":-41.6,"extra":1,"ei":6}},{"type":"Feature","geometry":{"type":"Point","coordinates":[19.625336,50.371231]},"properties":{"lines":"470","color":"#0059a9","mode":"bus","arr":["470"],"angle":10,"extra":1,"ei":7}},{"type":"Feature","geometry":{"type":"Point","coordinates":[19.622554,50.371865]},"properties":{"lines":"470","color":"#0059a9","mode":"bus","arr":["470"],"angle":19,"extra":1,"ei":8}},{"type":"Feature","geometry":{"type":"Point","coordinates":[19.619677,50.372225]},"properties":{"lines":"470","color":"#0059a9","mode":"bus","arr":["470"],"angle":0.7,"extra":1,"ei":9}},{"type":"Feature","geometry":{"type":"Point","coordinates":[19.616723,50.372232]},"properties":{"lines":"470","color":"#0059a9","mode":"bus","arr":["470"],"angle":1.4,"extra":1,"ei":10}},{"type":"Feature","geometry":{"type":"Point","coordinates":[19.613993,50.372887]},"properties":{"lines":"470","color":"#0059a9","mode":"bus","arr":["470"],"angle":21.2,"extra":1,"ei":11}},{"type":"Feature","geometry":{"type":"Point","coordinates":[19.611108,50.373284]},"properties":{"lines":"470","color":"#0059a9","mode":"bus","arr":["470"],"angle":9.8,"extra":1,"ei":12}},{"type":"Feature","geometry":{"type":"Point","coordinates":[19.608276,50.373796]},"properties":{"lines":"470","color":"#0059a9","mode":"bus","arr":["470"],"angle":23.2,"extra":1,"ei":13}},{"type":"Feature","geometry":{"type":"Point","coordinates":[19.606008,50.374547]},"properties":{"lines":"470","color":"#0059a9","mode":"bus","arr":["470"],"angle":27.2}},{"type":"Feature","geometry":{"type":"Point","coordinates":[19.607715,50.373981]},"properties":{"lines":"470","color":"#0059a9","mode":"bus","arr":["470"],"angle":27.5,"extra":1,"ei":0}},{"type":"Feature","geometry":{"type":"Point","coordinates":[19.597568,50.40127]},"properties":{"lines":"470","color":"#0059a9","mode":"bus","arr":["470"],"angle":70.7}},{"type":"Feature","geometry":{"type":"Point","coordinates":[19.594009,50.403804]},"properties":{"lines":"470","color":"#0059a9","mode":"bus","arr":["470"],"angle":14.1,"extra":1,"ei":0}},{"type":"Feature","geometry":{"type":"Point","coordinates":[19.596235,50.402655]},"properties":{"lines":"470","color":"#0059a9","mode":"bus","arr":["470"],"angle":52.5,"extra":1,"ei":1}},{"type":"Feature","geometry":{"type":"Point","coordinates":[19.598577,50.399233]},"properties":{"lines":"470","color":"#0059a9","mode":"bus","arr":["470"],"angle":72.4,"extra":1,"ei":2}},{"type":"Feature","geometry":{"type":"Point","coordinates":[19.599543,50.397451]},"properties":{"lines":"470","color":"#0059a9","mode":"bus","arr":["470"],"angle":66.8,"extra":1,"ei":3}},{"type":"Feature","geometry":{"type":"Point","coordinates":[19.593965,50.376951]},"properties":{"lines":"470","color":"#0059a9","mode":"bus","arr":["470"],"angle":19.7,"mi":1}},{"type":"Feature","geometry":{"type":"Point","coordinates":[19.602351,50.375527]},"properties":{"lines":"470","color":"#0059a9","mode":"bus","arr":["470"],"angle":14.5,"extra":1,"ei":0}},{"type":"Feature","geometry":{"type":"Point","coordinates":[19.59949,50.375995]},"properties":{"lines":"470","color":"#0059a9","mode":"bus","arr":["470"],"angle":14.4,"extra":1,"ei":1}},{"type":"Feature","geometry":{"type":"Point","coordinates":[19.596628,50.376463]},"properties":{"lines":"470","color":"#0059a9","mode":"bus","arr":["470"],"angle":14.4,"extra":1,"ei":2}},{"type":"Feature","geometry":{"type":"Point","coordinates":[19.591279,50.377977]},"properties":{"lines":"470","color":"#0059a9","mode":"bus","arr":["470"],"angle":32.4,"extra":1,"ei":3}},{"type":"Feature","geometry":{"type":"Point","coordinates":[19.588785,50.378989]},"properties":{"lines":"470","color":"#0059a9","mode":"bus","arr":["470"],"angle":32.2,"extra":1,"ei":4}},{"type":"Feature","geometry":{"type":"Point","coordinates":[19.586358,50.380064]},"properties":{"lines":"470","color":"#0059a9","mode":"bus","arr":["470"],"angle":35.8,"extra":1,"ei":5}},{"type":"Feature","geometry":{"type":"Point","coordinates":[19.58723,50.382489]},"properties":{"lines":"470, 476","color":"#0059a9","mode":"bus","arr":["470","476"],"angle":-59.6}},{"type":"Feature","geometry":{"type":"Point","coordinates":[19.588111,50.38371]},"properties":{"lines":"470, 476","color":"#0059a9","mode":"bus","arr":["470","476"],"angle":-70,"extra":1,"ei":0}},{"type":"Feature","geometry":{"type":"Point","coordinates":[19.581939,50.37627]},"properties":{"lines":"476","color":"#0059a9","mode":"bus","arr":["476"],"angle":-62}},{"type":"Feature","geometry":{"type":"Point","coordinates":[19.584777,50.379659]},"properties":{"lines":"476","color":"#0059a9","mode":"bus","arr":["476"],"angle":-61.9,"extra":1,"ei":0}},{"type":"Feature","geometry":{"type":"Point","coordinates":[19.583375,50.377997]},"properties":{"lines":"476","color":"#0059a9","mode":"bus","arr":["476"],"angle":-61.2,"extra":1,"ei":1}},{"type":"Feature","geometry":{"type":"Point","coordinates":[19.580605,50.37466]},"properties":{"lines":"476","color":"#0059a9","mode":"bus","arr":["476"],"angle":-62.1,"extra":1,"ei":2}},{"type":"Feature","geometry":{"type":"Point","coordinates":[19.579221,50.372992]},"properties":{"lines":"476","color":"#0059a9","mode":"bus","arr":["476"],"angle":-62,"extra":1,"ei":3}},{"type":"Feature","geometry":{"type":"Point","coordinates":[19.594157,50.390816]},"properties":{"lines":"470","color":"#0059a9","mode":"bus","arr":["470"],"angle":-60.6}},{"type":"Feature","geometry":{"type":"Point","coordinates":[19.589051,50.3855]},"properties":{"lines":"470","color":"#0059a9","mode":"bus","arr":["470"],"angle":-72.3,"extra":1,"ei":0}},{"type":"Feature","geometry":{"type":"Point","coordinates":[19.590488,50.387141]},"properties":{"lines":"470","color":"#0059a9","mode":"bus","arr":["470"],"angle":-60.6,"extra":1,"ei":1}},{"type":"Feature","geometry":{"type":"Point","coordinates":[19.592018,50.388752]},"properties":{"lines":"470","color":"#0059a9","mode":"bus","arr":["470"],"angle":-51.6,"extra":1,"ei":2}},{"type":"Feature","geometry":{"type":"Point","coordinates":[19.595163,50.391939]},"properties":{"lines":"470","color":"#0059a9","mode":"bus","arr":["470"],"angle":-60.7,"extra":1,"ei":3}},{"type":"Feature","geometry":{"type":"Point","coordinates":[19.596602,50.393589]},"properties":{"lines":"470","color":"#0059a9","mode":"bus","arr":["470"],"angle":-60.6,"extra":1,"ei":4}},{"type":"Feature","geometry":{"type":"Point","coordinates":[19.598054,50.395234]},"properties":{"lines":"470","color":"#0059a9","mode":"bus","arr":["470"],"angle":-60.9,"extra":1,"ei":5}},{"type":"Feature","geometry":{"type":"Point","coordinates":[19.5996,50.39684]},"properties":{"lines":"470","color":"#0059a9","mode":"bus","arr":["470"],"angle":-54.6,"extra":1,"ei":6}},{"type":"Feature","geometry":{"type":"Point","coordinates":[19.586113,50.405145]},"properties":{"lines":"470","color":"#0059a9","mode":"bus","arr":["470"],"angle":28.6,"mi":1}},{"type":"Feature","geometry":{"type":"Point","coordinates":[19.591066,50.403921]},"properties":{"lines":"470","color":"#0059a9","mode":"bus","arr":["470"],"angle":4.9,"extra":1,"ei":0}},{"type":"Feature","geometry":{"type":"Point","coordinates":[19.588232,50.404412]},"properties":{"lines":"470","color":"#0059a9","mode":"bus","arr":["470"],"angle":28,"extra":1,"ei":1}},{"type":"Feature","geometry":{"type":"Point","coordinates":[19.582875,50.405882]},"properties":{"lines":"470","color":"#0059a9","mode":"bus","arr":["470"],"angle":18.8,"extra":1,"ei":2}},{"type":"Feature","geometry":{"type":"Point","coordinates":[19.580065,50.406428]},"properties":{"lines":"470","color":"#0059a9","mode":"bus","arr":["470"],"angle":-3.3,"extra":1,"ei":3}},{"type":"Feature","geometry":{"type":"Point","coordinates":[19.548648,50.284874]},"properties":{"lines":"470, 473, 474, 476","color":"#0059a9","mode":"bus","arr":["470","473","474","476"],"angle":-49.2}},{"type":"Feature","geometry":{"type":"Point","coordinates":[19.529054,50.397362]},"properties":{"lines":"471, 476, 477","color":"#0059a9","mode":"bus","arr":["471","476","477"],"angle":-86.3,"mi":5}},{"type":"Feature","geometry":{"type":"Point","coordinates":[19.529256,50.394537]},"properties":{"lines":"471, 476, 477","color":"#0059a9","mode":"bus","arr":["471","476","477"],"angle":68.2,"extra":1,"ei":0}},{"type":"Feature","geometry":{"type":"Point","coordinates":[19.527211,50.39988]},"properties":{"lines":"471, 476, 477","color":"#0059a9","mode":"bus","arr":["471","476","477"],"angle":57.4,"extra":1,"ei":1}},{"type":"Feature","geometry":{"type":"Point","coordinates":[19.535198,50.393572]},"properties":{"lines":"471, 476, 477","color":"#0059a9","mode":"bus","arr":["471","476","477"],"angle":-4.4,"mi":2}},{"type":"Feature","geometry":{"type":"Point","coordinates":[19.531552,50.393478]},"properties":{"lines":"471, 476, 477","color":"#0059a9","mode":"bus","arr":["471","476","477"],"angle":3.9,"extra":1,"ei":0}},{"type":"Feature","geometry":{"type":"Point","coordinates":[19.537449,50.393678]},"properties":{"lines":"471, 476, 477","color":"#0059a9","mode":"bus","arr":["471","476","477"],"angle":-4.2,"extra":1,"ei":1}},{"type":"Feature","geometry":{"type":"Point","coordinates":[19.542384,50.393963]},"properties":{"lines":"471, 476, 477","color":"#0059a9","mode":"bus","arr":["471","476","477"],"angle":-6.5}},{"type":"Feature","geometry":{"type":"Point","coordinates":[19.581644,50.385868]},"properties":{"lines":"476","color":"#0059a9","mode":"bus","arr":["476"],"angle":18.4,"mi":2}},{"type":"Feature","geometry":{"type":"Point","coordinates":[19.561635,50.389768]},"properties":{"lines":"476","color":"#0059a9","mode":"bus","arr":["476"],"angle":18.5,"mi":1}},{"type":"Feature","geometry":{"type":"Point","coordinates":[19.576108,50.386926]},"properties":{"lines":"476","color":"#0059a9","mode":"bus","arr":["476"],"angle":16.4,"extra":1,"ei":0}},{"type":"Feature","geometry":{"type":"Point","coordinates":[19.578942,50.386393]},"properties":{"lines":"476","color":"#0059a9","mode":"bus","arr":["476"],"angle":16.4,"extra":1,"ei":1}},{"type":"Feature","geometry":{"type":"Point","coordinates":[19.584586,50.385279]},"properties":{"lines":"476","color":"#0059a9","mode":"bus","arr":["476"],"angle":15.5,"extra":1,"ei":2}},{"type":"Feature","geometry":{"type":"Point","coordinates":[19.587443,50.384799]},"properties":{"lines":"476","color":"#0059a9","mode":"bus","arr":["476"],"angle":13.4,"extra":1,"ei":3}},{"type":"Feature","geometry":{"type":"Point","coordinates":[19.552639,50.391889]},"properties":{"lines":"471, 476, 477","color":"#0059a9","mode":"bus","arr":["471","476","477"],"angle":21.5,"mi":1}},{"type":"Feature","geometry":{"type":"Point","coordinates":[19.559486,50.390207]},"properties":{"lines":"471, 476, 477","color":"#0059a9","mode":"bus","arr":["471","476","477"],"angle":18.5,"extra":1,"ei":0}},{"type":"Feature","geometry":{"type":"Point","coordinates":[19.556716,50.390863]},"properties":{"lines":"471, 476, 477","color":"#0059a9","mode":"bus","arr":["471","476","477"],"angle":21.5,"extra":1,"ei":1}},{"type":"Feature","geometry":{"type":"Point","coordinates":[19.548476,50.392948]},"properties":{"lines":"471, 476, 477","color":"#0059a9","mode":"bus","arr":["471","476","477"],"angle":21.8,"extra":1,"ei":2}},{"type":"Feature","geometry":{"type":"Point","coordinates":[19.545728,50.393641]},"properties":{"lines":"471, 476, 477","color":"#0059a9","mode":"bus","arr":["471","476","477"],"angle":21.8,"extra":1,"ei":3}},{"type":"Feature","geometry":{"type":"Point","coordinates":[19.560837,50.385461]},"properties":{"lines":"471, 476, 477","color":"#0059a9","mode":"bus","arr":["471","476","477"],"angle":-82.2,"mi":3}},{"type":"Feature","geometry":{"type":"Point","coordinates":[19.560561,50.389011]},"properties":{"lines":"471, 476, 477","color":"#0059a9","mode":"bus","arr":["471","476","477"],"angle":-85.3,"extra":1,"ei":0}},{"type":"Feature","geometry":{"type":"Point","coordinates":[19.560577,50.387126]},"properties":{"lines":"471, 476, 477","color":"#0059a9","mode":"bus","arr":["471","476","477"],"angle":81.6,"extra":1,"ei":1}},{"type":"Feature","geometry":{"type":"Point","coordinates":[19.560089,50.383429]},"properties":{"lines":"471, 476, 477","color":"#0059a9","mode":"bus","arr":["471","476","477"],"angle":-77.3,"extra":1,"ei":2}},{"type":"Feature","geometry":{"type":"Point","coordinates":[19.559385,50.381594]},"properties":{"lines":"471, 476, 477","color":"#0059a9","mode":"bus","arr":["471","476","477"],"angle":-75.8,"extra":1,"ei":3}},{"type":"Feature","geometry":{"type":"Point","coordinates":[19.554107,50.381009]},"properties":{"lines":"471, 476, 477","color":"#0059a9","mode":"bus","arr":["471","476","477"],"angle":-20.5,"mi":4}},{"type":"Feature","geometry":{"type":"Point","coordinates":[19.557665,50.381053]},"properties":{"lines":"471, 476, 477","color":"#0059a9","mode":"bus","arr":["471","476","477"],"angle":0.8,"extra":1,"ei":0}},{"type":"Feature","geometry":{"type":"Point","coordinates":[19.552654,50.379926]},"properties":{"lines":"471, 476, 477","color":"#0059a9","mode":"bus","arr":["471","476","477"],"angle":-70.2,"extra":1,"ei":1}},{"type":"Feature","geometry":{"type":"Point","coordinates":[19.538594,50.374753]},"properties":{"lines":"471, 476, 477","color":"#0059a9","mode":"bus","arr":["471","476","477"],"angle":-29.5}},{"type":"Feature","geometry":{"type":"Point","coordinates":[19.526868,50.371352]},"properties":{"lines":"471, 476, 477","color":"#0059a9","mode":"bus","arr":["471","476","477"],"angle":-10.9,"extra":1,"ei":0}},{"type":"Feature","geometry":{"type":"Point","coordinates":[19.529762,50.371726]},"properties":{"lines":"471, 476, 477","color":"#0059a9","mode":"bus","arr":["471","476","477"],"angle":-16.8,"extra":1,"ei":1}},{"type":"Feature","geometry":{"type":"Point","coordinates":[19.53242,50.372544]},"properties":{"lines":"471, 476, 477","color":"#0059a9","mode":"bus","arr":["471","476","477"],"angle":-27.6,"extra":1,"ei":2}},{"type":"Feature","geometry":{"type":"Point","coordinates":[19.535001,50.373463]},"properties":{"lines":"471, 476, 477","color":"#0059a9","mode":"bus","arr":["471","476","477"],"angle":-29.3,"extra":1,"ei":3}},{"type":"Feature","geometry":{"type":"Point","coordinates":[19.542863,50.375945]},"properties":{"lines":"471, 476, 477","color":"#0059a9","mode":"bus","arr":["471","476","477"],"angle":-1.8,"extra":1,"ei":4}},{"type":"Feature","geometry":{"type":"Point","coordinates":[19.545815,50.376007]},"properties":{"lines":"471, 476, 477","color":"#0059a9","mode":"bus","arr":["471","476","477"],"angle":-3.4,"extra":1,"ei":5}},{"type":"Feature","geometry":{"type":"Point","coordinates":[19.548113,50.377063]},"properties":{"lines":"471, 476, 477","color":"#0059a9","mode":"bus","arr":["471","476","477"],"angle":-48.2,"extra":1,"ei":6}},{"type":"Feature","geometry":{"type":"Point","coordinates":[19.550169,50.378417]},"properties":{"lines":"471, 476, 477","color":"#0059a9","mode":"bus","arr":["471","476","477"],"angle":-43.1,"extra":1,"ei":7}},{"type":"Feature","geometry":{"type":"Point","coordinates":[19.5203,50.370466]},"properties":{"lines":"471, 476, 477","color":"#0059a9","mode":"bus","arr":["471","476","477"],"angle":-28.2}},{"type":"Feature","geometry":{"type":"Point","coordinates":[19.517151,50.369149]},"properties":{"lines":"471, 476, 477","color":"#0059a9","mode":"bus","arr":["471","476","477"],"angle":-28.1,"extra":1,"ei":0}},{"type":"Feature","geometry":{"type":"Point","coordinates":[19.522351,50.370797]},"properties":{"lines":"471, 476, 477","color":"#0059a9","mode":"bus","arr":["471","476","477"],"angle":-9.5,"extra":1,"ei":1}},{"type":"Feature","geometry":{"type":"Point","coordinates":[19.525252,50.371151]},"properties":{"lines":"471, 476, 477","color":"#0059a9","mode":"bus","arr":["471","476","477"],"angle":-12.3,"extra":1,"ei":2}},{"type":"Feature","geometry":{"type":"Point","coordinates":[19.535923,50.365969]},"properties":{"lines":"471, 472, 476, 477","color":"#0059a9","mode":"bus","arr":["471","472","476","477"],"angle":-8.7}},{"type":"Feature","geometry":{"type":"Point","coordinates":[19.513787,50.368001]},"properties":{"lines":"471, 472, 476, 477","color":"#0059a9","mode":"bus","arr":["471","472","476","477"],"angle":-28,"extra":1,"ei":0}},{"type":"Feature","geometry":{"type":"Point","coordinates":[19.516424,50.368559]},"properties":{"lines":"471, 472, 476, 477","color":"#0059a9","mode":"bus","arr":["471","472","476","477"],"angle":23.9,"extra":1,"ei":1}},{"type":"Feature","geometry":{"type":"Point","coordinates":[19.519094,50.367752]},"properties":{"lines":"471, 472, 476, 477","color":"#0059a9","mode":"bus","arr":["471","472","476","477"],"angle":25.1,"extra":1,"ei":2}},{"type":"Feature","geometry":{"type":"Point","coordinates":[19.521793,50.366987]},"properties":{"lines":"471, 472, 476, 477","color":"#0059a9","mode":"bus","arr":["471","472","476","477"],"angle":19.2,"extra":1,"ei":3}},{"type":"Feature","geometry":{"type":"Point","coordinates":[19.524679,50.366671]},"properties":{"lines":"471, 472, 476, 477","color":"#0059a9","mode":"bus","arr":["471","472","476","477"],"angle":-3.8,"extra":1,"ei":4}},{"type":"Feature","geometry":{"type":"Point","coordinates":[19.527585,50.36651]},"properties":{"lines":"471, 472, 476, 477","color":"#0059a9","mode":"bus","arr":["471","472","476","477"],"angle":17.2,"extra":1,"ei":5}},{"type":"Feature","geometry":{"type":"Point","coordinates":[19.530407,50.365953]},"properties":{"lines":"471, 472, 476, 477","color":"#0059a9","mode":"bus","arr":["471","472","476","477"],"angle":17.2,"extra":1,"ei":6}},{"type":"Feature","geometry":{"type":"Point","coordinates":[19.533276,50.365709]},"properties":{"lines":"471, 472, 476, 477","color":"#0059a9","mode":"bus","arr":["471","472","476","477"],"angle":-8.7,"extra":1,"ei":7}},{"type":"Feature","geometry":{"type":"Point","coordinates":[19.539095,50.365876]},"properties":{"lines":"471, 472, 476, 477","color":"#0059a9","mode":"bus","arr":["471","472","476","477"],"angle":14.9,"extra":1,"ei":8}},{"type":"Feature","geometry":{"type":"Point","coordinates":[19.54195,50.365391]},"properties":{"lines":"471, 472, 476, 477","color":"#0059a9","mode":"bus","arr":["471","472","476","477"],"angle":14.9,"extra":1,"ei":9}},{"type":"Feature","geometry":{"type":"Point","coordinates":[19.544805,50.364906]},"properties":{"lines":"471, 472, 476, 477","color":"#0059a9","mode":"bus","arr":["471","472","476","477"],"angle":18.3,"extra":1,"ei":10}},{"type":"Feature","geometry":{"type":"Point","coordinates":[19.547381,50.363988]},"properties":{"lines":"471, 472, 476, 477","color":"#0059a9","mode":"bus","arr":["471","472","476","477"],"angle":30.2,"extra":1,"ei":11}},{"type":"Feature","geometry":{"type":"Point","coordinates":[19.549941,50.363046]},"properties":{"lines":"471, 472, 476, 477","color":"#0059a9","mode":"bus","arr":["471","472","476","477"],"angle":29.8,"extra":1,"ei":12}},{"type":"Feature","geometry":{"type":"Point","coordinates":[19.552504,50.362107]},"properties":{"lines":"471, 472, 476, 477","color":"#0059a9","mode":"bus","arr":["471","472","476","477"],"angle":29.8,"extra":1,"ei":13}},{"type":"Feature","geometry":{"type":"Point","coordinates":[19.555208,50.361386]},"properties":{"lines":"471, 472, 476, 477","color":"#0059a9","mode":"bus","arr":["471","472","476","477"],"angle":16.9,"extra":1,"ei":14}},{"type":"Feature","geometry":{"type":"Point","coordinates":[19.557968,50.360713]},"properties":{"lines":"471, 472, 476, 477","color":"#0059a9","mode":"bus","arr":["471","472","476","477"],"angle":21.3,"extra":1,"ei":15}},{"type":"Feature","geometry":{"type":"Point","coordinates":[19.511245,50.367253]},"properties":{"lines":"471, 472","color":"#0059a9","mode":"bus","arr":["471","472"],"angle":-4.3}},{"type":"Feature","geometry":{"type":"Point","coordinates":[19.501969,50.366016]},"properties":{"lines":"471, 472","color":"#0059a9","mode":"bus","arr":["471","472"],"angle":-12.1,"mi":1}},{"type":"Feature","geometry":{"type":"Point","coordinates":[19.508975,50.367283]},"properties":{"lines":"471, 472","color":"#0059a9","mode":"bus","arr":["471","472"],"angle":-3.6,"extra":1,"ei":0}},{"type":"Feature","geometry":{"type":"Point","coordinates":[19.506239,50.366624]},"properties":{"lines":"471, 472","color":"#0059a9","mode":"bus","arr":["471","472"],"angle":-13.1,"extra":1,"ei":1}},{"type":"Feature","geometry":{"type":"Point","coordinates":[19.497593,50.36538]},"properties":{"lines":"471, 472","color":"#0059a9","mode":"bus","arr":["471","472"],"angle":-13.4,"extra":1,"ei":2}},{"type":"Feature","geometry":{"type":"Point","coordinates":[19.494733,50.364909]},"properties":{"lines":"471, 472","color":"#0059a9","mode":"bus","arr":["471","472"],"angle":-16.4,"extra":1,"ei":3}},{"type":"Feature","geometry":{"type":"Point","coordinates":[19.486766,50.361039]},"properties":{"lines":"471","color":"#0059a9","mode":"bus","arr":["471"],"angle":-53.5}},{"type":"Feature","geometry":{"type":"Point","coordinates":[19.481586,50.35793]},"properties":{"lines":"471","color":"#0059a9","mode":"bus","arr":["471"],"angle":-34.4,"extra":1,"ei":0}},{"type":"Feature","geometry":{"type":"Point","coordinates":[19.484124,50.358883]},"properties":{"lines":"471","color":"#0059a9","mode":"bus","arr":["471"],"angle":-28.7,"extra":1,"ei":1}},{"type":"Feature","geometry":{"type":"Point","coordinates":[19.490416,50.362725]},"properties":{"lines":"471","color":"#0059a9","mode":"bus","arr":["471"],"angle":-32,"extra":1,"ei":2}},{"type":"Feature","geometry":{"type":"Point","coordinates":[19.492639,50.363945]},"properties":{"lines":"471","color":"#0059a9","mode":"bus","arr":["471"],"angle":-48.7,"extra":1,"ei":3}},{"type":"Feature","geometry":{"type":"Point","coordinates":[19.47809,50.354923]},"properties":{"lines":"471","color":"#0059a9","mode":"bus","arr":["471"],"angle":-70.7,"mi":1}},{"type":"Feature","geometry":{"type":"Point","coordinates":[19.479332,50.356722]},"properties":{"lines":"471","color":"#0059a9","mode":"bus","arr":["471"],"angle":-53.3,"extra":1,"ei":0}},{"type":"Feature","geometry":{"type":"Point","coordinates":[19.477106,50.353237]},"properties":{"lines":"471","color":"#0059a9","mode":"bus","arr":["471"],"angle":-68.9,"extra":1,"ei":1}},{"type":"Feature","geometry":{"type":"Point","coordinates":[19.559421,50.359571]},"properties":{"lines":"471, 472, 476, 477","color":"#0059a9","mode":"bus","arr":["471","472","476","477"],"angle":67.5,"mi":1}},{"type":"Feature","geometry":{"type":"Point","coordinates":[19.562511,50.353109]},"properties":{"lines":"471, 472, 476, 477","color":"#0059a9","mode":"bus","arr":["471","472","476","477"],"angle":87.1,"mi":2}},{"type":"Feature","geometry":{"type":"Point","coordinates":[19.560819,50.357224]},"properties":{"lines":"471, 472, 476, 477","color":"#0059a9","mode":"bus","arr":["471","472","476","477"],"angle":70.4}},{"type":"Feature","geometry":{"type":"Point","coordinates":[19.561596,50.356003]},"properties":{"lines":"471, 472, 476, 477","color":"#0059a9","mode":"bus","arr":["471","472","476","477"],"angle":65.7,"extra":1,"ei":0}},{"type":"Feature","geometry":{"type":"Point","coordinates":[19.562346,50.354714]},"properties":{"lines":"471, 472, 476, 477","color":"#0059a9","mode":"bus","arr":["471","472","476","477"],"angle":83.8,"extra":1,"ei":0}},{"type":"Feature","geometry":{"type":"Point","coordinates":[19.562562,50.350941]},"properties":{"lines":"471, 472, 476, 477","color":"#0059a9","mode":"bus","arr":["471","472","476","477"],"angle":89.8,"extra":1,"ei":1}},{"type":"Feature","geometry":{"type":"Point","coordinates":[19.562476,50.343224]},"properties":{"lines":"471, 472, 473, 476, 477","color":"#0059a9","mode":"bus","arr":["471","472","473","476","477"],"angle":-88.6}},{"type":"Feature","geometry":{"type":"Point","coordinates":[19.562553,50.349612]},"properties":{"lines":"471, 472, 473, 476, 477","color":"#0059a9","mode":"bus","arr":["471","472","473","476","477"],"angle":-89.3,"extra":1,"ei":0}},{"type":"Feature","geometry":{"type":"Point","coordinates":[19.562543,50.347723]},"properties":{"lines":"471, 472, 473, 476, 477","color":"#0059a9","mode":"bus","arr":["471","472","473","476","477"],"angle":-89.5,"extra":1,"ei":1}},{"type":"Feature","geometry":{"type":"Point","coordinates":[19.562533,50.345835]},"properties":{"lines":"471, 472, 473, 476, 477","color":"#0059a9","mode":"bus","arr":["471","472","473","476","477"],"angle":-89.5,"extra":1,"ei":2}},{"type":"Feature","geometry":{"type":"Point","coordinates":[19.562239,50.340174]},"properties":{"lines":"471, 472, 473, 476, 477","color":"#0059a9","mode":"bus","arr":["471","472","473","476","477"],"angle":-85.2,"extra":1,"ei":3}},{"type":"Feature","geometry":{"type":"Point","coordinates":[19.562066,50.338289]},"properties":{"lines":"471, 472, 473, 476, 477","color":"#0059a9","mode":"bus","arr":["471","472","473","476","477"],"angle":-89.9,"extra":1,"ei":4}},{"type":"Feature","geometry":{"type":"Point","coordinates":[19.562105,50.336401]},"properties":{"lines":"471, 472, 473, 476, 477","color":"#0059a9","mode":"bus","arr":["471","472","473","476","477"],"angle":81.1,"extra":1,"ei":5}},{"type":"Feature","geometry":{"type":"Point","coordinates":[19.563474,50.312091]},"properties":{"lines":"471, 472, 474, 475, 477","color":"#0059a9","mode":"bus","arr":["471","472","474","475","477"],"angle":-87.7}},{"type":"Feature","geometry":{"type":"Point","coordinates":[19.563824,50.308171]},"properties":{"lines":"471, 472, 474, 475, 477","color":"#0059a9","mode":"bus","arr":["471","472","474","475","477"],"angle":76.2,"extra":1,"ei":0}},{"type":"Feature","geometry":{"type":"Point","coordinates":[19.563351,50.310025]},"properties":{"lines":"471, 472, 474, 475, 477","color":"#0059a9","mode":"bus","arr":["471","472","474","475","477"],"angle":-88.6,"extra":1,"ei":1}},{"type":"Feature","geometry":{"type":"Point","coordinates":[19.563271,50.313784]},"properties":{"lines":"471, 472, 474, 475, 477","color":"#0059a9","mode":"bus","arr":["471","472","474","475","477"],"angle":76.5,"extra":1,"ei":2}},{"type":"Feature","geometry":{"type":"Point","coordinates":[19.562579,50.31562]},"properties":{"lines":"471, 472, 474, 475, 477","color":"#0059a9","mode":"bus","arr":["471","472","474","475","477"],"angle":76.4,"extra":1,"ei":3}},{"type":"Feature","geometry":{"type":"Point","coordinates":[19.559609,50.295409]},"properties":{"lines":"471, 472, 474, 475, 477","color":"#0059a9","mode":"bus","arr":["471","472","474","475","477"],"angle":-70.4}},{"type":"Feature","geometry":{"type":"Point","coordinates":[19.564521,50.306336]},"properties":{"lines":"471, 472, 474, 475, 477","color":"#0059a9","mode":"bus","arr":["471","472","474","475","477"],"angle":79.2,"extra":1,"ei":0}},{"type":"Feature","geometry":{"type":"Point","coordinates":[19.56419,50.304494]},"properties":{"lines":"471, 472, 474, 475, 477","color":"#0059a9","mode":"bus","arr":["471","472","474","475","477"],"angle":-65.1,"extra":1,"ei":1}},{"type":"Feature","geometry":{"type":"Point","coordinates":[19.562901,50.302796]},"properties":{"lines":"471, 472, 474, 475, 477","color":"#0059a9","mode":"bus","arr":["471","472","474","475","477"],"angle":-71.7,"extra":1,"ei":2}},{"type":"Feature","geometry":{"type":"Point","coordinates":[19.562994,50.300936]},"properties":{"lines":"471, 472, 474, 475, 477","color":"#0059a9","mode":"bus","arr":["471","472","474","475","477"],"angle":87.2,"extra":1,"ei":3}},{"type":"Feature","geometry":{"type":"Point","coordinates":[19.562209,50.299138]},"properties":{"lines":"471, 472, 474, 475, 477","color":"#0059a9","mode":"bus","arr":["471","472","474","475","477"],"angle":-62.3,"extra":1,"ei":4}},{"type":"Feature","geometry":{"type":"Point","coordinates":[19.560841,50.297464]},"properties":{"lines":"471, 472, 474, 475, 477","color":"#0059a9","mode":"bus","arr":["471","472","474","475","477"],"angle":-64.7,"extra":1,"ei":5}},{"type":"Feature","geometry":{"type":"Point","coordinates":[19.559297,50.293861]},"properties":{"lines":"471, 472, 474, 475, 477","color":"#0059a9","mode":"bus","arr":["471","472","474","475","477"],"angle":89.2,"extra":1,"ei":6}},{"type":"Feature","geometry":{"type":"Point","coordinates":[19.559035,50.291984]},"properties":{"lines":"471, 472, 474, 475, 477","color":"#0059a9","mode":"bus","arr":["471","472","474","475","477"],"angle":-80.7,"extra":1,"ei":7}},{"type":"Feature","geometry":{"type":"Point","coordinates":[19.558607,50.290119]},"properties":{"lines":"471, 472, 474, 475, 477","color":"#0059a9","mode":"bus","arr":["471","472","474","475","477"],"angle":-77.3,"extra":1,"ei":8}},{"type":"Feature","geometry":{"type":"Point","coordinates":[19.557902,50.288286]},"properties":{"lines":"471, 472, 474, 475, 477","color":"#0059a9","mode":"bus","arr":["471","472","474","475","477"],"angle":-71.4,"extra":1,"ei":9}},{"type":"Feature","geometry":{"type":"Point","coordinates":[19.556925,50.286504]},"properties":{"lines":"471, 472, 474, 475, 477","color":"#0059a9","mode":"bus","arr":["471","472","474","475","477"],"angle":-71.5,"extra":1,"ei":10}},{"type":"Feature","geometry":{"type":"Point","coordinates":[19.55673,50.284647]},"properties":{"lines":"471, 472, 474, 475, 477","color":"#0059a9","mode":"bus","arr":["471","472","474","475","477"],"angle":85.5,"extra":1,"ei":11}},{"type":"Feature","geometry":{"type":"Point","coordinates":[19.557026,50.28332]},"properties":{"lines":"472, 474, 475, 477","color":"#0059a9","mode":"bus","arr":["472","474","475","477"],"angle":76.6}},{"type":"Feature","geometry":{"type":"Point","coordinates":[19.617243,50.344365]},"properties":{"lines":"473, 474","color":"#0059a9","mode":"bus","arr":["473","474"],"angle":50.8,"mi":2}},{"type":"Feature","geometry":{"type":"Point","coordinates":[19.615749,50.3451]},"properties":{"lines":"473, 474","color":"#0059a9","mode":"bus","arr":["473","474"],"angle":36.4,"extra":1,"ei":0}},{"type":"Feature","geometry":{"type":"Point","coordinates":[19.614888,50.345516]},"properties":{"lines":"473, 474","color":"#0059a9","mode":"bus","arr":["473","474"],"angle":37.9,"mi":1}},{"type":"Feature","geometry":{"type":"Point","coordinates":[19.618249,50.349049]},"properties":{"lines":"473","color":"#0059a9","mode":"bus","arr":["473"],"angle":-54.8}},{"type":"Feature","geometry":{"type":"Point","coordinates":[19.615402,50.346455]},"properties":{"lines":"473","color":"#0059a9","mode":"bus","arr":["473"],"angle":-55,"extra":1,"ei":0}},{"type":"Feature","geometry":{"type":"Point","coordinates":[19.617096,50.348002]},"properties":{"lines":"473","color":"#0059a9","mode":"bus","arr":["473"],"angle":-55,"extra":1,"ei":1}},{"type":"Feature","geometry":{"type":"Point","coordinates":[19.619436,50.351297]},"properties":{"lines":"473","color":"#0059a9","mode":"bus","arr":["473"],"angle":86.9,"extra":1,"ei":2}},{"type":"Feature","geometry":{"type":"Point","coordinates":[19.615799,50.35019]},"properties":{"lines":"473","color":"#0059a9","mode":"bus","arr":["473"],"angle":-55.7,"mi":1}},{"type":"Feature","geometry":{"type":"Point","coordinates":[19.618384,50.352587]},"properties":{"lines":"473","color":"#0059a9","mode":"bus","arr":["473"],"angle":-55.4,"extra":1,"ei":0}},{"type":"Feature","geometry":{"type":"Point","coordinates":[19.613363,50.347918]},"properties":{"lines":"473","color":"#0059a9","mode":"bus","arr":["473"],"angle":-54.5,"extra":1,"ei":1}},{"type":"Feature","geometry":{"type":"Point","coordinates":[19.608464,50.349695]},"properties":{"lines":"473, 474","color":"#0059a9","mode":"bus","arr":["473","474"],"angle":47.9}},{"type":"Feature","geometry":{"type":"Point","coordinates":[19.604707,50.35368]},"properties":{"lines":"473, 474","color":"#0059a9","mode":"bus","arr":["473","474"],"angle":69.6,"extra":1,"ei":0}},{"type":"Feature","geometry":{"type":"Point","coordinates":[19.606179,50.352045]},"properties":{"lines":"473, 474","color":"#0059a9","mode":"bus","arr":["473","474"],"angle":60,"extra":1,"ei":1}},{"type":"Feature","geometry":{"type":"Point","coordinates":[19.611543,50.347606]},"properties":{"lines":"473, 474","color":"#0059a9","mode":"bus","arr":["473","474"],"angle":48,"extra":1,"ei":2}},{"type":"Feature","geometry":{"type":"Point","coordinates":[19.613463,50.346191]},"properties":{"lines":"473, 474","color":"#0059a9","mode":"bus","arr":["473","474"],"angle":36.2,"extra":1,"ei":3}},{"type":"Feature","geometry":{"type":"Point","coordinates":[19.603745,50.357891]},"properties":{"lines":"473, 474","color":"#0059a9","mode":"bus","arr":["473","474"],"angle":82.1,"mi":3}},{"type":"Feature","geometry":{"type":"Point","coordinates":[19.604254,50.355544]},"properties":{"lines":"473, 474","color":"#0059a9","mode":"bus","arr":["473","474"],"angle":82.1,"extra":1,"ei":0}},{"type":"Feature","geometry":{"type":"Point","coordinates":[19.603431,50.359284]},"properties":{"lines":"473, 474","color":"#0059a9","mode":"bus","arr":["473","474"],"angle":81.6,"extra":1,"ei":1}},{"type":"Feature","geometry":{"type":"Point","coordinates":[19.602816,50.361129]},"properties":{"lines":"473, 474","color":"#0059a9","mode":"bus","arr":["473","474"],"angle":74.4,"extra":1,"ei":2}},{"type":"Feature","geometry":{"type":"Point","coordinates":[19.568044,50.319006]},"properties":{"lines":"474, 475","color":"#0059a9","mode":"bus","arr":["474","475"],"angle":-20.8}},{"type":"Feature","geometry":{"type":"Point","coordinates":[19.563257,50.317493]},"properties":{"lines":"474, 475","color":"#0059a9","mode":"bus","arr":["474","475"],"angle":-39.7,"extra":1,"ei":0}},{"type":"Feature","geometry":{"type":"Point","coordinates":[19.565759,50.318461]},"properties":{"lines":"474, 475","color":"#0059a9","mode":"bus","arr":["474","475"],"angle":-19.9,"extra":1,"ei":1}},{"type":"Feature","geometry":{"type":"Point","coordinates":[19.571289,50.319791]},"properties":{"lines":"474, 475","color":"#0059a9","mode":"bus","arr":["474","475"],"angle":-20.5,"extra":1,"ei":2}},{"type":"Feature","geometry":{"type":"Point","coordinates":[19.574057,50.32045]},"properties":{"lines":"474, 475","color":"#0059a9","mode":"bus","arr":["474","475"],"angle":-20.4,"extra":1,"ei":3}},{"type":"Feature","geometry":{"type":"Point","coordinates":[19.584812,50.325994]},"properties":{"lines":"474","color":"#0059a9","mode":"bus","arr":["474"],"angle":-53.4}},{"type":"Feature","geometry":{"type":"Point","coordinates":[19.575849,50.320895]},"properties":{"lines":"474","color":"#0059a9","mode":"bus","arr":["474"],"angle":-21.5,"extra":1,"ei":0}},{"type":"Feature","geometry":{"type":"Point","coordinates":[19.578615,50.321558]},"properties":{"lines":"474","color":"#0059a9","mode":"bus","arr":["474"],"angle":-20.2,"extra":1,"ei":1}},{"type":"Feature","geometry":{"type":"Point","coordinates":[19.581388,50.32221]},"properties":{"lines":"474","color":"#0059a9","mode":"bus","arr":["474"],"angle":-20.2,"extra":1,"ei":2}},{"type":"Feature","geometry":{"type":"Point","coordinates":[19.584156,50.322869]},"properties":{"lines":"474","color":"#0059a9","mode":"bus","arr":["474"],"angle":-20.7,"extra":1,"ei":3}},{"type":"Feature","geometry":{"type":"Point","coordinates":[19.584218,50.32434]},"properties":{"lines":"474","color":"#0059a9","mode":"bus","arr":["474"],"angle":71.3,"extra":1,"ei":4}},{"type":"Feature","geometry":{"type":"Point","coordinates":[19.586803,50.32749]},"properties":{"lines":"474","color":"#0059a9","mode":"bus","arr":["474"],"angle":-48.4,"extra":1,"ei":5}},{"type":"Feature","geometry":{"type":"Point","coordinates":[19.588464,50.329041]},"properties":{"lines":"474","color":"#0059a9","mode":"bus","arr":["474"],"angle":-62.1,"extra":1,"ei":6}},{"type":"Feature","geometry":{"type":"Point","coordinates":[19.589439,50.330796]},"properties":{"lines":"474","color":"#0059a9","mode":"bus","arr":["474"],"angle":-85.9,"extra":1,"ei":7}},{"type":"Feature","geometry":{"type":"Point","coordinates":[19.589683,50.332677]},"properties":{"lines":"474","color":"#0059a9","mode":"bus","arr":["474"],"angle":-74.6,"extra":1,"ei":8}},{"type":"Feature","geometry":{"type":"Point","coordinates":[19.590627,50.334447]},"properties":{"lines":"474","color":"#0059a9","mode":"bus","arr":["474"],"angle":-74.4,"extra":1,"ei":9}},{"type":"Feature","geometry":{"type":"Point","coordinates":[19.595575,50.298526]},"properties":{"lines":"475","color":"#0059a9","mode":"bus","arr":["475"],"angle":-40.8}},{"type":"Feature","geometry":{"type":"Point","coordinates":[19.576592,50.312578]},"properties":{"lines":"475","color":"#0059a9","mode":"bus","arr":["475"],"angle":86.3}},{"type":"Feature","geometry":{"type":"Point","coordinates":[19.577293,50.305368]},"properties":{"lines":"475","color":"#0059a9","mode":"bus","arr":["475"],"angle":86.5,"extra":1,"ei":0}},{"type":"Feature","geometry":{"type":"Point","coordinates":[19.577115,50.307253]},"properties":{"lines":"475","color":"#0059a9","mode":"bus","arr":["475"],"angle":86.5,"extra":1,"ei":1}},{"type":"Feature","geometry":{"type":"Point","coordinates":[19.576937,50.309138]},"properties":{"lines":"475","color":"#0059a9","mode":"bus","arr":["475"],"angle":86.6,"extra":1,"ei":2}},{"type":"Feature","geometry":{"type":"Point","coordinates":[19.57675,50.311023]},"properties":{"lines":"475","color":"#0059a9","mode":"bus","arr":["475"],"angle":86.3,"extra":1,"ei":3}},{"type":"Feature","geometry":{"type":"Point","coordinates":[19.576405,50.314794]},"properties":{"lines":"475","color":"#0059a9","mode":"bus","arr":["475"],"angle":87.2,"extra":1,"ei":4}},{"type":"Feature","geometry":{"type":"Point","coordinates":[19.576254,50.31668]},"properties":{"lines":"475","color":"#0059a9","mode":"bus","arr":["475"],"angle":86,"extra":1,"ei":5}},{"type":"Feature","geometry":{"type":"Point","coordinates":[19.575645,50.31851]},"properties":{"lines":"475","color":"#0059a9","mode":"bus","arr":["475"],"angle":69.8,"extra":1,"ei":6}},{"type":"Feature","geometry":{"type":"Point","coordinates":[19.574627,50.320283]},"properties":{"lines":"475","color":"#0059a9","mode":"bus","arr":["475"],"angle":69.9,"extra":1,"ei":7}},{"type":"Feature","geometry":{"type":"Point","coordinates":[19.582005,50.293672]},"properties":{"lines":"475","color":"#0059a9","mode":"bus","arr":["475"],"angle":-51,"mi":2}},{"type":"Feature","geometry":{"type":"Point","coordinates":[19.592321,50.297767]},"properties":{"lines":"475","color":"#0059a9","mode":"bus","arr":["475"],"angle":-15.7,"extra":1,"ei":0}},{"type":"Feature","geometry":{"type":"Point","coordinates":[19.589474,50.297262]},"properties":{"lines":"475","color":"#0059a9","mode":"bus","arr":["475"],"angle":-15.4,"extra":1,"ei":1}},{"type":"Feature","geometry":{"type":"Point","coordinates":[19.586632,50.296748]},"properties":{"lines":"475","color":"#0059a9","mode":"bus","arr":["475"],"angle":-19.9,"extra":1,"ei":2}},{"type":"Feature","geometry":{"type":"Point","coordinates":[19.584407,50.295557]},"properties":{"lines":"475","color":"#0059a9","mode":"bus","arr":["475"],"angle":-50.6,"extra":1,"ei":3}},{"type":"Feature","geometry":{"type":"Point","coordinates":[19.580674,50.292629]},"properties":{"lines":"475","color":"#0059a9","mode":"bus","arr":["475"],"angle":-50.7,"extra":1,"ei":4}},{"type":"Feature","geometry":{"type":"Point","coordinates":[19.578804,50.291167]},"properties":{"lines":"475","color":"#0059a9","mode":"bus","arr":["475"],"angle":-50.3,"extra":1,"ei":5}},{"type":"Feature","geometry":{"type":"Point","coordinates":[19.576891,50.289728]},"properties":{"lines":"475","color":"#0059a9","mode":"bus","arr":["475"],"angle":-49.3,"extra":1,"ei":6}},{"type":"Feature","geometry":{"type":"Point","coordinates":[19.574955,50.288302]},"properties":{"lines":"475","color":"#0059a9","mode":"bus","arr":["475"],"angle":-49.1,"extra":1,"ei":7}},{"type":"Feature","geometry":{"type":"Point","coordinates":[19.573033,50.286867]},"properties":{"lines":"475","color":"#0059a9","mode":"bus","arr":["475"],"angle":-48.5,"extra":1,"ei":8,"side":-1}},{"type":"Feature","geometry":{"type":"Point","coordinates":[19.571849,50.287393]},"properties":{"lines":"475","color":"#0059a9","mode":"bus","arr":["475"],"angle":45.9}},{"type":"Feature","geometry":{"type":"Point","coordinates":[19.574125,50.296146]},"properties":{"lines":"475","color":"#0059a9","mode":"bus","arr":["475"],"angle":-84.9,"mi":1}},{"type":"Feature","geometry":{"type":"Point","coordinates":[19.57083,50.288911]},"properties":{"lines":"475","color":"#0059a9","mode":"bus","arr":["475"],"angle":-79.9,"extra":1,"ei":0}},{"type":"Feature","geometry":{"type":"Point","coordinates":[19.571978,50.290617]},"properties":{"lines":"475","color":"#0059a9","mode":"bus","arr":["475"],"angle":-53.2,"extra":1,"ei":1}},{"type":"Feature","geometry":{"type":"Point","coordinates":[19.573261,50.292305]},"properties":{"lines":"475","color":"#0059a9","mode":"bus","arr":["475"],"angle":-63.7,"extra":1,"ei":2}},{"type":"Feature","geometry":{"type":"Point","coordinates":[19.573789,50.294083]},"properties":{"lines":"475","color":"#0059a9","mode":"bus","arr":["475"],"angle":86.5,"extra":1,"ei":3}},{"type":"Feature","geometry":{"type":"Point","coordinates":[19.574303,50.297825]},"properties":{"lines":"475","color":"#0059a9","mode":"bus","arr":["475"],"angle":-86.1,"extra":1,"ei":4}},{"type":"Feature","geometry":{"type":"Point","coordinates":[19.574578,50.299705]},"properties":{"lines":"475","color":"#0059a9","mode":"bus","arr":["475"],"angle":-84,"extra":1,"ei":5}},{"type":"Feature","geometry":{"type":"Point","coordinates":[19.574903,50.301582]},"properties":{"lines":"475","color":"#0059a9","mode":"bus","arr":["475"],"angle":-78.6,"extra":1,"ei":6}},{"type":"Feature","geometry":{"type":"Point","coordinates":[19.576207,50.303269]},"properties":{"lines":"475","color":"#0059a9","mode":"bus","arr":["475"],"angle":-61.8,"extra":1,"ei":7}},{"type":"Feature","geometry":{"type":"Point","coordinates":[19.571122,50.285459]},"properties":{"lines":"475","color":"#0059a9","mode":"bus","arr":["475"],"angle":-49.1,"mi":3}},{"type":"Feature","geometry":{"type":"Point","coordinates":[19.551275,50.371153]},"properties":{"lines":"476","color":"#0059a9","mode":"bus","arr":["476"],"angle":58.1}},{"type":"Feature","geometry":{"type":"Point","coordinates":[19.551006,50.378288]},"properties":{"lines":"476","color":"#0059a9","mode":"bus","arr":["476"],"angle":82.1,"mi":3}},{"type":"Feature","geometry":{"type":"Point","coordinates":[19.550765,50.372702]},"properties":{"lines":"476","color":"#0059a9","mode":"bus","arr":["476"],"angle":-88.3,"extra":1,"ei":0}},{"type":"Feature","geometry":{"type":"Point","coordinates":[19.552846,50.369258]},"properties":{"lines":"476","color":"#0059a9","mode":"bus","arr":["476"],"angle":64.4,"extra":1,"ei":1}},{"type":"Feature","geometry":{"type":"Point","coordinates":[19.556034,50.364698]},"properties":{"lines":"476","color":"#0059a9","mode":"bus","arr":["476"],"angle":66.7,"mi":2}},{"type":"Feature","geometry":{"type":"Point","coordinates":[19.550912,50.375709]},"properties":{"lines":"476","color":"#0059a9","mode":"bus","arr":["476"],"angle":-88.2,"mi":1}},{"type":"Feature","geometry":{"type":"Point","coordinates":[19.558271,50.361368]},"properties":{"lines":"476","color":"#0059a9","mode":"bus","arr":["476"],"angle":67.9,"extra":1,"ei":0}},{"type":"Feature","geometry":{"type":"Point","coordinates":[19.557126,50.363109]},"properties":{"lines":"476","color":"#0059a9","mode":"bus","arr":["476"],"angle":66.4,"extra":1,"ei":1}},{"type":"Feature","geometry":{"type":"Point","coordinates":[19.554811,50.366583]},"properties":{"lines":"476","color":"#0059a9","mode":"bus","arr":["476"],"angle":66,"extra":1,"ei":2}},{"type":"Feature","geometry":{"type":"Point","coordinates":[19.553566,50.368295]},"properties":{"lines":"476","color":"#0059a9","mode":"bus","arr":["476"],"angle":64.5,"extra":1,"ei":3}},{"type":"Feature","geometry":{"type":"Point","coordinates":[19.568525,50.388385]},"properties":{"lines":"476","color":"#0059a9","mode":"bus","arr":["476"],"angle":16.8}},{"type":"Feature","geometry":{"type":"Point","coordinates":[19.573277,50.387466]},"properties":{"lines":"476","color":"#0059a9","mode":"bus","arr":["476"],"angle":16.8,"extra":1,"ei":0}},{"type":"Feature","geometry":{"type":"Point","coordinates":[19.57045,50.388013]},"properties":{"lines":"476","color":"#0059a9","mode":"bus","arr":["476"],"angle":16.8,"extra":1,"ei":1}},{"type":"Feature","geometry":{"type":"Point","coordinates":[19.5648,50.389118]},"properties":{"lines":"476","color":"#0059a9","mode":"bus","arr":["476"],"angle":17.6,"extra":1,"ei":2}},{"type":"Feature","geometry":{"type":"Point","coordinates":[19.567814,50.36623]},"properties":{"lines":"476","color":"#0059a9","mode":"bus","arr":["476"],"angle":-60.2,"mi":4}},{"type":"Feature","geometry":{"type":"Point","coordinates":[19.577727,50.371209]},"properties":{"lines":"476","color":"#0059a9","mode":"bus","arr":["476"],"angle":-60.8,"extra":1,"ei":0}},{"type":"Feature","geometry":{"type":"Point","coordinates":[19.575539,50.369994]},"properties":{"lines":"476","color":"#0059a9","mode":"bus","arr":["476"],"angle":-30.1,"extra":1,"ei":1}},{"type":"Feature","geometry":{"type":"Point","coordinates":[19.572925,50.369114]},"properties":{"lines":"476","color":"#0059a9","mode":"bus","arr":["476"],"angle":-26.6,"extra":1,"ei":2}},{"type":"Feature","geometry":{"type":"Point","coordinates":[19.570442,50.368118]},"properties":{"lines":"476","color":"#0059a9","mode":"bus","arr":["476"],"angle":-46,"extra":1,"ei":3}},{"type":"Feature","geometry":{"type":"Point","coordinates":[19.566835,50.365158]},"properties":{"lines":"476","color":"#0059a9","mode":"bus","arr":["476"],"angle":-55.9,"extra":1,"ei":4}},{"type":"Feature","geometry":{"type":"Point","coordinates":[19.564685,50.363873]},"properties":{"lines":"476","color":"#0059a9","mode":"bus","arr":["476"],"angle":-41.7,"extra":1,"ei":5}},{"type":"Feature","geometry":{"type":"Point","coordinates":[19.562443,50.362643]},"properties":{"lines":"476","color":"#0059a9","mode":"bus","arr":["476"],"angle":-41.2,"extra":1,"ei":6}},{"type":"Feature","geometry":{"type":"Point","coordinates":[19.560844,50.361122]},"properties":{"lines":"476","color":"#0059a9","mode":"bus","arr":["476"],"angle":-73.6,"extra":1,"ei":7}},{"type":"Feature","geometry":{"type":"Point","coordinates":[19.560143,50.359288]},"properties":{"lines":"476","color":"#0059a9","mode":"bus","arr":["476"],"angle":-63.4,"extra":1,"ei":8}},{"type":"Feature","geometry":{"type":"Point","coordinates":[19.591651,50.271392]},"properties":{"lines":"BP, WK, ZP, ZZ","color":"#0059a9","mode":"bus","arr":["BP","WK","ZP","ZZ"],"angle":19.6,"side":-1}},{"type":"Feature","geometry":{"type":"Point","coordinates":[19.593598,50.270884]},"properties":{"lines":"BP, WK, ZP, ZZ","color":"#0059a9","mode":"bus","arr":["BP","WK","ZP","ZZ"],"angle":23.4,"extra":1,"ei":0,"side":-1}},{"type":"Feature","geometry":{"type":"Point","coordinates":[19.599104,50.276628]},"properties":{"lines":"BP, WK","color":"#0059a9","mode":"bus","arr":["BP","WK"],"angle":-57.9,"mi":1}},{"type":"Feature","geometry":{"type":"Point","coordinates":[19.594507,50.271791]},"properties":{"lines":"BP, WK","color":"#0059a9","mode":"bus","arr":["BP","WK"],"angle":-64.9,"extra":1,"ei":0}},{"type":"Feature","geometry":{"type":"Point","coordinates":[19.595789,50.273492]},"properties":{"lines":"BP, WK","color":"#0059a9","mode":"bus","arr":["BP","WK"],"angle":-61.5,"extra":1,"ei":1}},{"type":"Feature","geometry":{"type":"Point","coordinates":[19.597424,50.275063]},"properties":{"lines":"BP, WK","color":"#0059a9","mode":"bus","arr":["BP","WK"],"angle":-54.9,"extra":1,"ei":2}},{"type":"Feature","geometry":{"type":"Point","coordinates":[19.600354,50.278326]},"properties":{"lines":"BP, WK","color":"#0059a9","mode":"bus","arr":["BP","WK"],"angle":-65.8,"extra":1,"ei":3}},{"type":"Feature","geometry":{"type":"Point","coordinates":[19.601562,50.280049]},"properties":{"lines":"BP, WK","color":"#0059a9","mode":"bus","arr":["BP","WK"],"angle":-66.2,"extra":1,"ei":4}},{"type":"Feature","geometry":{"type":"Point","coordinates":[19.602773,50.281772]},"properties":{"lines":"BP, WK","color":"#0059a9","mode":"bus","arr":["BP","WK"],"angle":-65.4,"extra":1,"ei":5}},{"type":"Feature","geometry":{"type":"Point","coordinates":[19.624764,50.324257]},"properties":{"lines":"BP","color":"#0059a9","mode":"bus","arr":["BP"],"angle":-48.4}},{"type":"Feature","geometry":{"type":"Point","coordinates":[19.609101,50.295057]},"properties":{"lines":"BP","color":"#0059a9","mode":"bus","arr":["BP"],"angle":-83.9}},{"type":"Feature","geometry":{"type":"Point","coordinates":[19.603681,50.283584]},"properties":{"lines":"BP","color":"#0059a9","mode":"bus","arr":["BP"],"angle":-78.5,"extra":1,"ei":0}},{"type":"Feature","geometry":{"type":"Point","coordinates":[19.603977,50.285461]},"properties":{"lines":"BP","color":"#0059a9","mode":"bus","arr":["BP"],"angle":-85.7,"extra":1,"ei":1}},{"type":"Feature","geometry":{"type":"Point","coordinates":[19.604472,50.287319]},"properties":{"lines":"BP","color":"#0059a9","mode":"bus","arr":["BP"],"angle":-74.1,"extra":1,"ei":2}},{"type":"Feature","geometry":{"type":"Point","coordinates":[19.605587,50.289063]},"properties":{"lines":"BP","color":"#0059a9","mode":"bus","arr":["BP"],"angle":-63,"extra":1,"ei":3}},{"type":"Feature","geometry":{"type":"Point","coordinates":[19.606944,50.29074]},"properties":{"lines":"BP","color":"#0059a9","mode":"bus","arr":["BP"],"angle":-62.5,"extra":1,"ei":4}},{"type":"Feature","geometry":{"type":"Point","coordinates":[19.608163,50.292458]},"properties":{"lines":"BP","color":"#0059a9","mode":"bus","arr":["BP"],"angle":-70.1,"extra":1,"ei":5}},{"type":"Feature","geometry":{"type":"Point","coordinates":[19.608979,50.298037]},"properties":{"lines":"BP","color":"#0059a9","mode":"bus","arr":["BP"],"angle":81.1,"extra":1,"ei":6}},{"type":"Feature","geometry":{"type":"Point","coordinates":[19.608291,50.299871]},"properties":{"lines":"BP","color":"#0059a9","mode":"bus","arr":["BP"],"angle":73.1,"extra":1,"ei":7}},{"type":"Feature","geometry":{"type":"Point","coordinates":[19.607341,50.301659]},"properties":{"lines":"BP","color":"#0059a9","mode":"bus","arr":["BP"],"angle":71.4,"extra":1,"ei":8}},{"type":"Feature","geometry":{"type":"Point","coordinates":[19.606389,50.303447]},"properties":{"lines":"BP","color":"#0059a9","mode":"bus","arr":["BP"],"angle":70.9,"extra":1,"ei":9}},{"type":"Feature","geometry":{"type":"Point","coordinates":[19.605432,50.305234]},"properties":{"lines":"BP","color":"#0059a9","mode":"bus","arr":["BP"],"angle":71.4,"extra":1,"ei":10}},{"type":"Feature","geometry":{"type":"Point","coordinates":[19.604818,50.307068]},"properties":{"lines":"BP","color":"#0059a9","mode":"bus","arr":["BP"],"angle":-89.1,"extra":1,"ei":11}},{"type":"Feature","geometry":{"type":"Point","coordinates":[19.647211,50.336699]},"properties":{"lines":"BP","color":"#0059a9","mode":"bus","arr":["BP"],"angle":-12.3,"extra":1,"ei":0}},{"type":"Feature","geometry":{"type":"Point","coordinates":[19.644428,50.336081]},"properties":{"lines":"BP","color":"#0059a9","mode":"bus","arr":["BP"],"angle":-28.2,"extra":1,"ei":1}},{"type":"Feature","geometry":{"type":"Point","coordinates":[19.641891,50.335114]},"properties":{"lines":"BP","color":"#0059a9","mode":"bus","arr":["BP"],"angle":-30.8,"extra":1,"ei":2}},{"type":"Feature","geometry":{"type":"Point","coordinates":[19.639364,50.334136]},"properties":{"lines":"BP","color":"#0059a9","mode":"bus","arr":["BP"],"angle":-31.3,"extra":1,"ei":3}},{"type":"Feature","geometry":{"type":"Point","coordinates":[19.636865,50.33313]},"properties":{"lines":"BP","color":"#0059a9","mode":"bus","arr":["BP"],"angle":-39.6,"extra":1,"ei":4}},{"type":"Feature","geometry":{"type":"Point","coordinates":[19.634966,50.331688]},"properties":{"lines":"BP","color":"#0059a9","mode":"bus","arr":["BP"],"angle":-51,"extra":1,"ei":5}},{"type":"Feature","geometry":{"type":"Point","coordinates":[19.633111,50.330218]},"properties":{"lines":"BP","color":"#0059a9","mode":"bus","arr":["BP"],"angle":-51.1,"extra":1,"ei":6}},{"type":"Feature","geometry":{"type":"Point","coordinates":[19.631254,50.32875]},"properties":{"lines":"BP","color":"#0059a9","mode":"bus","arr":["BP"],"angle":-50.4,"extra":1,"ei":7}},{"type":"Feature","geometry":{"type":"Point","coordinates":[19.629148,50.327436]},"properties":{"lines":"BP","color":"#0059a9","mode":"bus","arr":["BP"],"angle":-38.3,"extra":1,"ei":8}},{"type":"Feature","geometry":{"type":"Point","coordinates":[19.626964,50.326174]},"properties":{"lines":"BP","color":"#0059a9","mode":"bus","arr":["BP"],"angle":-50.8,"extra":1,"ei":9}},{"type":"Feature","geometry":{"type":"Point","coordinates":[19.623305,50.323221]},"properties":{"lines":"BP","color":"#0059a9","mode":"bus","arr":["BP"],"angle":-47.5,"extra":1,"ei":10}},{"type":"Feature","geometry":{"type":"Point","coordinates":[19.62131,50.321828]},"properties":{"lines":"BP","color":"#0059a9","mode":"bus","arr":["BP"],"angle":-47.5,"extra":1,"ei":11}},{"type":"Feature","geometry":{"type":"Point","coordinates":[19.619339,50.320421]},"properties":{"lines":"BP","color":"#0059a9","mode":"bus","arr":["BP"],"angle":-49.3,"extra":1,"ei":12}},{"type":"Feature","geometry":{"type":"Point","coordinates":[19.617502,50.318943]},"properties":{"lines":"BP","color":"#0059a9","mode":"bus","arr":["BP"],"angle":-51.7,"extra":1,"ei":13}},{"type":"Feature","geometry":{"type":"Point","coordinates":[19.615673,50.31746]},"properties":{"lines":"BP","color":"#0059a9","mode":"bus","arr":["BP"],"angle":-51.7,"extra":1,"ei":14}},{"type":"Feature","geometry":{"type":"Point","coordinates":[19.613836,50.315981]},"properties":{"lines":"BP","color":"#0059a9","mode":"bus","arr":["BP"],"angle":-51.6,"extra":1,"ei":15}},{"type":"Feature","geometry":{"type":"Point","coordinates":[19.612006,50.314498]},"properties":{"lines":"BP","color":"#0059a9","mode":"bus","arr":["BP"],"angle":-51.8,"extra":1,"ei":16}},{"type":"Feature","geometry":{"type":"Point","coordinates":[19.610176,50.313015]},"properties":{"lines":"BP","color":"#0059a9","mode":"bus","arr":["BP"],"angle":-51.7,"extra":1,"ei":17}},{"type":"Feature","geometry":{"type":"Point","coordinates":[19.608346,50.311533]},"properties":{"lines":"BP","color":"#0059a9","mode":"bus","arr":["BP"],"angle":-51.7,"extra":1,"ei":18}},{"type":"Feature","geometry":{"type":"Point","coordinates":[19.606519,50.310049]},"properties":{"lines":"BP","color":"#0059a9","mode":"bus","arr":["BP"],"angle":-52.6,"extra":1,"ei":19}},{"type":"Feature","geometry":{"type":"Point","coordinates":[19.605081,50.308411]},"properties":{"lines":"BP","color":"#0059a9","mode":"bus","arr":["BP"],"angle":-62.2,"extra":1,"ei":20}},{"type":"Feature","geometry":{"type":"Point","coordinates":[19.636064,50.31829]},"properties":{"lines":"BP","color":"#0059a9","mode":"bus","arr":["BP"],"angle":-41.6}},{"type":"Feature","geometry":{"type":"Point","coordinates":[19.644328,50.335]},"properties":{"lines":"BP","color":"#0059a9","mode":"bus","arr":["BP"],"angle":38.7,"extra":1,"ei":0}},{"type":"Feature","geometry":{"type":"Point","coordinates":[19.645954,50.333481]},"properties":{"lines":"BP","color":"#0059a9","mode":"bus","arr":["BP"],"angle":55.4,"extra":1,"ei":1}},{"type":"Feature","geometry":{"type":"Point","coordinates":[19.647655,50.331954]},"properties":{"lines":"BP","color":"#0059a9","mode":"bus","arr":["BP"],"angle":62.7,"extra":1,"ei":2}},{"type":"Feature","geometry":{"type":"Point","coordinates":[19.648991,50.33027]},"properties":{"lines":"BP","color":"#0059a9","mode":"bus","arr":["BP"],"angle":65.1,"extra":1,"ei":3}},{"type":"Feature","geometry":{"type":"Point","coordinates":[19.650287,50.328575]},"properties":{"lines":"BP","color":"#0059a9","mode":"bus","arr":["BP"],"angle":61.7,"extra":1,"ei":4}},{"type":"Feature","geometry":{"type":"Point","coordinates":[19.649785,50.326858]},"properties":{"lines":"BP","color":"#0059a9","mode":"bus","arr":["BP"],"angle":-57.2,"extra":1,"ei":5}},{"type":"Feature","geometry":{"type":"Point","coordinates":[19.648173,50.325275]},"properties":{"lines":"BP","color":"#0059a9","mode":"bus","arr":["BP"],"angle":-55.7,"extra":1,"ei":6}},{"type":"Feature","geometry":{"type":"Point","coordinates":[19.646229,50.32387]},"properties":{"lines":"BP","color":"#0059a9","mode":"bus","arr":["BP"],"angle":-41.1,"extra":1,"ei":7}},{"type":"Feature","geometry":{"type":"Point","coordinates":[19.643985,50.322642]},"properties":{"lines":"BP","color":"#0059a9","mode":"bus","arr":["BP"],"angle":-40.5,"extra":1,"ei":8}},{"type":"Feature","geometry":{"type":"Point","coordinates":[19.641739,50.321415]},"properties":{"lines":"BP","color":"#0059a9","mode":"bus","arr":["BP"],"angle":-40.5,"extra":1,"ei":9}},{"type":"Feature","geometry":{"type":"Point","coordinates":[19.639479,50.320199]},"properties":{"lines":"BP","color":"#0059a9","mode":"bus","arr":["BP"],"angle":-40.1,"extra":1,"ei":10}},{"type":"Feature","geometry":{"type":"Point","coordinates":[19.633274,50.316188]},"properties":{"lines":"BP","color":"#0059a9","mode":"bus","arr":["BP"],"angle":-54.6,"extra":1,"ei":11}},{"type":"Feature","geometry":{"type":"Point","coordinates":[19.631552,50.314653]},"properties":{"lines":"BP","color":"#0059a9","mode":"bus","arr":["BP"],"angle":-54.4,"extra":1,"ei":12}},{"type":"Feature","geometry":{"type":"Point","coordinates":[19.629796,50.313135]},"properties":{"lines":"BP","color":"#0059a9","mode":"bus","arr":["BP"],"angle":-52.8,"extra":1,"ei":13}},{"type":"Feature","geometry":{"type":"Point","coordinates":[19.628036,50.311619]},"properties":{"lines":"BP","color":"#0059a9","mode":"bus","arr":["BP"],"angle":-54.5,"extra":1,"ei":14}},{"type":"Feature","geometry":{"type":"Point","coordinates":[19.626283,50.310099]},"properties":{"lines":"BP","color":"#0059a9","mode":"bus","arr":["BP"],"angle":-54.5,"extra":1,"ei":15}},{"type":"Feature","geometry":{"type":"Point","coordinates":[19.624558,50.308566]},"properties":{"lines":"BP","color":"#0059a9","mode":"bus","arr":["BP"],"angle":-54.5,"extra":1,"ei":16}},{"type":"Feature","geometry":{"type":"Point","coordinates":[19.622819,50.307039]},"properties":{"lines":"BP","color":"#0059a9","mode":"bus","arr":["BP"],"angle":-51.8,"extra":1,"ei":17}},{"type":"Feature","geometry":{"type":"Point","coordinates":[19.621246,50.305478]},"properties":{"lines":"BP","color":"#0059a9","mode":"bus","arr":["BP"],"angle":-33.1,"extra":1,"ei":18}},{"type":"Feature","geometry":{"type":"Point","coordinates":[19.618547,50.304718]},"properties":{"lines":"BP","color":"#0059a9","mode":"bus","arr":["BP"],"angle":-17.7,"extra":1,"ei":19}},{"type":"Feature","geometry":{"type":"Point","coordinates":[19.615657,50.304797]},"properties":{"lines":"BP","color":"#0059a9","mode":"bus","arr":["BP"],"angle":14.7,"extra":1,"ei":20}},{"type":"Feature","geometry":{"type":"Point","coordinates":[19.612764,50.304891]},"properties":{"lines":"BP","color":"#0059a9","mode":"bus","arr":["BP"],"angle":-11.7,"extra":1,"ei":21}},{"type":"Feature","geometry":{"type":"Point","coordinates":[19.641878,50.302473]},"properties":{"lines":"BP","color":"#0059a9","mode":"bus","arr":["BP"],"angle":-9.4}},{"type":"Feature","geometry":{"type":"Point","coordinates":[19.663983,50.306971]},"properties":{"lines":"BP","color":"#0059a9","mode":"bus","arr":["BP"],"angle":81.7,"extra":1,"ei":0}},{"type":"Feature","geometry":{"type":"Point","coordinates":[19.665153,50.305674]},"properties":{"lines":"BP","color":"#0059a9","mode":"bus","arr":["BP"],"angle":2.5,"extra":1,"ei":1}},{"type":"Feature","geometry":{"type":"Point","coordinates":[19.668035,50.305761]},"properties":{"lines":"BP","color":"#0059a9","mode":"bus","arr":["BP"],"angle":-36.2,"extra":1,"ei":2}},{"type":"Feature","geometry":{"type":"Point","coordinates":[19.66768,50.307053]},"properties":{"lines":"BP","color":"#0059a9","mode":"bus","arr":["BP"],"angle":25.7,"extra":1,"ei":3}},{"type":"Feature","geometry":{"type":"Point","coordinates":[19.662075,50.307878]},"properties":{"lines":"BP","color":"#0059a9","mode":"bus","arr":["BP"],"angle":7.7,"extra":1,"ei":4}},{"type":"Feature","geometry":{"type":"Point","coordinates":[19.659171,50.308128]},"properties":{"lines":"BP","color":"#0059a9","mode":"bus","arr":["BP"],"angle":3.1,"extra":1,"ei":5}},{"type":"Feature","geometry":{"type":"Point","coordinates":[19.656313,50.307951]},"properties":{"lines":"BP","color":"#0059a9","mode":"bus","arr":["BP"],"angle":-33.4,"extra":1,"ei":6}},{"type":"Feature","geometry":{"type":"Point","coordinates":[19.653938,50.30686]},"properties":{"lines":"BP","color":"#0059a9","mode":"bus","arr":["BP"],"angle":-25.4,"extra":1,"ei":7}},{"type":"Feature","geometry":{"type":"Point","coordinates":[19.651529,50.305801]},"properties":{"lines":"BP","color":"#0059a9","mode":"bus","arr":["BP"],"angle":-39.3,"extra":1,"ei":8}},{"type":"Feature","geometry":{"type":"Point","coordinates":[19.649194,50.304647]},"properties":{"lines":"BP","color":"#0059a9","mode":"bus","arr":["BP"],"angle":-43.3,"extra":1,"ei":9}},{"type":"Feature","geometry":{"type":"Point","coordinates":[19.647172,50.303271]},"properties":{"lines":"BP","color":"#0059a9","mode":"bus","arr":["BP"],"angle":-46.4,"extra":1,"ei":10}},{"type":"Feature","geometry":{"type":"Point","coordinates":[19.64447,50.30274]},"properties":{"lines":"BP","color":"#0059a9","mode":"bus","arr":["BP"],"angle":-7.4,"extra":1,"ei":11}},{"type":"Feature","geometry":{"type":"Point","coordinates":[19.638663,50.302053]},"properties":{"lines":"BP","color":"#0059a9","mode":"bus","arr":["BP"],"angle":-10.5,"extra":1,"ei":12}},{"type":"Feature","geometry":{"type":"Point","coordinates":[19.635754,50.301725]},"properties":{"lines":"BP","color":"#0059a9","mode":"bus","arr":["BP"],"angle":-10.1,"extra":1,"ei":13}},{"type":"Feature","geometry":{"type":"Point","coordinates":[19.632836,50.301443]},"properties":{"lines":"BP","color":"#0059a9","mode":"bus","arr":["BP"],"angle":-3.9,"extra":1,"ei":14}},{"type":"Feature","geometry":{"type":"Point","coordinates":[19.629937,50.301102]},"properties":{"lines":"BP","color":"#0059a9","mode":"bus","arr":["BP"],"angle":-7.2,"extra":1,"ei":15}},{"type":"Feature","geometry":{"type":"Point","coordinates":[19.62699,50.301173]},"properties":{"lines":"BP","color":"#0059a9","mode":"bus","arr":["BP"],"angle":1.1,"extra":1,"ei":16}},{"type":"Feature","geometry":{"type":"Point","coordinates":[19.62404,50.301216]},"properties":{"lines":"BP","color":"#0059a9","mode":"bus","arr":["BP"],"angle":9.3,"extra":1,"ei":17}},{"type":"Feature","geometry":{"type":"Point","coordinates":[19.621226,50.301789]},"properties":{"lines":"BP","color":"#0059a9","mode":"bus","arr":["BP"],"angle":18.4,"extra":1,"ei":18}},{"type":"Feature","geometry":{"type":"Point","coordinates":[19.618415,50.302369]},"properties":{"lines":"BP","color":"#0059a9","mode":"bus","arr":["BP"],"angle":17.4,"extra":1,"ei":19}},{"type":"Feature","geometry":{"type":"Point","coordinates":[19.615602,50.302947]},"properties":{"lines":"BP","color":"#0059a9","mode":"bus","arr":["BP"],"angle":19.3,"extra":1,"ei":20}},{"type":"Feature","geometry":{"type":"Point","coordinates":[19.613023,50.303849]},"properties":{"lines":"BP","color":"#0059a9","mode":"bus","arr":["BP"],"angle":32.6,"extra":1,"ei":21}},{"type":"Feature","geometry":{"type":"Point","coordinates":[19.610535,50.304867]},"properties":{"lines":"BP","color":"#0059a9","mode":"bus","arr":["BP"],"angle":31.3,"extra":1,"ei":22}},{"type":"Feature","geometry":{"type":"Point","coordinates":[19.608019,50.305856]},"properties":{"lines":"BP","color":"#0059a9","mode":"bus","arr":["BP"],"angle":34.6,"extra":1,"ei":23}},{"type":"Feature","geometry":{"type":"Point","coordinates":[19.606045,50.30723]},"properties":{"lines":"BP","color":"#0059a9","mode":"bus","arr":["BP"],"angle":65,"extra":1,"ei":24}},{"type":"Feature","geometry":{"type":"Point","coordinates":[19.605677,50.307788]},"properties":{"lines":"BP","color":"#0059a9","mode":"bus","arr":["BP"],"angle":12.7}},{"type":"Feature","geometry":{"type":"Point","coordinates":[19.59172,50.271496]},"properties":{"lines":"BP, WK","color":"#0059a9","mode":"bus","arr":["BP","WK"],"angle":19.3}},{"type":"Feature","geometry":{"type":"Point","coordinates":[19.589742,50.27193]},"properties":{"lines":"BP, WK","color":"#0059a9","mode":"bus","arr":["BP","WK"],"angle":18.9,"extra":1,"ei":0}},{"type":"Feature","geometry":{"type":"Point","coordinates":[19.562667,50.277432]},"properties":{"lines":"BP","color":"#0059a9","mode":"bus","arr":["BP"],"angle":10.5}},{"type":"Feature","geometry":{"type":"Point","coordinates":[19.576616,50.259936]},"properties":{"lines":"G","color":"#0059a9","mode":"bus","arr":["G"],"angle":79.5}},{"type":"Feature","geometry":{"type":"Point","coordinates":[19.576148,50.261121]},"properties":{"lines":"G","color":"#0059a9","mode":"bus","arr":["G"],"angle":75.8,"extra":1,"ei":0}},{"type":"Feature","geometry":{"type":"Point","coordinates":[19.582822,50.230574]},"properties":{"lines":"G","color":"#0059a9","mode":"bus","arr":["G"],"angle":59.7}},{"type":"Feature","geometry":{"type":"Point","coordinates":[19.576778,50.257385]},"properties":{"lines":"G","color":"#0059a9","mode":"bus","arr":["G"],"angle":89,"extra":1,"ei":0}},{"type":"Feature","geometry":{"type":"Point","coordinates":[19.576776,50.255497]},"properties":{"lines":"G","color":"#0059a9","mode":"bus","arr":["G"],"angle":-87.9,"extra":1,"ei":1}},{"type":"Feature","geometry":{"type":"Point","coordinates":[19.576665,50.25361]},"properties":{"lines":"G","color":"#0059a9","mode":"bus","arr":["G"],"angle":-86.6,"extra":1,"ei":2}},{"type":"Feature","geometry":{"type":"Point","coordinates":[19.576361,50.251732]},"properties":{"lines":"G","color":"#0059a9","mode":"bus","arr":["G"],"angle":-86,"extra":1,"ei":3}},{"type":"Feature","geometry":{"type":"Point","coordinates":[19.57665,50.249856]},"properties":{"lines":"G","color":"#0059a9","mode":"bus","arr":["G"],"angle":76.1,"extra":1,"ei":4}},{"type":"Feature","geometry":{"type":"Point","coordinates":[19.577903,50.248147]},"properties":{"lines":"G","color":"#0059a9","mode":"bus","arr":["G"],"angle":62.4,"extra":1,"ei":5}},{"type":"Feature","geometry":{"type":"Point","coordinates":[19.57897,50.246408]},"properties":{"lines":"G","color":"#0059a9","mode":"bus","arr":["G"],"angle":83.3,"extra":1,"ei":6}},{"type":"Feature","geometry":{"type":"Point","coordinates":[19.579184,50.244524]},"properties":{"lines":"G","color":"#0059a9","mode":"bus","arr":["G"],"angle":86.2,"extra":1,"ei":7}},{"type":"Feature","geometry":{"type":"Point","coordinates":[19.57971,50.242688]},"properties":{"lines":"G","color":"#0059a9","mode":"bus","arr":["G"],"angle":64.1,"extra":1,"ei":8}},{"type":"Feature","geometry":{"type":"Point","coordinates":[19.580352,50.240885]},"properties":{"lines":"G","color":"#0059a9","mode":"bus","arr":["G"],"angle":89.3,"extra":1,"ei":9}},{"type":"Feature","geometry":{"type":"Point","coordinates":[19.580386,50.238996]},"properties":{"lines":"G","color":"#0059a9","mode":"bus","arr":["G"],"angle":89.3,"extra":1,"ei":10}},{"type":"Feature","geometry":{"type":"Point","coordinates":[19.580534,50.23711]},"properties":{"lines":"G","color":"#0059a9","mode":"bus","arr":["G"],"angle":86.8,"extra":1,"ei":11}},{"type":"Feature","geometry":{"type":"Point","coordinates":[19.580746,50.235227]},"properties":{"lines":"G","color":"#0059a9","mode":"bus","arr":["G"],"angle":84.9,"extra":1,"ei":12}},{"type":"Feature","geometry":{"type":"Point","coordinates":[19.581234,50.233368]},"properties":{"lines":"G","color":"#0059a9","mode":"bus","arr":["G"],"angle":76.4,"extra":1,"ei":13}},{"type":"Feature","geometry":{"type":"Point","coordinates":[19.584743,50.228209]},"properties":{"lines":"G","color":"#0059a9","mode":"bus","arr":["G"],"angle":64.9,"extra":1,"ei":14}},{"type":"Feature","geometry":{"type":"Point","coordinates":[19.58614,50.226548]},"properties":{"lines":"G","color":"#0059a9","mode":"bus","arr":["G"],"angle":60,"extra":1,"ei":15}},{"type":"Feature","geometry":{"type":"Point","coordinates":[19.586797,50.224728]},"properties":{"lines":"G","color":"#0059a9","mode":"bus","arr":["G"],"angle":80.2,"extra":1,"ei":16}},{"type":"Feature","geometry":{"type":"Point","coordinates":[19.587166,50.222854]},"properties":{"lines":"G","color":"#0059a9","mode":"bus","arr":["G"],"angle":83.1,"extra":1,"ei":17}},{"type":"Feature","geometry":{"type":"Point","coordinates":[19.587921,50.221033]},"properties":{"lines":"G","color":"#0059a9","mode":"bus","arr":["G"],"angle":67.3,"extra":1,"ei":18}},{"type":"Feature","geometry":{"type":"Point","coordinates":[19.58924,50.219343]},"properties":{"lines":"G","color":"#0059a9","mode":"bus","arr":["G"],"angle":63.5,"extra":1,"ei":19}},{"type":"Feature","geometry":{"type":"Point","coordinates":[19.591033,50.217856]},"properties":{"lines":"G","color":"#0059a9","mode":"bus","arr":["G"],"angle":47.6,"extra":1,"ei":20}},{"type":"Feature","geometry":{"type":"Point","coordinates":[19.593023,50.21646]},"properties":{"lines":"G","color":"#0059a9","mode":"bus","arr":["G"],"angle":47.3,"extra":1,"ei":21}},{"type":"Feature","geometry":{"type":"Point","coordinates":[19.595458,50.215444]},"properties":{"lines":"G","color":"#0059a9","mode":"bus","arr":["G"],"angle":35.6,"extra":1,"ei":22}},{"type":"Feature","geometry":{"type":"Point","coordinates":[19.59746,50.214067]},"properties":{"lines":"G","color":"#0059a9","mode":"bus","arr":["G"],"angle":49.5,"extra":1,"ei":23}},{"type":"Feature","geometry":{"type":"Point","coordinates":[19.599447,50.21267]},"properties":{"lines":"G","color":"#0059a9","mode":"bus","arr":["G"],"angle":47.7,"extra":1,"ei":24}},{"type":"Feature","geometry":{"type":"Point","coordinates":[19.600485,50.211089]},"properties":{"lines":"G","color":"#0059a9","mode":"bus","arr":["G"],"angle":-81.7,"extra":1,"ei":25}},{"type":"Feature","geometry":{"type":"Point","coordinates":[19.600441,50.209208]},"properties":{"lines":"G","color":"#0059a9","mode":"bus","arr":["G"],"angle":85.6,"extra":1,"ei":26}},{"type":"Feature","geometry":{"type":"Point","coordinates":[19.602378,50.207906]},"properties":{"lines":"G","color":"#0059a9","mode":"bus","arr":["G"],"angle":66.2,"extra":1,"ei":27}},{"type":"Feature","geometry":{"type":"Point","coordinates":[19.594997,50.206357]},"properties":{"lines":"G","color":"#0059a9","mode":"bus","arr":["G"],"angle":78.5,"mi":2}},{"type":"Feature","geometry":{"type":"Point","coordinates":[19.597569,50.207485]},"properties":{"lines":"G","color":"#0059a9","mode":"bus","arr":["G"],"angle":-40.9,"mi":1}},{"type":"Feature","geometry":{"type":"Point","coordinates":[19.599985,50.20807]},"properties":{"lines":"G","color":"#0059a9","mode":"bus","arr":["G"],"angle":-54.8,"extra":1,"ei":0}},{"type":"Feature","geometry":{"type":"Point","coordinates":[19.594631,50.20735]},"properties":{"lines":"G","color":"#0059a9","mode":"bus","arr":["G"],"angle":32.8,"extra":1,"ei":1}},{"type":"Feature","geometry":{"type":"Point","coordinates":[19.59764,50.206315]},"properties":{"lines":"G","color":"#0059a9","mode":"bus","arr":["G"],"angle":-25.6}},{"type":"Feature","geometry":{"type":"Point","coordinates":[19.594216,50.205213]},"properties":{"lines":"G","color":"#0059a9","mode":"bus","arr":["G"],"angle":-27.3,"extra":1,"ei":0}},{"type":"Feature","geometry":{"type":"Point","coordinates":[19.599672,50.206488]},"properties":{"lines":"G","color":"#0059a9","mode":"bus","arr":["G"],"angle":-4.2,"extra":1,"ei":1}},{"type":"Feature","geometry":{"type":"Point","coordinates":[19.602617,50.206631]},"properties":{"lines":"G","color":"#0059a9","mode":"bus","arr":["G"],"angle":-9.2,"extra":1,"ei":2}},{"type":"Feature","geometry":{"type":"Point","coordinates":[19.618953,50.207527]},"properties":{"lines":"G","color":"#0059a9","mode":"bus","arr":["G"],"angle":13.1}},{"type":"Feature","geometry":{"type":"Point","coordinates":[19.604195,50.20712]},"properties":{"lines":"G","color":"#0059a9","mode":"bus","arr":["G"],"angle":-41.9,"extra":1,"ei":0}},{"type":"Feature","geometry":{"type":"Point","coordinates":[19.606694,50.20804]},"properties":{"lines":"G","color":"#0059a9","mode":"bus","arr":["G"],"angle":-12.3,"extra":1,"ei":1}},{"type":"Feature","geometry":{"type":"Point","coordinates":[19.609616,50.208314]},"properties":{"lines":"G","color":"#0059a9","mode":"bus","arr":["G"],"angle":-11.7,"extra":1,"ei":2}},{"type":"Feature","geometry":{"type":"Point","coordinates":[19.612362,50.208458]},"properties":{"lines":"G","color":"#0059a9","mode":"bus","arr":["G"],"angle":24.5,"extra":1,"ei":3}},{"type":"Feature","geometry":{"type":"Point","coordinates":[19.615175,50.207945]},"properties":{"lines":"G","color":"#0059a9","mode":"bus","arr":["G"],"angle":7.6,"extra":1,"ei":4}},{"type":"Feature","geometry":{"type":"Point","coordinates":[19.620971,50.207226]},"properties":{"lines":"G","color":"#0059a9","mode":"bus","arr":["G"],"angle":13,"extra":1,"ei":5}},{"type":"Feature","geometry":{"type":"Point","coordinates":[19.62387,50.206863]},"properties":{"lines":"G","color":"#0059a9","mode":"bus","arr":["G"],"angle":13.2,"extra":1,"ei":6}},{"type":"Feature","geometry":{"type":"Point","coordinates":[19.626751,50.206448]},"properties":{"lines":"G","color":"#0059a9","mode":"bus","arr":["G"],"angle":10.5,"extra":1,"ei":7}},{"type":"Feature","geometry":{"type":"Point","coordinates":[19.629676,50.206277]},"properties":{"lines":"G","color":"#0059a9","mode":"bus","arr":["G"],"angle":4,"extra":1,"ei":8}},{"type":"Feature","geometry":{"type":"Point","coordinates":[19.63262,50.206128]},"properties":{"lines":"G","color":"#0059a9","mode":"bus","arr":["G"],"angle":6.6,"extra":1,"ei":9}},{"type":"Feature","geometry":{"type":"Point","coordinates":[19.635532,50.205824]},"properties":{"lines":"G","color":"#0059a9","mode":"bus","arr":["G"],"angle":17,"extra":1,"ei":10}},{"type":"Feature","geometry":{"type":"Point","coordinates":[19.573253,50.263304]},"properties":{"lines":"M","color":"#0059a9","mode":"bus","arr":["M"],"angle":77.7}},{"type":"Feature","geometry":{"type":"Point","coordinates":[19.573703,50.26181]},"properties":{"lines":"M","color":"#0059a9","mode":"bus","arr":["M"],"angle":-88.2,"extra":1,"ei":0}},{"type":"Feature","geometry":{"type":"Point","coordinates":[19.57334,50.265541]},"properties":{"lines":"M","color":"#0059a9","mode":"bus","arr":["M"],"angle":-87,"extra":1,"ei":1}},{"type":"Feature","geometry":{"type":"Point","coordinates":[19.576428,50.266215]},"properties":{"lines":"M, SŁ, ZP, ZZ","color":"#0059a9","mode":"bus","arr":["M","SŁ","ZP","ZZ"],"angle":-11.2,"mi":1}},{"type":"Feature","geometry":{"type":"Point","coordinates":[19.57835,50.266779]},"properties":{"lines":"M, SŁ, ZP, ZZ","color":"#0059a9","mode":"bus","arr":["M","SŁ","ZP","ZZ"],"angle":-37.9,"extra":1,"ei":0}},{"type":"Feature","geometry":{"type":"Point","coordinates":[19.57954,50.267385]},"properties":{"lines":"M, SŁ","color":"#0059a9","mode":"bus","arr":["M","SŁ"],"angle":-38}},{"type":"Feature","geometry":{"type":"Point","coordinates":[19.579741,50.2694]},"properties":{"lines":"M, SŁ, ZP, ZZ","color":"#0059a9","mode":"bus","arr":["M","SŁ","ZP","ZZ"],"angle":70.3}},{"type":"Feature","geometry":{"type":"Point","coordinates":[19.580269,50.268473]},"properties":{"lines":"M, SŁ","color":"#0059a9","mode":"bus","arr":["M","SŁ"],"angle":70,"mi":1}},{"type":"Feature","geometry":{"type":"Point","coordinates":[19.55464,50.278474]},"properties":{"lines":"PS, SŁ","color":"#0059a9","mode":"bus","arr":["PS","SŁ"],"angle":11.2,"mi":3}},{"type":"Feature","geometry":{"type":"Point","coordinates":[19.55668,50.278216]},"properties":{"lines":"PS, SŁ","color":"#0059a9","mode":"bus","arr":["PS","SŁ"],"angle":11.2,"extra":1,"ei":0}},{"type":"Feature","geometry":{"type":"Point","coordinates":[19.55266,50.279508]},"properties":{"lines":"PS, SŁ","color":"#0059a9","mode":"bus","arr":["PS","SŁ"],"angle":-74,"mi":1}},{"type":"Feature","geometry":{"type":"Point","coordinates":[19.551967,50.280726]},"properties":{"lines":"PS, SŁ","color":"#0059a9","mode":"bus","arr":["PS","SŁ"],"angle":8.6}},{"type":"Feature","geometry":{"type":"Point","coordinates":[19.548757,50.282036]},"properties":{"lines":"PS, SŁ","color":"#0059a9","mode":"bus","arr":["PS","SŁ"],"angle":49.1,"mi":2}},{"type":"Feature","geometry":{"type":"Point","coordinates":[19.547668,50.284166]},"properties":{"lines":"PS","color":"#0059a9","mode":"bus","arr":["PS"],"angle":-38.6}},{"type":"Feature","geometry":{"type":"Point","coordinates":[19.546971,50.28372]},"properties":{"lines":"PS, SŁ","color":"#0059a9","mode":"bus","arr":["PS","SŁ"],"angle":-50.5,"mi":4}},{"type":"Feature","geometry":{"type":"Point","coordinates":[19.537136,50.286531]},"properties":{"lines":"PSK","color":"#0059a9","mode":"bus","arr":["PSK"],"angle":-88.6}},{"type":"Feature","geometry":{"type":"Point","coordinates":[19.588041,50.2836]},"properties":{"lines":"SŁ","color":"#0059a9","mode":"bus","arr":["SŁ"],"angle":76.6,"mi":9}},{"type":"Feature","geometry":{"type":"Point","coordinates":[19.583867,50.28207]},"properties":{"lines":"SŁ","color":"#0059a9","mode":"bus","arr":["SŁ"],"angle":-21,"mi":1}},{"type":"Feature","geometry":{"type":"Point","coordinates":[19.586971,50.282525]},"properties":{"lines":"SŁ","color":"#0059a9","mode":"bus","arr":["SŁ"],"angle":-11.7,"extra":1,"ei":0}},{"type":"Feature","geometry":{"type":"Point","coordinates":[19.58135,50.281422]},"properties":{"lines":"SŁ","color":"#0059a9","mode":"bus","arr":["SŁ"],"angle":-17.8,"extra":1,"ei":1}},{"type":"Feature","geometry":{"type":"Point","coordinates":[19.579196,50.280246]},"properties":{"lines":"SŁ","color":"#0059a9","mode":"bus","arr":["SŁ"],"angle":-78.5,"mi":4}},{"type":"Feature","geometry":{"type":"Point","coordinates":[19.583127,50.276052]},"properties":{"lines":"SŁ","color":"#0059a9","mode":"bus","arr":["SŁ"],"angle":-39.4,"mi":7}},{"type":"Feature","geometry":{"type":"Point","coordinates":[19.57977,50.277947]},"properties":{"lines":"SŁ","color":"#0059a9","mode":"bus","arr":["SŁ"],"angle":51,"extra":1,"ei":0}},{"type":"Feature","geometry":{"type":"Point","coordinates":[19.584409,50.27833]},"properties":{"lines":"SŁ","color":"#0059a9","mode":"bus","arr":["SŁ"],"angle":-65.9,"extra":1,"ei":1}},{"type":"Feature","geometry":{"type":"Point","coordinates":[19.581107,50.278764]},"properties":{"lines":"SŁ","color":"#0059a9","mode":"bus","arr":["SŁ"],"angle":-66.6,"mi":2}},{"type":"Feature","geometry":{"type":"Point","coordinates":[19.588867,50.278121]},"properties":{"lines":"SŁ","color":"#0059a9","mode":"bus","arr":["SŁ"],"angle":37.7,"mi":5}},{"type":"Feature","geometry":{"type":"Point","coordinates":[19.590799,50.277041]},"properties":{"lines":"SŁ","color":"#0059a9","mode":"bus","arr":["SŁ"],"angle":67.4,"extra":1,"ei":0}},{"type":"Feature","geometry":{"type":"Point","coordinates":[19.586271,50.279444]},"properties":{"lines":"SŁ","color":"#0059a9","mode":"bus","arr":["SŁ"],"angle":38.7,"extra":1,"ei":1}},{"type":"Feature","geometry":{"type":"Point","coordinates":[19.587325,50.275055]},"properties":{"lines":"SŁ","color":"#0059a9","mode":"bus","arr":["SŁ"],"angle":-24,"mi":10}},{"type":"Feature","geometry":{"type":"Point","coordinates":[19.589524,50.275696]},"properties":{"lines":"SŁ","color":"#0059a9","mode":"bus","arr":["SŁ"],"angle":-24.9,"extra":1,"ei":0}},{"type":"Feature","geometry":{"type":"Point","coordinates":[19.584085,50.274233]},"properties":{"lines":"SŁ","color":"#0059a9","mode":"bus","arr":["SŁ"],"angle":-14.3,"extra":1,"ei":1}},{"type":"Feature","geometry":{"type":"Point","coordinates":[19.582851,50.278776]},"properties":{"lines":"SŁ","color":"#0059a9","mode":"bus","arr":["SŁ"],"angle":4}},{"type":"Feature","geometry":{"type":"Point","coordinates":[19.58039,50.2801]},"properties":{"lines":"SŁ","color":"#0059a9","mode":"bus","arr":["SŁ"],"angle":11.9,"mi":3}},{"type":"Feature","geometry":{"type":"Point","coordinates":[19.580391,50.283481]},"properties":{"lines":"SŁ","color":"#0059a9","mode":"bus","arr":["SŁ"],"angle":-72.4,"mi":6}},{"type":"Feature","geometry":{"type":"Point","coordinates":[19.584363,50.284235]},"properties":{"lines":"SŁ","color":"#0059a9","mode":"bus","arr":["SŁ"],"angle":-1.9,"mi":8}},{"type":"Feature","geometry":{"type":"Point","coordinates":[19.582438,50.284377]},"properties":{"lines":"SŁ","color":"#0059a9","mode":"bus","arr":["SŁ"],"angle":18.3,"extra":1,"ei":0}},{"type":"Feature","geometry":{"type":"Point","coordinates":[19.629809,50.273732]},"properties":{"lines":"WK","color":"#0059a9","mode":"bus","arr":["WK"],"angle":19.5,"mi":1}},{"type":"Feature","geometry":{"type":"Point","coordinates":[19.625392,50.270974]},"properties":{"lines":"WK","color":"#0059a9","mode":"bus","arr":["WK"],"angle":74.3,"extra":1,"ei":0}},{"type":"Feature","geometry":{"type":"Point","coordinates":[19.625957,50.272624]},"properties":{"lines":"WK","color":"#0059a9","mode":"bus","arr":["WK"],"angle":-31,"extra":1,"ei":1}},{"type":"Feature","geometry":{"type":"Point","coordinates":[19.633775,50.272874]},"properties":{"lines":"WK","color":"#0059a9","mode":"bus","arr":["WK"],"angle":20.7,"extra":1,"ei":2}},{"type":"Feature","geometry":{"type":"Point","coordinates":[19.636587,50.272302]},"properties":{"lines":"WK","color":"#0059a9","mode":"bus","arr":["WK"],"angle":13.1,"extra":1,"ei":3}},{"type":"Feature","geometry":{"type":"Point","coordinates":[19.605529,50.27774]},"properties":{"lines":"WK","color":"#0059a9","mode":"bus","arr":["WK"],"angle":-80.2,"mi":3}},{"type":"Feature","geometry":{"type":"Point","coordinates":[19.603898,50.274512]},"properties":{"lines":"WK","color":"#0059a9","mode":"bus","arr":["WK"],"angle":-3.8,"extra":1,"ei":0}},{"type":"Feature","geometry":{"type":"Point","coordinates":[19.605554,50.275412]},"properties":{"lines":"WK","color":"#0059a9","mode":"bus","arr":["WK"],"angle":84.1,"extra":1,"ei":1}},{"type":"Feature","geometry":{"type":"Point","coordinates":[19.605921,50.279155]},"properties":{"lines":"WK","color":"#0059a9","mode":"bus","arr":["WK"],"angle":-79.8,"extra":1,"ei":2}},{"type":"Feature","geometry":{"type":"Point","coordinates":[19.60661,50.280984]},"properties":{"lines":"WK","color":"#0059a9","mode":"bus","arr":["WK"],"angle":-80.5,"extra":1,"ei":3}},{"type":"Feature","geometry":{"type":"Point","coordinates":[19.66859,50.26071]},"properties":{"lines":"WK","color":"#0059a9","mode":"bus","arr":["WK"],"angle":72.6}},{"type":"Feature","geometry":{"type":"Point","coordinates":[19.682699,50.258195]},"properties":{"lines":"WK","color":"#0059a9","mode":"bus","arr":["WK"],"angle":4.3,"extra":1,"ei":0}},{"type":"Feature","geometry":{"type":"Point","coordinates":[19.679829,50.258626]},"properties":{"lines":"WK","color":"#0059a9","mode":"bus","arr":["WK"],"angle":14.3,"extra":1,"ei":1}},{"type":"Feature","geometry":{"type":"Point","coordinates":[19.676965,50.259088]},"properties":{"lines":"WK","color":"#0059a9","mode":"bus","arr":["WK"],"angle":14.7,"extra":1,"ei":2}},{"type":"Feature","geometry":{"type":"Point","coordinates":[19.674108,50.259567]},"properties":{"lines":"WK","color":"#0059a9","mode":"bus","arr":["WK"],"angle":14.8,"extra":1,"ei":3}},{"type":"Feature","geometry":{"type":"Point","coordinates":[19.671252,50.26005]},"properties":{"lines":"WK","color":"#0059a9","mode":"bus","arr":["WK"],"angle":14.8,"extra":1,"ei":4}},{"type":"Feature","geometry":{"type":"Point","coordinates":[19.668348,50.262576]},"properties":{"lines":"WK","color":"#0059a9","mode":"bus","arr":["WK"],"angle":85.3,"extra":1,"ei":5}},{"type":"Feature","geometry":{"type":"Point","coordinates":[19.668096,50.264458]},"properties":{"lines":"WK","color":"#0059a9","mode":"bus","arr":["WK"],"angle":85,"extra":1,"ei":6}},{"type":"Feature","geometry":{"type":"Point","coordinates":[19.66784,50.26634]},"properties":{"lines":"WK","color":"#0059a9","mode":"bus","arr":["WK"],"angle":85.2,"extra":1,"ei":7}},{"type":"Feature","geometry":{"type":"Point","coordinates":[19.667594,50.268222]},"properties":{"lines":"WK","color":"#0059a9","mode":"bus","arr":["WK"],"angle":85.2,"extra":1,"ei":8}},{"type":"Feature","geometry":{"type":"Point","coordinates":[19.667358,50.270104]},"properties":{"lines":"WK","color":"#0059a9","mode":"bus","arr":["WK"],"angle":86.3,"extra":1,"ei":9}},{"type":"Feature","geometry":{"type":"Point","coordinates":[19.66393,50.271415]},"properties":{"lines":"WK","color":"#0059a9","mode":"bus","arr":["WK"],"angle":8.9}},{"type":"Feature","geometry":{"type":"Point","coordinates":[19.665816,50.271224]},"properties":{"lines":"WK","color":"#0059a9","mode":"bus","arr":["WK"],"angle":9,"extra":1,"ei":0}},{"type":"Feature","geometry":{"type":"Point","coordinates":[19.636202,50.271499]},"properties":{"lines":"WK","color":"#0059a9","mode":"bus","arr":["WK"],"angle":-3}},{"type":"Feature","geometry":{"type":"Point","coordinates":[19.612911,50.267255]},"properties":{"lines":"WK","color":"#0059a9","mode":"bus","arr":["WK"],"angle":10.8,"mi":4}},{"type":"Feature","geometry":{"type":"Point","coordinates":[19.659093,50.271645]},"properties":{"lines":"WK","color":"#0059a9","mode":"bus","arr":["WK"],"angle":-0.1,"extra":1,"ei":0}},{"type":"Feature","geometry":{"type":"Point","coordinates":[19.656139,50.271648]},"properties":{"lines":"WK","color":"#0059a9","mode":"bus","arr":["WK"],"angle":0.1,"extra":1,"ei":1}},{"type":"Feature","geometry":{"type":"Point","coordinates":[19.653185,50.271647]},"properties":{"lines":"WK","color":"#0059a9","mode":"bus","arr":["WK"],"angle":0,"extra":1,"ei":2}},{"type":"Feature","geometry":{"type":"Point","coordinates":[19.650231,50.271645]},"properties":{"lines":"WK","color":"#0059a9","mode":"bus","arr":["WK"],"angle":-0.1,"extra":1,"ei":3}},{"type":"Feature","geometry":{"type":"Point","coordinates":[19.647277,50.271642]},"properties":{"lines":"WK","color":"#0059a9","mode":"bus","arr":["WK"],"angle":0,"extra":1,"ei":4}},{"type":"Feature","geometry":{"type":"Point","coordinates":[19.644323,50.271649]},"properties":{"lines":"WK","color":"#0059a9","mode":"bus","arr":["WK"],"angle":4.1,"extra":1,"ei":5}},{"type":"Feature","geometry":{"type":"Point","coordinates":[19.641397,50.271908]},"properties":{"lines":"WK","color":"#0059a9","mode":"bus","arr":["WK"],"angle":8.2,"extra":1,"ei":6}},{"type":"Feature","geometry":{"type":"Point","coordinates":[19.638506,50.271914]},"properties":{"lines":"WK","color":"#0059a9","mode":"bus","arr":["WK"],"angle":-23.1,"extra":1,"ei":7}},{"type":"Feature","geometry":{"type":"Point","coordinates":[19.632726,50.271307]},"properties":{"lines":"WK","color":"#0059a9","mode":"bus","arr":["WK"],"angle":-6,"extra":1,"ei":8}},{"type":"Feature","geometry":{"type":"Point","coordinates":[19.629789,50.271106]},"properties":{"lines":"WK","color":"#0059a9","mode":"bus","arr":["WK"],"angle":-6.5,"extra":1,"ei":9}},{"type":"Feature","geometry":{"type":"Point","coordinates":[19.627038,50.270461]},"properties":{"lines":"WK","color":"#0059a9","mode":"bus","arr":["WK"],"angle":-25.6,"extra":1,"ei":10}},{"type":"Feature","geometry":{"type":"Point","coordinates":[19.624411,50.269603]},"properties":{"lines":"WK","color":"#0059a9","mode":"bus","arr":["WK"],"angle":-38.3,"extra":1,"ei":11}},{"type":"Feature","geometry":{"type":"Point","coordinates":[19.622223,50.268345]},"properties":{"lines":"WK","color":"#0059a9","mode":"bus","arr":["WK"],"angle":-27.1,"extra":1,"ei":12}},{"type":"Feature","geometry":{"type":"Point","coordinates":[19.619349,50.26794]},"properties":{"lines":"WK","color":"#0059a9","mode":"bus","arr":["WK"],"angle":-9.6,"extra":1,"ei":13}},{"type":"Feature","geometry":{"type":"Point","coordinates":[19.616437,50.267621]},"properties":{"lines":"WK","color":"#0059a9","mode":"bus","arr":["WK"],"angle":-9.7,"extra":1,"ei":14}},{"type":"Feature","geometry":{"type":"Point","coordinates":[19.610003,50.267725]},"properties":{"lines":"WK","color":"#0059a9","mode":"bus","arr":["WK"],"angle":14.6,"mi":2}},{"type":"Feature","geometry":{"type":"Point","coordinates":[19.606897,50.26847]},"properties":{"lines":"WK","color":"#0059a9","mode":"bus","arr":["WK"],"angle":-88.8,"mi":1}},{"type":"Feature","geometry":{"type":"Point","coordinates":[19.604681,50.271496]},"properties":{"lines":"WK","color":"#0059a9","mode":"bus","arr":["WK"],"angle":64.7}},{"type":"Feature","geometry":{"type":"Point","coordinates":[19.60628,50.269272]},"properties":{"lines":"WK","color":"#0059a9","mode":"bus","arr":["WK"],"angle":65.9,"extra":1,"ei":0}},{"type":"Feature","geometry":{"type":"Point","coordinates":[19.603792,50.272698]},"properties":{"lines":"WK","color":"#0059a9","mode":"bus","arr":["WK"],"angle":64.8,"extra":1,"ei":1}},{"type":"Feature","geometry":{"type":"Point","coordinates":[19.602539,50.274408]},"properties":{"lines":"WK","color":"#0059a9","mode":"bus","arr":["WK"],"angle":64.9,"extra":1,"ei":2,"side":-1}},{"type":"Feature","geometry":{"type":"Point","coordinates":[19.604921,50.282737]},"properties":{"lines":"WK","color":"#0059a9","mode":"bus","arr":["WK"],"angle":-11.2,"mi":5}},{"type":"Feature","geometry":{"type":"Point","coordinates":[19.585805,50.265301]},"properties":{"lines":"ZP, ZZ","color":"#0059a9","mode":"bus","arr":["ZP","ZZ"],"angle":-53.3}},{"type":"Feature","geometry":{"type":"Point","coordinates":[19.593106,50.269995]},"properties":{"lines":"ZP, ZZ","color":"#0059a9","mode":"bus","arr":["ZP","ZZ"],"angle":-56.5,"extra":1,"ei":0}},{"type":"Feature","geometry":{"type":"Point","coordinates":[19.590974,50.268709]},"properties":{"lines":"ZP, ZZ","color":"#0059a9","mode":"bus","arr":["ZP","ZZ"],"angle":-38.3,"extra":1,"ei":1}},{"type":"Feature","geometry":{"type":"Point","coordinates":[19.588716,50.267492]},"properties":{"lines":"ZP, ZZ","color":"#0059a9","mode":"bus","arr":["ZP","ZZ"],"angle":-44.8,"extra":1,"ei":2}},{"type":"Feature","geometry":{"type":"Point","coordinates":[19.582983,50.26319]},"properties":{"lines":"ZP, ZZ","color":"#0059a9","mode":"bus","arr":["ZP","ZZ"],"angle":-38.7,"extra":1,"ei":3}},{"type":"Feature","geometry":{"type":"Point","coordinates":[19.580397,50.262301]},"properties":{"lines":"ZP, ZZ","color":"#0059a9","mode":"bus","arr":["ZP","ZZ"],"angle":-18,"extra":1,"ei":4}},{"type":"Feature","geometry":{"type":"Point","coordinates":[19.57755,50.2618]},"properties":{"lines":"ZP, ZZ","color":"#0059a9","mode":"bus","arr":["ZP","ZZ"],"angle":-15.7,"extra":1,"ei":5}},{"type":"Feature","geometry":{"type":"Point","coordinates":[19.589702,50.262652]},"properties":{"lines":"ZP, ZZ","color":"#0059a9","mode":"bus","arr":["ZP","ZZ"],"angle":46.3,"mi":1}},{"type":"Feature","geometry":{"type":"Point","coordinates":[19.592684,50.260784]},"properties":{"lines":"ZP, ZZ","color":"#0059a9","mode":"bus","arr":["ZP","ZZ"],"angle":41.6,"extra":1,"ei":0}},{"type":"Feature","geometry":{"type":"Point","coordinates":[19.586308,50.264712]},"properties":{"lines":"ZP, ZZ","color":"#0059a9","mode":"bus","arr":["ZP","ZZ"],"angle":42.7,"extra":1,"ei":1}},{"type":"Feature","geometry":{"type":"Point","coordinates":[19.600352,50.240611]},"properties":{"lines":"ZP, ZZ","color":"#0059a9","mode":"bus","arr":["ZP","ZZ"],"angle":85.5}},{"type":"Feature","geometry":{"type":"Point","coordinates":[19.594824,50.259484]},"properties":{"lines":"ZP, ZZ","color":"#0059a9","mode":"bus","arr":["ZP","ZZ"],"angle":45.6,"extra":1,"ei":0}},{"type":"Feature","geometry":{"type":"Point","coordinates":[19.596893,50.258135]},"properties":{"lines":"ZP, ZZ","color":"#0059a9","mode":"bus","arr":["ZP","ZZ"],"angle":45.6,"extra":1,"ei":1}},{"type":"Feature","geometry":{"type":"Point","coordinates":[19.598304,50.25658]},"properties":{"lines":"ZP, ZZ","color":"#0059a9","mode":"bus","arr":["ZP","ZZ"],"angle":86.9,"extra":1,"ei":2}},{"type":"Feature","geometry":{"type":"Point","coordinates":[19.598508,50.254697]},"properties":{"lines":"ZP, ZZ","color":"#0059a9","mode":"bus","arr":["ZP","ZZ"],"angle":84.9,"extra":1,"ei":3}},{"type":"Feature","geometry":{"type":"Point","coordinates":[19.598783,50.252816]},"properties":{"lines":"ZP, ZZ","color":"#0059a9","mode":"bus","arr":["ZP","ZZ"],"angle":84.5,"extra":1,"ei":4}},{"type":"Feature","geometry":{"type":"Point","coordinates":[19.599016,50.250934]},"properties":{"lines":"ZP, ZZ","color":"#0059a9","mode":"bus","arr":["ZP","ZZ"],"angle":85.2,"extra":1,"ei":5}},{"type":"Feature","geometry":{"type":"Point","coordinates":[19.59926,50.249052]},"properties":{"lines":"ZP, ZZ","color":"#0059a9","mode":"bus","arr":["ZP","ZZ"],"angle":85.2,"extra":1,"ei":6}},{"type":"Feature","geometry":{"type":"Point","coordinates":[19.599508,50.24717]},"properties":{"lines":"ZP, ZZ","color":"#0059a9","mode":"bus","arr":["ZP","ZZ"],"angle":85.1,"extra":1,"ei":7}},{"type":"Feature","geometry":{"type":"Point","coordinates":[19.599701,50.245286]},"properties":{"lines":"ZP, ZZ","color":"#0059a9","mode":"bus","arr":["ZP","ZZ"],"angle":86.4,"extra":1,"ei":8}},{"type":"Feature","geometry":{"type":"Point","coordinates":[19.599973,50.243414]},"properties":{"lines":"ZP, ZZ","color":"#0059a9","mode":"bus","arr":["ZP","ZZ"],"angle":84.3,"extra":1,"ei":9,"side":-1}},{"type":"Feature","geometry":{"type":"Point","coordinates":[19.600702,50.237768]},"properties":{"lines":"ZP, ZZ","color":"#0059a9","mode":"bus","arr":["ZP","ZZ"],"angle":85.8,"extra":1,"ei":10}},{"type":"Feature","geometry":{"type":"Point","coordinates":[19.600938,50.235885]},"properties":{"lines":"ZP, ZZ","color":"#0059a9","mode":"bus","arr":["ZP","ZZ"],"angle":85.3,"extra":1,"ei":11}},{"type":"Feature","geometry":{"type":"Point","coordinates":[19.60121,50.234005]},"properties":{"lines":"ZP, ZZ","color":"#0059a9","mode":"bus","arr":["ZP","ZZ"],"angle":84.7,"extra":1,"ei":12}},{"type":"Feature","geometry":{"type":"Point","coordinates":[19.601467,50.232123]},"properties":{"lines":"ZP, ZZ","color":"#0059a9","mode":"bus","arr":["ZP","ZZ"],"angle":85.9,"extra":1,"ei":13}},{"type":"Feature","geometry":{"type":"Point","coordinates":[19.601708,50.230241]},"properties":{"lines":"ZP, ZZ","color":"#0059a9","mode":"bus","arr":["ZP","ZZ"],"angle":85.7,"extra":1,"ei":14}},{"type":"Feature","geometry":{"type":"Point","coordinates":[19.60193,50.228358]},"properties":{"lines":"ZP, ZZ","color":"#0059a9","mode":"bus","arr":["ZP","ZZ"],"angle":85.7,"extra":1,"ei":15}},{"type":"Feature","geometry":{"type":"Point","coordinates":[19.60216,50.226475]},"properties":{"lines":"ZP, ZZ","color":"#0059a9","mode":"bus","arr":["ZP","ZZ"],"angle":85.5,"extra":1,"ei":16}},{"type":"Feature","geometry":{"type":"Point","coordinates":[19.602414,50.224594]},"properties":{"lines":"ZP, ZZ","color":"#0059a9","mode":"bus","arr":["ZP","ZZ"],"angle":85.6,"extra":1,"ei":17}},{"type":"Feature","geometry":{"type":"Point","coordinates":[19.602648,50.222711]},"properties":{"lines":"ZP, ZZ","color":"#0059a9","mode":"bus","arr":["ZP","ZZ"],"angle":84.7,"extra":1,"ei":18}},{"type":"Feature","geometry":{"type":"Point","coordinates":[19.602751,50.220825]},"properties":{"lines":"ZP, ZZ","color":"#0059a9","mode":"bus","arr":["ZP","ZZ"],"angle":84.8,"extra":1,"ei":19}},{"type":"Feature","geometry":{"type":"Point","coordinates":[19.637274,50.247064]},"properties":{"lines":"ZP, ZZ","color":"#0059a9","mode":"bus","arr":["ZP","ZZ"],"angle":-2.9}},{"type":"Feature","geometry":{"type":"Point","coordinates":[19.60948,50.244386]},"properties":{"lines":"ZP, ZZ","color":"#0059a9","mode":"bus","arr":["ZP","ZZ"],"angle":-26.2,"extra":1,"ei":0}},{"type":"Feature","geometry":{"type":"Point","coordinates":[19.61213,50.245221]},"properties":{"lines":"ZP, ZZ","color":"#0059a9","mode":"bus","arr":["ZP","ZZ"],"angle":-26.2,"extra":1,"ei":1}},{"type":"Feature","geometry":{"type":"Point","coordinates":[19.61478,50.246056]},"properties":{"lines":"ZP, ZZ","color":"#0059a9","mode":"bus","arr":["ZP","ZZ"],"angle":-26.2,"extra":1,"ei":2}},{"type":"Feature","geometry":{"type":"Point","coordinates":[19.61743,50.24689]},"properties":{"lines":"ZP, ZZ","color":"#0059a9","mode":"bus","arr":["ZP","ZZ"],"angle":-26.4,"extra":1,"ei":3}},{"type":"Feature","geometry":{"type":"Point","coordinates":[19.620072,50.247736]},"properties":{"lines":"ZP, ZZ","color":"#0059a9","mode":"bus","arr":["ZP","ZZ"],"angle":-26.6,"extra":1,"ei":4}},{"type":"Feature","geometry":{"type":"Point","coordinates":[19.622719,50.248574]},"properties":{"lines":"ZP, ZZ","color":"#0059a9","mode":"bus","arr":["ZP","ZZ"],"angle":-26.3,"extra":1,"ei":5}},{"type":"Feature","geometry":{"type":"Point","coordinates":[19.625317,50.249063]},"properties":{"lines":"ZP, ZZ","color":"#0059a9","mode":"bus","arr":["ZP","ZZ"],"angle":55.1,"extra":1,"ei":6}},{"type":"Feature","geometry":{"type":"Point","coordinates":[19.62724,50.247785]},"properties":{"lines":"ZP, ZZ","color":"#0059a9","mode":"bus","arr":["ZP","ZZ"],"angle":25.6,"extra":1,"ei":7}},{"type":"Feature","geometry":{"type":"Point","coordinates":[19.63008,50.247379]},"properties":{"lines":"ZP, ZZ","color":"#0059a9","mode":"bus","arr":["ZP","ZZ"],"angle":1.2,"extra":1,"ei":8}},{"type":"Feature","geometry":{"type":"Point","coordinates":[19.633022,50.247224]},"properties":{"lines":"ZP, ZZ","color":"#0059a9","mode":"bus","arr":["ZP","ZZ"],"angle":6.4,"extra":1,"ei":9}},{"type":"Feature","geometry":{"type":"Point","coordinates":[19.641854,50.247266]},"properties":{"lines":"ZP, ZZ","color":"#0059a9","mode":"bus","arr":["ZP","ZZ"],"angle":-4.5,"extra":1,"ei":10}},{"type":"Feature","geometry":{"type":"Point","coordinates":[19.644803,50.247349]},"properties":{"lines":"ZP, ZZ","color":"#0059a9","mode":"bus","arr":["ZP","ZZ"],"angle":-3.5,"extra":1,"ei":11}},{"type":"Feature","geometry":{"type":"Point","coordinates":[19.647737,50.24754]},"properties":{"lines":"ZP, ZZ","color":"#0059a9","mode":"bus","arr":["ZP","ZZ"],"angle":-3.4,"extra":1,"ei":12}},{"type":"Feature","geometry":{"type":"Point","coordinates":[19.650674,50.247731]},"properties":{"lines":"ZP, ZZ","color":"#0059a9","mode":"bus","arr":["ZP","ZZ"],"angle":-1.1,"extra":1,"ei":13}},{"type":"Feature","geometry":{"type":"Point","coordinates":[19.653613,50.247555]},"properties":{"lines":"ZP, ZZ","color":"#0059a9","mode":"bus","arr":["ZP","ZZ"],"angle":5.6,"extra":1,"ei":14}},{"type":"Feature","geometry":{"type":"Point","coordinates":[19.656554,50.247381]},"properties":{"lines":"ZP, ZZ","color":"#0059a9","mode":"bus","arr":["ZP","ZZ"],"angle":6.3,"extra":1,"ei":15}},{"type":"Feature","geometry":{"type":"Point","coordinates":[19.659489,50.24717]},"properties":{"lines":"ZP, ZZ","color":"#0059a9","mode":"bus","arr":["ZP","ZZ"],"angle":6.3,"extra":1,"ei":16}},{"type":"Feature","geometry":{"type":"Point","coordinates":[19.662426,50.246969]},"properties":{"lines":"ZP, ZZ","color":"#0059a9","mode":"bus","arr":["ZP","ZZ"],"angle":6.1,"extra":1,"ei":17}},{"type":"Feature","geometry":{"type":"Point","coordinates":[19.665364,50.246773]},"properties":{"lines":"ZP, ZZ","color":"#0059a9","mode":"bus","arr":["ZP","ZZ"],"angle":5.8,"extra":1,"ei":18}},{"type":"Feature","geometry":{"type":"Point","coordinates":[19.668303,50.246582]},"properties":{"lines":"ZP, ZZ","color":"#0059a9","mode":"bus","arr":["ZP","ZZ"],"angle":5.7,"extra":1,"ei":19}},{"type":"Feature","geometry":{"type":"Point","coordinates":[19.604061,50.243751]},"properties":{"lines":"ZP, ZZ","color":"#0059a9","mode":"bus","arr":["ZP","ZZ"],"angle":-4.3,"mi":1}},{"type":"Feature","geometry":{"type":"Point","coordinates":[19.606666,50.243866]},"properties":{"lines":"ZP, ZZ","color":"#0059a9","mode":"bus","arr":["ZP","ZZ"],"angle":-5,"extra":1,"ei":0}},{"type":"Feature","geometry":{"type":"Point","coordinates":[19.600774,50.243589]},"properties":{"lines":"ZP, ZZ","color":"#0059a9","mode":"bus","arr":["ZP","ZZ"],"angle":-4.4,"extra":1,"ei":1}},{"type":"Feature","geometry":{"type":"Point","coordinates":[19.657683,50.251335]},"properties":{"lines":"ZP, ZZ","color":"#0059a9","mode":"bus","arr":["ZP","ZZ"],"angle":23.2}},{"type":"Feature","geometry":{"type":"Point","coordinates":[19.668194,50.247271]},"properties":{"lines":"ZP, ZZ","color":"#0059a9","mode":"bus","arr":["ZP","ZZ"],"angle":36.4,"extra":1,"ei":0}},{"type":"Feature","geometry":{"type":"Point","coordinates":[19.66586,50.248428]},"properties":{"lines":"ZP, ZZ","color":"#0059a9","mode":"bus","arr":["ZP","ZZ"],"angle":37.1,"extra":1,"ei":1}},{"type":"Feature","geometry":{"type":"Point","coordinates":[19.6635,50.249564]},"properties":{"lines":"ZP, ZZ","color":"#0059a9","mode":"bus","arr":["ZP","ZZ"],"angle":36.9,"extra":1,"ei":2}},{"type":"Feature","geometry":{"type":"Point","coordinates":[19.660912,50.250462]},"properties":{"lines":"ZP, ZZ","color":"#0059a9","mode":"bus","arr":["ZP","ZZ"],"angle":23,"extra":1,"ei":3}},{"type":"Feature","geometry":{"type":"Point","coordinates":[19.655474,50.251938]},"properties":{"lines":"ZP, ZZ","color":"#0059a9","mode":"bus","arr":["ZP","ZZ"],"angle":21.6,"extra":1,"ei":4}},{"type":"Feature","geometry":{"type":"Point","coordinates":[19.652751,50.25267]},"properties":{"lines":"ZP, ZZ","color":"#0059a9","mode":"bus","arr":["ZP","ZZ"],"angle":23.1,"extra":1,"ei":5}},{"type":"Feature","geometry":{"type":"Point","coordinates":[19.650032,50.253408]},"properties":{"lines":"ZP, ZZ","color":"#0059a9","mode":"bus","arr":["ZP","ZZ"],"angle":22.9,"extra":1,"ei":6}},{"type":"Feature","geometry":{"type":"Point","coordinates":[19.64731,50.254143]},"properties":{"lines":"ZP, ZZ","color":"#0059a9","mode":"bus","arr":["ZP","ZZ"],"angle":22.9,"extra":1,"ei":7}},{"type":"Feature","geometry":{"type":"Point","coordinates":[19.637042,50.232847]},"properties":{"lines":"ZZ","color":"#0059a9","mode":"bus","arr":["ZZ"],"angle":71.8}},{"type":"Feature","geometry":{"type":"Point","coordinates":[19.628326,50.246968]},"properties":{"lines":"ZZ","color":"#0059a9","mode":"bus","arr":["ZZ"],"angle":53.3,"extra":1,"ei":0}},{"type":"Feature","geometry":{"type":"Point","coordinates":[19.629994,50.245409]},"properties":{"lines":"ZZ","color":"#0059a9","mode":"bus","arr":["ZZ"],"angle":56.7,"extra":1,"ei":1}},{"type":"Feature","geometry":{"type":"Point","coordinates":[19.631611,50.24383]},"properties":{"lines":"ZZ","color":"#0059a9","mode":"bus","arr":["ZZ"],"angle":62.5,"extra":1,"ei":2}},{"type":"Feature","geometry":{"type":"Point","coordinates":[19.632593,50.242051]},"properties":{"lines":"ZZ","color":"#0059a9","mode":"bus","arr":["ZZ"],"angle":71,"extra":1,"ei":3}},{"type":"Feature","geometry":{"type":"Point","coordinates":[19.633504,50.240254]},"properties":{"lines":"ZZ","color":"#0059a9","mode":"bus","arr":["ZZ"],"angle":72.2,"extra":1,"ei":4}},{"type":"Feature","geometry":{"type":"Point","coordinates":[19.634435,50.238462]},"properties":{"lines":"ZZ","color":"#0059a9","mode":"bus","arr":["ZZ"],"angle":70.7,"extra":1,"ei":5}},{"type":"Feature","geometry":{"type":"Point","coordinates":[19.635333,50.236663]},"properties":{"lines":"ZZ","color":"#0059a9","mode":"bus","arr":["ZZ"],"angle":73.3,"extra":1,"ei":6}},{"type":"Feature","geometry":{"type":"Point","coordinates":[19.636184,50.234855]},"properties":{"lines":"ZZ","color":"#0059a9","mode":"bus","arr":["ZZ"],"angle":74.5,"extra":1,"ei":7}},{"type":"Feature","geometry":{"type":"Point","coordinates":[19.638305,50.231389]},"properties":{"lines":"ZZ","color":"#0059a9","mode":"bus","arr":["ZZ"],"angle":85.1,"extra":1,"ei":8}},{"type":"Feature","geometry":{"type":"Point","coordinates":[19.63886,50.229556]},"properties":{"lines":"ZZ","color":"#0059a9","mode":"bus","arr":["ZZ"],"angle":80.2,"extra":1,"ei":9}},{"type":"Feature","geometry":{"type":"Point","coordinates":[19.63937,50.227696]},"properties":{"lines":"ZZ","color":"#0059a9","mode":"bus","arr":["ZZ"],"angle":80.3,"extra":1,"ei":10}},{"type":"Feature","geometry":{"type":"Point","coordinates":[19.639859,50.225833]},"properties":{"lines":"ZZ","color":"#0059a9","mode":"bus","arr":["ZZ"],"angle":80.4,"extra":1,"ei":11}},{"type":"Feature","geometry":{"type":"Point","coordinates":[19.640362,50.223972]},"properties":{"lines":"ZZ","color":"#0059a9","mode":"bus","arr":["ZZ"],"angle":80.1,"extra":1,"ei":12}},{"type":"Feature","geometry":{"type":"Point","coordinates":[19.64095,50.222123]},"properties":{"lines":"ZZ","color":"#0059a9","mode":"bus","arr":["ZZ"],"angle":73.7,"extra":1,"ei":13}},{"type":"Feature","geometry":{"type":"Point","coordinates":[19.640459,50.220333]},"properties":{"lines":"ZZ","color":"#0059a9","mode":"bus","arr":["ZZ"],"angle":-66.1,"extra":1,"ei":14}},{"type":"Feature","geometry":{"type":"Point","coordinates":[19.638705,50.218835]},"properties":{"lines":"ZZ","color":"#0059a9","mode":"bus","arr":["ZZ"],"angle":-45.9,"extra":1,"ei":15}},{"type":"Feature","geometry":{"type":"Point","coordinates":[19.541065,50.251873]},"properties":{"lines":"Ż","color":"#0059a9","mode":"bus","arr":["Ż"],"angle":-85.3}},{"type":"Feature","geometry":{"type":"Point","coordinates":[19.539977,50.242131]},"properties":{"lines":"Ż","color":"#0059a9","mode":"bus","arr":["Ż"],"angle":-86.7,"extra":1,"ei":0}},{"type":"Feature","geometry":{"type":"Point","coordinates":[19.540141,50.244016]},"properties":{"lines":"Ż","color":"#0059a9","mode":"bus","arr":["Ż"],"angle":-85.8,"extra":1,"ei":1}},{"type":"Feature","geometry":{"type":"Point","coordinates":[19.540368,50.245899]},"properties":{"lines":"Ż","color":"#0059a9","mode":"bus","arr":["Ż"],"angle":-85.7,"extra":1,"ei":2}},{"type":"Feature","geometry":{"type":"Point","coordinates":[19.540588,50.247783]},"properties":{"lines":"Ż","color":"#0059a9","mode":"bus","arr":["Ż"],"angle":-85.7,"extra":1,"ei":3}},{"type":"Feature","geometry":{"type":"Point","coordinates":[19.540805,50.249666]},"properties":{"lines":"Ż","color":"#0059a9","mode":"bus","arr":["Ż"],"angle":-85.8,"extra":1,"ei":4}},{"type":"Feature","geometry":{"type":"Point","coordinates":[19.541267,50.253432]},"properties":{"lines":"Ż","color":"#0059a9","mode":"bus","arr":["Ż"],"angle":-85.3,"extra":1,"ei":5}},{"type":"Feature","geometry":{"type":"Point","coordinates":[19.541481,50.255315]},"properties":{"lines":"Ż","color":"#0059a9","mode":"bus","arr":["Ż"],"angle":-86,"extra":1,"ei":6}},{"type":"Feature","geometry":{"type":"Point","coordinates":[19.541687,50.257199]},"properties":{"lines":"Ż","color":"#0059a9","mode":"bus","arr":["Ż"],"angle":-86.4,"extra":1,"ei":7}},{"type":"Feature","geometry":{"type":"Point","coordinates":[19.54185,50.259085]},"properties":{"lines":"Ż","color":"#0059a9","mode":"bus","arr":["Ż"],"angle":-86.9,"extra":1,"ei":8}},{"type":"Feature","geometry":{"type":"Point","coordinates":[19.541972,50.26097]},"properties":{"lines":"Ż","color":"#0059a9","mode":"bus","arr":["Ż"],"angle":-82.9,"extra":1,"ei":9}},{"type":"Feature","geometry":{"type":"Point","coordinates":[19.551714,50.253723]},"properties":{"lines":"Ż","color":"#0059a9","mode":"bus","arr":["Ż"],"angle":13.1,"mi":1}},{"type":"Feature","geometry":{"type":"Point","coordinates":[19.542855,50.254399]},"properties":{"lines":"Ż","color":"#0059a9","mode":"bus","arr":["Ż"],"angle":6.5,"extra":1,"ei":0}},{"type":"Feature","geometry":{"type":"Point","coordinates":[19.545787,50.254169]},"properties":{"lines":"Ż","color":"#0059a9","mode":"bus","arr":["Ż"],"angle":6,"extra":1,"ei":1}},{"type":"Feature","geometry":{"type":"Point","coordinates":[19.548724,50.253965]},"properties":{"lines":"Ż","color":"#0059a9","mode":"bus","arr":["Ż"],"angle":6.6,"extra":1,"ei":2}},{"type":"Feature","geometry":{"type":"Point","coordinates":[19.554368,50.252996]},"properties":{"lines":"Ż","color":"#0059a9","mode":"bus","arr":["Ż"],"angle":27.1,"extra":1,"ei":3}},{"type":"Feature","geometry":{"type":"Point","coordinates":[19.557064,50.252229]},"properties":{"lines":"Ż","color":"#0059a9","mode":"bus","arr":["Ż"],"angle":24.9,"extra":1,"ei":4}},{"type":"Feature","geometry":{"type":"Point","coordinates":[19.559752,50.251444]},"properties":{"lines":"Ż","color":"#0059a9","mode":"bus","arr":["Ż"],"angle":24.5,"extra":1,"ei":5}},{"type":"Feature","geometry":{"type":"Point","coordinates":[19.546478,50.265421]},"properties":{"lines":"Ż","color":"#0059a9","mode":"bus","arr":["Ż"],"angle":4.7}},{"type":"Feature","geometry":{"type":"Point","coordinates":[19.551474,50.268847]},"properties":{"lines":"Ż","color":"#0059a9","mode":"bus","arr":["Ż"],"angle":-56.8,"mi":1}},{"type":"Feature","geometry":{"type":"Point","coordinates":[19.54871,50.266141]},"properties":{"lines":"Ż","color":"#0059a9","mode":"bus","arr":["Ż"],"angle":-57.4,"extra":1,"ei":0}},{"type":"Feature","geometry":{"type":"Point","coordinates":[19.550326,50.267722]},"properties":{"lines":"Ż","color":"#0059a9","mode":"bus","arr":["Ż"],"angle":-56.5,"extra":1,"ei":1}},{"type":"Feature","geometry":{"type":"Point","coordinates":[19.553613,50.270861]},"properties":{"lines":"Ż","color":"#0059a9","mode":"bus","arr":["Ż"],"angle":-54,"extra":1,"ei":2}}]}