{"type":"FeatureCollection","features":[{"type":"Feature","properties":{"line":"457","mode":"bus","color":"#119efc","oi":0.5,"n":2},"geometry":{"type":"LineString","coordinates":[[19.560528,50.271111],[19.559261,50.270937],[19.558929,50.270871],[19.558807,50.270789],[19.558753,50.270596],[19.558782,50.270306],[19.558854,50.270104],[19.559766,50.268837],[19.55986,50.268645],[19.559911,50.268417],[19.560139,50.266198],[19.56054,50.260553],[19.560625,50.260327],[19.560744,50.260271],[19.560779,50.260209],[19.560737,50.26011],[19.560646,50.260065],[19.560586,50.25982],[19.561205,50.25102]]}},{"type":"Feature","properties":{"line":"457","mode":"bus","color":"#119efc","oi":0,"n":2,"sw":1},"geometry":{"type":"LineString","coordinates":[[19.56085,50.271332],[19.560833,50.271299]]}},{"type":"Feature","properties":{"line":"457","mode":"bus","color":"#119efc","oi":0.017,"n":2,"sw":1},"geometry":{"type":"LineString","coordinates":[[19.560836,50.271304],[19.560818,50.271268]]}},{"type":"Feature","properties":{"line":"457","mode":"bus","color":"#119efc","oi":0.063,"n":2,"sw":1},"geometry":{"type":"LineString","coordinates":[[19.56082,50.271273],[19.560802,50.271237]]}},{"type":"Feature","properties":{"line":"457","mode":"bus","color":"#119efc","oi":0.13,"n":2,"sw":1},"geometry":{"type":"LineString","coordinates":[[19.560805,50.271242],[19.560797,50.271226],[19.560773,50.271212]]}},{"type":"Feature","properties":{"line":"457","mode":"bus","color":"#119efc","oi":0.209,"n":2,"sw":1},"geometry":{"type":"LineString","coordinates":[[19.560779,50.271216],[19.560735,50.27119]]}},{"type":"Feature","properties":{"line":"457","mode":"bus","color":"#119efc","oi":0.291,"n":2,"sw":1},"geometry":{"type":"LineString","coordinates":[[19.560741,50.271194],[19.560697,50.271169]]}},{"type":"Feature","properties":{"line":"457","mode":"bus","color":"#119efc","oi":0.37,"n":2,"sw":1},"geometry":{"type":"LineString","coordinates":[[19.560704,50.271172],[19.56066,50.271147]]}},{"type":"Feature","properties":{"line":"457","mode":"bus","color":"#119efc","oi":0.437,"n":2,"sw":1},"geometry":{"type":"LineString","coordinates":[[19.560666,50.271151],[19.560622,50.271125]]}},{"type":"Feature","properties":{"line":"457","mode":"bus","color":"#119efc","oi":0.483,"n":2,"sw":1},"geometry":{"type":"LineString","coordinates":[[19.560628,50.271129],[19.56062,50.271124],[19.560573,50.271118]]}},{"type":"Feature","properties":{"line":"457","mode":"bus","color":"#119efc","oi":0.5,"n":2,"sw":1},"geometry":{"type":"LineString","coordinates":[[19.560582,50.271119],[19.560524,50.271111]]}},{"type":"Feature","properties":{"line":"457","mode":"bus","color":"#119efc","oi":0,"n":1},"geometry":{"type":"LineString","coordinates":[[19.560586,50.25982],[19.560493,50.260061],[19.560387,50.260111],[19.560344,50.26019],[19.56038,50.260271],[19.560483,50.260324],[19.56054,50.260553]]}},{"type":"Feature","properties":{"line":"457","mode":"bus","color":"#119efc","oi":0,"n":1},"geometry":{"type":"LineString","coordinates":[[19.561228,50.250696],[19.561683,50.244435],[19.561806,50.242269],[19.561824,50.241699],[19.56172,50.240018],[19.561545,50.239324],[19.561076,50.238011],[19.560774,50.237376],[19.560097,50.236146],[19.55938,50.234933],[19.558391,50.232726],[19.558233,50.232329],[19.558128,50.231933],[19.558101,50.231092],[19.558159,50.230685],[19.558607,50.229487],[19.558773,50.228844],[19.558618,50.226764],[19.558629,50.22639],[19.558796,50.225428],[19.559223,50.224087],[19.559233,50.223919],[19.559171,50.223721],[19.559023,50.223498],[19.557493,50.222245],[19.55724,50.221995],[19.55715,50.221863],[19.557058,50.221567],[19.556868,50.220591],[19.556202,50.21691],[19.556226,50.216771],[19.556335,50.216615],[19.556615,50.216343],[19.55696,50.216076],[19.557341,50.215861],[19.558155,50.21548],[19.558299,50.215365],[19.558391,50.215199],[19.558424,50.215056],[19.558428,50.214287],[19.558308,50.213959],[19.557799,50.213452],[19.557435,50.212959],[19.55701,50.212273],[19.556867,50.211889],[19.556654,50.211021],[19.55654,50.209142],[19.556568,50.208619],[19.556522,50.208314],[19.556385,50.207975],[19.555644,50.206897]]}},{"type":"Feature","properties":{"line":"457","mode":"bus","color":"#119efc","oi":0.5,"n":1,"sw":1},"geometry":{"type":"LineString","coordinates":[[19.561205,50.25102],[19.561208,50.250985]]}},{"type":"Feature","properties":{"line":"457","mode":"bus","color":"#119efc","oi":0.483,"n":1,"sw":1},"geometry":{"type":"LineString","coordinates":[[19.561207,50.25099],[19.56121,50.250953]]}},{"type":"Feature","properties":{"line":"457","mode":"bus","color":"#119efc","oi":0.437,"n":1,"sw":1},"geometry":{"type":"LineString","coordinates":[[19.56121,50.250958],[19.561212,50.25092]]}},{"type":"Feature","properties":{"line":"457","mode":"bus","color":"#119efc","oi":0.37,"n":1,"sw":1},"geometry":{"type":"LineString","coordinates":[[19.561212,50.250926],[19.561215,50.250888]]}},{"type":"Feature","properties":{"line":"457","mode":"bus","color":"#119efc","oi":0.291,"n":1,"sw":1},"geometry":{"type":"LineString","coordinates":[[19.561214,50.250893],[19.561217,50.250856]]}},{"type":"Feature","properties":{"line":"457","mode":"bus","color":"#119efc","oi":0.209,"n":1,"sw":1},"geometry":{"type":"LineString","coordinates":[[19.561217,50.250861],[19.561219,50.250823]]}},{"type":"Feature","properties":{"line":"457","mode":"bus","color":"#119efc","oi":0.13,"n":1,"sw":1},"geometry":{"type":"LineString","coordinates":[[19.561219,50.250829],[19.561222,50.250791]]}},{"type":"Feature","properties":{"line":"457","mode":"bus","color":"#119efc","oi":0.063,"n":1,"sw":1},"geometry":{"type":"LineString","coordinates":[[19.561221,50.250796],[19.561224,50.250758]]}},{"type":"Feature","properties":{"line":"457","mode":"bus","color":"#119efc","oi":0.017,"n":1,"sw":1},"geometry":{"type":"LineString","coordinates":[[19.561224,50.250764],[19.561226,50.250726]]}},{"type":"Feature","properties":{"line":"457","mode":"bus","color":"#119efc","oi":0,"n":1,"sw":1},"geometry":{"type":"LineString","coordinates":[[19.561226,50.250731],[19.561229,50.250694]]}},{"type":"Feature","properties":{"line":"457","mode":"bus","color":"#119efc","oi":0,"n":1},"geometry":{"type":"LineString","coordinates":[[19.560765,50.260142],[19.5611,50.260196],[19.563125,50.260196]]}},{"type":"Feature","properties":{"line":"Ż","mode":"bus","color":"#4d4aba","oi":-0.5,"n":2},"geometry":{"type":"LineString","coordinates":[[19.560528,50.271111],[19.559261,50.270937],[19.558929,50.270871],[19.558807,50.270789],[19.558753,50.270596],[19.558782,50.270306],[19.558854,50.270104],[19.559766,50.268837],[19.55986,50.268645],[19.559911,50.268417],[19.560139,50.266198],[19.56054,50.260553],[19.560625,50.260327],[19.560744,50.260271],[19.560779,50.260209],[19.560737,50.26011],[19.560646,50.260065],[19.560586,50.25982],[19.561205,50.25102]]}},{"type":"Feature","properties":{"line":"Ż","mode":"bus","color":"#4d4aba","oi":0,"n":2,"sw":1},"geometry":{"type":"LineString","coordinates":[[19.56085,50.271332],[19.560833,50.271299]]}},{"type":"Feature","properties":{"line":"Ż","mode":"bus","color":"#4d4aba","oi":-0.017,"n":2,"sw":1},"geometry":{"type":"LineString","coordinates":[[19.560836,50.271304],[19.560818,50.271268]]}},{"type":"Feature","properties":{"line":"Ż","mode":"bus","color":"#4d4aba","oi":-0.063,"n":2,"sw":1},"geometry":{"type":"LineString","coordinates":[[19.56082,50.271273],[19.560802,50.271237]]}},{"type":"Feature","properties":{"line":"Ż","mode":"bus","color":"#4d4aba","oi":-0.13,"n":2,"sw":1},"geometry":{"type":"LineString","coordinates":[[19.560805,50.271242],[19.560797,50.271226],[19.560773,50.271212]]}},{"type":"Feature","properties":{"line":"Ż","mode":"bus","color":"#4d4aba","oi":-0.209,"n":2,"sw":1},"geometry":{"type":"LineString","coordinates":[[19.560779,50.271216],[19.560735,50.27119]]}},{"type":"Feature","properties":{"line":"Ż","mode":"bus","color":"#4d4aba","oi":-0.291,"n":2,"sw":1},"geometry":{"type":"LineString","coordinates":[[19.560741,50.271194],[19.560697,50.271169]]}},{"type":"Feature","properties":{"line":"Ż","mode":"bus","color":"#4d4aba","oi":-0.37,"n":2,"sw":1},"geometry":{"type":"LineString","coordinates":[[19.560704,50.271172],[19.56066,50.271147]]}},{"type":"Feature","properties":{"line":"Ż","mode":"bus","color":"#4d4aba","oi":-0.437,"n":2,"sw":1},"geometry":{"type":"LineString","coordinates":[[19.560666,50.271151],[19.560622,50.271125]]}},{"type":"Feature","properties":{"line":"Ż","mode":"bus","color":"#4d4aba","oi":-0.483,"n":2,"sw":1},"geometry":{"type":"LineString","coordinates":[[19.560628,50.271129],[19.56062,50.271124],[19.560573,50.271118]]}},{"type":"Feature","properties":{"line":"Ż","mode":"bus","color":"#4d4aba","oi":-0.5,"n":2,"sw":1},"geometry":{"type":"LineString","coordinates":[[19.560582,50.271119],[19.560524,50.271111]]}},{"type":"Feature","properties":{"line":"Ż","mode":"bus","color":"#4d4aba","oi":-0.5,"n":2},"geometry":{"type":"LineString","coordinates":[[19.554735,50.272513],[19.55539,50.272766],[19.555404,50.272771],[19.555413,50.272773],[19.555418,50.272773],[19.555419,50.272769],[19.555415,50.272763],[19.555407,50.272755],[19.555332,50.27268],[19.555146,50.272329],[19.55513,50.272311],[19.555106,50.272302],[19.555073,50.272303],[19.554755,50.272351],[19.554399,50.27236],[19.55413,50.272245],[19.553882,50.272103],[19.548512,50.267875],[19.547969,50.267385],[19.547159,50.26656],[19.546904,50.266346],[19.545587,50.265723],[19.545175,50.265573],[19.544529,50.26538],[19.544026,50.265099],[19.543765,50.264893],[19.543126,50.264269],[19.542399,50.263758],[19.542279,50.263605],[19.542218,50.263467],[19.542132,50.262874],[19.542085,50.262745]]}},{"type":"Feature","properties":{"line":"Ż","mode":"bus","color":"#4d4aba","oi":-0.5,"n":2},"geometry":{"type":"LineString","coordinates":[[19.555438,50.272785],[19.557954,50.274807],[19.55823,50.275078],[19.558596,50.275528],[19.559017,50.276141],[19.559469,50.27697],[19.559591,50.277913]]}},{"type":"Feature","properties":{"line":"Ż","mode":"bus","color":"#4d4aba","oi":-0.5,"n":2},"geometry":{"type":"LineString","coordinates":[[19.573979,50.274756],[19.574035,50.274645]]}},{"type":"Feature","properties":{"line":"Ż","mode":"bus","color":"#4d4aba","oi":0,"n":2,"sw":1},"geometry":{"type":"LineString","coordinates":[[19.573877,50.274838],[19.573899,50.274835]]}},{"type":"Feature","properties":{"line":"Ż","mode":"bus","color":"#4d4aba","oi":-0.017,"n":2,"sw":1},"geometry":{"type":"LineString","coordinates":[[19.573891,50.274836],[19.573917,50.274832]]}},{"type":"Feature","properties":{"line":"Ż","mode":"bus","color":"#4d4aba","oi":-0.063,"n":2,"sw":1},"geometry":{"type":"LineString","coordinates":[[19.573908,50.274834],[19.573919,50.274832],[19.573933,50.274828]]}},{"type":"Feature","properties":{"line":"Ż","mode":"bus","color":"#4d4aba","oi":-0.13,"n":2,"sw":1},"geometry":{"type":"LineString","coordinates":[[19.573926,50.27483],[19.573937,50.274826],[19.573944,50.274819]]}},{"type":"Feature","properties":{"line":"Ż","mode":"bus","color":"#4d4aba","oi":-0.209,"n":2,"sw":1},"geometry":{"type":"LineString","coordinates":[[19.57394,50.274823],[19.573948,50.274815],[19.573952,50.274808]]}},{"type":"Feature","properties":{"line":"Ż","mode":"bus","color":"#4d4aba","oi":-0.291,"n":2,"sw":1},"geometry":{"type":"LineString","coordinates":[[19.573949,50.274813],[19.573957,50.274797]]}},{"type":"Feature","properties":{"line":"Ż","mode":"bus","color":"#4d4aba","oi":-0.37,"n":2,"sw":1},"geometry":{"type":"LineString","coordinates":[[19.573955,50.274802],[19.573963,50.274786]]}},{"type":"Feature","properties":{"line":"Ż","mode":"bus","color":"#4d4aba","oi":-0.437,"n":2,"sw":1},"geometry":{"type":"LineString","coordinates":[[19.57396,50.274791],[19.573969,50.274775]]}},{"type":"Feature","properties":{"line":"Ż","mode":"bus","color":"#4d4aba","oi":-0.483,"n":2,"sw":1},"geometry":{"type":"LineString","coordinates":[[19.573966,50.27478],[19.573974,50.274764]]}},{"type":"Feature","properties":{"line":"Ż","mode":"bus","color":"#4d4aba","oi":-0.5,"n":2,"sw":1},"geometry":{"type":"LineString","coordinates":[[19.573972,50.274769],[19.57398,50.274753]]}},{"type":"Feature","properties":{"line":"Ż","mode":"bus","color":"#4d4aba","oi":0,"n":1},"geometry":{"type":"LineString","coordinates":[[19.554755,50.272351],[19.554699,50.27238],[19.55468,50.272414],[19.554675,50.272433],[19.554683,50.27245],[19.554735,50.272513]]}},{"type":"Feature","properties":{"line":"Ż","mode":"bus","color":"#4d4aba","oi":0,"n":1},"geometry":{"type":"LineString","coordinates":[[19.542085,50.262745],[19.542184,50.26245],[19.542194,50.262003],[19.541915,50.260654],[19.541889,50.259537],[19.541693,50.257251],[19.54132,50.253842],[19.540998,50.251355],[19.54012,50.243835],[19.539891,50.241188]]}},{"type":"Feature","properties":{"line":"Ż","mode":"bus","color":"#4d4aba","oi":0,"n":1},"geometry":{"type":"LineString","coordinates":[[19.561205,50.25102],[19.555874,50.252584],[19.554591,50.252918],[19.553879,50.253167],[19.553077,50.253405],[19.551827,50.253707],[19.550881,50.253802],[19.548727,50.253965],[19.543966,50.254301],[19.542868,50.254398],[19.541385,50.254488]]}},{"type":"Feature","properties":{"line":"Ż","mode":"bus","color":"#4d4aba","oi":0,"n":1},"geometry":{"type":"LineString","coordinates":[[19.555128,50.272295],[19.554872,50.27191],[19.553481,50.270747],[19.55216,50.26951],[19.547938,50.265379],[19.547914,50.265363],[19.547886,50.265354],[19.547851,50.265352],[19.545388,50.265482],[19.545062,50.26554]]}},{"type":"Feature","properties":{"line":"Ż","mode":"bus","color":"#4d4aba","oi":-1.5,"n":4},"geometry":{"type":"LineString","coordinates":[[19.55704,50.27831],[19.557966,50.280422],[19.557977,50.280556],[19.55795,50.280644],[19.55795,50.280655],[19.557958,50.280662],[19.557972,50.280667],[19.558022,50.280677],[19.558606,50.280574],[19.56281,50.279757]]}},{"type":"Feature","properties":{"line":"Ż","mode":"bus","color":"#4d4aba","oi":-1.5,"n":4,"sw":1},"geometry":{"type":"LineString","coordinates":[[19.562805,50.279758],[19.562832,50.279753]]}},{"type":"Feature","properties":{"line":"Ż","mode":"bus","color":"#4d4aba","oi":-1.493,"n":4,"sw":1},"geometry":{"type":"LineString","coordinates":[[19.562824,50.279754],[19.562851,50.279749]]}},{"type":"Feature","properties":{"line":"Ż","mode":"bus","color":"#4d4aba","oi":-1.473,"n":4,"sw":1},"geometry":{"type":"LineString","coordinates":[[19.562843,50.279751],[19.562869,50.279745]]}},{"type":"Feature","properties":{"line":"Ż","mode":"bus","color":"#4d4aba","oi":-1.44,"n":4,"sw":1},"geometry":{"type":"LineString","coordinates":[[19.562861,50.279747],[19.562888,50.279742]]}},{"type":"Feature","properties":{"line":"Ż","mode":"bus","color":"#4d4aba","oi":-1.397,"n":4,"sw":1},"geometry":{"type":"LineString","coordinates":[[19.56288,50.279743],[19.562907,50.279738]]}},{"type":"Feature","properties":{"line":"Ż","mode":"bus","color":"#4d4aba","oi":-1.344,"n":4,"sw":1},"geometry":{"type":"LineString","coordinates":[[19.562899,50.27974],[19.562925,50.279735]]}},{"type":"Feature","properties":{"line":"Ż","mode":"bus","color":"#4d4aba","oi":-1.282,"n":4,"sw":1},"geometry":{"type":"LineString","coordinates":[[19.562917,50.279736],[19.562944,50.279731]]}},{"type":"Feature","properties":{"line":"Ż","mode":"bus","color":"#4d4aba","oi":-1.213,"n":4,"sw":1},"geometry":{"type":"LineString","coordinates":[[19.562936,50.279733],[19.562963,50.279727]]}},{"type":"Feature","properties":{"line":"Ż","mode":"bus","color":"#4d4aba","oi":-1.138,"n":4,"sw":1},"geometry":{"type":"LineString","coordinates":[[19.562955,50.279729],[19.562981,50.279724]]}},{"type":"Feature","properties":{"line":"Ż","mode":"bus","color":"#4d4aba","oi":-1.057,"n":4,"sw":1},"geometry":{"type":"LineString","coordinates":[[19.562973,50.279725],[19.563,50.27972]]}},{"type":"Feature","properties":{"line":"Ż","mode":"bus","color":"#4d4aba","oi":-0.972,"n":4,"sw":1},"geometry":{"type":"LineString","coordinates":[[19.562992,50.279722],[19.563019,50.279717]]}},{"type":"Feature","properties":{"line":"Ż","mode":"bus","color":"#4d4aba","oi":-0.884,"n":4,"sw":1},"geometry":{"type":"LineString","coordinates":[[19.56301,50.279718],[19.563037,50.279713]]}},{"type":"Feature","properties":{"line":"Ż","mode":"bus","color":"#4d4aba","oi":-0.795,"n":4,"sw":1},"geometry":{"type":"LineString","coordinates":[[19.563029,50.279714],[19.563056,50.279709]]}},{"type":"Feature","properties":{"line":"Ż","mode":"bus","color":"#4d4aba","oi":-0.705,"n":4,"sw":1},"geometry":{"type":"LineString","coordinates":[[19.563048,50.279711],[19.563074,50.279706]]}},{"type":"Feature","properties":{"line":"Ż","mode":"bus","color":"#4d4aba","oi":-0.616,"n":4,"sw":1},"geometry":{"type":"LineString","coordinates":[[19.563066,50.279707],[19.563093,50.279702]]}},{"type":"Feature","properties":{"line":"Ż","mode":"bus","color":"#4d4aba","oi":-0.528,"n":4,"sw":1},"geometry":{"type":"LineString","coordinates":[[19.563085,50.279704],[19.563112,50.279698]]}},{"type":"Feature","properties":{"line":"Ż","mode":"bus","color":"#4d4aba","oi":-0.443,"n":4,"sw":1},"geometry":{"type":"LineString","coordinates":[[19.563104,50.2797],[19.56313,50.279695]]}},{"type":"Feature","properties":{"line":"Ż","mode":"bus","color":"#4d4aba","oi":-0.362,"n":4,"sw":1},"geometry":{"type":"LineString","coordinates":[[19.563122,50.279696],[19.563149,50.279691]]}},{"type":"Feature","properties":{"line":"Ż","mode":"bus","color":"#4d4aba","oi":-0.287,"n":4,"sw":1},"geometry":{"type":"LineString","coordinates":[[19.563141,50.279693],[19.563168,50.279688]]}},{"type":"Feature","properties":{"line":"Ż","mode":"bus","color":"#4d4aba","oi":-0.218,"n":4,"sw":1},"geometry":{"type":"LineString","coordinates":[[19.56316,50.279689],[19.563186,50.279684]]}},{"type":"Feature","properties":{"line":"Ż","mode":"bus","color":"#4d4aba","oi":-0.156,"n":4,"sw":1},"geometry":{"type":"LineString","coordinates":[[19.563178,50.279686],[19.563205,50.27968]]}},{"type":"Feature","properties":{"line":"Ż","mode":"bus","color":"#4d4aba","oi":-0.103,"n":4,"sw":1},"geometry":{"type":"LineString","coordinates":[[19.563197,50.279682],[19.563224,50.279677]]}},{"type":"Feature","properties":{"line":"Ż","mode":"bus","color":"#4d4aba","oi":-0.06,"n":4,"sw":1},"geometry":{"type":"LineString","coordinates":[[19.563215,50.279678],[19.563242,50.279673]]}},{"type":"Feature","properties":{"line":"Ż","mode":"bus","color":"#4d4aba","oi":-0.027,"n":4,"sw":1},"geometry":{"type":"LineString","coordinates":[[19.563234,50.279675],[19.563261,50.279669]]}},{"type":"Feature","properties":{"line":"Ż","mode":"bus","color":"#4d4aba","oi":-0.007,"n":4,"sw":1},"geometry":{"type":"LineString","coordinates":[[19.563253,50.279671],[19.563279,50.279666]]}},{"type":"Feature","properties":{"line":"Ż","mode":"bus","color":"#4d4aba","oi":0,"n":4,"sw":1},"geometry":{"type":"LineString","coordinates":[[19.563271,50.279667],[19.563294,50.279663]]}},{"type":"Feature","properties":{"line":"Ż","mode":"bus","color":"#4d4aba","oi":-1,"n":3},"geometry":{"type":"LineString","coordinates":[[19.561427,50.277606],[19.557665,50.278238],[19.557538,50.278253]]}},{"type":"Feature","properties":{"line":"Ż","mode":"bus","color":"#4d4aba","oi":0,"n":3,"sw":1},"geometry":{"type":"LineString","coordinates":[[19.561917,50.277524],[19.561886,50.277529]]}},{"type":"Feature","properties":{"line":"Ż","mode":"bus","color":"#4d4aba","oi":-0.01,"n":3,"sw":1},"geometry":{"type":"LineString","coordinates":[[19.561894,50.277528],[19.561859,50.277534]]}},{"type":"Feature","properties":{"line":"Ż","mode":"bus","color":"#4d4aba","oi":-0.038,"n":3,"sw":1},"geometry":{"type":"LineString","coordinates":[[19.561867,50.277532],[19.561831,50.277538]]}},{"type":"Feature","properties":{"line":"Ż","mode":"bus","color":"#4d4aba","oi":-0.082,"n":3,"sw":1},"geometry":{"type":"LineString","coordinates":[[19.561839,50.277537],[19.561804,50.277543]]}},{"type":"Feature","properties":{"line":"Ż","mode":"bus","color":"#4d4aba","oi":-0.14,"n":3,"sw":1},"geometry":{"type":"LineString","coordinates":[[19.561812,50.277542],[19.561777,50.277548]]}},{"type":"Feature","properties":{"line":"Ż","mode":"bus","color":"#4d4aba","oi":-0.209,"n":3,"sw":1},"geometry":{"type":"LineString","coordinates":[[19.561785,50.277546],[19.56175,50.277552]]}},{"type":"Feature","properties":{"line":"Ż","mode":"bus","color":"#4d4aba","oi":-0.286,"n":3,"sw":1},"geometry":{"type":"LineString","coordinates":[[19.561758,50.277551],[19.561722,50.277557]]}},{"type":"Feature","properties":{"line":"Ż","mode":"bus","color":"#4d4aba","oi":-0.369,"n":3,"sw":1},"geometry":{"type":"LineString","coordinates":[[19.561731,50.277555],[19.561695,50.277561]]}},{"type":"Feature","properties":{"line":"Ż","mode":"bus","color":"#4d4aba","oi":-0.456,"n":3,"sw":1},"geometry":{"type":"LineString","coordinates":[[19.561703,50.27756],[19.561668,50.277566]]}},{"type":"Feature","properties":{"line":"Ż","mode":"bus","color":"#4d4aba","oi":-0.544,"n":3,"sw":1},"geometry":{"type":"LineString","coordinates":[[19.561676,50.277564],[19.561641,50.27757]]}},{"type":"Feature","properties":{"line":"Ż","mode":"bus","color":"#4d4aba","oi":-0.631,"n":3,"sw":1},"geometry":{"type":"LineString","coordinates":[[19.561649,50.277569],[19.561614,50.277575]]}},{"type":"Feature","properties":{"line":"Ż","mode":"bus","color":"#4d4aba","oi":-0.714,"n":3,"sw":1},"geometry":{"type":"LineString","coordinates":[[19.561622,50.277574],[19.561586,50.27758]]}},{"type":"Feature","properties":{"line":"Ż","mode":"bus","color":"#4d4aba","oi":-0.791,"n":3,"sw":1},"geometry":{"type":"LineString","coordinates":[[19.561595,50.277578],[19.561559,50.277584]]}},{"type":"Feature","properties":{"line":"Ż","mode":"bus","color":"#4d4aba","oi":-0.86,"n":3,"sw":1},"geometry":{"type":"LineString","coordinates":[[19.561567,50.277583],[19.561532,50.277589]]}},{"type":"Feature","properties":{"line":"Ż","mode":"bus","color":"#4d4aba","oi":-0.918,"n":3,"sw":1},"geometry":{"type":"LineString","coordinates":[[19.56154,50.277587],[19.561505,50.277593]]}},{"type":"Feature","properties":{"line":"Ż","mode":"bus","color":"#4d4aba","oi":-0.962,"n":3,"sw":1},"geometry":{"type":"LineString","coordinates":[[19.561513,50.277592],[19.561478,50.277598]]}},{"type":"Feature","properties":{"line":"Ż","mode":"bus","color":"#4d4aba","oi":-0.99,"n":3,"sw":1},"geometry":{"type":"LineString","coordinates":[[19.561486,50.277596],[19.56145,50.277602]]}},{"type":"Feature","properties":{"line":"Ż","mode":"bus","color":"#4d4aba","oi":-1,"n":3,"sw":1},"geometry":{"type":"LineString","coordinates":[[19.561459,50.277601],[19.561423,50.277607]]}},{"type":"Feature","properties":{"line":"Ż","mode":"bus","color":"#4d4aba","oi":-1,"n":3,"sw":1},"geometry":{"type":"LineString","coordinates":[[19.557542,50.278252],[19.557506,50.278256]]}},{"type":"Feature","properties":{"line":"Ż","mode":"bus","color":"#4d4aba","oi":-0.99,"n":3,"sw":1},"geometry":{"type":"LineString","coordinates":[[19.557515,50.278255],[19.557479,50.278259]]}},{"type":"Feature","properties":{"line":"Ż","mode":"bus","color":"#4d4aba","oi":-0.962,"n":3,"sw":1},"geometry":{"type":"LineString","coordinates":[[19.557487,50.278258],[19.557451,50.278263]]}},{"type":"Feature","properties":{"line":"Ż","mode":"bus","color":"#4d4aba","oi":-0.918,"n":3,"sw":1},"geometry":{"type":"LineString","coordinates":[[19.557459,50.278262],[19.557423,50.278266]]}},{"type":"Feature","properties":{"line":"Ż","mode":"bus","color":"#4d4aba","oi":-0.86,"n":3,"sw":1},"geometry":{"type":"LineString","coordinates":[[19.557432,50.278265],[19.557396,50.278269]]}},{"type":"Feature","properties":{"line":"Ż","mode":"bus","color":"#4d4aba","oi":-0.791,"n":3,"sw":1},"geometry":{"type":"LineString","coordinates":[[19.557404,50.278268],[19.557368,50.278272]]}},{"type":"Feature","properties":{"line":"Ż","mode":"bus","color":"#4d4aba","oi":-0.714,"n":3,"sw":1},"geometry":{"type":"LineString","coordinates":[[19.557376,50.278271],[19.55734,50.278275]]}},{"type":"Feature","properties":{"line":"Ż","mode":"bus","color":"#4d4aba","oi":-0.631,"n":3,"sw":1},"geometry":{"type":"LineString","coordinates":[[19.557349,50.278274],[19.557313,50.278279]]}},{"type":"Feature","properties":{"line":"Ż","mode":"bus","color":"#4d4aba","oi":-0.544,"n":3,"sw":1},"geometry":{"type":"LineString","coordinates":[[19.557321,50.278278],[19.557285,50.278282]]}},{"type":"Feature","properties":{"line":"Ż","mode":"bus","color":"#4d4aba","oi":-0.456,"n":3,"sw":1},"geometry":{"type":"LineString","coordinates":[[19.557293,50.278281],[19.557257,50.278285]]}},{"type":"Feature","properties":{"line":"Ż","mode":"bus","color":"#4d4aba","oi":-0.369,"n":3,"sw":1},"geometry":{"type":"LineString","coordinates":[[19.557266,50.278284],[19.55723,50.278288]]}},{"type":"Feature","properties":{"line":"Ż","mode":"bus","color":"#4d4aba","oi":-0.286,"n":3,"sw":1},"geometry":{"type":"LineString","coordinates":[[19.557238,50.278287],[19.557202,50.278291]]}},{"type":"Feature","properties":{"line":"Ż","mode":"bus","color":"#4d4aba","oi":-0.209,"n":3,"sw":1},"geometry":{"type":"LineString","coordinates":[[19.55721,50.27829],[19.557174,50.278295]]}},{"type":"Feature","properties":{"line":"Ż","mode":"bus","color":"#4d4aba","oi":-0.14,"n":3,"sw":1},"geometry":{"type":"LineString","coordinates":[[19.557183,50.278294],[19.557147,50.278298]]}},{"type":"Feature","properties":{"line":"Ż","mode":"bus","color":"#4d4aba","oi":-0.082,"n":3,"sw":1},"geometry":{"type":"LineString","coordinates":[[19.557155,50.278297],[19.557119,50.278301]]}},{"type":"Feature","properties":{"line":"Ż","mode":"bus","color":"#4d4aba","oi":-0.038,"n":3,"sw":1},"geometry":{"type":"LineString","coordinates":[[19.557127,50.2783],[19.557091,50.278304]]}},{"type":"Feature","properties":{"line":"Ż","mode":"bus","color":"#4d4aba","oi":-0.01,"n":3,"sw":1},"geometry":{"type":"LineString","coordinates":[[19.5571,50.278303],[19.557064,50.278307]]}},{"type":"Feature","properties":{"line":"Ż","mode":"bus","color":"#4d4aba","oi":0,"n":3,"sw":1},"geometry":{"type":"LineString","coordinates":[[19.557072,50.278306],[19.55704,50.27831]]}},{"type":"Feature","properties":{"line":"470","mode":"bus","color":"#999f01","oi":1.5,"n":4},"geometry":{"type":"LineString","coordinates":[[19.548134,50.284657],[19.548287,50.284705],[19.548371,50.284699],[19.548413,50.284702],[19.54845,50.284715],[19.548525,50.284757],[19.548756,50.284977],[19.54889,50.285047]]}},{"type":"Feature","properties":{"line":"470","mode":"bus","color":"#999f01","oi":1.5,"n":4},"geometry":{"type":"LineString","coordinates":[[19.618829,50.341755],[19.618888,50.341693],[19.618899,50.341673],[19.618894,50.341655],[19.618873,50.34164],[19.61684,50.340601],[19.61296,50.338528],[19.61248,50.338346],[19.601608,50.336122],[19.595723,50.335114],[19.595478,50.335095],[19.583452,50.335384],[19.582505,50.335423],[19.581154,50.335651],[19.578332,50.33633],[19.577674,50.336474],[19.577085,50.336569],[19.576378,50.336649],[19.575901,50.336678],[19.575421,50.33667],[19.574497,50.336591],[19.573969,50.336577],[19.573459,50.336619],[19.572448,50.336779],[19.57215,50.336794],[19.571421,50.336768],[19.570638,50.336681],[19.570065,50.336566],[19.568338,50.336119],[19.567596,50.335958],[19.566797,50.335836],[19.56511,50.335629],[19.564482,50.335575],[19.56331,50.335581],[19.563022,50.335613],[19.562595,50.335748]]}},{"type":"Feature","properties":{"line":"470","mode":"bus","color":"#999f01","oi":1,"n":3},"geometry":{"type":"LineString","coordinates":[[19.618419,50.342923],[19.618488,50.342644],[19.618708,50.34207]]}},{"type":"Feature","properties":{"line":"470","mode":"bus","color":"#999f01","oi":1,"n":3,"sw":1},"geometry":{"type":"LineString","coordinates":[[19.618707,50.342072],[19.618721,50.342036]]}},{"type":"Feature","properties":{"line":"470","mode":"bus","color":"#999f01","oi":1.017,"n":3,"sw":1},"geometry":{"type":"LineString","coordinates":[[19.618719,50.342041],[19.618733,50.342004]]}},{"type":"Feature","properties":{"line":"470","mode":"bus","color":"#999f01","oi":1.063,"n":3,"sw":1},"geometry":{"type":"LineString","coordinates":[[19.618731,50.342009],[19.618746,50.341973]]}},{"type":"Feature","properties":{"line":"470","mode":"bus","color":"#999f01","oi":1.13,"n":3,"sw":1},"geometry":{"type":"LineString","coordinates":[[19.618744,50.341978],[19.618758,50.341941]]}},{"type":"Feature","properties":{"line":"470","mode":"bus","color":"#999f01","oi":1.209,"n":3,"sw":1},"geometry":{"type":"LineString","coordinates":[[19.618756,50.341946],[19.61877,50.34191]]}},{"type":"Feature","properties":{"line":"470","mode":"bus","color":"#999f01","oi":1.291,"n":3,"sw":1},"geometry":{"type":"LineString","coordinates":[[19.618768,50.341915],[19.618782,50.341878]]}},{"type":"Feature","properties":{"line":"470","mode":"bus","color":"#999f01","oi":1.37,"n":3,"sw":1},"geometry":{"type":"LineString","coordinates":[[19.61878,50.341883],[19.618794,50.341847]]}},{"type":"Feature","properties":{"line":"470","mode":"bus","color":"#999f01","oi":1.437,"n":3,"sw":1},"geometry":{"type":"LineString","coordinates":[[19.618792,50.341852],[19.618806,50.341815]]}},{"type":"Feature","properties":{"line":"470","mode":"bus","color":"#999f01","oi":1.483,"n":3,"sw":1},"geometry":{"type":"LineString","coordinates":[[19.618804,50.341821],[19.618818,50.341784]]}},{"type":"Feature","properties":{"line":"470","mode":"bus","color":"#999f01","oi":1.5,"n":3,"sw":1},"geometry":{"type":"LineString","coordinates":[[19.618816,50.341789],[19.618829,50.341755]]}},{"type":"Feature","properties":{"line":"470","mode":"bus","color":"#999f01","oi":0.5,"n":2},"geometry":{"type":"LineString","coordinates":[[19.641768,50.385682],[19.641742,50.385593],[19.641747,50.385493],[19.642097,50.384076],[19.642238,50.383683],[19.642697,50.383001],[19.642675,50.382562],[19.642683,50.382529],[19.642712,50.3825],[19.644997,50.381002],[19.645562,50.380867],[19.646453,50.380698],[19.646823,50.380683],[19.646993,50.3807],[19.647018,50.380701],[19.647036,50.380696],[19.647048,50.380685],[19.647054,50.38067],[19.647076,50.380519],[19.646017,50.378571],[19.645741,50.377967],[19.64073,50.366439],[19.640633,50.366146],[19.640594,50.365919],[19.640599,50.365701],[19.640688,50.365182],[19.642512,50.360712],[19.642606,50.360295],[19.642503,50.359987],[19.642352,50.359828],[19.641878,50.35951],[19.624015,50.348849],[19.623817,50.348674],[19.623151,50.34797],[19.618679,50.343201]]}},{"type":"Feature","properties":{"line":"470","mode":"bus","color":"#999f01","oi":0,"n":2,"sw":1},"geometry":{"type":"LineString","coordinates":[[19.641968,50.385974],[19.641939,50.385944]]}},{"type":"Feature","properties":{"line":"470","mode":"bus","color":"#999f01","oi":0.017,"n":2,"sw":1},"geometry":{"type":"LineString","coordinates":[[19.641944,50.385949],[19.641912,50.385917]]}},{"type":"Feature","properties":{"line":"470","mode":"bus","color":"#999f01","oi":0.063,"n":2,"sw":1},"geometry":{"type":"LineString","coordinates":[[19.641917,50.385921],[19.641886,50.385889]]}},{"type":"Feature","properties":{"line":"470","mode":"bus","color":"#999f01","oi":0.13,"n":2,"sw":1},"geometry":{"type":"LineString","coordinates":[[19.64189,50.385894],[19.641859,50.385862]]}},{"type":"Feature","properties":{"line":"470","mode":"bus","color":"#999f01","oi":0.209,"n":2,"sw":1},"geometry":{"type":"LineString","coordinates":[[19.641863,50.385866],[19.641832,50.385834]]}},{"type":"Feature","properties":{"line":"470","mode":"bus","color":"#999f01","oi":0.291,"n":2,"sw":1},"geometry":{"type":"LineString","coordinates":[[19.641837,50.385839],[19.641806,50.385807]]}},{"type":"Feature","properties":{"line":"470","mode":"bus","color":"#999f01","oi":0.37,"n":2,"sw":1},"geometry":{"type":"LineString","coordinates":[[19.64181,50.385811],[19.641803,50.385804],[19.641795,50.385775]]}},{"type":"Feature","properties":{"line":"470","mode":"bus","color":"#999f01","oi":0.437,"n":2,"sw":1},"geometry":{"type":"LineString","coordinates":[[19.641796,50.38578],[19.641785,50.385743]]}},{"type":"Feature","properties":{"line":"470","mode":"bus","color":"#999f01","oi":0.483,"n":2,"sw":1},"geometry":{"type":"LineString","coordinates":[[19.641787,50.385749],[19.641776,50.385711]]}},{"type":"Feature","properties":{"line":"470","mode":"bus","color":"#999f01","oi":0.5,"n":2,"sw":1},"geometry":{"type":"LineString","coordinates":[[19.641778,50.385717],[19.641767,50.38568]]}},{"type":"Feature","properties":{"line":"470","mode":"bus","color":"#999f01","oi":0.5,"n":2,"sw":1},"geometry":{"type":"LineString","coordinates":[[19.618682,50.343203],[19.618651,50.343171]]}},{"type":"Feature","properties":{"line":"470","mode":"bus","color":"#999f01","oi":0.483,"n":2,"sw":1},"geometry":{"type":"LineString","coordinates":[[19.618656,50.343175],[19.618625,50.343143]]}},{"type":"Feature","properties":{"line":"470","mode":"bus","color":"#999f01","oi":0.437,"n":2,"sw":1},"geometry":{"type":"LineString","coordinates":[[19.61863,50.343148],[19.618599,50.343115]]}},{"type":"Feature","properties":{"line":"470","mode":"bus","color":"#999f01","oi":0.37,"n":2,"sw":1},"geometry":{"type":"LineString","coordinates":[[19.618603,50.34312],[19.618573,50.343087]]}},{"type":"Feature","properties":{"line":"470","mode":"bus","color":"#999f01","oi":0.291,"n":2,"sw":1},"geometry":{"type":"LineString","coordinates":[[19.618577,50.343092],[19.618547,50.34306]]}},{"type":"Feature","properties":{"line":"470","mode":"bus","color":"#999f01","oi":0.209,"n":2,"sw":1},"geometry":{"type":"LineString","coordinates":[[19.618551,50.343064],[19.618521,50.343032]]}},{"type":"Feature","properties":{"line":"470","mode":"bus","color":"#999f01","oi":0.13,"n":2,"sw":1},"geometry":{"type":"LineString","coordinates":[[19.618525,50.343036],[19.618495,50.343004]]}},{"type":"Feature","properties":{"line":"470","mode":"bus","color":"#999f01","oi":0.063,"n":2,"sw":1},"geometry":{"type":"LineString","coordinates":[[19.618499,50.343009],[19.618469,50.342976]]}},{"type":"Feature","properties":{"line":"470","mode":"bus","color":"#999f01","oi":0.017,"n":2,"sw":1},"geometry":{"type":"LineString","coordinates":[[19.618473,50.342981],[19.618443,50.342948]]}},{"type":"Feature","properties":{"line":"470","mode":"bus","color":"#999f01","oi":0,"n":2,"sw":1},"geometry":{"type":"LineString","coordinates":[[19.618447,50.342953],[19.618419,50.342923]]}},{"type":"Feature","properties":{"line":"470","mode":"bus","color":"#999f01","oi":0.5,"n":2},"geometry":{"type":"LineString","coordinates":[[19.641906,50.386293],[19.641895,50.387299],[19.641853,50.387573],[19.641688,50.38781],[19.641631,50.387985],[19.641135,50.388541],[19.64106,50.388663],[19.641023,50.388796],[19.641069,50.389377],[19.641061,50.38941],[19.641032,50.389438],[19.640866,50.389541],[19.640474,50.38956],[19.639994,50.389488],[19.639329,50.389426],[19.635365,50.38968],[19.634581,50.38981],[19.631492,50.390406],[19.630934,50.390545],[19.630497,50.390713],[19.630357,50.390815],[19.629705,50.391796],[19.629701,50.391882],[19.629803,50.392038],[19.630666,50.392615],[19.6312,50.393557],[19.631337,50.393747],[19.631428,50.393788],[19.631611,50.393813],[19.632567,50.394136],[19.633529,50.394416],[19.633682,50.394442],[19.633833,50.39444],[19.636035,50.394025],[19.637416,50.393675],[19.637906,50.393577],[19.64072,50.393341],[19.640986,50.393328],[19.641498,50.393353],[19.642035,50.39343],[19.644064,50.393802],[19.644088,50.393804],[19.644106,50.393801],[19.644119,50.393791],[19.644125,50.393776],[19.644351,50.392619],[19.644498,50.392301],[19.645337,50.391451],[19.645479,50.391181],[19.645618,50.390287],[19.645645,50.389815],[19.645548,50.389073],[19.645395,50.387358],[19.645331,50.387147],[19.645138,50.386888],[19.644667,50.386646],[19.642414,50.386127]]}},{"type":"Feature","properties":{"line":"470","mode":"bus","color":"#999f01","oi":0,"n":2,"sw":1},"geometry":{"type":"LineString","coordinates":[[19.641968,50.385974],[19.641954,50.386008]]}},{"type":"Feature","properties":{"line":"470","mode":"bus","color":"#999f01","oi":0.017,"n":2,"sw":1},"geometry":{"type":"LineString","coordinates":[[19.641956,50.386003],[19.641942,50.386039]]}},{"type":"Feature","properties":{"line":"470","mode":"bus","color":"#999f01","oi":0.063,"n":2,"sw":1},"geometry":{"type":"LineString","coordinates":[[19.641944,50.386034],[19.641929,50.386071]]}},{"type":"Feature","properties":{"line":"470","mode":"bus","color":"#999f01","oi":0.13,"n":2,"sw":1},"geometry":{"type":"LineString","coordinates":[[19.641931,50.386066],[19.641917,50.386102]]}},{"type":"Feature","properties":{"line":"470","mode":"bus","color":"#999f01","oi":0.209,"n":2,"sw":1},"geometry":{"type":"LineString","coordinates":[[19.641919,50.386097],[19.641908,50.386124],[19.641908,50.386134]]}},{"type":"Feature","properties":{"line":"470","mode":"bus","color":"#999f01","oi":0.291,"n":2,"sw":1},"geometry":{"type":"LineString","coordinates":[[19.641908,50.386128],[19.641908,50.386166]]}},{"type":"Feature","properties":{"line":"470","mode":"bus","color":"#999f01","oi":0.37,"n":2,"sw":1},"geometry":{"type":"LineString","coordinates":[[19.641908,50.386161],[19.641907,50.386199]]}},{"type":"Feature","properties":{"line":"470","mode":"bus","color":"#999f01","oi":0.437,"n":2,"sw":1},"geometry":{"type":"LineString","coordinates":[[19.641907,50.386193],[19.641907,50.386231]]}},{"type":"Feature","properties":{"line":"470","mode":"bus","color":"#999f01","oi":0.483,"n":2,"sw":1},"geometry":{"type":"LineString","coordinates":[[19.641907,50.386226],[19.641906,50.386263]]}},{"type":"Feature","properties":{"line":"470","mode":"bus","color":"#999f01","oi":0.5,"n":2,"sw":1},"geometry":{"type":"LineString","coordinates":[[19.641907,50.386258],[19.641906,50.386296]]}},{"type":"Feature","properties":{"line":"470","mode":"bus","color":"#999f01","oi":0.5,"n":2,"sw":1},"geometry":{"type":"LineString","coordinates":[[19.642418,50.386128],[19.642367,50.386116],[19.642363,50.386114]]}},{"type":"Feature","properties":{"line":"470","mode":"bus","color":"#999f01","oi":0.483,"n":2,"sw":1},"geometry":{"type":"LineString","coordinates":[[19.64237,50.386117],[19.642367,50.386116],[19.642318,50.386099]]}},{"type":"Feature","properties":{"line":"470","mode":"bus","color":"#999f01","oi":0.437,"n":2,"sw":1},"geometry":{"type":"LineString","coordinates":[[19.642326,50.386101],[19.642274,50.386083]]}},{"type":"Feature","properties":{"line":"470","mode":"bus","color":"#999f01","oi":0.37,"n":2,"sw":1},"geometry":{"type":"LineString","coordinates":[[19.642281,50.386086],[19.64223,50.386067]]}},{"type":"Feature","properties":{"line":"470","mode":"bus","color":"#999f01","oi":0.291,"n":2,"sw":1},"geometry":{"type":"LineString","coordinates":[[19.642237,50.38607],[19.642186,50.386051]]}},{"type":"Feature","properties":{"line":"470","mode":"bus","color":"#999f01","oi":0.209,"n":2,"sw":1},"geometry":{"type":"LineString","coordinates":[[19.642193,50.386054],[19.642141,50.386036]]}},{"type":"Feature","properties":{"line":"470","mode":"bus","color":"#999f01","oi":0.13,"n":2,"sw":1},"geometry":{"type":"LineString","coordinates":[[19.642149,50.386038],[19.642097,50.38602]]}},{"type":"Feature","properties":{"line":"470","mode":"bus","color":"#999f01","oi":0.063,"n":2,"sw":1},"geometry":{"type":"LineString","coordinates":[[19.642104,50.386023],[19.642053,50.386004]]}},{"type":"Feature","properties":{"line":"470","mode":"bus","color":"#999f01","oi":0.017,"n":2,"sw":1},"geometry":{"type":"LineString","coordinates":[[19.64206,50.386007],[19.642009,50.385988]]}},{"type":"Feature","properties":{"line":"470","mode":"bus","color":"#999f01","oi":0,"n":2,"sw":1},"geometry":{"type":"LineString","coordinates":[[19.642016,50.385991],[19.641968,50.385974]]}},{"type":"Feature","properties":{"line":"470","mode":"bus","color":"#999f01","oi":0,"n":1},"geometry":{"type":"LineString","coordinates":[[19.585472,50.380492],[19.585818,50.380312],[19.588164,50.379238],[19.593598,50.377036],[19.59415,50.376908],[19.595267,50.376686],[19.603777,50.37528],[19.608234,50.373808],[19.60885,50.373639],[19.609626,50.373474],[19.610462,50.373352],[19.613057,50.373042],[19.613959,50.372897],[19.615758,50.372333],[19.616167,50.372244],[19.61756,50.372223],[19.619992,50.372225],[19.621334,50.372128],[19.623337,50.37169],[19.624992,50.371294],[19.625365,50.371227],[19.625541,50.371216],[19.625926,50.371229],[19.627159,50.371424],[19.627604,50.371473],[19.62929,50.37155],[19.629625,50.371527],[19.630183,50.371366],[19.630358,50.371347],[19.630548,50.371383],[19.630626,50.371451],[19.630775,50.371678],[19.630845,50.371726],[19.630934,50.371761],[19.631086,50.37178],[19.631646,50.3718],[19.631802,50.371841],[19.632966,50.37238],[19.634981,50.373118],[19.635411,50.373328],[19.636747,50.37414],[19.63722,50.374528],[19.637315,50.374672],[19.63757,50.375419],[19.637748,50.375776],[19.637905,50.375947],[19.63814,50.376077],[19.640786,50.377154],[19.642517,50.377983],[19.643061,50.378118],[19.643307,50.378149],[19.644104,50.378169],[19.645741,50.377967]]}},{"type":"Feature","properties":{"line":"470","mode":"bus","color":"#999f01","oi":0,"n":1},"geometry":{"type":"LineString","coordinates":[[19.579688,50.406374],[19.579943,50.40642],[19.58025,50.406441],[19.581227,50.406256],[19.583133,50.405824],[19.583612,50.405741],[19.584532,50.405688],[19.584833,50.405629],[19.585089,50.40555],[19.585778,50.405261],[19.588379,50.404361],[19.588673,50.404265],[19.589008,50.404199],[19.590955,50.403922],[19.593026,50.403898],[19.594095,50.403796],[19.595026,50.403553],[19.595406,50.403344],[19.597219,50.401836],[19.597539,50.401329],[19.59922,50.397933],[19.599798,50.397071],[19.599806,50.397039],[19.599788,50.397008],[19.598852,50.396149],[19.593341,50.389879],[19.592742,50.389336],[19.591685,50.388483],[19.591378,50.388166],[19.590384,50.387014],[19.589422,50.386056],[19.589132,50.385673],[19.588765,50.384907]]}},{"type":"Feature","properties":{"line":"470","mode":"bus","color":"#999f01","oi":0,"n":1,"sw":1},"geometry":{"type":"LineString","coordinates":[[19.588766,50.384909],[19.588749,50.384873]]}},{"type":"Feature","properties":{"line":"470","mode":"bus","color":"#999f01","oi":0.017,"n":1,"sw":1},"geometry":{"type":"LineString","coordinates":[[19.588752,50.384878],[19.588734,50.384842]]}},{"type":"Feature","properties":{"line":"470","mode":"bus","color":"#999f01","oi":0.063,"n":1,"sw":1},"geometry":{"type":"LineString","coordinates":[[19.588737,50.384847],[19.58872,50.384811]]}},{"type":"Feature","properties":{"line":"470","mode":"bus","color":"#999f01","oi":0.13,"n":1,"sw":1},"geometry":{"type":"LineString","coordinates":[[19.588722,50.384816],[19.588705,50.38478]]}},{"type":"Feature","properties":{"line":"470","mode":"bus","color":"#999f01","oi":0.209,"n":1,"sw":1},"geometry":{"type":"LineString","coordinates":[[19.588707,50.384785],[19.58869,50.384749]]}},{"type":"Feature","properties":{"line":"470","mode":"bus","color":"#999f01","oi":0.291,"n":1,"sw":1},"geometry":{"type":"LineString","coordinates":[[19.588692,50.384754],[19.588675,50.384718]]}},{"type":"Feature","properties":{"line":"470","mode":"bus","color":"#999f01","oi":0.37,"n":1,"sw":1},"geometry":{"type":"LineString","coordinates":[[19.588678,50.384723],[19.58866,50.384687]]}},{"type":"Feature","properties":{"line":"470","mode":"bus","color":"#999f01","oi":0.437,"n":1,"sw":1},"geometry":{"type":"LineString","coordinates":[[19.588663,50.384693],[19.588645,50.384656]]}},{"type":"Feature","properties":{"line":"470","mode":"bus","color":"#999f01","oi":0.483,"n":1,"sw":1},"geometry":{"type":"LineString","coordinates":[[19.588648,50.384662],[19.588631,50.384625]]}},{"type":"Feature","properties":{"line":"470","mode":"bus","color":"#999f01","oi":0.5,"n":1,"sw":1},"geometry":{"type":"LineString","coordinates":[[19.588633,50.384631],[19.588617,50.384597]]}},{"type":"Feature","properties":{"line":"470","mode":"bus","color":"#999f01","oi":0.5,"n":2},"geometry":{"type":"LineString","coordinates":[[19.588617,50.384597],[19.587891,50.383324],[19.58767,50.382993],[19.586471,50.381676],[19.585472,50.380492]]}},{"type":"Feature","properties":{"line":"473","mode":"bus","color":"#f57145","oi":0.5,"n":4},"geometry":{"type":"LineString","coordinates":[[19.548134,50.284657],[19.548287,50.284705],[19.548371,50.284699],[19.548413,50.284702],[19.54845,50.284715],[19.548525,50.284757],[19.548756,50.284977],[19.54889,50.285047]]}},{"type":"Feature","properties":{"line":"473","mode":"bus","color":"#f57145","oi":0.5,"n":4},"geometry":{"type":"LineString","coordinates":[[19.618829,50.341755],[19.618888,50.341693],[19.618899,50.341673],[19.618894,50.341655],[19.618873,50.34164],[19.61684,50.340601],[19.61296,50.338528],[19.61248,50.338346],[19.601608,50.336122],[19.595723,50.335114],[19.595478,50.335095],[19.583452,50.335384],[19.582505,50.335423],[19.581154,50.335651],[19.578332,50.33633],[19.577674,50.336474],[19.577085,50.336569],[19.576378,50.336649],[19.575901,50.336678],[19.575421,50.33667],[19.574497,50.336591],[19.573969,50.336577],[19.573459,50.336619],[19.572448,50.336779],[19.57215,50.336794],[19.571421,50.336768],[19.570638,50.336681],[19.570065,50.336566],[19.568338,50.336119],[19.567596,50.335958],[19.566797,50.335836],[19.56511,50.335629],[19.564482,50.335575],[19.56331,50.335581],[19.563022,50.335613],[19.562595,50.335748]]}},{"type":"Feature","properties":{"line":"473","mode":"bus","color":"#f57145","oi":0,"n":3},"geometry":{"type":"LineString","coordinates":[[19.618419,50.342923],[19.618488,50.342644],[19.618708,50.34207]]}},{"type":"Feature","properties":{"line":"473","mode":"bus","color":"#f57145","oi":0,"n":3,"sw":1},"geometry":{"type":"LineString","coordinates":[[19.618707,50.342072],[19.618721,50.342036]]}},{"type":"Feature","properties":{"line":"473","mode":"bus","color":"#f57145","oi":0.017,"n":3,"sw":1},"geometry":{"type":"LineString","coordinates":[[19.618719,50.342041],[19.618733,50.342004]]}},{"type":"Feature","properties":{"line":"473","mode":"bus","color":"#f57145","oi":0.063,"n":3,"sw":1},"geometry":{"type":"LineString","coordinates":[[19.618731,50.342009],[19.618746,50.341973]]}},{"type":"Feature","properties":{"line":"473","mode":"bus","color":"#f57145","oi":0.13,"n":3,"sw":1},"geometry":{"type":"LineString","coordinates":[[19.618744,50.341978],[19.618758,50.341941]]}},{"type":"Feature","properties":{"line":"473","mode":"bus","color":"#f57145","oi":0.209,"n":3,"sw":1},"geometry":{"type":"LineString","coordinates":[[19.618756,50.341946],[19.61877,50.34191]]}},{"type":"Feature","properties":{"line":"473","mode":"bus","color":"#f57145","oi":0.291,"n":3,"sw":1},"geometry":{"type":"LineString","coordinates":[[19.618768,50.341915],[19.618782,50.341878]]}},{"type":"Feature","properties":{"line":"473","mode":"bus","color":"#f57145","oi":0.37,"n":3,"sw":1},"geometry":{"type":"LineString","coordinates":[[19.61878,50.341883],[19.618794,50.341847]]}},{"type":"Feature","properties":{"line":"473","mode":"bus","color":"#f57145","oi":0.437,"n":3,"sw":1},"geometry":{"type":"LineString","coordinates":[[19.618792,50.341852],[19.618806,50.341815]]}},{"type":"Feature","properties":{"line":"473","mode":"bus","color":"#f57145","oi":0.483,"n":3,"sw":1},"geometry":{"type":"LineString","coordinates":[[19.618804,50.341821],[19.618818,50.341784]]}},{"type":"Feature","properties":{"line":"473","mode":"bus","color":"#f57145","oi":0.5,"n":3,"sw":1},"geometry":{"type":"LineString","coordinates":[[19.618816,50.341789],[19.618829,50.341755]]}},{"type":"Feature","properties":{"line":"473","mode":"bus","color":"#f57145","oi":0.5,"n":2},"geometry":{"type":"LineString","coordinates":[[19.602809,50.361146],[19.603297,50.359862],[19.604624,50.353832],[19.604762,50.353579],[19.606582,50.3516],[19.607186,50.350705],[19.607505,50.350371],[19.610207,50.348459],[19.61103,50.34797],[19.612364,50.347022],[19.612909,50.346476],[19.613068,50.346376],[19.616779,50.344614],[19.617259,50.344356],[19.618186,50.343211]]}},{"type":"Feature","properties":{"line":"473","mode":"bus","color":"#f57145","oi":0.5,"n":2,"sw":1},"geometry":{"type":"LineString","coordinates":[[19.618184,50.343213],[19.618211,50.343179]]}},{"type":"Feature","properties":{"line":"473","mode":"bus","color":"#f57145","oi":0.483,"n":2,"sw":1},"geometry":{"type":"LineString","coordinates":[[19.618207,50.343184],[19.618235,50.343151]]}},{"type":"Feature","properties":{"line":"473","mode":"bus","color":"#f57145","oi":0.437,"n":2,"sw":1},"geometry":{"type":"LineString","coordinates":[[19.618231,50.343156],[19.618258,50.343122]]}},{"type":"Feature","properties":{"line":"473","mode":"bus","color":"#f57145","oi":0.37,"n":2,"sw":1},"geometry":{"type":"LineString","coordinates":[[19.618254,50.343127],[19.618281,50.343093]]}},{"type":"Feature","properties":{"line":"473","mode":"bus","color":"#f57145","oi":0.291,"n":2,"sw":1},"geometry":{"type":"LineString","coordinates":[[19.618277,50.343098],[19.618305,50.343064]]}},{"type":"Feature","properties":{"line":"473","mode":"bus","color":"#f57145","oi":0.209,"n":2,"sw":1},"geometry":{"type":"LineString","coordinates":[[19.618301,50.343069],[19.618328,50.343036]]}},{"type":"Feature","properties":{"line":"473","mode":"bus","color":"#f57145","oi":0.13,"n":2,"sw":1},"geometry":{"type":"LineString","coordinates":[[19.618324,50.34304],[19.618351,50.343007]]}},{"type":"Feature","properties":{"line":"473","mode":"bus","color":"#f57145","oi":0.063,"n":2,"sw":1},"geometry":{"type":"LineString","coordinates":[[19.618347,50.343012],[19.618374,50.342978]]}},{"type":"Feature","properties":{"line":"473","mode":"bus","color":"#f57145","oi":0.017,"n":2,"sw":1},"geometry":{"type":"LineString","coordinates":[[19.61837,50.342983],[19.618398,50.342949]]}},{"type":"Feature","properties":{"line":"473","mode":"bus","color":"#f57145","oi":0,"n":2,"sw":1},"geometry":{"type":"LineString","coordinates":[[19.618394,50.342954],[19.618419,50.342923]]}},{"type":"Feature","properties":{"line":"473","mode":"bus","color":"#f57145","oi":0,"n":1},"geometry":{"type":"LineString","coordinates":[[19.612364,50.347022],[19.613685,50.348207],[19.618915,50.353078],[19.618932,50.35309],[19.61895,50.353095],[19.61897,50.353093],[19.618991,50.353085],[19.619281,50.352936],[19.619314,50.35291],[19.619326,50.352877],[19.619342,50.352387],[19.619523,50.350283],[19.619401,50.350121],[19.61905,50.349776],[19.614555,50.345681]]}},{"type":"Feature","properties":{"line":"474","mode":"bus","color":"#4d4aba","oi":-0.5,"n":4},"geometry":{"type":"LineString","coordinates":[[19.548134,50.284657],[19.548287,50.284705],[19.548371,50.284699],[19.548413,50.284702],[19.54845,50.284715],[19.548525,50.284757],[19.548756,50.284977],[19.54889,50.285047]]}},{"type":"Feature","properties":{"line":"474","mode":"bus","color":"#4d4aba","oi":-0.5,"n":4},"geometry":{"type":"LineString","coordinates":[[19.618829,50.341755],[19.618888,50.341693],[19.618899,50.341673],[19.618894,50.341655],[19.618873,50.34164],[19.61684,50.340601],[19.61296,50.338528],[19.61248,50.338346],[19.601608,50.336122],[19.595723,50.335114],[19.595478,50.335095],[19.583452,50.335384],[19.582505,50.335423],[19.581154,50.335651],[19.578332,50.33633],[19.577674,50.336474],[19.577085,50.336569],[19.576378,50.336649],[19.575901,50.336678],[19.575421,50.33667],[19.574497,50.336591],[19.573969,50.336577],[19.573459,50.336619],[19.572448,50.336779],[19.57215,50.336794],[19.571421,50.336768],[19.570638,50.336681],[19.570065,50.336566],[19.568338,50.336119],[19.567596,50.335958],[19.566797,50.335836],[19.56511,50.335629],[19.564482,50.335575],[19.56331,50.335581],[19.563022,50.335613],[19.562595,50.335748]]}},{"type":"Feature","properties":{"line":"474","mode":"bus","color":"#4d4aba","oi":-1,"n":3},"geometry":{"type":"LineString","coordinates":[[19.618503,50.342604],[19.618708,50.34207]]}},{"type":"Feature","properties":{"line":"474","mode":"bus","color":"#4d4aba","oi":0,"n":3,"sw":1},"geometry":{"type":"LineString","coordinates":[[19.618419,50.342923],[19.618424,50.342903]]}},{"type":"Feature","properties":{"line":"474","mode":"bus","color":"#4d4aba","oi":-0.01,"n":3,"sw":1},"geometry":{"type":"LineString","coordinates":[[19.618423,50.342908],[19.618428,50.342885]]}},{"type":"Feature","properties":{"line":"474","mode":"bus","color":"#4d4aba","oi":-0.038,"n":3,"sw":1},"geometry":{"type":"LineString","coordinates":[[19.618427,50.34289],[19.618433,50.342867]]}},{"type":"Feature","properties":{"line":"474","mode":"bus","color":"#4d4aba","oi":-0.082,"n":3,"sw":1},"geometry":{"type":"LineString","coordinates":[[19.618432,50.342872],[19.618437,50.342849]]}},{"type":"Feature","properties":{"line":"474","mode":"bus","color":"#4d4aba","oi":-0.14,"n":3,"sw":1},"geometry":{"type":"LineString","coordinates":[[19.618436,50.342855],[19.618442,50.342831]]}},{"type":"Feature","properties":{"line":"474","mode":"bus","color":"#4d4aba","oi":-0.209,"n":3,"sw":1},"geometry":{"type":"LineString","coordinates":[[19.61844,50.342837],[19.618446,50.342814]]}},{"type":"Feature","properties":{"line":"474","mode":"bus","color":"#4d4aba","oi":-0.286,"n":3,"sw":1},"geometry":{"type":"LineString","coordinates":[[19.618445,50.342819],[19.61845,50.342796]]}},{"type":"Feature","properties":{"line":"474","mode":"bus","color":"#4d4aba","oi":-0.369,"n":3,"sw":1},"geometry":{"type":"LineString","coordinates":[[19.618449,50.342801],[19.618455,50.342778]]}},{"type":"Feature","properties":{"line":"474","mode":"bus","color":"#4d4aba","oi":-0.456,"n":3,"sw":1},"geometry":{"type":"LineString","coordinates":[[19.618454,50.342783],[19.618459,50.34276]]}},{"type":"Feature","properties":{"line":"474","mode":"bus","color":"#4d4aba","oi":-0.544,"n":3,"sw":1},"geometry":{"type":"LineString","coordinates":[[19.618458,50.342766],[19.618464,50.342743]]}},{"type":"Feature","properties":{"line":"474","mode":"bus","color":"#4d4aba","oi":-0.631,"n":3,"sw":1},"geometry":{"type":"LineString","coordinates":[[19.618462,50.342748],[19.618468,50.342725]]}},{"type":"Feature","properties":{"line":"474","mode":"bus","color":"#4d4aba","oi":-0.714,"n":3,"sw":1},"geometry":{"type":"LineString","coordinates":[[19.618467,50.34273],[19.618472,50.342707]]}},{"type":"Feature","properties":{"line":"474","mode":"bus","color":"#4d4aba","oi":-0.791,"n":3,"sw":1},"geometry":{"type":"LineString","coordinates":[[19.618471,50.342712],[19.618477,50.342689]]}},{"type":"Feature","properties":{"line":"474","mode":"bus","color":"#4d4aba","oi":-0.86,"n":3,"sw":1},"geometry":{"type":"LineString","coordinates":[[19.618475,50.342695],[19.618481,50.342671]]}},{"type":"Feature","properties":{"line":"474","mode":"bus","color":"#4d4aba","oi":-0.918,"n":3,"sw":1},"geometry":{"type":"LineString","coordinates":[[19.61848,50.342677],[19.618486,50.342654]]}},{"type":"Feature","properties":{"line":"474","mode":"bus","color":"#4d4aba","oi":-0.962,"n":3,"sw":1},"geometry":{"type":"LineString","coordinates":[[19.618484,50.342659],[19.618488,50.342644],[19.618491,50.342636]]}},{"type":"Feature","properties":{"line":"474","mode":"bus","color":"#4d4aba","oi":-0.99,"n":3,"sw":1},"geometry":{"type":"LineString","coordinates":[[19.618489,50.342641],[19.618498,50.342619]]}},{"type":"Feature","properties":{"line":"474","mode":"bus","color":"#4d4aba","oi":-1,"n":3,"sw":1},"geometry":{"type":"LineString","coordinates":[[19.618496,50.342624],[19.618504,50.342601]]}},{"type":"Feature","properties":{"line":"474","mode":"bus","color":"#4d4aba","oi":-1,"n":3,"sw":1},"geometry":{"type":"LineString","coordinates":[[19.618707,50.342072],[19.618721,50.342036]]}},{"type":"Feature","properties":{"line":"474","mode":"bus","color":"#4d4aba","oi":-0.983,"n":3,"sw":1},"geometry":{"type":"LineString","coordinates":[[19.618719,50.342041],[19.618733,50.342004]]}},{"type":"Feature","properties":{"line":"474","mode":"bus","color":"#4d4aba","oi":-0.937,"n":3,"sw":1},"geometry":{"type":"LineString","coordinates":[[19.618731,50.342009],[19.618746,50.341973]]}},{"type":"Feature","properties":{"line":"474","mode":"bus","color":"#4d4aba","oi":-0.87,"n":3,"sw":1},"geometry":{"type":"LineString","coordinates":[[19.618744,50.341978],[19.618758,50.341941]]}},{"type":"Feature","properties":{"line":"474","mode":"bus","color":"#4d4aba","oi":-0.791,"n":3,"sw":1},"geometry":{"type":"LineString","coordinates":[[19.618756,50.341946],[19.61877,50.34191]]}},{"type":"Feature","properties":{"line":"474","mode":"bus","color":"#4d4aba","oi":-0.709,"n":3,"sw":1},"geometry":{"type":"LineString","coordinates":[[19.618768,50.341915],[19.618782,50.341878]]}},{"type":"Feature","properties":{"line":"474","mode":"bus","color":"#4d4aba","oi":-0.63,"n":3,"sw":1},"geometry":{"type":"LineString","coordinates":[[19.61878,50.341883],[19.618794,50.341847]]}},{"type":"Feature","properties":{"line":"474","mode":"bus","color":"#4d4aba","oi":-0.563,"n":3,"sw":1},"geometry":{"type":"LineString","coordinates":[[19.618792,50.341852],[19.618806,50.341815]]}},{"type":"Feature","properties":{"line":"474","mode":"bus","color":"#4d4aba","oi":-0.517,"n":3,"sw":1},"geometry":{"type":"LineString","coordinates":[[19.618804,50.341821],[19.618818,50.341784]]}},{"type":"Feature","properties":{"line":"474","mode":"bus","color":"#4d4aba","oi":-0.5,"n":3,"sw":1},"geometry":{"type":"LineString","coordinates":[[19.618816,50.341789],[19.618829,50.341755]]}},{"type":"Feature","properties":{"line":"474","mode":"bus","color":"#4d4aba","oi":-0.5,"n":2},"geometry":{"type":"LineString","coordinates":[[19.641768,50.385682],[19.641742,50.385593],[19.641747,50.385493],[19.642097,50.384076],[19.642238,50.383683],[19.642697,50.383001],[19.642675,50.382562],[19.642683,50.382529],[19.642712,50.3825],[19.644997,50.381002],[19.645562,50.380867],[19.646453,50.380698],[19.646823,50.380683],[19.646993,50.3807],[19.647018,50.380701],[19.647036,50.380696],[19.647048,50.380685],[19.647054,50.38067],[19.647076,50.380519],[19.646017,50.378571],[19.645741,50.377967],[19.64073,50.366439],[19.640633,50.366146],[19.640594,50.365919],[19.640599,50.365701],[19.640688,50.365182],[19.642512,50.360712],[19.642606,50.360295],[19.642503,50.359987],[19.642352,50.359828],[19.641878,50.35951],[19.624015,50.348849],[19.623817,50.348674],[19.623151,50.34797],[19.618679,50.343201]]}},{"type":"Feature","properties":{"line":"474","mode":"bus","color":"#4d4aba","oi":0,"n":2,"sw":1},"geometry":{"type":"LineString","coordinates":[[19.641968,50.385974],[19.641939,50.385944]]}},{"type":"Feature","properties":{"line":"474","mode":"bus","color":"#4d4aba","oi":-0.017,"n":2,"sw":1},"geometry":{"type":"LineString","coordinates":[[19.641944,50.385949],[19.641912,50.385917]]}},{"type":"Feature","properties":{"line":"474","mode":"bus","color":"#4d4aba","oi":-0.063,"n":2,"sw":1},"geometry":{"type":"LineString","coordinates":[[19.641917,50.385921],[19.641886,50.385889]]}},{"type":"Feature","properties":{"line":"474","mode":"bus","color":"#4d4aba","oi":-0.13,"n":2,"sw":1},"geometry":{"type":"LineString","coordinates":[[19.64189,50.385894],[19.641859,50.385862]]}},{"type":"Feature","properties":{"line":"474","mode":"bus","color":"#4d4aba","oi":-0.209,"n":2,"sw":1},"geometry":{"type":"LineString","coordinates":[[19.641863,50.385866],[19.641832,50.385834]]}},{"type":"Feature","properties":{"line":"474","mode":"bus","color":"#4d4aba","oi":-0.291,"n":2,"sw":1},"geometry":{"type":"LineString","coordinates":[[19.641837,50.385839],[19.641806,50.385807]]}},{"type":"Feature","properties":{"line":"474","mode":"bus","color":"#4d4aba","oi":-0.37,"n":2,"sw":1},"geometry":{"type":"LineString","coordinates":[[19.64181,50.385811],[19.641803,50.385804],[19.641795,50.385775]]}},{"type":"Feature","properties":{"line":"474","mode":"bus","color":"#4d4aba","oi":-0.437,"n":2,"sw":1},"geometry":{"type":"LineString","coordinates":[[19.641796,50.38578],[19.641785,50.385743]]}},{"type":"Feature","properties":{"line":"474","mode":"bus","color":"#4d4aba","oi":-0.483,"n":2,"sw":1},"geometry":{"type":"LineString","coordinates":[[19.641787,50.385749],[19.641776,50.385711]]}},{"type":"Feature","properties":{"line":"474","mode":"bus","color":"#4d4aba","oi":-0.5,"n":2,"sw":1},"geometry":{"type":"LineString","coordinates":[[19.641778,50.385717],[19.641767,50.38568]]}},{"type":"Feature","properties":{"line":"474","mode":"bus","color":"#4d4aba","oi":-0.5,"n":2,"sw":1},"geometry":{"type":"LineString","coordinates":[[19.618682,50.343203],[19.618651,50.343171]]}},{"type":"Feature","properties":{"line":"474","mode":"bus","color":"#4d4aba","oi":-0.483,"n":2,"sw":1},"geometry":{"type":"LineString","coordinates":[[19.618656,50.343175],[19.618625,50.343143]]}},{"type":"Feature","properties":{"line":"474","mode":"bus","color":"#4d4aba","oi":-0.437,"n":2,"sw":1},"geometry":{"type":"LineString","coordinates":[[19.61863,50.343148],[19.618599,50.343115]]}},{"type":"Feature","properties":{"line":"474","mode":"bus","color":"#4d4aba","oi":-0.37,"n":2,"sw":1},"geometry":{"type":"LineString","coordinates":[[19.618603,50.34312],[19.618573,50.343087]]}},{"type":"Feature","properties":{"line":"474","mode":"bus","color":"#4d4aba","oi":-0.291,"n":2,"sw":1},"geometry":{"type":"LineString","coordinates":[[19.618577,50.343092],[19.618547,50.34306]]}},{"type":"Feature","properties":{"line":"474","mode":"bus","color":"#4d4aba","oi":-0.209,"n":2,"sw":1},"geometry":{"type":"LineString","coordinates":[[19.618551,50.343064],[19.618521,50.343032]]}},{"type":"Feature","properties":{"line":"474","mode":"bus","color":"#4d4aba","oi":-0.13,"n":2,"sw":1},"geometry":{"type":"LineString","coordinates":[[19.618525,50.343036],[19.618495,50.343004]]}},{"type":"Feature","properties":{"line":"474","mode":"bus","color":"#4d4aba","oi":-0.063,"n":2,"sw":1},"geometry":{"type":"LineString","coordinates":[[19.618499,50.343009],[19.618469,50.342976]]}},{"type":"Feature","properties":{"line":"474","mode":"bus","color":"#4d4aba","oi":-0.017,"n":2,"sw":1},"geometry":{"type":"LineString","coordinates":[[19.618473,50.342981],[19.618443,50.342948]]}},{"type":"Feature","properties":{"line":"474","mode":"bus","color":"#4d4aba","oi":0,"n":2,"sw":1},"geometry":{"type":"LineString","coordinates":[[19.618447,50.342953],[19.618419,50.342923]]}},{"type":"Feature","properties":{"line":"474","mode":"bus","color":"#4d4aba","oi":-0.5,"n":2},"geometry":{"type":"LineString","coordinates":[[19.641906,50.386293],[19.641895,50.387299],[19.641853,50.387573],[19.641688,50.38781],[19.641631,50.387985],[19.641135,50.388541],[19.64106,50.388663],[19.641023,50.388796],[19.641069,50.389377],[19.641061,50.38941],[19.641032,50.389438],[19.640866,50.389541],[19.640474,50.38956],[19.639994,50.389488],[19.639329,50.389426],[19.635365,50.38968],[19.634581,50.38981],[19.631492,50.390406],[19.630934,50.390545],[19.630497,50.390713],[19.630357,50.390815],[19.629705,50.391796],[19.629701,50.391882],[19.629803,50.392038],[19.630666,50.392615],[19.6312,50.393557],[19.631337,50.393747],[19.631428,50.393788],[19.631611,50.393813],[19.632567,50.394136],[19.633529,50.394416],[19.633682,50.394442],[19.633833,50.39444],[19.636035,50.394025],[19.637416,50.393675],[19.637906,50.393577],[19.64072,50.393341],[19.640986,50.393328],[19.641498,50.393353],[19.642035,50.39343],[19.644064,50.393802],[19.644088,50.393804],[19.644106,50.393801],[19.644119,50.393791],[19.644125,50.393776],[19.644351,50.392619],[19.644498,50.392301],[19.645337,50.391451],[19.645479,50.391181],[19.645618,50.390287],[19.645645,50.389815],[19.645548,50.389073],[19.645395,50.387358],[19.645331,50.387147],[19.645138,50.386888],[19.644667,50.386646],[19.642414,50.386127]]}},{"type":"Feature","properties":{"line":"474","mode":"bus","color":"#4d4aba","oi":0,"n":2,"sw":1},"geometry":{"type":"LineString","coordinates":[[19.641968,50.385974],[19.641954,50.386008]]}},{"type":"Feature","properties":{"line":"474","mode":"bus","color":"#4d4aba","oi":-0.017,"n":2,"sw":1},"geometry":{"type":"LineString","coordinates":[[19.641956,50.386003],[19.641942,50.386039]]}},{"type":"Feature","properties":{"line":"474","mode":"bus","color":"#4d4aba","oi":-0.063,"n":2,"sw":1},"geometry":{"type":"LineString","coordinates":[[19.641944,50.386034],[19.641929,50.386071]]}},{"type":"Feature","properties":{"line":"474","mode":"bus","color":"#4d4aba","oi":-0.13,"n":2,"sw":1},"geometry":{"type":"LineString","coordinates":[[19.641931,50.386066],[19.641917,50.386102]]}},{"type":"Feature","properties":{"line":"474","mode":"bus","color":"#4d4aba","oi":-0.209,"n":2,"sw":1},"geometry":{"type":"LineString","coordinates":[[19.641919,50.386097],[19.641908,50.386124],[19.641908,50.386134]]}},{"type":"Feature","properties":{"line":"474","mode":"bus","color":"#4d4aba","oi":-0.291,"n":2,"sw":1},"geometry":{"type":"LineString","coordinates":[[19.641908,50.386128],[19.641908,50.386166]]}},{"type":"Feature","properties":{"line":"474","mode":"bus","color":"#4d4aba","oi":-0.37,"n":2,"sw":1},"geometry":{"type":"LineString","coordinates":[[19.641908,50.386161],[19.641907,50.386199]]}},{"type":"Feature","properties":{"line":"474","mode":"bus","color":"#4d4aba","oi":-0.437,"n":2,"sw":1},"geometry":{"type":"LineString","coordinates":[[19.641907,50.386193],[19.641907,50.386231]]}},{"type":"Feature","properties":{"line":"474","mode":"bus","color":"#4d4aba","oi":-0.483,"n":2,"sw":1},"geometry":{"type":"LineString","coordinates":[[19.641907,50.386226],[19.641906,50.386263]]}},{"type":"Feature","properties":{"line":"474","mode":"bus","color":"#4d4aba","oi":-0.5,"n":2,"sw":1},"geometry":{"type":"LineString","coordinates":[[19.641907,50.386258],[19.641906,50.386296]]}},{"type":"Feature","properties":{"line":"474","mode":"bus","color":"#4d4aba","oi":-0.5,"n":2,"sw":1},"geometry":{"type":"LineString","coordinates":[[19.642418,50.386128],[19.642367,50.386116],[19.642363,50.386114]]}},{"type":"Feature","properties":{"line":"474","mode":"bus","color":"#4d4aba","oi":-0.483,"n":2,"sw":1},"geometry":{"type":"LineString","coordinates":[[19.64237,50.386117],[19.642367,50.386116],[19.642318,50.386099]]}},{"type":"Feature","properties":{"line":"474","mode":"bus","color":"#4d4aba","oi":-0.437,"n":2,"sw":1},"geometry":{"type":"LineString","coordinates":[[19.642326,50.386101],[19.642274,50.386083]]}},{"type":"Feature","properties":{"line":"474","mode":"bus","color":"#4d4aba","oi":-0.37,"n":2,"sw":1},"geometry":{"type":"LineString","coordinates":[[19.642281,50.386086],[19.64223,50.386067]]}},{"type":"Feature","properties":{"line":"474","mode":"bus","color":"#4d4aba","oi":-0.291,"n":2,"sw":1},"geometry":{"type":"LineString","coordinates":[[19.642237,50.38607],[19.642186,50.386051]]}},{"type":"Feature","properties":{"line":"474","mode":"bus","color":"#4d4aba","oi":-0.209,"n":2,"sw":1},"geometry":{"type":"LineString","coordinates":[[19.642193,50.386054],[19.642141,50.386036]]}},{"type":"Feature","properties":{"line":"474","mode":"bus","color":"#4d4aba","oi":-0.13,"n":2,"sw":1},"geometry":{"type":"LineString","coordinates":[[19.642149,50.386038],[19.642097,50.38602]]}},{"type":"Feature","properties":{"line":"474","mode":"bus","color":"#4d4aba","oi":-0.063,"n":2,"sw":1},"geometry":{"type":"LineString","coordinates":[[19.642104,50.386023],[19.642053,50.386004]]}},{"type":"Feature","properties":{"line":"474","mode":"bus","color":"#4d4aba","oi":-0.017,"n":2,"sw":1},"geometry":{"type":"LineString","coordinates":[[19.64206,50.386007],[19.642009,50.385988]]}},{"type":"Feature","properties":{"line":"474","mode":"bus","color":"#4d4aba","oi":0,"n":2,"sw":1},"geometry":{"type":"LineString","coordinates":[[19.642016,50.385991],[19.641968,50.385974]]}},{"type":"Feature","properties":{"line":"474","mode":"bus","color":"#4d4aba","oi":0.5,"n":4},"geometry":{"type":"LineString","coordinates":[[19.55692,50.283591],[19.557122,50.283047]]}},{"type":"Feature","properties":{"line":"474","mode":"bus","color":"#4d4aba","oi":0.5,"n":4},"geometry":{"type":"LineString","coordinates":[[19.559008,50.291672],[19.558945,50.291684]]}},{"type":"Feature","properties":{"line":"474","mode":"bus","color":"#4d4aba","oi":-0.5,"n":2},"geometry":{"type":"LineString","coordinates":[[19.602809,50.361146],[19.603297,50.359862],[19.604624,50.353832],[19.604762,50.353579],[19.606582,50.3516],[19.607186,50.350705],[19.607505,50.350371],[19.610207,50.348459],[19.61103,50.34797],[19.612364,50.347022],[19.612909,50.346476],[19.613068,50.346376],[19.616779,50.344614],[19.617259,50.344356],[19.618186,50.343211]]}},{"type":"Feature","properties":{"line":"474","mode":"bus","color":"#4d4aba","oi":-0.5,"n":2,"sw":1},"geometry":{"type":"LineString","coordinates":[[19.618184,50.343213],[19.618211,50.343179]]}},{"type":"Feature","properties":{"line":"474","mode":"bus","color":"#4d4aba","oi":-0.483,"n":2,"sw":1},"geometry":{"type":"LineString","coordinates":[[19.618207,50.343184],[19.618235,50.343151]]}},{"type":"Feature","properties":{"line":"474","mode":"bus","color":"#4d4aba","oi":-0.437,"n":2,"sw":1},"geometry":{"type":"LineString","coordinates":[[19.618231,50.343156],[19.618258,50.343122]]}},{"type":"Feature","properties":{"line":"474","mode":"bus","color":"#4d4aba","oi":-0.37,"n":2,"sw":1},"geometry":{"type":"LineString","coordinates":[[19.618254,50.343127],[19.618281,50.343093]]}},{"type":"Feature","properties":{"line":"474","mode":"bus","color":"#4d4aba","oi":-0.291,"n":2,"sw":1},"geometry":{"type":"LineString","coordinates":[[19.618277,50.343098],[19.618305,50.343064]]}},{"type":"Feature","properties":{"line":"474","mode":"bus","color":"#4d4aba","oi":-0.209,"n":2,"sw":1},"geometry":{"type":"LineString","coordinates":[[19.618301,50.343069],[19.618328,50.343036]]}},{"type":"Feature","properties":{"line":"474","mode":"bus","color":"#4d4aba","oi":-0.13,"n":2,"sw":1},"geometry":{"type":"LineString","coordinates":[[19.618324,50.34304],[19.618351,50.343007]]}},{"type":"Feature","properties":{"line":"474","mode":"bus","color":"#4d4aba","oi":-0.063,"n":2,"sw":1},"geometry":{"type":"LineString","coordinates":[[19.618347,50.343012],[19.618374,50.342978]]}},{"type":"Feature","properties":{"line":"474","mode":"bus","color":"#4d4aba","oi":-0.017,"n":2,"sw":1},"geometry":{"type":"LineString","coordinates":[[19.61837,50.342983],[19.618398,50.342949]]}},{"type":"Feature","properties":{"line":"474","mode":"bus","color":"#4d4aba","oi":0,"n":2,"sw":1},"geometry":{"type":"LineString","coordinates":[[19.618394,50.342954],[19.618419,50.342923]]}},{"type":"Feature","properties":{"line":"474","mode":"bus","color":"#4d4aba","oi":0.5,"n":2},"geometry":{"type":"LineString","coordinates":[[19.574475,50.320549],[19.565111,50.318311],[19.564644,50.31817],[19.564104,50.317942],[19.562511,50.317096]]}},{"type":"Feature","properties":{"line":"474","mode":"bus","color":"#4d4aba","oi":0.5,"n":2,"sw":1},"geometry":{"type":"LineString","coordinates":[[19.562514,50.317098],[19.562468,50.317073]]}},{"type":"Feature","properties":{"line":"474","mode":"bus","color":"#4d4aba","oi":0.483,"n":2,"sw":1},"geometry":{"type":"LineString","coordinates":[[19.562475,50.317077],[19.562429,50.317053]]}},{"type":"Feature","properties":{"line":"474","mode":"bus","color":"#4d4aba","oi":0.437,"n":2,"sw":1},"geometry":{"type":"LineString","coordinates":[[19.562436,50.317056],[19.56239,50.317032]]}},{"type":"Feature","properties":{"line":"474","mode":"bus","color":"#4d4aba","oi":0.37,"n":2,"sw":1},"geometry":{"type":"LineString","coordinates":[[19.562397,50.317036],[19.562352,50.317011]]}},{"type":"Feature","properties":{"line":"474","mode":"bus","color":"#4d4aba","oi":0.291,"n":2,"sw":1},"geometry":{"type":"LineString","coordinates":[[19.562358,50.317015],[19.562313,50.316991]]}},{"type":"Feature","properties":{"line":"474","mode":"bus","color":"#4d4aba","oi":0.209,"n":2,"sw":1},"geometry":{"type":"LineString","coordinates":[[19.562319,50.316994],[19.562274,50.31697]]}},{"type":"Feature","properties":{"line":"474","mode":"bus","color":"#4d4aba","oi":0.13,"n":2,"sw":1},"geometry":{"type":"LineString","coordinates":[[19.56228,50.316973],[19.562235,50.316949]]}},{"type":"Feature","properties":{"line":"474","mode":"bus","color":"#4d4aba","oi":0.063,"n":2,"sw":1},"geometry":{"type":"LineString","coordinates":[[19.562241,50.316953],[19.562196,50.316929]]}},{"type":"Feature","properties":{"line":"474","mode":"bus","color":"#4d4aba","oi":0.017,"n":2,"sw":1},"geometry":{"type":"LineString","coordinates":[[19.562202,50.316932],[19.562157,50.316908]]}},{"type":"Feature","properties":{"line":"474","mode":"bus","color":"#4d4aba","oi":0,"n":2,"sw":1},"geometry":{"type":"LineString","coordinates":[[19.562163,50.316911],[19.562121,50.316889]]}},{"type":"Feature","properties":{"line":"474","mode":"bus","color":"#4d4aba","oi":0,"n":1},"geometry":{"type":"LineString","coordinates":[[19.590921,50.335208],[19.590924,50.335129],[19.590469,50.334085],[19.590333,50.333536],[19.589718,50.33276],[19.589661,50.332625],[19.589404,50.330488],[19.589328,50.330187],[19.589155,50.329886],[19.587894,50.328353],[19.587058,50.327673],[19.585318,50.326449],[19.584276,50.32555],[19.584123,50.325347],[19.584065,50.325116],[19.58407,50.324738],[19.584106,50.32455],[19.584921,50.323149],[19.584933,50.323097],[19.584932,50.323082],[19.584921,50.323069],[19.584891,50.323047],[19.576545,50.321071],[19.574946,50.320668]]}},{"type":"Feature","properties":{"line":"474","mode":"bus","color":"#4d4aba","oi":0,"n":1,"sw":1},"geometry":{"type":"LineString","coordinates":[[19.57495,50.320669],[19.574895,50.320655]]}},{"type":"Feature","properties":{"line":"474","mode":"bus","color":"#4d4aba","oi":0.017,"n":1,"sw":1},"geometry":{"type":"LineString","coordinates":[[19.574903,50.320657],[19.574848,50.320643]]}},{"type":"Feature","properties":{"line":"474","mode":"bus","color":"#4d4aba","oi":0.063,"n":1,"sw":1},"geometry":{"type":"LineString","coordinates":[[19.574856,50.320645],[19.574801,50.320631]]}},{"type":"Feature","properties":{"line":"474","mode":"bus","color":"#4d4aba","oi":0.13,"n":1,"sw":1},"geometry":{"type":"LineString","coordinates":[[19.574809,50.320633],[19.574754,50.320619]]}},{"type":"Feature","properties":{"line":"474","mode":"bus","color":"#4d4aba","oi":0.209,"n":1,"sw":1},"geometry":{"type":"LineString","coordinates":[[19.574762,50.320621],[19.574707,50.320607]]}},{"type":"Feature","properties":{"line":"474","mode":"bus","color":"#4d4aba","oi":0.291,"n":1,"sw":1},"geometry":{"type":"LineString","coordinates":[[19.574714,50.320609],[19.574659,50.320596]]}},{"type":"Feature","properties":{"line":"474","mode":"bus","color":"#4d4aba","oi":0.37,"n":1,"sw":1},"geometry":{"type":"LineString","coordinates":[[19.574667,50.320598],[19.574612,50.320584]]}},{"type":"Feature","properties":{"line":"474","mode":"bus","color":"#4d4aba","oi":0.437,"n":1,"sw":1},"geometry":{"type":"LineString","coordinates":[[19.57462,50.320586],[19.574565,50.320572]]}},{"type":"Feature","properties":{"line":"474","mode":"bus","color":"#4d4aba","oi":0.483,"n":1,"sw":1},"geometry":{"type":"LineString","coordinates":[[19.574573,50.320574],[19.574518,50.32056]]}},{"type":"Feature","properties":{"line":"474","mode":"bus","color":"#4d4aba","oi":0.5,"n":1,"sw":1},"geometry":{"type":"LineString","coordinates":[[19.574526,50.320562],[19.574475,50.320549]]}},{"type":"Feature","properties":{"line":"474","mode":"bus","color":"#4d4aba","oi":0,"n":1},"geometry":{"type":"LineString","coordinates":[[19.602629,50.361121],[19.602809,50.361146]]}},{"type":"Feature","properties":{"line":"476","mode":"bus","color":"#b0045c","oi":-1.5,"n":4},"geometry":{"type":"LineString","coordinates":[[19.548134,50.284657],[19.548287,50.284705],[19.548371,50.284699],[19.548413,50.284702],[19.54845,50.284715],[19.548525,50.284757],[19.548756,50.284977],[19.54889,50.285047]]}},{"type":"Feature","properties":{"line":"476","mode":"bus","color":"#b0045c","oi":-1.5,"n":4},"geometry":{"type":"LineString","coordinates":[[19.618829,50.341755],[19.618888,50.341693],[19.618899,50.341673],[19.618894,50.341655],[19.618873,50.34164],[19.61684,50.340601],[19.61296,50.338528],[19.61248,50.338346],[19.601608,50.336122],[19.595723,50.335114],[19.595478,50.335095],[19.583452,50.335384],[19.582505,50.335423],[19.581154,50.335651],[19.578332,50.33633],[19.577674,50.336474],[19.577085,50.336569],[19.576378,50.336649],[19.575901,50.336678],[19.575421,50.33667],[19.574497,50.336591],[19.573969,50.336577],[19.573459,50.336619],[19.572448,50.336779],[19.57215,50.336794],[19.571421,50.336768],[19.570638,50.336681],[19.570065,50.336566],[19.568338,50.336119],[19.567596,50.335958],[19.566797,50.335836],[19.56511,50.335629],[19.564482,50.335575],[19.56331,50.335581],[19.563022,50.335613],[19.562595,50.335748]]}},{"type":"Feature","properties":{"line":"476","mode":"bus","color":"#b0045c","oi":-0.5,"n":2},"geometry":{"type":"LineString","coordinates":[[19.588617,50.384597],[19.587891,50.383324],[19.58767,50.382993],[19.586471,50.381676],[19.585472,50.380492]]}},{"type":"Feature","properties":{"line":"476","mode":"bus","color":"#b0045c","oi":0,"n":1},"geometry":{"type":"LineString","coordinates":[[19.585232,50.380207],[19.583141,50.377725],[19.578428,50.37204],[19.577658,50.371127],[19.57725,50.370742],[19.577026,50.370605],[19.576579,50.370393],[19.575119,50.369838],[19.574197,50.369521],[19.571557,50.368677],[19.571103,50.368499],[19.570848,50.368375],[19.570478,50.368143],[19.568387,50.366756],[19.568022,50.366462],[19.566896,50.365218],[19.566703,50.36503],[19.566546,50.364918],[19.566102,50.364645],[19.561603,50.362177],[19.561357,50.361996],[19.561213,50.36184],[19.56086,50.36116],[19.560145,50.359289],[19.560047,50.359201],[19.559771,50.359032]]}},{"type":"Feature","properties":{"line":"476","mode":"bus","color":"#b0045c","oi":-0.5,"n":1,"sw":1},"geometry":{"type":"LineString","coordinates":[[19.585472,50.380492],[19.585446,50.380461]]}},{"type":"Feature","properties":{"line":"476","mode":"bus","color":"#b0045c","oi":-0.483,"n":1,"sw":1},"geometry":{"type":"LineString","coordinates":[[19.58545,50.380466],[19.585422,50.380433]]}},{"type":"Feature","properties":{"line":"476","mode":"bus","color":"#b0045c","oi":-0.437,"n":1,"sw":1},"geometry":{"type":"LineString","coordinates":[[19.585426,50.380437],[19.585398,50.380404]]}},{"type":"Feature","properties":{"line":"476","mode":"bus","color":"#b0045c","oi":-0.37,"n":1,"sw":1},"geometry":{"type":"LineString","coordinates":[[19.585402,50.380409],[19.585374,50.380376]]}},{"type":"Feature","properties":{"line":"476","mode":"bus","color":"#b0045c","oi":-0.291,"n":1,"sw":1},"geometry":{"type":"LineString","coordinates":[[19.585378,50.38038],[19.58535,50.380347]]}},{"type":"Feature","properties":{"line":"476","mode":"bus","color":"#b0045c","oi":-0.209,"n":1,"sw":1},"geometry":{"type":"LineString","coordinates":[[19.585354,50.380352],[19.585326,50.380319]]}},{"type":"Feature","properties":{"line":"476","mode":"bus","color":"#b0045c","oi":-0.13,"n":1,"sw":1},"geometry":{"type":"LineString","coordinates":[[19.58533,50.380323],[19.585302,50.38029]]}},{"type":"Feature","properties":{"line":"476","mode":"bus","color":"#b0045c","oi":-0.063,"n":1,"sw":1},"geometry":{"type":"LineString","coordinates":[[19.585306,50.380295],[19.585278,50.380261]]}},{"type":"Feature","properties":{"line":"476","mode":"bus","color":"#b0045c","oi":-0.017,"n":1,"sw":1},"geometry":{"type":"LineString","coordinates":[[19.585282,50.380266],[19.585254,50.380233]]}},{"type":"Feature","properties":{"line":"476","mode":"bus","color":"#b0045c","oi":0,"n":1,"sw":1},"geometry":{"type":"LineString","coordinates":[[19.585258,50.380238],[19.58523,50.380204]]}},{"type":"Feature","properties":{"line":"476","mode":"bus","color":"#b0045c","oi":0,"n":1},"geometry":{"type":"LineString","coordinates":[[19.560896,50.389926],[19.562374,50.38961],[19.567298,50.388619],[19.579901,50.386212],[19.581454,50.38591],[19.583733,50.38543],[19.588617,50.384597]]}},{"type":"Feature","properties":{"line":"476","mode":"bus","color":"#b0045c","oi":0,"n":1},"geometry":{"type":"LineString","coordinates":[[19.550801,50.378787],[19.550972,50.3784],[19.55103,50.378119],[19.550741,50.37216],[19.550742,50.371938],[19.550797,50.371722],[19.551037,50.371398],[19.551838,50.370556],[19.552323,50.369964],[19.554596,50.366892],[19.555138,50.366114],[19.555682,50.365206],[19.557801,50.362108],[19.558826,50.360493]]}},{"type":"Feature","properties":{"line":"476","mode":"bus","color":"#b0045c","oi":0,"n":3},"geometry":{"type":"LineString","coordinates":[[19.526609,50.400751],[19.526746,50.400389],[19.526887,50.400204],[19.528239,50.398839],[19.528585,50.398399],[19.529045,50.397696],[19.52908,50.397528],[19.529007,50.397054],[19.528998,50.39591],[19.529051,50.39534],[19.529152,50.39473],[19.529303,50.394465],[19.52943,50.394319],[19.529577,50.394185],[19.530051,50.393901],[19.531001,50.393557],[19.531273,50.393494],[19.531408,50.393478],[19.533238,50.393479],[19.540313,50.393813],[19.543488,50.394043],[19.543925,50.394041],[19.544169,50.394017],[19.545021,50.393822],[19.557143,50.390756],[19.559569,50.390188],[19.560842,50.389937],[19.560865,50.38993],[19.560878,50.38992],[19.560883,50.389907],[19.560879,50.389892],[19.560611,50.389345],[19.560525,50.388696],[19.560526,50.387356],[19.560711,50.386617],[19.560851,50.386333],[19.560875,50.385897],[19.560858,50.385529],[19.560634,50.384816],[19.560299,50.384032],[19.560024,50.383241],[19.559212,50.381156],[19.559161,50.381105],[19.559128,50.381083],[19.559084,50.381072],[19.55885,50.381043],[19.554562,50.381081],[19.554116,50.381012],[19.553573,50.380839],[19.553226,50.380668],[19.553128,50.380575],[19.552756,50.380112],[19.552414,50.379485],[19.552217,50.37929],[19.550982,50.378868],[19.550643,50.3787],[19.549151,50.377792],[19.546973,50.376268],[19.5466,50.376089],[19.546429,50.376047],[19.545963,50.376011],[19.54227,50.375933],[19.541828,50.375904],[19.541635,50.375853],[19.532649,50.372619],[19.530141,50.371807],[19.529222,50.371637],[19.523681,50.370945],[19.521462,50.370701],[19.520667,50.370589],[19.519551,50.370189],[19.519271,50.370065],[19.51835,50.369573],[19.518136,50.369489],[19.515849,50.368703]]}},{"type":"Feature","properties":{"line":"476","mode":"bus","color":"#b0045c","oi":-0.5,"n":4},"geometry":{"type":"LineString","coordinates":[[19.562558,50.35088],[19.562544,50.352664],[19.562436,50.353906],[19.562303,50.354929],[19.562251,50.355054],[19.561895,50.355607],[19.561051,50.356809],[19.560016,50.358648],[19.558826,50.360493],[19.558758,50.360516],[19.555387,50.361351],[19.554171,50.361554],[19.553735,50.361656],[19.545179,50.364813],[19.544938,50.364879],[19.538232,50.366023],[19.537576,50.366106],[19.537275,50.3661],[19.532421,50.365625],[19.532228,50.365621],[19.531912,50.365656],[19.526521,50.366712],[19.52426,50.366652],[19.5238,50.366661],[19.522356,50.366866],[19.521492,50.367051],[19.520228,50.367412],[19.516365,50.368577],[19.515902,50.36869],[19.51585,50.368696],[19.515799,50.368686],[19.511996,50.367389]]}},{"type":"Feature","properties":{"line":"476","mode":"bus","color":"#b0045c","oi":0,"n":4,"sw":1},"geometry":{"type":"LineString","coordinates":[[19.562561,50.350556],[19.562561,50.350591]]}},{"type":"Feature","properties":{"line":"476","mode":"bus","color":"#b0045c","oi":-0.017,"n":4,"sw":1},"geometry":{"type":"LineString","coordinates":[[19.562561,50.350586],[19.56256,50.350623]]}},{"type":"Feature","properties":{"line":"476","mode":"bus","color":"#b0045c","oi":-0.063,"n":4,"sw":1},"geometry":{"type":"LineString","coordinates":[[19.56256,50.350618],[19.56256,50.350656]]}},{"type":"Feature","properties":{"line":"476","mode":"bus","color":"#b0045c","oi":-0.13,"n":4,"sw":1},"geometry":{"type":"LineString","coordinates":[[19.56256,50.35065],[19.56256,50.350688]]}},{"type":"Feature","properties":{"line":"476","mode":"bus","color":"#b0045c","oi":-0.209,"n":4,"sw":1},"geometry":{"type":"LineString","coordinates":[[19.56256,50.350683],[19.56256,50.350721]]}},{"type":"Feature","properties":{"line":"476","mode":"bus","color":"#b0045c","oi":-0.291,"n":4,"sw":1},"geometry":{"type":"LineString","coordinates":[[19.56256,50.350715],[19.562559,50.350753]]}},{"type":"Feature","properties":{"line":"476","mode":"bus","color":"#b0045c","oi":-0.37,"n":4,"sw":1},"geometry":{"type":"LineString","coordinates":[[19.562559,50.350748],[19.562559,50.350785]]}},{"type":"Feature","properties":{"line":"476","mode":"bus","color":"#b0045c","oi":-0.437,"n":4,"sw":1},"geometry":{"type":"LineString","coordinates":[[19.562559,50.35078],[19.562559,50.350818]]}},{"type":"Feature","properties":{"line":"476","mode":"bus","color":"#b0045c","oi":-0.483,"n":4,"sw":1},"geometry":{"type":"LineString","coordinates":[[19.562559,50.350812],[19.562559,50.35085]]}},{"type":"Feature","properties":{"line":"476","mode":"bus","color":"#b0045c","oi":-0.5,"n":4,"sw":1},"geometry":{"type":"LineString","coordinates":[[19.562559,50.350845],[19.562558,50.350883]]}},{"type":"Feature","properties":{"line":"460","mode":"bus","color":"#e16cd6","oi":1,"n":3},"geometry":{"type":"LineString","coordinates":[[19.57363,50.274733],[19.57347,50.27478],[19.573387,50.274906]]}},{"type":"Feature","properties":{"line":"460","mode":"bus","color":"#e16cd6","oi":0,"n":3,"sw":1},"geometry":{"type":"LineString","coordinates":[[19.573984,50.274629],[19.57396,50.274636]]}},{"type":"Feature","properties":{"line":"460","mode":"bus","color":"#e16cd6","oi":0.01,"n":3,"sw":1},"geometry":{"type":"LineString","coordinates":[[19.573968,50.274634],[19.573941,50.274642]]}},{"type":"Feature","properties":{"line":"460","mode":"bus","color":"#e16cd6","oi":0.038,"n":3,"sw":1},"geometry":{"type":"LineString","coordinates":[[19.573948,50.274639],[19.573921,50.274647]]}},{"type":"Feature","properties":{"line":"460","mode":"bus","color":"#e16cd6","oi":0.082,"n":3,"sw":1},"geometry":{"type":"LineString","coordinates":[[19.573929,50.274645],[19.573901,50.274653]]}},{"type":"Feature","properties":{"line":"460","mode":"bus","color":"#e16cd6","oi":0.14,"n":3,"sw":1},"geometry":{"type":"LineString","coordinates":[[19.573909,50.274651],[19.573882,50.274659]]}},{"type":"Feature","properties":{"line":"460","mode":"bus","color":"#e16cd6","oi":0.209,"n":3,"sw":1},"geometry":{"type":"LineString","coordinates":[[19.573889,50.274657],[19.573862,50.274665]]}},{"type":"Feature","properties":{"line":"460","mode":"bus","color":"#e16cd6","oi":0.286,"n":3,"sw":1},"geometry":{"type":"LineString","coordinates":[[19.57387,50.274663],[19.573842,50.274671]]}},{"type":"Feature","properties":{"line":"460","mode":"bus","color":"#e16cd6","oi":0.369,"n":3,"sw":1},"geometry":{"type":"LineString","coordinates":[[19.57385,50.274668],[19.573823,50.274676]]}},{"type":"Feature","properties":{"line":"460","mode":"bus","color":"#e16cd6","oi":0.456,"n":3,"sw":1},"geometry":{"type":"LineString","coordinates":[[19.57383,50.274674],[19.573803,50.274682]]}},{"type":"Feature","properties":{"line":"460","mode":"bus","color":"#e16cd6","oi":0.544,"n":3,"sw":1},"geometry":{"type":"LineString","coordinates":[[19.573811,50.27468],[19.573783,50.274688]]}},{"type":"Feature","properties":{"line":"460","mode":"bus","color":"#e16cd6","oi":0.631,"n":3,"sw":1},"geometry":{"type":"LineString","coordinates":[[19.573791,50.274686],[19.573764,50.274694]]}},{"type":"Feature","properties":{"line":"460","mode":"bus","color":"#e16cd6","oi":0.714,"n":3,"sw":1},"geometry":{"type":"LineString","coordinates":[[19.573771,50.274691],[19.573744,50.274699]]}},{"type":"Feature","properties":{"line":"460","mode":"bus","color":"#e16cd6","oi":0.791,"n":3,"sw":1},"geometry":{"type":"LineString","coordinates":[[19.573752,50.274697],[19.573724,50.274705]]}},{"type":"Feature","properties":{"line":"460","mode":"bus","color":"#e16cd6","oi":0.86,"n":3,"sw":1},"geometry":{"type":"LineString","coordinates":[[19.573732,50.274703],[19.573705,50.274711]]}},{"type":"Feature","properties":{"line":"460","mode":"bus","color":"#e16cd6","oi":0.918,"n":3,"sw":1},"geometry":{"type":"LineString","coordinates":[[19.573712,50.274709],[19.573685,50.274717]]}},{"type":"Feature","properties":{"line":"460","mode":"bus","color":"#e16cd6","oi":0.962,"n":3,"sw":1},"geometry":{"type":"LineString","coordinates":[[19.573693,50.274715],[19.573665,50.274723]]}},{"type":"Feature","properties":{"line":"460","mode":"bus","color":"#e16cd6","oi":0.99,"n":3,"sw":1},"geometry":{"type":"LineString","coordinates":[[19.573673,50.27472],[19.573646,50.274728]]}},{"type":"Feature","properties":{"line":"460","mode":"bus","color":"#e16cd6","oi":1,"n":3,"sw":1},"geometry":{"type":"LineString","coordinates":[[19.573653,50.274726],[19.573626,50.274734]]}},{"type":"Feature","properties":{"line":"460","mode":"bus","color":"#e16cd6","oi":0.5,"n":2},"geometry":{"type":"LineString","coordinates":[[19.4541,50.290262],[19.450982,50.289387],[19.450796,50.289302],[19.450686,50.289214],[19.450469,50.288915],[19.447716,50.284455],[19.443302,50.277231],[19.44329,50.277217],[19.443275,50.27721],[19.443255,50.277209],[19.443232,50.277214],[19.430187,50.281695],[19.422099,50.284446],[19.414448,50.285582],[19.403662,50.287343],[19.403603,50.287368],[19.403556,50.287429],[19.403594,50.287567],[19.404752,50.2895],[19.404813,50.289734],[19.404918,50.28985],[19.406234,50.291992]]}},{"type":"Feature","properties":{"line":"460","mode":"bus","color":"#e16cd6","oi":1.5,"n":2,"sw":1},"geometry":{"type":"LineString","coordinates":[[19.454564,50.290392],[19.454534,50.290384]]}},{"type":"Feature","properties":{"line":"460","mode":"bus","color":"#e16cd6","oi":1.49,"n":2,"sw":1},"geometry":{"type":"LineString","coordinates":[[19.454542,50.290386],[19.454509,50.290376]]}},{"type":"Feature","properties":{"line":"460","mode":"bus","color":"#e16cd6","oi":1.462,"n":2,"sw":1},"geometry":{"type":"LineString","coordinates":[[19.454516,50.290379],[19.454483,50.290369]]}},{"type":"Feature","properties":{"line":"460","mode":"bus","color":"#e16cd6","oi":1.418,"n":2,"sw":1},"geometry":{"type":"LineString","coordinates":[[19.454491,50.290371],[19.454457,50.290362]]}},{"type":"Feature","properties":{"line":"460","mode":"bus","color":"#e16cd6","oi":1.36,"n":2,"sw":1},"geometry":{"type":"LineString","coordinates":[[19.454465,50.290364],[19.454431,50.290355]]}},{"type":"Feature","properties":{"line":"460","mode":"bus","color":"#e16cd6","oi":1.291,"n":2,"sw":1},"geometry":{"type":"LineString","coordinates":[[19.454439,50.290357],[19.454406,50.290348]]}},{"type":"Feature","properties":{"line":"460","mode":"bus","color":"#e16cd6","oi":1.214,"n":2,"sw":1},"geometry":{"type":"LineString","coordinates":[[19.454413,50.29035],[19.45438,50.29034]]}},{"type":"Feature","properties":{"line":"460","mode":"bus","color":"#e16cd6","oi":1.131,"n":2,"sw":1},"geometry":{"type":"LineString","coordinates":[[19.454388,50.290342],[19.454354,50.290333]]}},{"type":"Feature","properties":{"line":"460","mode":"bus","color":"#e16cd6","oi":1.044,"n":2,"sw":1},"geometry":{"type":"LineString","coordinates":[[19.454362,50.290335],[19.454328,50.290326]]}},{"type":"Feature","properties":{"line":"460","mode":"bus","color":"#e16cd6","oi":0.956,"n":2,"sw":1},"geometry":{"type":"LineString","coordinates":[[19.454336,50.290328],[19.454303,50.290319]]}},{"type":"Feature","properties":{"line":"460","mode":"bus","color":"#e16cd6","oi":0.869,"n":2,"sw":1},"geometry":{"type":"LineString","coordinates":[[19.45431,50.290321],[19.454277,50.290311]]}},{"type":"Feature","properties":{"line":"460","mode":"bus","color":"#e16cd6","oi":0.786,"n":2,"sw":1},"geometry":{"type":"LineString","coordinates":[[19.454284,50.290314],[19.454251,50.290304]]}},{"type":"Feature","properties":{"line":"460","mode":"bus","color":"#e16cd6","oi":0.709,"n":2,"sw":1},"geometry":{"type":"LineString","coordinates":[[19.454259,50.290306],[19.454225,50.290297]]}},{"type":"Feature","properties":{"line":"460","mode":"bus","color":"#e16cd6","oi":0.64,"n":2,"sw":1},"geometry":{"type":"LineString","coordinates":[[19.454233,50.290299],[19.454199,50.29029]]}},{"type":"Feature","properties":{"line":"460","mode":"bus","color":"#e16cd6","oi":0.582,"n":2,"sw":1},"geometry":{"type":"LineString","coordinates":[[19.454207,50.290292],[19.454174,50.290282]]}},{"type":"Feature","properties":{"line":"460","mode":"bus","color":"#e16cd6","oi":0.538,"n":2,"sw":1},"geometry":{"type":"LineString","coordinates":[[19.454181,50.290285],[19.454148,50.290275]]}},{"type":"Feature","properties":{"line":"460","mode":"bus","color":"#e16cd6","oi":0.51,"n":2,"sw":1},"geometry":{"type":"LineString","coordinates":[[19.454156,50.290277],[19.454122,50.290268]]}},{"type":"Feature","properties":{"line":"460","mode":"bus","color":"#e16cd6","oi":0.5,"n":2,"sw":1},"geometry":{"type":"LineString","coordinates":[[19.45413,50.29027],[19.454096,50.290261]]}},{"type":"Feature","properties":{"line":"460","mode":"bus","color":"#e16cd6","oi":0.5,"n":2},"geometry":{"type":"LineString","coordinates":[[19.403457,50.287354],[19.403319,50.287182],[19.403299,50.287165],[19.403272,50.287159],[19.40324,50.287161],[19.40294,50.287225],[19.402903,50.28724],[19.402882,50.287264],[19.402857,50.287319],[19.402906,50.287404],[19.402922,50.287422],[19.402947,50.28743],[19.40298,50.287429],[19.403457,50.287354],[19.403603,50.287368]]}},{"type":"Feature","properties":{"line":"460","mode":"bus","color":"#e16cd6","oi":0.5,"n":2},"geometry":{"type":"LineString","coordinates":[[19.443479,50.277502],[19.443525,50.277488]]}},{"type":"Feature","properties":{"line":"460","mode":"bus","color":"#e16cd6","oi":1.5,"n":4},"geometry":{"type":"LineString","coordinates":[[19.45957,50.291792],[19.454564,50.290392]]}},{"type":"Feature","properties":{"line":"460","mode":"bus","color":"#e16cd6","oi":0,"n":4,"sw":1},"geometry":{"type":"LineString","coordinates":[[19.460034,50.291922],[19.460012,50.291916]]}},{"type":"Feature","properties":{"line":"460","mode":"bus","color":"#e16cd6","oi":0.007,"n":4,"sw":1},"geometry":{"type":"LineString","coordinates":[[19.46002,50.291918],[19.459994,50.291911]]}},{"type":"Feature","properties":{"line":"460","mode":"bus","color":"#e16cd6","oi":0.027,"n":4,"sw":1},"geometry":{"type":"LineString","coordinates":[[19.460002,50.291913],[19.459977,50.291906]]}},{"type":"Feature","properties":{"line":"460","mode":"bus","color":"#e16cd6","oi":0.06,"n":4,"sw":1},"geometry":{"type":"LineString","coordinates":[[19.459984,50.291908],[19.459959,50.291901]]}},{"type":"Feature","properties":{"line":"460","mode":"bus","color":"#e16cd6","oi":0.103,"n":4,"sw":1},"geometry":{"type":"LineString","coordinates":[[19.459966,50.291903],[19.459941,50.291896]]}},{"type":"Feature","properties":{"line":"460","mode":"bus","color":"#e16cd6","oi":0.156,"n":4,"sw":1},"geometry":{"type":"LineString","coordinates":[[19.459949,50.291898],[19.459923,50.291891]]}},{"type":"Feature","properties":{"line":"460","mode":"bus","color":"#e16cd6","oi":0.218,"n":4,"sw":1},"geometry":{"type":"LineString","coordinates":[[19.459931,50.291893],[19.459905,50.291886]]}},{"type":"Feature","properties":{"line":"460","mode":"bus","color":"#e16cd6","oi":0.287,"n":4,"sw":1},"geometry":{"type":"LineString","coordinates":[[19.459913,50.291888],[19.459887,50.291881]]}},{"type":"Feature","properties":{"line":"460","mode":"bus","color":"#e16cd6","oi":0.362,"n":4,"sw":1},"geometry":{"type":"LineString","coordinates":[[19.459895,50.291883],[19.45987,50.291876]]}},{"type":"Feature","properties":{"line":"460","mode":"bus","color":"#e16cd6","oi":0.443,"n":4,"sw":1},"geometry":{"type":"LineString","coordinates":[[19.459877,50.291878],[19.459852,50.291871]]}},{"type":"Feature","properties":{"line":"460","mode":"bus","color":"#e16cd6","oi":0.528,"n":4,"sw":1},"geometry":{"type":"LineString","coordinates":[[19.459859,50.291873],[19.459834,50.291866]]}},{"type":"Feature","properties":{"line":"460","mode":"bus","color":"#e16cd6","oi":0.616,"n":4,"sw":1},"geometry":{"type":"LineString","coordinates":[[19.459842,50.291868],[19.459816,50.291861]]}},{"type":"Feature","properties":{"line":"460","mode":"bus","color":"#e16cd6","oi":0.705,"n":4,"sw":1},"geometry":{"type":"LineString","coordinates":[[19.459824,50.291863],[19.459798,50.291856]]}},{"type":"Feature","properties":{"line":"460","mode":"bus","color":"#e16cd6","oi":0.795,"n":4,"sw":1},"geometry":{"type":"LineString","coordinates":[[19.459806,50.291858],[19.45978,50.291851]]}},{"type":"Feature","properties":{"line":"460","mode":"bus","color":"#e16cd6","oi":0.884,"n":4,"sw":1},"geometry":{"type":"LineString","coordinates":[[19.459788,50.291853],[19.459762,50.291846]]}},{"type":"Feature","properties":{"line":"460","mode":"bus","color":"#e16cd6","oi":0.972,"n":4,"sw":1},"geometry":{"type":"LineString","coordinates":[[19.45977,50.291848],[19.459745,50.291841]]}},{"type":"Feature","properties":{"line":"460","mode":"bus","color":"#e16cd6","oi":1.057,"n":4,"sw":1},"geometry":{"type":"LineString","coordinates":[[19.459752,50.291843],[19.459727,50.291836]]}},{"type":"Feature","properties":{"line":"460","mode":"bus","color":"#e16cd6","oi":1.138,"n":4,"sw":1},"geometry":{"type":"LineString","coordinates":[[19.459735,50.291838],[19.459709,50.291831]]}},{"type":"Feature","properties":{"line":"460","mode":"bus","color":"#e16cd6","oi":1.213,"n":4,"sw":1},"geometry":{"type":"LineString","coordinates":[[19.459717,50.291833],[19.459691,50.291826]]}},{"type":"Feature","properties":{"line":"460","mode":"bus","color":"#e16cd6","oi":1.282,"n":4,"sw":1},"geometry":{"type":"LineString","coordinates":[[19.459699,50.291828],[19.459673,50.291821]]}},{"type":"Feature","properties":{"line":"460","mode":"bus","color":"#e16cd6","oi":1.344,"n":4,"sw":1},"geometry":{"type":"LineString","coordinates":[[19.459681,50.291823],[19.459655,50.291816]]}},{"type":"Feature","properties":{"line":"460","mode":"bus","color":"#e16cd6","oi":1.397,"n":4,"sw":1},"geometry":{"type":"LineString","coordinates":[[19.459663,50.291818],[19.459638,50.291811]]}},{"type":"Feature","properties":{"line":"460","mode":"bus","color":"#e16cd6","oi":1.44,"n":4,"sw":1},"geometry":{"type":"LineString","coordinates":[[19.459645,50.291813],[19.45962,50.291806]]}},{"type":"Feature","properties":{"line":"460","mode":"bus","color":"#e16cd6","oi":1.473,"n":4,"sw":1},"geometry":{"type":"LineString","coordinates":[[19.459627,50.291808],[19.459602,50.291801]]}},{"type":"Feature","properties":{"line":"460","mode":"bus","color":"#e16cd6","oi":1.493,"n":4,"sw":1},"geometry":{"type":"LineString","coordinates":[[19.45961,50.291803],[19.459584,50.291796]]}},{"type":"Feature","properties":{"line":"460","mode":"bus","color":"#e16cd6","oi":1.5,"n":4,"sw":1},"geometry":{"type":"LineString","coordinates":[[19.459592,50.291798],[19.459566,50.291791]]}},{"type":"Feature","properties":{"line":"460","mode":"bus","color":"#e16cd6","oi":0.5,"n":2},"geometry":{"type":"LineString","coordinates":[[19.490482,50.301065],[19.498391,50.295521],[19.499616,50.294697]]}},{"type":"Feature","properties":{"line":"460","mode":"bus","color":"#e16cd6","oi":0.5,"n":2},"geometry":{"type":"LineString","coordinates":[[19.402301,50.296932],[19.402009,50.297001],[19.401792,50.297133],[19.399652,50.298789],[19.39952,50.299056],[19.399545,50.299557]]}},{"type":"Feature","properties":{"line":"460","mode":"bus","color":"#e16cd6","oi":0.5,"n":2,"sw":1},"geometry":{"type":"LineString","coordinates":[[19.399545,50.299555],[19.399547,50.299592]]}},{"type":"Feature","properties":{"line":"460","mode":"bus","color":"#e16cd6","oi":0.483,"n":2,"sw":1},"geometry":{"type":"LineString","coordinates":[[19.399546,50.299587],[19.399548,50.299625]]}},{"type":"Feature","properties":{"line":"460","mode":"bus","color":"#e16cd6","oi":0.437,"n":2,"sw":1},"geometry":{"type":"LineString","coordinates":[[19.399548,50.299619],[19.39955,50.299657]]}},{"type":"Feature","properties":{"line":"460","mode":"bus","color":"#e16cd6","oi":0.37,"n":2,"sw":1},"geometry":{"type":"LineString","coordinates":[[19.39955,50.299652],[19.399551,50.299689]]}},{"type":"Feature","properties":{"line":"460","mode":"bus","color":"#e16cd6","oi":0.291,"n":2,"sw":1},"geometry":{"type":"LineString","coordinates":[[19.399551,50.299684],[19.399553,50.299722]]}},{"type":"Feature","properties":{"line":"460","mode":"bus","color":"#e16cd6","oi":0.209,"n":2,"sw":1},"geometry":{"type":"LineString","coordinates":[[19.399553,50.299716],[19.399555,50.299754]]}},{"type":"Feature","properties":{"line":"460","mode":"bus","color":"#e16cd6","oi":0.13,"n":2,"sw":1},"geometry":{"type":"LineString","coordinates":[[19.399554,50.299749],[19.399556,50.299787]]}},{"type":"Feature","properties":{"line":"460","mode":"bus","color":"#e16cd6","oi":0.063,"n":2,"sw":1},"geometry":{"type":"LineString","coordinates":[[19.399556,50.299781],[19.399558,50.299819]]}},{"type":"Feature","properties":{"line":"460","mode":"bus","color":"#e16cd6","oi":0.017,"n":2,"sw":1},"geometry":{"type":"LineString","coordinates":[[19.399558,50.299814],[19.39956,50.299851]]}},{"type":"Feature","properties":{"line":"460","mode":"bus","color":"#e16cd6","oi":0,"n":2,"sw":1},"geometry":{"type":"LineString","coordinates":[[19.399559,50.299846],[19.399561,50.299881]]}},{"type":"Feature","properties":{"line":"460","mode":"bus","color":"#e16cd6","oi":0,"n":1},"geometry":{"type":"LineString","coordinates":[[19.492668,50.301007],[19.492353,50.301215],[19.492088,50.301321],[19.491798,50.301388],[19.49147,50.301413],[19.490551,50.301394],[19.490445,50.301354],[19.490392,50.301274],[19.490482,50.301065]]}},{"type":"Feature","properties":{"line":"460","mode":"bus","color":"#e16cd6","oi":0,"n":1},"geometry":{"type":"LineString","coordinates":[[19.406407,50.292296],[19.406668,50.292756],[19.406673,50.292777],[19.406664,50.292795],[19.406641,50.29281],[19.406262,50.292977],[19.405158,50.293379],[19.404858,50.293532],[19.404299,50.293882],[19.404227,50.293898],[19.404205,50.293906],[19.40419,50.293917],[19.404182,50.293933],[19.404033,50.294508],[19.403795,50.294971],[19.402994,50.296106],[19.40229,50.296809],[19.402301,50.296932]]}},{"type":"Feature","properties":{"line":"460","mode":"bus","color":"#e16cd6","oi":0.5,"n":1,"sw":1},"geometry":{"type":"LineString","coordinates":[[19.406234,50.291992],[19.406253,50.292025]]}},{"type":"Feature","properties":{"line":"460","mode":"bus","color":"#e16cd6","oi":0.483,"n":1,"sw":1},"geometry":{"type":"LineString","coordinates":[[19.40625,50.29202],[19.40627,50.292055]]}},{"type":"Feature","properties":{"line":"460","mode":"bus","color":"#e16cd6","oi":0.437,"n":1,"sw":1},"geometry":{"type":"LineString","coordinates":[[19.406267,50.29205],[19.406287,50.292086]]}},{"type":"Feature","properties":{"line":"460","mode":"bus","color":"#e16cd6","oi":0.37,"n":1,"sw":1},"geometry":{"type":"LineString","coordinates":[[19.406284,50.292081],[19.406305,50.292116]]}},{"type":"Feature","properties":{"line":"460","mode":"bus","color":"#e16cd6","oi":0.291,"n":1,"sw":1},"geometry":{"type":"LineString","coordinates":[[19.406302,50.292111],[19.406322,50.292147]]}},{"type":"Feature","properties":{"line":"460","mode":"bus","color":"#e16cd6","oi":0.209,"n":1,"sw":1},"geometry":{"type":"LineString","coordinates":[[19.406319,50.292142],[19.406339,50.292177]]}},{"type":"Feature","properties":{"line":"460","mode":"bus","color":"#e16cd6","oi":0.13,"n":1,"sw":1},"geometry":{"type":"LineString","coordinates":[[19.406336,50.292172],[19.406356,50.292208]]}},{"type":"Feature","properties":{"line":"460","mode":"bus","color":"#e16cd6","oi":0.063,"n":1,"sw":1},"geometry":{"type":"LineString","coordinates":[[19.406354,50.292203],[19.406374,50.292238]]}},{"type":"Feature","properties":{"line":"460","mode":"bus","color":"#e16cd6","oi":0.017,"n":1,"sw":1},"geometry":{"type":"LineString","coordinates":[[19.406371,50.292233],[19.406391,50.292269]]}},{"type":"Feature","properties":{"line":"460","mode":"bus","color":"#e16cd6","oi":0,"n":1,"sw":1},"geometry":{"type":"LineString","coordinates":[[19.406388,50.292263],[19.406408,50.292299]]}},{"type":"Feature","properties":{"line":"460","mode":"bus","color":"#e16cd6","oi":0.5,"n":2},"geometry":{"type":"LineString","coordinates":[[19.498885,50.307562],[19.498824,50.307583],[19.498803,50.307587],[19.498786,50.307584],[19.498771,50.307574],[19.49854,50.307347],[19.497575,50.306252],[19.494815,50.302658],[19.494315,50.30205],[19.494006,50.301804],[19.493666,50.301582],[19.491155,50.30012],[19.490248,50.299549],[19.488851,50.297813],[19.488055,50.296774],[19.487249,50.295648]]}},{"type":"Feature","properties":{"line":"460","mode":"bus","color":"#e16cd6","oi":1,"n":3},"geometry":{"type":"LineString","coordinates":[[19.388894,50.298631],[19.389164,50.29845],[19.389233,50.298368],[19.389245,50.298347],[19.389244,50.298326],[19.38923,50.298306],[19.389156,50.298232],[19.388599,50.297876]]}},{"type":"Feature","properties":{"line":"460","mode":"bus","color":"#e16cd6","oi":1,"n":3},"geometry":{"type":"LineString","coordinates":[[19.399561,50.299881],[19.398498,50.299984],[19.39799,50.300056],[19.393625,50.3009],[19.39361,50.300901],[19.393596,50.300898],[19.393585,50.300891],[19.393558,50.300865],[19.393302,50.30076],[19.393091,50.300641],[19.391002,50.299267],[19.389774,50.298522],[19.389482,50.298356],[19.38926,50.298336]]}},{"type":"Feature","properties":{"line":"461","mode":"bus","color":"#e47e2b","oi":0,"n":3},"geometry":{"type":"LineString","coordinates":[[19.573984,50.274629],[19.57347,50.27478],[19.573387,50.274906]]}},{"type":"Feature","properties":{"line":"461","mode":"bus","color":"#e47e2b","oi":0,"n":3},"geometry":{"type":"LineString","coordinates":[[19.388894,50.298631],[19.389164,50.29845],[19.389233,50.298368],[19.389245,50.298347],[19.389244,50.298326],[19.38923,50.298306],[19.389156,50.298232],[19.388599,50.297876]]}},{"type":"Feature","properties":{"line":"461","mode":"bus","color":"#e47e2b","oi":0,"n":3},"geometry":{"type":"LineString","coordinates":[[19.399561,50.299881],[19.398498,50.299984],[19.39799,50.300056],[19.393625,50.3009],[19.39361,50.300901],[19.393596,50.300898],[19.393585,50.300891],[19.393558,50.300865],[19.393302,50.30076],[19.393091,50.300641],[19.391002,50.299267],[19.389774,50.298522],[19.389482,50.298356],[19.38926,50.298336]]}},{"type":"Feature","properties":{"line":"461","mode":"bus","color":"#e47e2b","oi":0.5,"n":2},"geometry":{"type":"LineString","coordinates":[[19.400063,50.299837],[19.400135,50.299831],[19.405848,50.29958],[19.40588,50.299583],[19.405901,50.299594],[19.405912,50.299614],[19.406004,50.300023],[19.406081,50.300208],[19.406116,50.300254],[19.406238,50.300321],[19.40646,50.30034],[19.40675,50.300315],[19.408314,50.299941],[19.409341,50.299724],[19.410434,50.299547],[19.410939,50.299488],[19.412218,50.299384],[19.413366,50.299352],[19.414152,50.299365],[19.414176,50.299368],[19.414193,50.299375],[19.414203,50.299386],[19.414205,50.299402],[19.4142,50.299477]]}},{"type":"Feature","properties":{"line":"461","mode":"bus","color":"#e47e2b","oi":0,"n":2,"sw":1},"geometry":{"type":"LineString","coordinates":[[19.399561,50.299881],[19.399615,50.299876]]}},{"type":"Feature","properties":{"line":"461","mode":"bus","color":"#e47e2b","oi":0.017,"n":2,"sw":1},"geometry":{"type":"LineString","coordinates":[[19.399607,50.299877],[19.399666,50.299872]]}},{"type":"Feature","properties":{"line":"461","mode":"bus","color":"#e47e2b","oi":0.063,"n":2,"sw":1},"geometry":{"type":"LineString","coordinates":[[19.399657,50.299873],[19.399716,50.299868]]}},{"type":"Feature","properties":{"line":"461","mode":"bus","color":"#e47e2b","oi":0.13,"n":2,"sw":1},"geometry":{"type":"LineString","coordinates":[[19.399707,50.299868],[19.399766,50.299863]]}},{"type":"Feature","properties":{"line":"461","mode":"bus","color":"#e47e2b","oi":0.209,"n":2,"sw":1},"geometry":{"type":"LineString","coordinates":[[19.399758,50.299864],[19.399816,50.299859]]}},{"type":"Feature","properties":{"line":"461","mode":"bus","color":"#e47e2b","oi":0.291,"n":2,"sw":1},"geometry":{"type":"LineString","coordinates":[[19.399808,50.29986],[19.399866,50.299854]]}},{"type":"Feature","properties":{"line":"461","mode":"bus","color":"#e47e2b","oi":0.37,"n":2,"sw":1},"geometry":{"type":"LineString","coordinates":[[19.399858,50.299855],[19.399916,50.29985]]}},{"type":"Feature","properties":{"line":"461","mode":"bus","color":"#e47e2b","oi":0.437,"n":2,"sw":1},"geometry":{"type":"LineString","coordinates":[[19.399908,50.299851],[19.399967,50.299846]]}},{"type":"Feature","properties":{"line":"461","mode":"bus","color":"#e47e2b","oi":0.483,"n":2,"sw":1},"geometry":{"type":"LineString","coordinates":[[19.399958,50.299846],[19.400017,50.299841]]}},{"type":"Feature","properties":{"line":"461","mode":"bus","color":"#e47e2b","oi":0.5,"n":2,"sw":1},"geometry":{"type":"LineString","coordinates":[[19.400008,50.299842],[19.400067,50.299837]]}},{"type":"Feature","properties":{"line":"461","mode":"bus","color":"#e47e2b","oi":0.5,"n":2},"geometry":{"type":"LineString","coordinates":[[19.465177,50.296309],[19.454476,50.299404],[19.453686,50.299535],[19.446808,50.300294],[19.446007,50.300321],[19.444801,50.300301]]}},{"type":"Feature","properties":{"line":"461","mode":"bus","color":"#e47e2b","oi":0,"n":2,"sw":1},"geometry":{"type":"LineString","coordinates":[[19.465638,50.296176],[19.465588,50.29619]]}},{"type":"Feature","properties":{"line":"461","mode":"bus","color":"#e47e2b","oi":0.017,"n":2,"sw":1},"geometry":{"type":"LineString","coordinates":[[19.465596,50.296188],[19.465542,50.296204]]}},{"type":"Feature","properties":{"line":"461","mode":"bus","color":"#e47e2b","oi":0.063,"n":2,"sw":1},"geometry":{"type":"LineString","coordinates":[[19.46555,50.296202],[19.465496,50.296217]]}},{"type":"Feature","properties":{"line":"461","mode":"bus","color":"#e47e2b","oi":0.13,"n":2,"sw":1},"geometry":{"type":"LineString","coordinates":[[19.465503,50.296215],[19.46545,50.29623]]}},{"type":"Feature","properties":{"line":"461","mode":"bus","color":"#e47e2b","oi":0.209,"n":2,"sw":1},"geometry":{"type":"LineString","coordinates":[[19.465457,50.296228],[19.465403,50.296244]]}},{"type":"Feature","properties":{"line":"461","mode":"bus","color":"#e47e2b","oi":0.291,"n":2,"sw":1},"geometry":{"type":"LineString","coordinates":[[19.465411,50.296242],[19.465357,50.296257]]}},{"type":"Feature","properties":{"line":"461","mode":"bus","color":"#e47e2b","oi":0.37,"n":2,"sw":1},"geometry":{"type":"LineString","coordinates":[[19.465365,50.296255],[19.465311,50.296271]]}},{"type":"Feature","properties":{"line":"461","mode":"bus","color":"#e47e2b","oi":0.437,"n":2,"sw":1},"geometry":{"type":"LineString","coordinates":[[19.465319,50.296268],[19.465265,50.296284]]}},{"type":"Feature","properties":{"line":"461","mode":"bus","color":"#e47e2b","oi":0.483,"n":2,"sw":1},"geometry":{"type":"LineString","coordinates":[[19.465273,50.296282],[19.465219,50.296297]]}},{"type":"Feature","properties":{"line":"461","mode":"bus","color":"#e47e2b","oi":0.5,"n":2,"sw":1},"geometry":{"type":"LineString","coordinates":[[19.465227,50.296295],[19.465173,50.296311]]}},{"type":"Feature","properties":{"line":"461","mode":"bus","color":"#e47e2b","oi":0.5,"n":2},"geometry":{"type":"LineString","coordinates":[[19.443466,50.300665],[19.441998,50.300197],[19.440191,50.299678],[19.438588,50.29935],[19.437482,50.299193],[19.436709,50.299117],[19.436674,50.299118],[19.436644,50.299125],[19.436618,50.29914],[19.436522,50.299219],[19.436351,50.299529],[19.436317,50.299705],[19.436366,50.299906],[19.436352,50.300047],[19.436344,50.300067],[19.436324,50.300078],[19.436293,50.300081],[19.425711,50.299794],[19.42568,50.299789],[19.42566,50.299776],[19.425652,50.299756],[19.425641,50.299647],[19.425646,50.299627],[19.425663,50.299614],[19.425694,50.299608],[19.434269,50.299167],[19.434966,50.299156],[19.435802,50.299175],[19.436522,50.299219],[19.437979,50.299378],[19.438905,50.299524],[19.439785,50.299704],[19.44077,50.299955],[19.443333,50.300752]]}},{"type":"Feature","properties":{"line":"461","mode":"bus","color":"#e47e2b","oi":0.5,"n":2},"geometry":{"type":"LineString","coordinates":[[19.402203,50.299748],[19.402033,50.301289],[19.401906,50.301578],[19.401268,50.302462],[19.400958,50.302582],[19.400832,50.302588],[19.400604,50.302583],[19.40046,50.30253],[19.400332,50.302442],[19.400263,50.302296],[19.40026,50.302215],[19.400343,50.302058],[19.400654,50.301878],[19.408552,50.300003],[19.40993,50.299734],[19.411409,50.299554],[19.412581,50.29948],[19.414144,50.299477],[19.414175,50.299481],[19.414195,50.299493],[19.414204,50.299513],[19.414345,50.300958],[19.414605,50.303022],[19.414699,50.303392],[19.415041,50.303839],[19.416757,50.305589],[19.418312,50.307112],[19.418654,50.307532],[19.418787,50.307795],[19.41889,50.308363],[19.418797,50.309572],[19.418796,50.31002],[19.418839,50.31015],[19.419181,50.31074],[19.419549,50.311247],[19.41964,50.311346],[19.419706,50.311383],[19.41973,50.311392],[19.419755,50.311394],[19.419782,50.311388],[19.421135,50.310904],[19.431414,50.307385],[19.43173,50.307213],[19.43218,50.30686],[19.432652,50.30655],[19.433808,50.305973],[19.434032,50.305881],[19.434387,50.305785],[19.435082,50.305682],[19.436719,50.30558],[19.437229,50.305529],[19.437253,50.305529],[19.437274,50.305535],[19.437289,50.305547],[19.437327,50.305589],[19.437775,50.305849],[19.438301,50.306208],[19.438343,50.306226],[19.438394,50.306227],[19.439991,50.306026],[19.443927,50.305577],[19.443949,50.305573],[19.443962,50.305564],[19.443966,50.305553],[19.443959,50.305538],[19.441782,50.302453],[19.441743,50.302369],[19.441739,50.302335],[19.441759,50.302304],[19.442761,50.301384],[19.443333,50.300752],[19.443718,50.300456],[19.443942,50.300348],[19.444189,50.300281],[19.444434,50.300264],[19.444745,50.300295],[19.444761,50.300297],[19.44477,50.300299],[19.444773,50.300301],[19.44477,50.300303],[19.444761,50.300304],[19.444745,50.300306],[19.44426,50.30035],[19.444067,50.300415],[19.443826,50.300568],[19.443029,50.301222],[19.442761,50.301384]]}},{"type":"Feature","properties":{"line":"461","mode":"bus","color":"#e47e2b","oi":1.5,"n":4},"geometry":{"type":"LineString","coordinates":[[19.478139,50.300193],[19.479174,50.303909]]}},{"type":"Feature","properties":{"line":"461","mode":"bus","color":"#e47e2b","oi":0,"n":4,"sw":1},"geometry":{"type":"LineString","coordinates":[[19.477927,50.29991],[19.477944,50.29992]]}},{"type":"Feature","properties":{"line":"461","mode":"bus","color":"#e47e2b","oi":0.007,"n":4,"sw":1},"geometry":{"type":"LineString","coordinates":[[19.477938,50.299917],[19.477959,50.299929]]}},{"type":"Feature","properties":{"line":"461","mode":"bus","color":"#e47e2b","oi":0.027,"n":4,"sw":1},"geometry":{"type":"LineString","coordinates":[[19.477952,50.299925],[19.477973,50.299937]]}},{"type":"Feature","properties":{"line":"461","mode":"bus","color":"#e47e2b","oi":0.06,"n":4,"sw":1},"geometry":{"type":"LineString","coordinates":[[19.477967,50.299934],[19.477987,50.299946]]}},{"type":"Feature","properties":{"line":"461","mode":"bus","color":"#e47e2b","oi":0.103,"n":4,"sw":1},"geometry":{"type":"LineString","coordinates":[[19.477981,50.299942],[19.478001,50.299954]]}},{"type":"Feature","properties":{"line":"461","mode":"bus","color":"#e47e2b","oi":0.156,"n":4,"sw":1},"geometry":{"type":"LineString","coordinates":[[19.477995,50.299951],[19.478016,50.299963]]}},{"type":"Feature","properties":{"line":"461","mode":"bus","color":"#e47e2b","oi":0.218,"n":4,"sw":1},"geometry":{"type":"LineString","coordinates":[[19.478009,50.299959],[19.47803,50.299971]]}},{"type":"Feature","properties":{"line":"461","mode":"bus","color":"#e47e2b","oi":0.287,"n":4,"sw":1},"geometry":{"type":"LineString","coordinates":[[19.478024,50.299968],[19.478041,50.299978],[19.478042,50.299981]]}},{"type":"Feature","properties":{"line":"461","mode":"bus","color":"#e47e2b","oi":0.362,"n":4,"sw":1},"geometry":{"type":"LineString","coordinates":[[19.478038,50.299976],[19.478041,50.299978],[19.478048,50.299992]]}},{"type":"Feature","properties":{"line":"461","mode":"bus","color":"#e47e2b","oi":0.443,"n":4,"sw":1},"geometry":{"type":"LineString","coordinates":[[19.478046,50.299987],[19.478054,50.300004]]}},{"type":"Feature","properties":{"line":"461","mode":"bus","color":"#e47e2b","oi":0.528,"n":4,"sw":1},"geometry":{"type":"LineString","coordinates":[[19.478052,50.299999],[19.47806,50.300016]]}},{"type":"Feature","properties":{"line":"461","mode":"bus","color":"#e47e2b","oi":0.616,"n":4,"sw":1},"geometry":{"type":"LineString","coordinates":[[19.478057,50.300011],[19.478066,50.300028]]}},{"type":"Feature","properties":{"line":"461","mode":"bus","color":"#e47e2b","oi":0.705,"n":4,"sw":1},"geometry":{"type":"LineString","coordinates":[[19.478063,50.300023],[19.478072,50.30004]]}},{"type":"Feature","properties":{"line":"461","mode":"bus","color":"#e47e2b","oi":0.795,"n":4,"sw":1},"geometry":{"type":"LineString","coordinates":[[19.478069,50.300035],[19.478078,50.300052]]}},{"type":"Feature","properties":{"line":"461","mode":"bus","color":"#e47e2b","oi":0.884,"n":4,"sw":1},"geometry":{"type":"LineString","coordinates":[[19.478075,50.300047],[19.478084,50.300064]]}},{"type":"Feature","properties":{"line":"461","mode":"bus","color":"#e47e2b","oi":0.972,"n":4,"sw":1},"geometry":{"type":"LineString","coordinates":[[19.478081,50.300058],[19.47809,50.300075]]}},{"type":"Feature","properties":{"line":"461","mode":"bus","color":"#e47e2b","oi":1.057,"n":4,"sw":1},"geometry":{"type":"LineString","coordinates":[[19.478087,50.30007],[19.478096,50.300087]]}},{"type":"Feature","properties":{"line":"461","mode":"bus","color":"#e47e2b","oi":1.138,"n":4,"sw":1},"geometry":{"type":"LineString","coordinates":[[19.478093,50.300082],[19.478102,50.300099]]}},{"type":"Feature","properties":{"line":"461","mode":"bus","color":"#e47e2b","oi":1.213,"n":4,"sw":1},"geometry":{"type":"LineString","coordinates":[[19.478099,50.300094],[19.478108,50.300111]]}},{"type":"Feature","properties":{"line":"461","mode":"bus","color":"#e47e2b","oi":1.282,"n":4,"sw":1},"geometry":{"type":"LineString","coordinates":[[19.478105,50.300106],[19.478113,50.300123]]}},{"type":"Feature","properties":{"line":"461","mode":"bus","color":"#e47e2b","oi":1.344,"n":4,"sw":1},"geometry":{"type":"LineString","coordinates":[[19.478111,50.300118],[19.478119,50.300135]]}},{"type":"Feature","properties":{"line":"461","mode":"bus","color":"#e47e2b","oi":1.397,"n":4,"sw":1},"geometry":{"type":"LineString","coordinates":[[19.478117,50.30013],[19.478125,50.300147]]}},{"type":"Feature","properties":{"line":"461","mode":"bus","color":"#e47e2b","oi":1.44,"n":4,"sw":1},"geometry":{"type":"LineString","coordinates":[[19.478123,50.300142],[19.478126,50.300148],[19.478129,50.300159]]}},{"type":"Feature","properties":{"line":"461","mode":"bus","color":"#e47e2b","oi":1.473,"n":4,"sw":1},"geometry":{"type":"LineString","coordinates":[[19.478128,50.300154],[19.478132,50.300171]]}},{"type":"Feature","properties":{"line":"461","mode":"bus","color":"#e47e2b","oi":1.493,"n":4,"sw":1},"geometry":{"type":"LineString","coordinates":[[19.478131,50.300166],[19.478136,50.300183]]}},{"type":"Feature","properties":{"line":"461","mode":"bus","color":"#e47e2b","oi":1.5,"n":4,"sw":1},"geometry":{"type":"LineString","coordinates":[[19.478134,50.300178],[19.478139,50.300196]]}},{"type":"Feature","properties":{"line":"461","mode":"bus","color":"#e47e2b","oi":1.5,"n":4,"sw":1},"geometry":{"type":"LineString","coordinates":[[19.479173,50.303906],[19.479178,50.303924]]}},{"type":"Feature","properties":{"line":"461","mode":"bus","color":"#e47e2b","oi":1.493,"n":4,"sw":1},"geometry":{"type":"LineString","coordinates":[[19.479177,50.303919],[19.479182,50.303936]]}},{"type":"Feature","properties":{"line":"461","mode":"bus","color":"#e47e2b","oi":1.473,"n":4,"sw":1},"geometry":{"type":"LineString","coordinates":[[19.47918,50.303931],[19.479185,50.303949]]}},{"type":"Feature","properties":{"line":"461","mode":"bus","color":"#e47e2b","oi":1.44,"n":4,"sw":1},"geometry":{"type":"LineString","coordinates":[[19.479184,50.303943],[19.479189,50.303961]]}},{"type":"Feature","properties":{"line":"461","mode":"bus","color":"#e47e2b","oi":1.397,"n":4,"sw":1},"geometry":{"type":"LineString","coordinates":[[19.479187,50.303955],[19.479192,50.303973]]}},{"type":"Feature","properties":{"line":"461","mode":"bus","color":"#e47e2b","oi":1.344,"n":4,"sw":1},"geometry":{"type":"LineString","coordinates":[[19.47919,50.303968],[19.479195,50.303985]]}},{"type":"Feature","properties":{"line":"461","mode":"bus","color":"#e47e2b","oi":1.282,"n":4,"sw":1},"geometry":{"type":"LineString","coordinates":[[19.479194,50.30398],[19.479199,50.303998]]}},{"type":"Feature","properties":{"line":"461","mode":"bus","color":"#e47e2b","oi":1.213,"n":4,"sw":1},"geometry":{"type":"LineString","coordinates":[[19.479197,50.303992],[19.479202,50.30401]]}},{"type":"Feature","properties":{"line":"461","mode":"bus","color":"#e47e2b","oi":1.138,"n":4,"sw":1},"geometry":{"type":"LineString","coordinates":[[19.479201,50.304005],[19.479206,50.304022]]}},{"type":"Feature","properties":{"line":"461","mode":"bus","color":"#e47e2b","oi":1.057,"n":4,"sw":1},"geometry":{"type":"LineString","coordinates":[[19.479204,50.304017],[19.479209,50.304034]]}},{"type":"Feature","properties":{"line":"461","mode":"bus","color":"#e47e2b","oi":0.972,"n":4,"sw":1},"geometry":{"type":"LineString","coordinates":[[19.479208,50.304029],[19.479212,50.304047]]}},{"type":"Feature","properties":{"line":"461","mode":"bus","color":"#e47e2b","oi":0.884,"n":4,"sw":1},"geometry":{"type":"LineString","coordinates":[[19.479211,50.304041],[19.479216,50.304059]]}},{"type":"Feature","properties":{"line":"461","mode":"bus","color":"#e47e2b","oi":0.795,"n":4,"sw":1},"geometry":{"type":"LineString","coordinates":[[19.479214,50.304054],[19.479219,50.304071]]}},{"type":"Feature","properties":{"line":"461","mode":"bus","color":"#e47e2b","oi":0.705,"n":4,"sw":1},"geometry":{"type":"LineString","coordinates":[[19.479218,50.304066],[19.479223,50.304083]]}},{"type":"Feature","properties":{"line":"461","mode":"bus","color":"#e47e2b","oi":0.616,"n":4,"sw":1},"geometry":{"type":"LineString","coordinates":[[19.479221,50.304078],[19.479226,50.304096]]}},{"type":"Feature","properties":{"line":"461","mode":"bus","color":"#e47e2b","oi":0.528,"n":4,"sw":1},"geometry":{"type":"LineString","coordinates":[[19.479225,50.30409],[19.47923,50.304108]]}},{"type":"Feature","properties":{"line":"461","mode":"bus","color":"#e47e2b","oi":0.443,"n":4,"sw":1},"geometry":{"type":"LineString","coordinates":[[19.479228,50.304103],[19.479233,50.30412]]}},{"type":"Feature","properties":{"line":"461","mode":"bus","color":"#e47e2b","oi":0.362,"n":4,"sw":1},"geometry":{"type":"LineString","coordinates":[[19.479231,50.304115],[19.479236,50.304133]]}},{"type":"Feature","properties":{"line":"461","mode":"bus","color":"#e47e2b","oi":0.287,"n":4,"sw":1},"geometry":{"type":"LineString","coordinates":[[19.479235,50.304127],[19.47924,50.304145]]}},{"type":"Feature","properties":{"line":"461","mode":"bus","color":"#e47e2b","oi":0.218,"n":4,"sw":1},"geometry":{"type":"LineString","coordinates":[[19.479238,50.304139],[19.479243,50.304157]]}},{"type":"Feature","properties":{"line":"461","mode":"bus","color":"#e47e2b","oi":0.156,"n":4,"sw":1},"geometry":{"type":"LineString","coordinates":[[19.479242,50.304152],[19.479247,50.304169]]}},{"type":"Feature","properties":{"line":"461","mode":"bus","color":"#e47e2b","oi":0.103,"n":4,"sw":1},"geometry":{"type":"LineString","coordinates":[[19.479245,50.304164],[19.47925,50.304182]]}},{"type":"Feature","properties":{"line":"461","mode":"bus","color":"#e47e2b","oi":0.06,"n":4,"sw":1},"geometry":{"type":"LineString","coordinates":[[19.479249,50.304176],[19.479253,50.304194]]}},{"type":"Feature","properties":{"line":"461","mode":"bus","color":"#e47e2b","oi":0.027,"n":4,"sw":1},"geometry":{"type":"LineString","coordinates":[[19.479252,50.304189],[19.479257,50.304206]]}},{"type":"Feature","properties":{"line":"461","mode":"bus","color":"#e47e2b","oi":0.007,"n":4,"sw":1},"geometry":{"type":"LineString","coordinates":[[19.479255,50.304201],[19.47926,50.304218]]}},{"type":"Feature","properties":{"line":"461","mode":"bus","color":"#e47e2b","oi":0,"n":4,"sw":1},"geometry":{"type":"LineString","coordinates":[[19.479259,50.304213],[19.479263,50.304228]]}},{"type":"Feature","properties":{"line":"461","mode":"bus","color":"#e47e2b","oi":1,"n":3},"geometry":{"type":"LineString","coordinates":[[19.479359,50.305812],[19.472745,50.307515],[19.471755,50.307716],[19.47087,50.307859],[19.47026,50.307916]]}},{"type":"Feature","properties":{"line":"461","mode":"bus","color":"#e47e2b","oi":0,"n":3,"sw":1},"geometry":{"type":"LineString","coordinates":[[19.479647,50.305615],[19.479652,50.305635]]}},{"type":"Feature","properties":{"line":"461","mode":"bus","color":"#e47e2b","oi":0.01,"n":3,"sw":1},"geometry":{"type":"LineString","coordinates":[[19.479651,50.30563],[19.479656,50.305653]]}},{"type":"Feature","properties":{"line":"461","mode":"bus","color":"#e47e2b","oi":0.038,"n":3,"sw":1},"geometry":{"type":"LineString","coordinates":[[19.479655,50.305648],[19.479661,50.305671]]}},{"type":"Feature","properties":{"line":"461","mode":"bus","color":"#e47e2b","oi":0.082,"n":3,"sw":1},"geometry":{"type":"LineString","coordinates":[[19.479659,50.305666],[19.479665,50.305689]]}},{"type":"Feature","properties":{"line":"461","mode":"bus","color":"#e47e2b","oi":0.14,"n":3,"sw":1},"geometry":{"type":"LineString","coordinates":[[19.479664,50.305683],[19.479666,50.305694],[19.479666,50.305707]]}},{"type":"Feature","properties":{"line":"461","mode":"bus","color":"#e47e2b","oi":0.209,"n":3,"sw":1},"geometry":{"type":"LineString","coordinates":[[19.479666,50.305701],[19.479665,50.305716],[19.479658,50.305724]]}},{"type":"Feature","properties":{"line":"461","mode":"bus","color":"#e47e2b","oi":0.286,"n":3,"sw":1},"geometry":{"type":"LineString","coordinates":[[19.479663,50.305719],[19.479651,50.305732],[19.47964,50.305736]]}},{"type":"Feature","properties":{"line":"461","mode":"bus","color":"#e47e2b","oi":0.369,"n":3,"sw":1},"geometry":{"type":"LineString","coordinates":[[19.479647,50.305734],[19.479623,50.305743],[19.479616,50.305745]]}},{"type":"Feature","properties":{"line":"461","mode":"bus","color":"#e47e2b","oi":0.456,"n":3,"sw":1},"geometry":{"type":"LineString","coordinates":[[19.479623,50.305743],[19.479623,50.305743],[19.47959,50.305752]]}},{"type":"Feature","properties":{"line":"461","mode":"bus","color":"#e47e2b","oi":0.544,"n":3,"sw":1},"geometry":{"type":"LineString","coordinates":[[19.479597,50.30575],[19.479563,50.305759]]}},{"type":"Feature","properties":{"line":"461","mode":"bus","color":"#e47e2b","oi":0.631,"n":3,"sw":1},"geometry":{"type":"LineString","coordinates":[[19.479571,50.305757],[19.479537,50.305765]]}},{"type":"Feature","properties":{"line":"461","mode":"bus","color":"#e47e2b","oi":0.714,"n":3,"sw":1},"geometry":{"type":"LineString","coordinates":[[19.479545,50.305763],[19.479511,50.305772]]}},{"type":"Feature","properties":{"line":"461","mode":"bus","color":"#e47e2b","oi":0.791,"n":3,"sw":1},"geometry":{"type":"LineString","coordinates":[[19.479519,50.30577],[19.479485,50.305779]]}},{"type":"Feature","properties":{"line":"461","mode":"bus","color":"#e47e2b","oi":0.86,"n":3,"sw":1},"geometry":{"type":"LineString","coordinates":[[19.479493,50.305777],[19.479459,50.305786]]}},{"type":"Feature","properties":{"line":"461","mode":"bus","color":"#e47e2b","oi":0.918,"n":3,"sw":1},"geometry":{"type":"LineString","coordinates":[[19.479467,50.305784],[19.479433,50.305792]]}},{"type":"Feature","properties":{"line":"461","mode":"bus","color":"#e47e2b","oi":0.962,"n":3,"sw":1},"geometry":{"type":"LineString","coordinates":[[19.479441,50.30579],[19.479407,50.305799]]}},{"type":"Feature","properties":{"line":"461","mode":"bus","color":"#e47e2b","oi":0.99,"n":3,"sw":1},"geometry":{"type":"LineString","coordinates":[[19.479415,50.305797],[19.479381,50.305806]]}},{"type":"Feature","properties":{"line":"461","mode":"bus","color":"#e47e2b","oi":1,"n":3,"sw":1},"geometry":{"type":"LineString","coordinates":[[19.479389,50.305804],[19.479355,50.305813]]}},{"type":"Feature","properties":{"line":"461","mode":"bus","color":"#e47e2b","oi":1,"n":3},"geometry":{"type":"LineString","coordinates":[[19.460942,50.317853],[19.460961,50.318019],[19.460876,50.318108],[19.460789,50.318126],[19.460686,50.318104],[19.460611,50.318057],[19.46055,50.317952],[19.460545,50.317937],[19.46055,50.317925],[19.460563,50.317916],[19.460586,50.317911],[19.460822,50.31788],[19.461166,50.317784],[19.46242,50.31725],[19.462549,50.317162],[19.462589,50.317099],[19.46285,50.315987],[19.462914,50.315827],[19.463096,50.3155],[19.463333,50.315207],[19.468753,50.309603],[19.470121,50.30812],[19.47019,50.308019]]}},{"type":"Feature","properties":{"line":"461","mode":"bus","color":"#e47e2b","oi":1,"n":3,"sw":1},"geometry":{"type":"LineString","coordinates":[[19.470188,50.308022],[19.470203,50.308]]}},{"type":"Feature","properties":{"line":"461","mode":"bus","color":"#e47e2b","oi":0.99,"n":3,"sw":1},"geometry":{"type":"LineString","coordinates":[[19.470199,50.308005],[19.470214,50.307984]]}},{"type":"Feature","properties":{"line":"461","mode":"bus","color":"#e47e2b","oi":0.962,"n":3,"sw":1},"geometry":{"type":"LineString","coordinates":[[19.470211,50.307989],[19.470225,50.307967]]}},{"type":"Feature","properties":{"line":"461","mode":"bus","color":"#e47e2b","oi":0.918,"n":3,"sw":1},"geometry":{"type":"LineString","coordinates":[[19.470222,50.307972],[19.470236,50.307951]]}},{"type":"Feature","properties":{"line":"461","mode":"bus","color":"#e47e2b","oi":0.86,"n":3,"sw":1},"geometry":{"type":"LineString","coordinates":[[19.470233,50.307956],[19.470248,50.307934]]}},{"type":"Feature","properties":{"line":"461","mode":"bus","color":"#e47e2b","oi":0.791,"n":3,"sw":1},"geometry":{"type":"LineString","coordinates":[[19.470244,50.307939],[19.470259,50.307918]]}},{"type":"Feature","properties":{"line":"461","mode":"bus","color":"#e47e2b","oi":0.714,"n":3,"sw":1},"geometry":{"type":"LineString","coordinates":[[19.470256,50.307923],[19.47026,50.307916],[19.47028,50.307906]]}},{"type":"Feature","properties":{"line":"461","mode":"bus","color":"#e47e2b","oi":0.631,"n":3,"sw":1},"geometry":{"type":"LineString","coordinates":[[19.470273,50.307909],[19.470302,50.307894]]}},{"type":"Feature","properties":{"line":"461","mode":"bus","color":"#e47e2b","oi":0.544,"n":3,"sw":1},"geometry":{"type":"LineString","coordinates":[[19.470295,50.307898],[19.470323,50.307883]]}},{"type":"Feature","properties":{"line":"461","mode":"bus","color":"#e47e2b","oi":0.456,"n":3,"sw":1},"geometry":{"type":"LineString","coordinates":[[19.470317,50.307887],[19.470345,50.307872]]}},{"type":"Feature","properties":{"line":"461","mode":"bus","color":"#e47e2b","oi":0.369,"n":3,"sw":1},"geometry":{"type":"LineString","coordinates":[[19.470339,50.307875],[19.470367,50.307861]]}},{"type":"Feature","properties":{"line":"461","mode":"bus","color":"#e47e2b","oi":0.286,"n":3,"sw":1},"geometry":{"type":"LineString","coordinates":[[19.470361,50.307864],[19.470389,50.307849]]}},{"type":"Feature","properties":{"line":"461","mode":"bus","color":"#e47e2b","oi":0.209,"n":3,"sw":1},"geometry":{"type":"LineString","coordinates":[[19.470382,50.307853],[19.470411,50.307838]]}},{"type":"Feature","properties":{"line":"461","mode":"bus","color":"#e47e2b","oi":0.14,"n":3,"sw":1},"geometry":{"type":"LineString","coordinates":[[19.470404,50.307841],[19.470433,50.307827]]}},{"type":"Feature","properties":{"line":"461","mode":"bus","color":"#e47e2b","oi":0.082,"n":3,"sw":1},"geometry":{"type":"LineString","coordinates":[[19.470426,50.30783],[19.470455,50.307815]]}},{"type":"Feature","properties":{"line":"461","mode":"bus","color":"#e47e2b","oi":0.038,"n":3,"sw":1},"geometry":{"type":"LineString","coordinates":[[19.470448,50.307819],[19.470477,50.307804]]}},{"type":"Feature","properties":{"line":"461","mode":"bus","color":"#e47e2b","oi":0.01,"n":3,"sw":1},"geometry":{"type":"LineString","coordinates":[[19.47047,50.307807],[19.470498,50.307793]]}},{"type":"Feature","properties":{"line":"461","mode":"bus","color":"#e47e2b","oi":0,"n":3,"sw":1},"geometry":{"type":"LineString","coordinates":[[19.470492,50.307796],[19.470517,50.307783]]}},{"type":"Feature","properties":{"line":"461","mode":"bus","color":"#e47e2b","oi":1.5,"n":4},"geometry":{"type":"LineString","coordinates":[[19.470517,50.307783],[19.471212,50.307692],[19.472002,50.307558],[19.47311,50.307308],[19.479178,50.305737]]}},{"type":"Feature","properties":{"line":"461","mode":"bus","color":"#e47e2b","oi":1.5,"n":4,"sw":1},"geometry":{"type":"LineString","coordinates":[[19.479174,50.305738],[19.4792,50.305731]]}},{"type":"Feature","properties":{"line":"461","mode":"bus","color":"#e47e2b","oi":1.493,"n":4,"sw":1},"geometry":{"type":"LineString","coordinates":[[19.479192,50.305733],[19.479218,50.305726]]}},{"type":"Feature","properties":{"line":"461","mode":"bus","color":"#e47e2b","oi":1.473,"n":4,"sw":1},"geometry":{"type":"LineString","coordinates":[[19.47921,50.305728],[19.479236,50.305722]]}},{"type":"Feature","properties":{"line":"461","mode":"bus","color":"#e47e2b","oi":1.44,"n":4,"sw":1},"geometry":{"type":"LineString","coordinates":[[19.479228,50.305724],[19.479254,50.305717]]}},{"type":"Feature","properties":{"line":"461","mode":"bus","color":"#e47e2b","oi":1.397,"n":4,"sw":1},"geometry":{"type":"LineString","coordinates":[[19.479246,50.305719],[19.479272,50.305712]]}},{"type":"Feature","properties":{"line":"461","mode":"bus","color":"#e47e2b","oi":1.344,"n":4,"sw":1},"geometry":{"type":"LineString","coordinates":[[19.479264,50.305714],[19.47929,50.305707]]}},{"type":"Feature","properties":{"line":"461","mode":"bus","color":"#e47e2b","oi":1.282,"n":4,"sw":1},"geometry":{"type":"LineString","coordinates":[[19.479282,50.30571],[19.479308,50.305703]]}},{"type":"Feature","properties":{"line":"461","mode":"bus","color":"#e47e2b","oi":1.213,"n":4,"sw":1},"geometry":{"type":"LineString","coordinates":[[19.4793,50.305705],[19.479326,50.305698]]}},{"type":"Feature","properties":{"line":"461","mode":"bus","color":"#e47e2b","oi":1.138,"n":4,"sw":1},"geometry":{"type":"LineString","coordinates":[[19.479318,50.3057],[19.479344,50.305693]]}},{"type":"Feature","properties":{"line":"461","mode":"bus","color":"#e47e2b","oi":1.057,"n":4,"sw":1},"geometry":{"type":"LineString","coordinates":[[19.479336,50.305695],[19.479362,50.305689]]}},{"type":"Feature","properties":{"line":"461","mode":"bus","color":"#e47e2b","oi":0.972,"n":4,"sw":1},"geometry":{"type":"LineString","coordinates":[[19.479354,50.305691],[19.47938,50.305684]]}},{"type":"Feature","properties":{"line":"461","mode":"bus","color":"#e47e2b","oi":0.884,"n":4,"sw":1},"geometry":{"type":"LineString","coordinates":[[19.479372,50.305686],[19.479398,50.305679]]}},{"type":"Feature","properties":{"line":"461","mode":"bus","color":"#e47e2b","oi":0.795,"n":4,"sw":1},"geometry":{"type":"LineString","coordinates":[[19.47939,50.305681],[19.479416,50.305675]]}},{"type":"Feature","properties":{"line":"461","mode":"bus","color":"#e47e2b","oi":0.705,"n":4,"sw":1},"geometry":{"type":"LineString","coordinates":[[19.479408,50.305677],[19.479434,50.30567]]}},{"type":"Feature","properties":{"line":"461","mode":"bus","color":"#e47e2b","oi":0.616,"n":4,"sw":1},"geometry":{"type":"LineString","coordinates":[[19.479426,50.305672],[19.479452,50.305665]]}},{"type":"Feature","properties":{"line":"461","mode":"bus","color":"#e47e2b","oi":0.528,"n":4,"sw":1},"geometry":{"type":"LineString","coordinates":[[19.479445,50.305667],[19.47947,50.305661]]}},{"type":"Feature","properties":{"line":"461","mode":"bus","color":"#e47e2b","oi":0.443,"n":4,"sw":1},"geometry":{"type":"LineString","coordinates":[[19.479463,50.305663],[19.479488,50.305656]]}},{"type":"Feature","properties":{"line":"461","mode":"bus","color":"#e47e2b","oi":0.362,"n":4,"sw":1},"geometry":{"type":"LineString","coordinates":[[19.479481,50.305658],[19.479506,50.305651]]}},{"type":"Feature","properties":{"line":"461","mode":"bus","color":"#e47e2b","oi":0.287,"n":4,"sw":1},"geometry":{"type":"LineString","coordinates":[[19.479499,50.305653],[19.479525,50.305647]]}},{"type":"Feature","properties":{"line":"461","mode":"bus","color":"#e47e2b","oi":0.218,"n":4,"sw":1},"geometry":{"type":"LineString","coordinates":[[19.479517,50.305649],[19.479543,50.305642]]}},{"type":"Feature","properties":{"line":"461","mode":"bus","color":"#e47e2b","oi":0.156,"n":4,"sw":1},"geometry":{"type":"LineString","coordinates":[[19.479535,50.305644],[19.479561,50.305637]]}},{"type":"Feature","properties":{"line":"461","mode":"bus","color":"#e47e2b","oi":0.103,"n":4,"sw":1},"geometry":{"type":"LineString","coordinates":[[19.479553,50.305639],[19.479579,50.305633]]}},{"type":"Feature","properties":{"line":"461","mode":"bus","color":"#e47e2b","oi":0.06,"n":4,"sw":1},"geometry":{"type":"LineString","coordinates":[[19.479571,50.305635],[19.479597,50.305628]]}},{"type":"Feature","properties":{"line":"461","mode":"bus","color":"#e47e2b","oi":0.027,"n":4,"sw":1},"geometry":{"type":"LineString","coordinates":[[19.479589,50.30563],[19.479615,50.305623]]}},{"type":"Feature","properties":{"line":"461","mode":"bus","color":"#e47e2b","oi":0.007,"n":4,"sw":1},"geometry":{"type":"LineString","coordinates":[[19.479607,50.305625],[19.479633,50.305619]]}},{"type":"Feature","properties":{"line":"461","mode":"bus","color":"#e47e2b","oi":0,"n":4,"sw":1},"geometry":{"type":"LineString","coordinates":[[19.479625,50.305621],[19.479647,50.305615]]}},{"type":"Feature","properties":{"line":"M","mode":"bus","color":"#05617d","oi":-1,"n":3},"geometry":{"type":"LineString","coordinates":[[19.57363,50.274733],[19.57347,50.27478],[19.573387,50.274906]]}},{"type":"Feature","properties":{"line":"M","mode":"bus","color":"#05617d","oi":0,"n":3,"sw":1},"geometry":{"type":"LineString","coordinates":[[19.573984,50.274629],[19.57396,50.274636]]}},{"type":"Feature","properties":{"line":"M","mode":"bus","color":"#05617d","oi":-0.01,"n":3,"sw":1},"geometry":{"type":"LineString","coordinates":[[19.573968,50.274634],[19.573941,50.274642]]}},{"type":"Feature","properties":{"line":"M","mode":"bus","color":"#05617d","oi":-0.038,"n":3,"sw":1},"geometry":{"type":"LineString","coordinates":[[19.573948,50.274639],[19.573921,50.274647]]}},{"type":"Feature","properties":{"line":"M","mode":"bus","color":"#05617d","oi":-0.082,"n":3,"sw":1},"geometry":{"type":"LineString","coordinates":[[19.573929,50.274645],[19.573901,50.274653]]}},{"type":"Feature","properties":{"line":"M","mode":"bus","color":"#05617d","oi":-0.14,"n":3,"sw":1},"geometry":{"type":"LineString","coordinates":[[19.573909,50.274651],[19.573882,50.274659]]}},{"type":"Feature","properties":{"line":"M","mode":"bus","color":"#05617d","oi":-0.209,"n":3,"sw":1},"geometry":{"type":"LineString","coordinates":[[19.573889,50.274657],[19.573862,50.274665]]}},{"type":"Feature","properties":{"line":"M","mode":"bus","color":"#05617d","oi":-0.286,"n":3,"sw":1},"geometry":{"type":"LineString","coordinates":[[19.57387,50.274663],[19.573842,50.274671]]}},{"type":"Feature","properties":{"line":"M","mode":"bus","color":"#05617d","oi":-0.369,"n":3,"sw":1},"geometry":{"type":"LineString","coordinates":[[19.57385,50.274668],[19.573823,50.274676]]}},{"type":"Feature","properties":{"line":"M","mode":"bus","color":"#05617d","oi":-0.456,"n":3,"sw":1},"geometry":{"type":"LineString","coordinates":[[19.57383,50.274674],[19.573803,50.274682]]}},{"type":"Feature","properties":{"line":"M","mode":"bus","color":"#05617d","oi":-0.544,"n":3,"sw":1},"geometry":{"type":"LineString","coordinates":[[19.573811,50.27468],[19.573783,50.274688]]}},{"type":"Feature","properties":{"line":"M","mode":"bus","color":"#05617d","oi":-0.631,"n":3,"sw":1},"geometry":{"type":"LineString","coordinates":[[19.573791,50.274686],[19.573764,50.274694]]}},{"type":"Feature","properties":{"line":"M","mode":"bus","color":"#05617d","oi":-0.714,"n":3,"sw":1},"geometry":{"type":"LineString","coordinates":[[19.573771,50.274691],[19.573744,50.274699]]}},{"type":"Feature","properties":{"line":"M","mode":"bus","color":"#05617d","oi":-0.791,"n":3,"sw":1},"geometry":{"type":"LineString","coordinates":[[19.573752,50.274697],[19.573724,50.274705]]}},{"type":"Feature","properties":{"line":"M","mode":"bus","color":"#05617d","oi":-0.86,"n":3,"sw":1},"geometry":{"type":"LineString","coordinates":[[19.573732,50.274703],[19.573705,50.274711]]}},{"type":"Feature","properties":{"line":"M","mode":"bus","color":"#05617d","oi":-0.918,"n":3,"sw":1},"geometry":{"type":"LineString","coordinates":[[19.573712,50.274709],[19.573685,50.274717]]}},{"type":"Feature","properties":{"line":"M","mode":"bus","color":"#05617d","oi":-0.962,"n":3,"sw":1},"geometry":{"type":"LineString","coordinates":[[19.573693,50.274715],[19.573665,50.274723]]}},{"type":"Feature","properties":{"line":"M","mode":"bus","color":"#05617d","oi":-0.99,"n":3,"sw":1},"geometry":{"type":"LineString","coordinates":[[19.573673,50.27472],[19.573646,50.274728]]}},{"type":"Feature","properties":{"line":"M","mode":"bus","color":"#05617d","oi":-1,"n":3,"sw":1},"geometry":{"type":"LineString","coordinates":[[19.573653,50.274726],[19.573626,50.274734]]}},{"type":"Feature","properties":{"line":"M","mode":"bus","color":"#05617d","oi":0,"n":1},"geometry":{"type":"LineString","coordinates":[[19.573359,50.265772],[19.573186,50.263522],[19.573216,50.26338],[19.573715,50.262189],[19.57369,50.261286],[19.573875,50.261097],[19.574001,50.26092]]}},{"type":"Feature","properties":{"line":"M","mode":"bus","color":"#05617d","oi":1.5,"n":4},"geometry":{"type":"LineString","coordinates":[[19.5747,50.266011],[19.57746,50.266358],[19.577621,50.266416],[19.578427,50.266817]]}},{"type":"Feature","properties":{"line":"M","mode":"bus","color":"#05617d","oi":0,"n":4,"sw":1},"geometry":{"type":"LineString","coordinates":[[19.574203,50.265948],[19.574226,50.265951]]}},{"type":"Feature","properties":{"line":"M","mode":"bus","color":"#05617d","oi":0.007,"n":4,"sw":1},"geometry":{"type":"LineString","coordinates":[[19.574218,50.26595],[19.574245,50.265953]]}},{"type":"Feature","properties":{"line":"M","mode":"bus","color":"#05617d","oi":0.027,"n":4,"sw":1},"geometry":{"type":"LineString","coordinates":[[19.574237,50.265952],[19.574264,50.265956]]}},{"type":"Feature","properties":{"line":"M","mode":"bus","color":"#05617d","oi":0.06,"n":4,"sw":1},"geometry":{"type":"LineString","coordinates":[[19.574256,50.265955],[19.574284,50.265958]]}},{"type":"Feature","properties":{"line":"M","mode":"bus","color":"#05617d","oi":0.103,"n":4,"sw":1},"geometry":{"type":"LineString","coordinates":[[19.574275,50.265957],[19.574303,50.265961]]}},{"type":"Feature","properties":{"line":"M","mode":"bus","color":"#05617d","oi":0.156,"n":4,"sw":1},"geometry":{"type":"LineString","coordinates":[[19.574294,50.26596],[19.574322,50.265963]]}},{"type":"Feature","properties":{"line":"M","mode":"bus","color":"#05617d","oi":0.218,"n":4,"sw":1},"geometry":{"type":"LineString","coordinates":[[19.574314,50.265962],[19.574341,50.265965]]}},{"type":"Feature","properties":{"line":"M","mode":"bus","color":"#05617d","oi":0.287,"n":4,"sw":1},"geometry":{"type":"LineString","coordinates":[[19.574333,50.265964],[19.57436,50.265968]]}},{"type":"Feature","properties":{"line":"M","mode":"bus","color":"#05617d","oi":0.362,"n":4,"sw":1},"geometry":{"type":"LineString","coordinates":[[19.574352,50.265967],[19.574379,50.26597]]}},{"type":"Feature","properties":{"line":"M","mode":"bus","color":"#05617d","oi":0.443,"n":4,"sw":1},"geometry":{"type":"LineString","coordinates":[[19.574371,50.265969],[19.574398,50.265973]]}},{"type":"Feature","properties":{"line":"M","mode":"bus","color":"#05617d","oi":0.528,"n":4,"sw":1},"geometry":{"type":"LineString","coordinates":[[19.57439,50.265972],[19.574417,50.265975]]}},{"type":"Feature","properties":{"line":"M","mode":"bus","color":"#05617d","oi":0.616,"n":4,"sw":1},"geometry":{"type":"LineString","coordinates":[[19.574409,50.265974],[19.574436,50.265977]]}},{"type":"Feature","properties":{"line":"M","mode":"bus","color":"#05617d","oi":0.705,"n":4,"sw":1},"geometry":{"type":"LineString","coordinates":[[19.574428,50.265976],[19.574456,50.26598]]}},{"type":"Feature","properties":{"line":"M","mode":"bus","color":"#05617d","oi":0.795,"n":4,"sw":1},"geometry":{"type":"LineString","coordinates":[[19.574447,50.265979],[19.574475,50.265982]]}},{"type":"Feature","properties":{"line":"M","mode":"bus","color":"#05617d","oi":0.884,"n":4,"sw":1},"geometry":{"type":"LineString","coordinates":[[19.574466,50.265981],[19.574494,50.265985]]}},{"type":"Feature","properties":{"line":"M","mode":"bus","color":"#05617d","oi":0.972,"n":4,"sw":1},"geometry":{"type":"LineString","coordinates":[[19.574485,50.265984],[19.574513,50.265987]]}},{"type":"Feature","properties":{"line":"M","mode":"bus","color":"#05617d","oi":1.057,"n":4,"sw":1},"geometry":{"type":"LineString","coordinates":[[19.574505,50.265986],[19.574532,50.265989]]}},{"type":"Feature","properties":{"line":"M","mode":"bus","color":"#05617d","oi":1.138,"n":4,"sw":1},"geometry":{"type":"LineString","coordinates":[[19.574524,50.265988],[19.574551,50.265992]]}},{"type":"Feature","properties":{"line":"M","mode":"bus","color":"#05617d","oi":1.213,"n":4,"sw":1},"geometry":{"type":"LineString","coordinates":[[19.574543,50.265991],[19.57457,50.265994]]}},{"type":"Feature","properties":{"line":"M","mode":"bus","color":"#05617d","oi":1.282,"n":4,"sw":1},"geometry":{"type":"LineString","coordinates":[[19.574562,50.265993],[19.574589,50.265997]]}},{"type":"Feature","properties":{"line":"M","mode":"bus","color":"#05617d","oi":1.344,"n":4,"sw":1},"geometry":{"type":"LineString","coordinates":[[19.574581,50.265996],[19.574608,50.265999]]}},{"type":"Feature","properties":{"line":"M","mode":"bus","color":"#05617d","oi":1.397,"n":4,"sw":1},"geometry":{"type":"LineString","coordinates":[[19.5746,50.265998],[19.574628,50.266001]]}},{"type":"Feature","properties":{"line":"M","mode":"bus","color":"#05617d","oi":1.44,"n":4,"sw":1},"geometry":{"type":"LineString","coordinates":[[19.574619,50.266],[19.574647,50.266004]]}},{"type":"Feature","properties":{"line":"M","mode":"bus","color":"#05617d","oi":1.473,"n":4,"sw":1},"geometry":{"type":"LineString","coordinates":[[19.574638,50.266003],[19.574666,50.266006]]}},{"type":"Feature","properties":{"line":"M","mode":"bus","color":"#05617d","oi":1.493,"n":4,"sw":1},"geometry":{"type":"LineString","coordinates":[[19.574657,50.266005],[19.574685,50.266009]]}},{"type":"Feature","properties":{"line":"M","mode":"bus","color":"#05617d","oi":1.5,"n":4,"sw":1},"geometry":{"type":"LineString","coordinates":[[19.574677,50.266008],[19.574704,50.266011]]}},{"type":"Feature","properties":{"line":"M","mode":"bus","color":"#05617d","oi":1.5,"n":4},"geometry":{"type":"LineString","coordinates":[[19.579698,50.269476],[19.579957,50.26902]]}},{"type":"Feature","properties":{"line":"M","mode":"bus","color":"#05617d","oi":0,"n":4,"sw":1},"geometry":{"type":"LineString","coordinates":[[19.579525,50.26978],[19.579533,50.269766]]}},{"type":"Feature","properties":{"line":"M","mode":"bus","color":"#05617d","oi":0.007,"n":4,"sw":1},"geometry":{"type":"LineString","coordinates":[[19.57953,50.269771],[19.57954,50.269754]]}},{"type":"Feature","properties":{"line":"M","mode":"bus","color":"#05617d","oi":0.027,"n":4,"sw":1},"geometry":{"type":"LineString","coordinates":[[19.579537,50.269759],[19.579546,50.269742]]}},{"type":"Feature","properties":{"line":"M","mode":"bus","color":"#05617d","oi":0.06,"n":4,"sw":1},"geometry":{"type":"LineString","coordinates":[[19.579544,50.269747],[19.579553,50.269731]]}},{"type":"Feature","properties":{"line":"M","mode":"bus","color":"#05617d","oi":0.103,"n":4,"sw":1},"geometry":{"type":"LineString","coordinates":[[19.57955,50.269736],[19.57956,50.269719]]}},{"type":"Feature","properties":{"line":"M","mode":"bus","color":"#05617d","oi":0.156,"n":4,"sw":1},"geometry":{"type":"LineString","coordinates":[[19.579557,50.269724],[19.579566,50.269707]]}},{"type":"Feature","properties":{"line":"M","mode":"bus","color":"#05617d","oi":0.218,"n":4,"sw":1},"geometry":{"type":"LineString","coordinates":[[19.579563,50.269712],[19.579573,50.269696]]}},{"type":"Feature","properties":{"line":"M","mode":"bus","color":"#05617d","oi":0.287,"n":4,"sw":1},"geometry":{"type":"LineString","coordinates":[[19.57957,50.269701],[19.57958,50.269684]]}},{"type":"Feature","properties":{"line":"M","mode":"bus","color":"#05617d","oi":0.362,"n":4,"sw":1},"geometry":{"type":"LineString","coordinates":[[19.579577,50.269689],[19.579586,50.269672]]}},{"type":"Feature","properties":{"line":"M","mode":"bus","color":"#05617d","oi":0.443,"n":4,"sw":1},"geometry":{"type":"LineString","coordinates":[[19.579583,50.269677],[19.579593,50.26966]]}},{"type":"Feature","properties":{"line":"M","mode":"bus","color":"#05617d","oi":0.528,"n":4,"sw":1},"geometry":{"type":"LineString","coordinates":[[19.57959,50.269665],[19.5796,50.269649]]}},{"type":"Feature","properties":{"line":"M","mode":"bus","color":"#05617d","oi":0.616,"n":4,"sw":1},"geometry":{"type":"LineString","coordinates":[[19.579597,50.269654],[19.579606,50.269637]]}},{"type":"Feature","properties":{"line":"M","mode":"bus","color":"#05617d","oi":0.705,"n":4,"sw":1},"geometry":{"type":"LineString","coordinates":[[19.579603,50.269642],[19.579613,50.269625]]}},{"type":"Feature","properties":{"line":"M","mode":"bus","color":"#05617d","oi":0.795,"n":4,"sw":1},"geometry":{"type":"LineString","coordinates":[[19.57961,50.26963],[19.57962,50.269614]]}},{"type":"Feature","properties":{"line":"M","mode":"bus","color":"#05617d","oi":0.884,"n":4,"sw":1},"geometry":{"type":"LineString","coordinates":[[19.579617,50.269619],[19.579626,50.269602]]}},{"type":"Feature","properties":{"line":"M","mode":"bus","color":"#05617d","oi":0.972,"n":4,"sw":1},"geometry":{"type":"LineString","coordinates":[[19.579623,50.269607],[19.579633,50.26959]]}},{"type":"Feature","properties":{"line":"M","mode":"bus","color":"#05617d","oi":1.057,"n":4,"sw":1},"geometry":{"type":"LineString","coordinates":[[19.57963,50.269595],[19.57964,50.269578]]}},{"type":"Feature","properties":{"line":"M","mode":"bus","color":"#05617d","oi":1.138,"n":4,"sw":1},"geometry":{"type":"LineString","coordinates":[[19.579637,50.269583],[19.579646,50.269567]]}},{"type":"Feature","properties":{"line":"M","mode":"bus","color":"#05617d","oi":1.213,"n":4,"sw":1},"geometry":{"type":"LineString","coordinates":[[19.579643,50.269572],[19.579653,50.269555]]}},{"type":"Feature","properties":{"line":"M","mode":"bus","color":"#05617d","oi":1.282,"n":4,"sw":1},"geometry":{"type":"LineString","coordinates":[[19.57965,50.26956],[19.57966,50.269543]]}},{"type":"Feature","properties":{"line":"M","mode":"bus","color":"#05617d","oi":1.344,"n":4,"sw":1},"geometry":{"type":"LineString","coordinates":[[19.579657,50.269548],[19.579666,50.269532]]}},{"type":"Feature","properties":{"line":"M","mode":"bus","color":"#05617d","oi":1.397,"n":4,"sw":1},"geometry":{"type":"LineString","coordinates":[[19.579663,50.269537],[19.579673,50.26952]]}},{"type":"Feature","properties":{"line":"M","mode":"bus","color":"#05617d","oi":1.44,"n":4,"sw":1},"geometry":{"type":"LineString","coordinates":[[19.57967,50.269525],[19.57968,50.269508]]}},{"type":"Feature","properties":{"line":"M","mode":"bus","color":"#05617d","oi":1.473,"n":4,"sw":1},"geometry":{"type":"LineString","coordinates":[[19.579677,50.269513],[19.579686,50.269496]]}},{"type":"Feature","properties":{"line":"M","mode":"bus","color":"#05617d","oi":1.493,"n":4,"sw":1},"geometry":{"type":"LineString","coordinates":[[19.579683,50.269502],[19.579693,50.269485]]}},{"type":"Feature","properties":{"line":"M","mode":"bus","color":"#05617d","oi":1.5,"n":4,"sw":1},"geometry":{"type":"LineString","coordinates":[[19.57969,50.26949],[19.579699,50.269473]]}},{"type":"Feature","properties":{"line":"M","mode":"bus","color":"#05617d","oi":0.5,"n":2},"geometry":{"type":"LineString","coordinates":[[19.58013,50.268716],[19.580455,50.268145],[19.580624,50.267981],[19.580636,50.267962],[19.580632,50.267944],[19.580611,50.267929],[19.578823,50.267019]]}},{"type":"Feature","properties":{"line":"M","mode":"bus","color":"#05617d","oi":1.5,"n":2,"sw":1},"geometry":{"type":"LineString","coordinates":[[19.579957,50.26902],[19.579968,50.269001]]}},{"type":"Feature","properties":{"line":"M","mode":"bus","color":"#05617d","oi":1.49,"n":2,"sw":1},"geometry":{"type":"LineString","coordinates":[[19.579965,50.269006],[19.579978,50.268984]]}},{"type":"Feature","properties":{"line":"M","mode":"bus","color":"#05617d","oi":1.462,"n":2,"sw":1},"geometry":{"type":"LineString","coordinates":[[19.579975,50.268989],[19.579987,50.268967]]}},{"type":"Feature","properties":{"line":"M","mode":"bus","color":"#05617d","oi":1.418,"n":2,"sw":1},"geometry":{"type":"LineString","coordinates":[[19.579984,50.268972],[19.579997,50.26895]]}},{"type":"Feature","properties":{"line":"M","mode":"bus","color":"#05617d","oi":1.36,"n":2,"sw":1},"geometry":{"type":"LineString","coordinates":[[19.579994,50.268955],[19.580007,50.268933]]}},{"type":"Feature","properties":{"line":"M","mode":"bus","color":"#05617d","oi":1.291,"n":2,"sw":1},"geometry":{"type":"LineString","coordinates":[[19.580004,50.268938],[19.580016,50.268916]]}},{"type":"Feature","properties":{"line":"M","mode":"bus","color":"#05617d","oi":1.214,"n":2,"sw":1},"geometry":{"type":"LineString","coordinates":[[19.580013,50.268921],[19.580026,50.268899]]}},{"type":"Feature","properties":{"line":"M","mode":"bus","color":"#05617d","oi":1.131,"n":2,"sw":1},"geometry":{"type":"LineString","coordinates":[[19.580023,50.268904],[19.580035,50.268882]]}},{"type":"Feature","properties":{"line":"M","mode":"bus","color":"#05617d","oi":1.044,"n":2,"sw":1},"geometry":{"type":"LineString","coordinates":[[19.580033,50.268887],[19.580045,50.268865]]}},{"type":"Feature","properties":{"line":"M","mode":"bus","color":"#05617d","oi":0.956,"n":2,"sw":1},"geometry":{"type":"LineString","coordinates":[[19.580042,50.26887],[19.580055,50.268848]]}},{"type":"Feature","properties":{"line":"M","mode":"bus","color":"#05617d","oi":0.869,"n":2,"sw":1},"geometry":{"type":"LineString","coordinates":[[19.580052,50.268853],[19.580064,50.268831]]}},{"type":"Feature","properties":{"line":"M","mode":"bus","color":"#05617d","oi":0.786,"n":2,"sw":1},"geometry":{"type":"LineString","coordinates":[[19.580061,50.268837],[19.580074,50.268815]]}},{"type":"Feature","properties":{"line":"M","mode":"bus","color":"#05617d","oi":0.709,"n":2,"sw":1},"geometry":{"type":"LineString","coordinates":[[19.580071,50.26882],[19.580084,50.268798]]}},{"type":"Feature","properties":{"line":"M","mode":"bus","color":"#05617d","oi":0.64,"n":2,"sw":1},"geometry":{"type":"LineString","coordinates":[[19.580081,50.268803],[19.580093,50.268781]]}},{"type":"Feature","properties":{"line":"M","mode":"bus","color":"#05617d","oi":0.582,"n":2,"sw":1},"geometry":{"type":"LineString","coordinates":[[19.58009,50.268786],[19.580103,50.268764]]}},{"type":"Feature","properties":{"line":"M","mode":"bus","color":"#05617d","oi":0.538,"n":2,"sw":1},"geometry":{"type":"LineString","coordinates":[[19.5801,50.268769],[19.580112,50.268747]]}},{"type":"Feature","properties":{"line":"M","mode":"bus","color":"#05617d","oi":0.51,"n":2,"sw":1},"geometry":{"type":"LineString","coordinates":[[19.58011,50.268752],[19.580122,50.26873]]}},{"type":"Feature","properties":{"line":"M","mode":"bus","color":"#05617d","oi":0.5,"n":2,"sw":1},"geometry":{"type":"LineString","coordinates":[[19.580119,50.268735],[19.580132,50.268713]]}},{"type":"Feature","properties":{"line":"M","mode":"bus","color":"#05617d","oi":0.5,"n":2,"sw":1},"geometry":{"type":"LineString","coordinates":[[19.578827,50.26702],[19.578809,50.267011]]}},{"type":"Feature","properties":{"line":"M","mode":"bus","color":"#05617d","oi":0.495,"n":2,"sw":1},"geometry":{"type":"LineString","coordinates":[[19.578815,50.267015],[19.578797,50.267005]]}},{"type":"Feature","properties":{"line":"M","mode":"bus","color":"#05617d","oi":0.48,"n":2,"sw":1},"geometry":{"type":"LineString","coordinates":[[19.578804,50.267009],[19.578786,50.267]]}},{"type":"Feature","properties":{"line":"M","mode":"bus","color":"#05617d","oi":0.456,"n":2,"sw":1},"geometry":{"type":"LineString","coordinates":[[19.578793,50.267003],[19.578775,50.266994]]}},{"type":"Feature","properties":{"line":"M","mode":"bus","color":"#05617d","oi":0.423,"n":2,"sw":1},"geometry":{"type":"LineString","coordinates":[[19.578781,50.266997],[19.578763,50.266988]]}},{"type":"Feature","properties":{"line":"M","mode":"bus","color":"#05617d","oi":0.383,"n":2,"sw":1},"geometry":{"type":"LineString","coordinates":[[19.57877,50.266992],[19.578752,50.266982]]}},{"type":"Feature","properties":{"line":"M","mode":"bus","color":"#05617d","oi":0.335,"n":2,"sw":1},"geometry":{"type":"LineString","coordinates":[[19.578759,50.266986],[19.578741,50.266977]]}},{"type":"Feature","properties":{"line":"M","mode":"bus","color":"#05617d","oi":0.281,"n":2,"sw":1},"geometry":{"type":"LineString","coordinates":[[19.578747,50.26698],[19.578729,50.266971]]}},{"type":"Feature","properties":{"line":"M","mode":"bus","color":"#05617d","oi":0.22,"n":2,"sw":1},"geometry":{"type":"LineString","coordinates":[[19.578736,50.266974],[19.578718,50.266965]]}},{"type":"Feature","properties":{"line":"M","mode":"bus","color":"#05617d","oi":0.154,"n":2,"sw":1},"geometry":{"type":"LineString","coordinates":[[19.578725,50.266968],[19.578707,50.266959]]}},{"type":"Feature","properties":{"line":"M","mode":"bus","color":"#05617d","oi":0.083,"n":2,"sw":1},"geometry":{"type":"LineString","coordinates":[[19.578713,50.266963],[19.578695,50.266954]]}},{"type":"Feature","properties":{"line":"M","mode":"bus","color":"#05617d","oi":0.007,"n":2,"sw":1},"geometry":{"type":"LineString","coordinates":[[19.578702,50.266957],[19.578684,50.266948]]}},{"type":"Feature","properties":{"line":"M","mode":"bus","color":"#05617d","oi":-0.072,"n":2,"sw":1},"geometry":{"type":"LineString","coordinates":[[19.578691,50.266951],[19.578673,50.266942]]}},{"type":"Feature","properties":{"line":"M","mode":"bus","color":"#05617d","oi":-0.154,"n":2,"sw":1},"geometry":{"type":"LineString","coordinates":[[19.578679,50.266945],[19.578661,50.266936]]}},{"type":"Feature","properties":{"line":"M","mode":"bus","color":"#05617d","oi":-0.238,"n":2,"sw":1},"geometry":{"type":"LineString","coordinates":[[19.578668,50.26694],[19.57865,50.266931]]}},{"type":"Feature","properties":{"line":"M","mode":"bus","color":"#05617d","oi":-0.324,"n":2,"sw":1},"geometry":{"type":"LineString","coordinates":[[19.578657,50.266934],[19.578639,50.266925]]}},{"type":"Feature","properties":{"line":"M","mode":"bus","color":"#05617d","oi":-0.412,"n":2,"sw":1},"geometry":{"type":"LineString","coordinates":[[19.578645,50.266928],[19.578627,50.266919]]}},{"type":"Feature","properties":{"line":"M","mode":"bus","color":"#05617d","oi":-0.5,"n":2,"sw":1},"geometry":{"type":"LineString","coordinates":[[19.578634,50.266922],[19.578616,50.266913]]}},{"type":"Feature","properties":{"line":"M","mode":"bus","color":"#05617d","oi":-0.588,"n":2,"sw":1},"geometry":{"type":"LineString","coordinates":[[19.578623,50.266917],[19.578605,50.266908]]}},{"type":"Feature","properties":{"line":"M","mode":"bus","color":"#05617d","oi":-0.676,"n":2,"sw":1},"geometry":{"type":"LineString","coordinates":[[19.578611,50.266911],[19.578594,50.266902]]}},{"type":"Feature","properties":{"line":"M","mode":"bus","color":"#05617d","oi":-0.762,"n":2,"sw":1},"geometry":{"type":"LineString","coordinates":[[19.5786,50.266905],[19.578582,50.266896]]}},{"type":"Feature","properties":{"line":"M","mode":"bus","color":"#05617d","oi":-0.846,"n":2,"sw":1},"geometry":{"type":"LineString","coordinates":[[19.578589,50.266899],[19.578571,50.26689]]}},{"type":"Feature","properties":{"line":"M","mode":"bus","color":"#05617d","oi":-0.928,"n":2,"sw":1},"geometry":{"type":"LineString","coordinates":[[19.578577,50.266894],[19.57856,50.266884]]}},{"type":"Feature","properties":{"line":"M","mode":"bus","color":"#05617d","oi":-1.007,"n":2,"sw":1},"geometry":{"type":"LineString","coordinates":[[19.578566,50.266888],[19.578548,50.266879]]}},{"type":"Feature","properties":{"line":"M","mode":"bus","color":"#05617d","oi":-1.083,"n":2,"sw":1},"geometry":{"type":"LineString","coordinates":[[19.578555,50.266882],[19.578537,50.266873]]}},{"type":"Feature","properties":{"line":"M","mode":"bus","color":"#05617d","oi":-1.154,"n":2,"sw":1},"geometry":{"type":"LineString","coordinates":[[19.578544,50.266876],[19.578526,50.266867]]}},{"type":"Feature","properties":{"line":"M","mode":"bus","color":"#05617d","oi":-1.22,"n":2,"sw":1},"geometry":{"type":"LineString","coordinates":[[19.578532,50.266871],[19.578514,50.266861]]}},{"type":"Feature","properties":{"line":"M","mode":"bus","color":"#05617d","oi":-1.281,"n":2,"sw":1},"geometry":{"type":"LineString","coordinates":[[19.578521,50.266865],[19.578503,50.266856]]}},{"type":"Feature","properties":{"line":"M","mode":"bus","color":"#05617d","oi":-1.335,"n":2,"sw":1},"geometry":{"type":"LineString","coordinates":[[19.57851,50.266859],[19.578492,50.26685]]}},{"type":"Feature","properties":{"line":"M","mode":"bus","color":"#05617d","oi":-1.383,"n":2,"sw":1},"geometry":{"type":"LineString","coordinates":[[19.578498,50.266853],[19.57848,50.266844]]}},{"type":"Feature","properties":{"line":"M","mode":"bus","color":"#05617d","oi":-1.423,"n":2,"sw":1},"geometry":{"type":"LineString","coordinates":[[19.578487,50.266847],[19.578469,50.266838]]}},{"type":"Feature","properties":{"line":"M","mode":"bus","color":"#05617d","oi":-1.456,"n":2,"sw":1},"geometry":{"type":"LineString","coordinates":[[19.578476,50.266842],[19.578458,50.266833]]}},{"type":"Feature","properties":{"line":"M","mode":"bus","color":"#05617d","oi":-1.48,"n":2,"sw":1},"geometry":{"type":"LineString","coordinates":[[19.578464,50.266836],[19.578446,50.266827]]}},{"type":"Feature","properties":{"line":"M","mode":"bus","color":"#05617d","oi":-1.495,"n":2,"sw":1},"geometry":{"type":"LineString","coordinates":[[19.578453,50.26683],[19.578435,50.266821]]}},{"type":"Feature","properties":{"line":"M","mode":"bus","color":"#05617d","oi":-1.5,"n":2,"sw":1},"geometry":{"type":"LineString","coordinates":[[19.578442,50.266824],[19.578427,50.266817]]}},{"type":"Feature","properties":{"line":"466","mode":"bus","color":"#6b5806","oi":0.5,"n":2},"geometry":{"type":"LineString","coordinates":[[19.554735,50.272513],[19.55539,50.272766],[19.555404,50.272771],[19.555413,50.272773],[19.555418,50.272773],[19.555419,50.272769],[19.555415,50.272763],[19.555407,50.272755],[19.555332,50.27268],[19.555146,50.272329],[19.55513,50.272311],[19.555106,50.272302],[19.555073,50.272303],[19.554755,50.272351],[19.554399,50.27236],[19.55413,50.272245],[19.553882,50.272103],[19.548512,50.267875],[19.547969,50.267385],[19.547159,50.26656],[19.546904,50.266346],[19.545587,50.265723],[19.545175,50.265573],[19.544529,50.26538],[19.544026,50.265099],[19.543765,50.264893],[19.543126,50.264269],[19.542399,50.263758],[19.542279,50.263605],[19.542218,50.263467],[19.542132,50.262874],[19.542085,50.262745]]}},{"type":"Feature","properties":{"line":"466","mode":"bus","color":"#6b5806","oi":0.5,"n":2},"geometry":{"type":"LineString","coordinates":[[19.555438,50.272785],[19.557954,50.274807],[19.55823,50.275078],[19.558596,50.275528],[19.559017,50.276141],[19.559469,50.27697],[19.559591,50.277913]]}},{"type":"Feature","properties":{"line":"466","mode":"bus","color":"#6b5806","oi":0.5,"n":2},"geometry":{"type":"LineString","coordinates":[[19.573979,50.274756],[19.574035,50.274645]]}},{"type":"Feature","properties":{"line":"466","mode":"bus","color":"#6b5806","oi":0,"n":2,"sw":1},"geometry":{"type":"LineString","coordinates":[[19.573877,50.274838],[19.573899,50.274835]]}},{"type":"Feature","properties":{"line":"466","mode":"bus","color":"#6b5806","oi":0.017,"n":2,"sw":1},"geometry":{"type":"LineString","coordinates":[[19.573891,50.274836],[19.573917,50.274832]]}},{"type":"Feature","properties":{"line":"466","mode":"bus","color":"#6b5806","oi":0.063,"n":2,"sw":1},"geometry":{"type":"LineString","coordinates":[[19.573908,50.274834],[19.573919,50.274832],[19.573933,50.274828]]}},{"type":"Feature","properties":{"line":"466","mode":"bus","color":"#6b5806","oi":0.13,"n":2,"sw":1},"geometry":{"type":"LineString","coordinates":[[19.573926,50.27483],[19.573937,50.274826],[19.573944,50.274819]]}},{"type":"Feature","properties":{"line":"466","mode":"bus","color":"#6b5806","oi":0.209,"n":2,"sw":1},"geometry":{"type":"LineString","coordinates":[[19.57394,50.274823],[19.573948,50.274815],[19.573952,50.274808]]}},{"type":"Feature","properties":{"line":"466","mode":"bus","color":"#6b5806","oi":0.291,"n":2,"sw":1},"geometry":{"type":"LineString","coordinates":[[19.573949,50.274813],[19.573957,50.274797]]}},{"type":"Feature","properties":{"line":"466","mode":"bus","color":"#6b5806","oi":0.37,"n":2,"sw":1},"geometry":{"type":"LineString","coordinates":[[19.573955,50.274802],[19.573963,50.274786]]}},{"type":"Feature","properties":{"line":"466","mode":"bus","color":"#6b5806","oi":0.437,"n":2,"sw":1},"geometry":{"type":"LineString","coordinates":[[19.57396,50.274791],[19.573969,50.274775]]}},{"type":"Feature","properties":{"line":"466","mode":"bus","color":"#6b5806","oi":0.483,"n":2,"sw":1},"geometry":{"type":"LineString","coordinates":[[19.573966,50.27478],[19.573974,50.274764]]}},{"type":"Feature","properties":{"line":"466","mode":"bus","color":"#6b5806","oi":0.5,"n":2,"sw":1},"geometry":{"type":"LineString","coordinates":[[19.573972,50.274769],[19.57398,50.274753]]}},{"type":"Feature","properties":{"line":"466","mode":"bus","color":"#6b5806","oi":-1.5,"n":4},"geometry":{"type":"LineString","coordinates":[[19.478139,50.300193],[19.479174,50.303909]]}},{"type":"Feature","properties":{"line":"466","mode":"bus","color":"#6b5806","oi":0,"n":4,"sw":1},"geometry":{"type":"LineString","coordinates":[[19.477927,50.29991],[19.477944,50.29992]]}},{"type":"Feature","properties":{"line":"466","mode":"bus","color":"#6b5806","oi":-0.007,"n":4,"sw":1},"geometry":{"type":"LineString","coordinates":[[19.477938,50.299917],[19.477959,50.299929]]}},{"type":"Feature","properties":{"line":"466","mode":"bus","color":"#6b5806","oi":-0.027,"n":4,"sw":1},"geometry":{"type":"LineString","coordinates":[[19.477952,50.299925],[19.477973,50.299937]]}},{"type":"Feature","properties":{"line":"466","mode":"bus","color":"#6b5806","oi":-0.06,"n":4,"sw":1},"geometry":{"type":"LineString","coordinates":[[19.477967,50.299934],[19.477987,50.299946]]}},{"type":"Feature","properties":{"line":"466","mode":"bus","color":"#6b5806","oi":-0.103,"n":4,"sw":1},"geometry":{"type":"LineString","coordinates":[[19.477981,50.299942],[19.478001,50.299954]]}},{"type":"Feature","properties":{"line":"466","mode":"bus","color":"#6b5806","oi":-0.156,"n":4,"sw":1},"geometry":{"type":"LineString","coordinates":[[19.477995,50.299951],[19.478016,50.299963]]}},{"type":"Feature","properties":{"line":"466","mode":"bus","color":"#6b5806","oi":-0.218,"n":4,"sw":1},"geometry":{"type":"LineString","coordinates":[[19.478009,50.299959],[19.47803,50.299971]]}},{"type":"Feature","properties":{"line":"466","mode":"bus","color":"#6b5806","oi":-0.287,"n":4,"sw":1},"geometry":{"type":"LineString","coordinates":[[19.478024,50.299968],[19.478041,50.299978],[19.478042,50.299981]]}},{"type":"Feature","properties":{"line":"466","mode":"bus","color":"#6b5806","oi":-0.362,"n":4,"sw":1},"geometry":{"type":"LineString","coordinates":[[19.478038,50.299976],[19.478041,50.299978],[19.478048,50.299992]]}},{"type":"Feature","properties":{"line":"466","mode":"bus","color":"#6b5806","oi":-0.443,"n":4,"sw":1},"geometry":{"type":"LineString","coordinates":[[19.478046,50.299987],[19.478054,50.300004]]}},{"type":"Feature","properties":{"line":"466","mode":"bus","color":"#6b5806","oi":-0.528,"n":4,"sw":1},"geometry":{"type":"LineString","coordinates":[[19.478052,50.299999],[19.47806,50.300016]]}},{"type":"Feature","properties":{"line":"466","mode":"bus","color":"#6b5806","oi":-0.616,"n":4,"sw":1},"geometry":{"type":"LineString","coordinates":[[19.478057,50.300011],[19.478066,50.300028]]}},{"type":"Feature","properties":{"line":"466","mode":"bus","color":"#6b5806","oi":-0.705,"n":4,"sw":1},"geometry":{"type":"LineString","coordinates":[[19.478063,50.300023],[19.478072,50.30004]]}},{"type":"Feature","properties":{"line":"466","mode":"bus","color":"#6b5806","oi":-0.795,"n":4,"sw":1},"geometry":{"type":"LineString","coordinates":[[19.478069,50.300035],[19.478078,50.300052]]}},{"type":"Feature","properties":{"line":"466","mode":"bus","color":"#6b5806","oi":-0.884,"n":4,"sw":1},"geometry":{"type":"LineString","coordinates":[[19.478075,50.300047],[19.478084,50.300064]]}},{"type":"Feature","properties":{"line":"466","mode":"bus","color":"#6b5806","oi":-0.972,"n":4,"sw":1},"geometry":{"type":"LineString","coordinates":[[19.478081,50.300058],[19.47809,50.300075]]}},{"type":"Feature","properties":{"line":"466","mode":"bus","color":"#6b5806","oi":-1.057,"n":4,"sw":1},"geometry":{"type":"LineString","coordinates":[[19.478087,50.30007],[19.478096,50.300087]]}},{"type":"Feature","properties":{"line":"466","mode":"bus","color":"#6b5806","oi":-1.138,"n":4,"sw":1},"geometry":{"type":"LineString","coordinates":[[19.478093,50.300082],[19.478102,50.300099]]}},{"type":"Feature","properties":{"line":"466","mode":"bus","color":"#6b5806","oi":-1.213,"n":4,"sw":1},"geometry":{"type":"LineString","coordinates":[[19.478099,50.300094],[19.478108,50.300111]]}},{"type":"Feature","properties":{"line":"466","mode":"bus","color":"#6b5806","oi":-1.282,"n":4,"sw":1},"geometry":{"type":"LineString","coordinates":[[19.478105,50.300106],[19.478113,50.300123]]}},{"type":"Feature","properties":{"line":"466","mode":"bus","color":"#6b5806","oi":-1.344,"n":4,"sw":1},"geometry":{"type":"LineString","coordinates":[[19.478111,50.300118],[19.478119,50.300135]]}},{"type":"Feature","properties":{"line":"466","mode":"bus","color":"#6b5806","oi":-1.397,"n":4,"sw":1},"geometry":{"type":"LineString","coordinates":[[19.478117,50.30013],[19.478125,50.300147]]}},{"type":"Feature","properties":{"line":"466","mode":"bus","color":"#6b5806","oi":-1.44,"n":4,"sw":1},"geometry":{"type":"LineString","coordinates":[[19.478123,50.300142],[19.478126,50.300148],[19.478129,50.300159]]}},{"type":"Feature","properties":{"line":"466","mode":"bus","color":"#6b5806","oi":-1.473,"n":4,"sw":1},"geometry":{"type":"LineString","coordinates":[[19.478128,50.300154],[19.478132,50.300171]]}},{"type":"Feature","properties":{"line":"466","mode":"bus","color":"#6b5806","oi":-1.493,"n":4,"sw":1},"geometry":{"type":"LineString","coordinates":[[19.478131,50.300166],[19.478136,50.300183]]}},{"type":"Feature","properties":{"line":"466","mode":"bus","color":"#6b5806","oi":-1.5,"n":4,"sw":1},"geometry":{"type":"LineString","coordinates":[[19.478134,50.300178],[19.478139,50.300196]]}},{"type":"Feature","properties":{"line":"466","mode":"bus","color":"#6b5806","oi":-1.5,"n":4,"sw":1},"geometry":{"type":"LineString","coordinates":[[19.479173,50.303906],[19.479178,50.303924]]}},{"type":"Feature","properties":{"line":"466","mode":"bus","color":"#6b5806","oi":-1.493,"n":4,"sw":1},"geometry":{"type":"LineString","coordinates":[[19.479177,50.303919],[19.479182,50.303936]]}},{"type":"Feature","properties":{"line":"466","mode":"bus","color":"#6b5806","oi":-1.473,"n":4,"sw":1},"geometry":{"type":"LineString","coordinates":[[19.47918,50.303931],[19.479185,50.303949]]}},{"type":"Feature","properties":{"line":"466","mode":"bus","color":"#6b5806","oi":-1.44,"n":4,"sw":1},"geometry":{"type":"LineString","coordinates":[[19.479184,50.303943],[19.479189,50.303961]]}},{"type":"Feature","properties":{"line":"466","mode":"bus","color":"#6b5806","oi":-1.397,"n":4,"sw":1},"geometry":{"type":"LineString","coordinates":[[19.479187,50.303955],[19.479192,50.303973]]}},{"type":"Feature","properties":{"line":"466","mode":"bus","color":"#6b5806","oi":-1.344,"n":4,"sw":1},"geometry":{"type":"LineString","coordinates":[[19.47919,50.303968],[19.479195,50.303985]]}},{"type":"Feature","properties":{"line":"466","mode":"bus","color":"#6b5806","oi":-1.282,"n":4,"sw":1},"geometry":{"type":"LineString","coordinates":[[19.479194,50.30398],[19.479199,50.303998]]}},{"type":"Feature","properties":{"line":"466","mode":"bus","color":"#6b5806","oi":-1.213,"n":4,"sw":1},"geometry":{"type":"LineString","coordinates":[[19.479197,50.303992],[19.479202,50.30401]]}},{"type":"Feature","properties":{"line":"466","mode":"bus","color":"#6b5806","oi":-1.138,"n":4,"sw":1},"geometry":{"type":"LineString","coordinates":[[19.479201,50.304005],[19.479206,50.304022]]}},{"type":"Feature","properties":{"line":"466","mode":"bus","color":"#6b5806","oi":-1.057,"n":4,"sw":1},"geometry":{"type":"LineString","coordinates":[[19.479204,50.304017],[19.479209,50.304034]]}},{"type":"Feature","properties":{"line":"466","mode":"bus","color":"#6b5806","oi":-0.972,"n":4,"sw":1},"geometry":{"type":"LineString","coordinates":[[19.479208,50.304029],[19.479212,50.304047]]}},{"type":"Feature","properties":{"line":"466","mode":"bus","color":"#6b5806","oi":-0.884,"n":4,"sw":1},"geometry":{"type":"LineString","coordinates":[[19.479211,50.304041],[19.479216,50.304059]]}},{"type":"Feature","properties":{"line":"466","mode":"bus","color":"#6b5806","oi":-0.795,"n":4,"sw":1},"geometry":{"type":"LineString","coordinates":[[19.479214,50.304054],[19.479219,50.304071]]}},{"type":"Feature","properties":{"line":"466","mode":"bus","color":"#6b5806","oi":-0.705,"n":4,"sw":1},"geometry":{"type":"LineString","coordinates":[[19.479218,50.304066],[19.479223,50.304083]]}},{"type":"Feature","properties":{"line":"466","mode":"bus","color":"#6b5806","oi":-0.616,"n":4,"sw":1},"geometry":{"type":"LineString","coordinates":[[19.479221,50.304078],[19.479226,50.304096]]}},{"type":"Feature","properties":{"line":"466","mode":"bus","color":"#6b5806","oi":-0.528,"n":4,"sw":1},"geometry":{"type":"LineString","coordinates":[[19.479225,50.30409],[19.47923,50.304108]]}},{"type":"Feature","properties":{"line":"466","mode":"bus","color":"#6b5806","oi":-0.443,"n":4,"sw":1},"geometry":{"type":"LineString","coordinates":[[19.479228,50.304103],[19.479233,50.30412]]}},{"type":"Feature","properties":{"line":"466","mode":"bus","color":"#6b5806","oi":-0.362,"n":4,"sw":1},"geometry":{"type":"LineString","coordinates":[[19.479231,50.304115],[19.479236,50.304133]]}},{"type":"Feature","properties":{"line":"466","mode":"bus","color":"#6b5806","oi":-0.287,"n":4,"sw":1},"geometry":{"type":"LineString","coordinates":[[19.479235,50.304127],[19.47924,50.304145]]}},{"type":"Feature","properties":{"line":"466","mode":"bus","color":"#6b5806","oi":-0.218,"n":4,"sw":1},"geometry":{"type":"LineString","coordinates":[[19.479238,50.304139],[19.479243,50.304157]]}},{"type":"Feature","properties":{"line":"466","mode":"bus","color":"#6b5806","oi":-0.156,"n":4,"sw":1},"geometry":{"type":"LineString","coordinates":[[19.479242,50.304152],[19.479247,50.304169]]}},{"type":"Feature","properties":{"line":"466","mode":"bus","color":"#6b5806","oi":-0.103,"n":4,"sw":1},"geometry":{"type":"LineString","coordinates":[[19.479245,50.304164],[19.47925,50.304182]]}},{"type":"Feature","properties":{"line":"466","mode":"bus","color":"#6b5806","oi":-0.06,"n":4,"sw":1},"geometry":{"type":"LineString","coordinates":[[19.479249,50.304176],[19.479253,50.304194]]}},{"type":"Feature","properties":{"line":"466","mode":"bus","color":"#6b5806","oi":-0.027,"n":4,"sw":1},"geometry":{"type":"LineString","coordinates":[[19.479252,50.304189],[19.479257,50.304206]]}},{"type":"Feature","properties":{"line":"466","mode":"bus","color":"#6b5806","oi":-0.007,"n":4,"sw":1},"geometry":{"type":"LineString","coordinates":[[19.479255,50.304201],[19.47926,50.304218]]}},{"type":"Feature","properties":{"line":"466","mode":"bus","color":"#6b5806","oi":0,"n":4,"sw":1},"geometry":{"type":"LineString","coordinates":[[19.479259,50.304213],[19.479263,50.304228]]}},{"type":"Feature","properties":{"line":"466","mode":"bus","color":"#6b5806","oi":-0.5,"n":2},"geometry":{"type":"LineString","coordinates":[[19.492981,50.299141],[19.499171,50.294829]]}},{"type":"Feature","properties":{"line":"466","mode":"bus","color":"#6b5806","oi":-0.5,"n":2,"sw":1},"geometry":{"type":"LineString","coordinates":[[19.499168,50.294831],[19.499208,50.294803]]}},{"type":"Feature","properties":{"line":"466","mode":"bus","color":"#6b5806","oi":-0.483,"n":2,"sw":1},"geometry":{"type":"LineString","coordinates":[[19.499202,50.294807],[19.499242,50.294779]]}},{"type":"Feature","properties":{"line":"466","mode":"bus","color":"#6b5806","oi":-0.437,"n":2,"sw":1},"geometry":{"type":"LineString","coordinates":[[19.499236,50.294783],[19.499276,50.294755]]}},{"type":"Feature","properties":{"line":"466","mode":"bus","color":"#6b5806","oi":-0.37,"n":2,"sw":1},"geometry":{"type":"LineString","coordinates":[[19.49927,50.294759],[19.49931,50.294731]]}},{"type":"Feature","properties":{"line":"466","mode":"bus","color":"#6b5806","oi":-0.291,"n":2,"sw":1},"geometry":{"type":"LineString","coordinates":[[19.499305,50.294735],[19.499345,50.294707]]}},{"type":"Feature","properties":{"line":"466","mode":"bus","color":"#6b5806","oi":-0.209,"n":2,"sw":1},"geometry":{"type":"LineString","coordinates":[[19.499339,50.294711],[19.499379,50.294683]]}},{"type":"Feature","properties":{"line":"466","mode":"bus","color":"#6b5806","oi":-0.13,"n":2,"sw":1},"geometry":{"type":"LineString","coordinates":[[19.499373,50.294687],[19.499413,50.29466]]}},{"type":"Feature","properties":{"line":"466","mode":"bus","color":"#6b5806","oi":-0.063,"n":2,"sw":1},"geometry":{"type":"LineString","coordinates":[[19.499407,50.294664],[19.499447,50.294636]]}},{"type":"Feature","properties":{"line":"466","mode":"bus","color":"#6b5806","oi":-0.017,"n":2,"sw":1},"geometry":{"type":"LineString","coordinates":[[19.499442,50.29464],[19.499482,50.294612]]}},{"type":"Feature","properties":{"line":"466","mode":"bus","color":"#6b5806","oi":0,"n":2,"sw":1},"geometry":{"type":"LineString","coordinates":[[19.499476,50.294616],[19.499513,50.29459]]}},{"type":"Feature","properties":{"line":"466","mode":"bus","color":"#6b5806","oi":1.5,"n":4},"geometry":{"type":"LineString","coordinates":[[19.55704,50.27831],[19.557966,50.280422],[19.557977,50.280556],[19.55795,50.280644],[19.55795,50.280655],[19.557958,50.280662],[19.557972,50.280667],[19.558022,50.280677],[19.558606,50.280574],[19.56281,50.279757]]}},{"type":"Feature","properties":{"line":"466","mode":"bus","color":"#6b5806","oi":1.5,"n":4,"sw":1},"geometry":{"type":"LineString","coordinates":[[19.562805,50.279758],[19.562832,50.279753]]}},{"type":"Feature","properties":{"line":"466","mode":"bus","color":"#6b5806","oi":1.493,"n":4,"sw":1},"geometry":{"type":"LineString","coordinates":[[19.562824,50.279754],[19.562851,50.279749]]}},{"type":"Feature","properties":{"line":"466","mode":"bus","color":"#6b5806","oi":1.473,"n":4,"sw":1},"geometry":{"type":"LineString","coordinates":[[19.562843,50.279751],[19.562869,50.279745]]}},{"type":"Feature","properties":{"line":"466","mode":"bus","color":"#6b5806","oi":1.44,"n":4,"sw":1},"geometry":{"type":"LineString","coordinates":[[19.562861,50.279747],[19.562888,50.279742]]}},{"type":"Feature","properties":{"line":"466","mode":"bus","color":"#6b5806","oi":1.397,"n":4,"sw":1},"geometry":{"type":"LineString","coordinates":[[19.56288,50.279743],[19.562907,50.279738]]}},{"type":"Feature","properties":{"line":"466","mode":"bus","color":"#6b5806","oi":1.344,"n":4,"sw":1},"geometry":{"type":"LineString","coordinates":[[19.562899,50.27974],[19.562925,50.279735]]}},{"type":"Feature","properties":{"line":"466","mode":"bus","color":"#6b5806","oi":1.282,"n":4,"sw":1},"geometry":{"type":"LineString","coordinates":[[19.562917,50.279736],[19.562944,50.279731]]}},{"type":"Feature","properties":{"line":"466","mode":"bus","color":"#6b5806","oi":1.213,"n":4,"sw":1},"geometry":{"type":"LineString","coordinates":[[19.562936,50.279733],[19.562963,50.279727]]}},{"type":"Feature","properties":{"line":"466","mode":"bus","color":"#6b5806","oi":1.138,"n":4,"sw":1},"geometry":{"type":"LineString","coordinates":[[19.562955,50.279729],[19.562981,50.279724]]}},{"type":"Feature","properties":{"line":"466","mode":"bus","color":"#6b5806","oi":1.057,"n":4,"sw":1},"geometry":{"type":"LineString","coordinates":[[19.562973,50.279725],[19.563,50.27972]]}},{"type":"Feature","properties":{"line":"466","mode":"bus","color":"#6b5806","oi":0.972,"n":4,"sw":1},"geometry":{"type":"LineString","coordinates":[[19.562992,50.279722],[19.563019,50.279717]]}},{"type":"Feature","properties":{"line":"466","mode":"bus","color":"#6b5806","oi":0.884,"n":4,"sw":1},"geometry":{"type":"LineString","coordinates":[[19.56301,50.279718],[19.563037,50.279713]]}},{"type":"Feature","properties":{"line":"466","mode":"bus","color":"#6b5806","oi":0.795,"n":4,"sw":1},"geometry":{"type":"LineString","coordinates":[[19.563029,50.279714],[19.563056,50.279709]]}},{"type":"Feature","properties":{"line":"466","mode":"bus","color":"#6b5806","oi":0.705,"n":4,"sw":1},"geometry":{"type":"LineString","coordinates":[[19.563048,50.279711],[19.563074,50.279706]]}},{"type":"Feature","properties":{"line":"466","mode":"bus","color":"#6b5806","oi":0.616,"n":4,"sw":1},"geometry":{"type":"LineString","coordinates":[[19.563066,50.279707],[19.563093,50.279702]]}},{"type":"Feature","properties":{"line":"466","mode":"bus","color":"#6b5806","oi":0.528,"n":4,"sw":1},"geometry":{"type":"LineString","coordinates":[[19.563085,50.279704],[19.563112,50.279698]]}},{"type":"Feature","properties":{"line":"466","mode":"bus","color":"#6b5806","oi":0.443,"n":4,"sw":1},"geometry":{"type":"LineString","coordinates":[[19.563104,50.2797],[19.56313,50.279695]]}},{"type":"Feature","properties":{"line":"466","mode":"bus","color":"#6b5806","oi":0.362,"n":4,"sw":1},"geometry":{"type":"LineString","coordinates":[[19.563122,50.279696],[19.563149,50.279691]]}},{"type":"Feature","properties":{"line":"466","mode":"bus","color":"#6b5806","oi":0.287,"n":4,"sw":1},"geometry":{"type":"LineString","coordinates":[[19.563141,50.279693],[19.563168,50.279688]]}},{"type":"Feature","properties":{"line":"466","mode":"bus","color":"#6b5806","oi":0.218,"n":4,"sw":1},"geometry":{"type":"LineString","coordinates":[[19.56316,50.279689],[19.563186,50.279684]]}},{"type":"Feature","properties":{"line":"466","mode":"bus","color":"#6b5806","oi":0.156,"n":4,"sw":1},"geometry":{"type":"LineString","coordinates":[[19.563178,50.279686],[19.563205,50.27968]]}},{"type":"Feature","properties":{"line":"466","mode":"bus","color":"#6b5806","oi":0.103,"n":4,"sw":1},"geometry":{"type":"LineString","coordinates":[[19.563197,50.279682],[19.563224,50.279677]]}},{"type":"Feature","properties":{"line":"466","mode":"bus","color":"#6b5806","oi":0.06,"n":4,"sw":1},"geometry":{"type":"LineString","coordinates":[[19.563215,50.279678],[19.563242,50.279673]]}},{"type":"Feature","properties":{"line":"466","mode":"bus","color":"#6b5806","oi":0.027,"n":4,"sw":1},"geometry":{"type":"LineString","coordinates":[[19.563234,50.279675],[19.563261,50.279669]]}},{"type":"Feature","properties":{"line":"466","mode":"bus","color":"#6b5806","oi":0.007,"n":4,"sw":1},"geometry":{"type":"LineString","coordinates":[[19.563253,50.279671],[19.563279,50.279666]]}},{"type":"Feature","properties":{"line":"466","mode":"bus","color":"#6b5806","oi":0,"n":4,"sw":1},"geometry":{"type":"LineString","coordinates":[[19.563271,50.279667],[19.563294,50.279663]]}},{"type":"Feature","properties":{"line":"466","mode":"bus","color":"#6b5806","oi":1,"n":3},"geometry":{"type":"LineString","coordinates":[[19.561427,50.277606],[19.557665,50.278238],[19.557538,50.278253]]}},{"type":"Feature","properties":{"line":"466","mode":"bus","color":"#6b5806","oi":0,"n":3,"sw":1},"geometry":{"type":"LineString","coordinates":[[19.561917,50.277524],[19.561886,50.277529]]}},{"type":"Feature","properties":{"line":"466","mode":"bus","color":"#6b5806","oi":0.01,"n":3,"sw":1},"geometry":{"type":"LineString","coordinates":[[19.561894,50.277528],[19.561859,50.277534]]}},{"type":"Feature","properties":{"line":"466","mode":"bus","color":"#6b5806","oi":0.038,"n":3,"sw":1},"geometry":{"type":"LineString","coordinates":[[19.561867,50.277532],[19.561831,50.277538]]}},{"type":"Feature","properties":{"line":"466","mode":"bus","color":"#6b5806","oi":0.082,"n":3,"sw":1},"geometry":{"type":"LineString","coordinates":[[19.561839,50.277537],[19.561804,50.277543]]}},{"type":"Feature","properties":{"line":"466","mode":"bus","color":"#6b5806","oi":0.14,"n":3,"sw":1},"geometry":{"type":"LineString","coordinates":[[19.561812,50.277542],[19.561777,50.277548]]}},{"type":"Feature","properties":{"line":"466","mode":"bus","color":"#6b5806","oi":0.209,"n":3,"sw":1},"geometry":{"type":"LineString","coordinates":[[19.561785,50.277546],[19.56175,50.277552]]}},{"type":"Feature","properties":{"line":"466","mode":"bus","color":"#6b5806","oi":0.286,"n":3,"sw":1},"geometry":{"type":"LineString","coordinates":[[19.561758,50.277551],[19.561722,50.277557]]}},{"type":"Feature","properties":{"line":"466","mode":"bus","color":"#6b5806","oi":0.369,"n":3,"sw":1},"geometry":{"type":"LineString","coordinates":[[19.561731,50.277555],[19.561695,50.277561]]}},{"type":"Feature","properties":{"line":"466","mode":"bus","color":"#6b5806","oi":0.456,"n":3,"sw":1},"geometry":{"type":"LineString","coordinates":[[19.561703,50.27756],[19.561668,50.277566]]}},{"type":"Feature","properties":{"line":"466","mode":"bus","color":"#6b5806","oi":0.544,"n":3,"sw":1},"geometry":{"type":"LineString","coordinates":[[19.561676,50.277564],[19.561641,50.27757]]}},{"type":"Feature","properties":{"line":"466","mode":"bus","color":"#6b5806","oi":0.631,"n":3,"sw":1},"geometry":{"type":"LineString","coordinates":[[19.561649,50.277569],[19.561614,50.277575]]}},{"type":"Feature","properties":{"line":"466","mode":"bus","color":"#6b5806","oi":0.714,"n":3,"sw":1},"geometry":{"type":"LineString","coordinates":[[19.561622,50.277574],[19.561586,50.27758]]}},{"type":"Feature","properties":{"line":"466","mode":"bus","color":"#6b5806","oi":0.791,"n":3,"sw":1},"geometry":{"type":"LineString","coordinates":[[19.561595,50.277578],[19.561559,50.277584]]}},{"type":"Feature","properties":{"line":"466","mode":"bus","color":"#6b5806","oi":0.86,"n":3,"sw":1},"geometry":{"type":"LineString","coordinates":[[19.561567,50.277583],[19.561532,50.277589]]}},{"type":"Feature","properties":{"line":"466","mode":"bus","color":"#6b5806","oi":0.918,"n":3,"sw":1},"geometry":{"type":"LineString","coordinates":[[19.56154,50.277587],[19.561505,50.277593]]}},{"type":"Feature","properties":{"line":"466","mode":"bus","color":"#6b5806","oi":0.962,"n":3,"sw":1},"geometry":{"type":"LineString","coordinates":[[19.561513,50.277592],[19.561478,50.277598]]}},{"type":"Feature","properties":{"line":"466","mode":"bus","color":"#6b5806","oi":0.99,"n":3,"sw":1},"geometry":{"type":"LineString","coordinates":[[19.561486,50.277596],[19.56145,50.277602]]}},{"type":"Feature","properties":{"line":"466","mode":"bus","color":"#6b5806","oi":1,"n":3,"sw":1},"geometry":{"type":"LineString","coordinates":[[19.561459,50.277601],[19.561423,50.277607]]}},{"type":"Feature","properties":{"line":"466","mode":"bus","color":"#6b5806","oi":1,"n":3,"sw":1},"geometry":{"type":"LineString","coordinates":[[19.557542,50.278252],[19.557506,50.278256]]}},{"type":"Feature","properties":{"line":"466","mode":"bus","color":"#6b5806","oi":0.99,"n":3,"sw":1},"geometry":{"type":"LineString","coordinates":[[19.557515,50.278255],[19.557479,50.278259]]}},{"type":"Feature","properties":{"line":"466","mode":"bus","color":"#6b5806","oi":0.962,"n":3,"sw":1},"geometry":{"type":"LineString","coordinates":[[19.557487,50.278258],[19.557451,50.278263]]}},{"type":"Feature","properties":{"line":"466","mode":"bus","color":"#6b5806","oi":0.918,"n":3,"sw":1},"geometry":{"type":"LineString","coordinates":[[19.557459,50.278262],[19.557423,50.278266]]}},{"type":"Feature","properties":{"line":"466","mode":"bus","color":"#6b5806","oi":0.86,"n":3,"sw":1},"geometry":{"type":"LineString","coordinates":[[19.557432,50.278265],[19.557396,50.278269]]}},{"type":"Feature","properties":{"line":"466","mode":"bus","color":"#6b5806","oi":0.791,"n":3,"sw":1},"geometry":{"type":"LineString","coordinates":[[19.557404,50.278268],[19.557368,50.278272]]}},{"type":"Feature","properties":{"line":"466","mode":"bus","color":"#6b5806","oi":0.714,"n":3,"sw":1},"geometry":{"type":"LineString","coordinates":[[19.557376,50.278271],[19.55734,50.278275]]}},{"type":"Feature","properties":{"line":"466","mode":"bus","color":"#6b5806","oi":0.631,"n":3,"sw":1},"geometry":{"type":"LineString","coordinates":[[19.557349,50.278274],[19.557313,50.278279]]}},{"type":"Feature","properties":{"line":"466","mode":"bus","color":"#6b5806","oi":0.544,"n":3,"sw":1},"geometry":{"type":"LineString","coordinates":[[19.557321,50.278278],[19.557285,50.278282]]}},{"type":"Feature","properties":{"line":"466","mode":"bus","color":"#6b5806","oi":0.456,"n":3,"sw":1},"geometry":{"type":"LineString","coordinates":[[19.557293,50.278281],[19.557257,50.278285]]}},{"type":"Feature","properties":{"line":"466","mode":"bus","color":"#6b5806","oi":0.369,"n":3,"sw":1},"geometry":{"type":"LineString","coordinates":[[19.557266,50.278284],[19.55723,50.278288]]}},{"type":"Feature","properties":{"line":"466","mode":"bus","color":"#6b5806","oi":0.286,"n":3,"sw":1},"geometry":{"type":"LineString","coordinates":[[19.557238,50.278287],[19.557202,50.278291]]}},{"type":"Feature","properties":{"line":"466","mode":"bus","color":"#6b5806","oi":0.209,"n":3,"sw":1},"geometry":{"type":"LineString","coordinates":[[19.55721,50.27829],[19.557174,50.278295]]}},{"type":"Feature","properties":{"line":"466","mode":"bus","color":"#6b5806","oi":0.14,"n":3,"sw":1},"geometry":{"type":"LineString","coordinates":[[19.557183,50.278294],[19.557147,50.278298]]}},{"type":"Feature","properties":{"line":"466","mode":"bus","color":"#6b5806","oi":0.082,"n":3,"sw":1},"geometry":{"type":"LineString","coordinates":[[19.557155,50.278297],[19.557119,50.278301]]}},{"type":"Feature","properties":{"line":"466","mode":"bus","color":"#6b5806","oi":0.038,"n":3,"sw":1},"geometry":{"type":"LineString","coordinates":[[19.557127,50.2783],[19.557091,50.278304]]}},{"type":"Feature","properties":{"line":"466","mode":"bus","color":"#6b5806","oi":0.01,"n":3,"sw":1},"geometry":{"type":"LineString","coordinates":[[19.5571,50.278303],[19.557064,50.278307]]}},{"type":"Feature","properties":{"line":"466","mode":"bus","color":"#6b5806","oi":0,"n":3,"sw":1},"geometry":{"type":"LineString","coordinates":[[19.557072,50.278306],[19.55704,50.27831]]}},{"type":"Feature","properties":{"line":"466","mode":"bus","color":"#6b5806","oi":0,"n":1},"geometry":{"type":"LineString","coordinates":[[19.554399,50.27236],[19.554567,50.272436]]}},{"type":"Feature","properties":{"line":"466","mode":"bus","color":"#6b5806","oi":0,"n":1,"sw":1},"geometry":{"type":"LineString","coordinates":[[19.554564,50.272435],[19.554587,50.272446]]}},{"type":"Feature","properties":{"line":"466","mode":"bus","color":"#6b5806","oi":0.017,"n":1,"sw":1},"geometry":{"type":"LineString","coordinates":[[19.55458,50.272443],[19.554604,50.272453]]}},{"type":"Feature","properties":{"line":"466","mode":"bus","color":"#6b5806","oi":0.063,"n":1,"sw":1},"geometry":{"type":"LineString","coordinates":[[19.554597,50.27245],[19.554621,50.272461]]}},{"type":"Feature","properties":{"line":"466","mode":"bus","color":"#6b5806","oi":0.13,"n":1,"sw":1},"geometry":{"type":"LineString","coordinates":[[19.554614,50.272458],[19.554638,50.272469]]}},{"type":"Feature","properties":{"line":"466","mode":"bus","color":"#6b5806","oi":0.209,"n":1,"sw":1},"geometry":{"type":"LineString","coordinates":[[19.554631,50.272466],[19.554654,50.272476]]}},{"type":"Feature","properties":{"line":"466","mode":"bus","color":"#6b5806","oi":0.291,"n":1,"sw":1},"geometry":{"type":"LineString","coordinates":[[19.554648,50.272473],[19.554671,50.272484]]}},{"type":"Feature","properties":{"line":"466","mode":"bus","color":"#6b5806","oi":0.37,"n":1,"sw":1},"geometry":{"type":"LineString","coordinates":[[19.554664,50.272481],[19.554688,50.272492]]}},{"type":"Feature","properties":{"line":"466","mode":"bus","color":"#6b5806","oi":0.437,"n":1,"sw":1},"geometry":{"type":"LineString","coordinates":[[19.554681,50.272488],[19.554705,50.272499]]}},{"type":"Feature","properties":{"line":"466","mode":"bus","color":"#6b5806","oi":0.483,"n":1,"sw":1},"geometry":{"type":"LineString","coordinates":[[19.554698,50.272496],[19.554722,50.272507]]}},{"type":"Feature","properties":{"line":"466","mode":"bus","color":"#6b5806","oi":0.5,"n":1,"sw":1},"geometry":{"type":"LineString","coordinates":[[19.554715,50.272504],[19.554735,50.272513]]}},{"type":"Feature","properties":{"line":"466","mode":"bus","color":"#6b5806","oi":0,"n":1},"geometry":{"type":"LineString","coordinates":[[19.541846,50.262459],[19.541622,50.262191],[19.541101,50.261685],[19.540899,50.261532],[19.53994,50.26093],[19.528896,50.254748],[19.527612,50.254047],[19.526792,50.253647],[19.526576,50.253581],[19.526313,50.253543],[19.525855,50.253524],[19.517364,50.253296],[19.509349,50.253049],[19.497645,50.252629],[19.4945,50.252553],[19.493865,50.252581],[19.493304,50.252671],[19.493012,50.25277],[19.492739,50.252923],[19.492415,50.253203],[19.49155,50.254235],[19.477766,50.263235],[19.477615,50.26336]]}},{"type":"Feature","properties":{"line":"466","mode":"bus","color":"#6b5806","oi":0.5,"n":1,"sw":1},"geometry":{"type":"LineString","coordinates":[[19.542085,50.262745],[19.542059,50.262714]]}},{"type":"Feature","properties":{"line":"466","mode":"bus","color":"#6b5806","oi":0.483,"n":1,"sw":1},"geometry":{"type":"LineString","coordinates":[[19.542063,50.262719],[19.542035,50.262685]]}},{"type":"Feature","properties":{"line":"466","mode":"bus","color":"#6b5806","oi":0.437,"n":1,"sw":1},"geometry":{"type":"LineString","coordinates":[[19.542039,50.26269],[19.542011,50.262657]]}},{"type":"Feature","properties":{"line":"466","mode":"bus","color":"#6b5806","oi":0.37,"n":1,"sw":1},"geometry":{"type":"LineString","coordinates":[[19.542015,50.262662],[19.541988,50.262628]]}},{"type":"Feature","properties":{"line":"466","mode":"bus","color":"#6b5806","oi":0.291,"n":1,"sw":1},"geometry":{"type":"LineString","coordinates":[[19.541991,50.262633],[19.541964,50.2626]]}},{"type":"Feature","properties":{"line":"466","mode":"bus","color":"#6b5806","oi":0.209,"n":1,"sw":1},"geometry":{"type":"LineString","coordinates":[[19.541968,50.262605],[19.54194,50.262571]]}},{"type":"Feature","properties":{"line":"466","mode":"bus","color":"#6b5806","oi":0.13,"n":1,"sw":1},"geometry":{"type":"LineString","coordinates":[[19.541944,50.262576],[19.541916,50.262543]]}},{"type":"Feature","properties":{"line":"466","mode":"bus","color":"#6b5806","oi":0.063,"n":1,"sw":1},"geometry":{"type":"LineString","coordinates":[[19.54192,50.262547],[19.541892,50.262514]]}},{"type":"Feature","properties":{"line":"466","mode":"bus","color":"#6b5806","oi":0.017,"n":1,"sw":1},"geometry":{"type":"LineString","coordinates":[[19.541896,50.262519],[19.541868,50.262486]]}},{"type":"Feature","properties":{"line":"466","mode":"bus","color":"#6b5806","oi":0,"n":1,"sw":1},"geometry":{"type":"LineString","coordinates":[[19.541872,50.26249],[19.541844,50.262457]]}},{"type":"Feature","properties":{"line":"466","mode":"bus","color":"#6b5806","oi":0,"n":1},"geometry":{"type":"LineString","coordinates":[[19.462766,50.267599],[19.462475,50.267639],[19.455729,50.269599],[19.455412,50.269668],[19.447759,50.269899],[19.447299,50.269965],[19.444083,50.270644],[19.443976,50.270651],[19.443952,50.27065],[19.443935,50.270644],[19.443925,50.270634],[19.443923,50.270618],[19.444034,50.269182],[19.444035,50.268655],[19.443949,50.268355],[19.443614,50.267495],[19.443598,50.267287],[19.443688,50.267168],[19.443906,50.267044],[19.445203,50.266564],[19.44547,50.266446],[19.445554,50.266382],[19.445593,50.266209],[19.445501,50.265985],[19.444636,50.264788],[19.44422,50.264416],[19.443932,50.264192],[19.443606,50.263984],[19.443571,50.26391]]}},{"type":"Feature","properties":{"line":"466","mode":"bus","color":"#6b5806","oi":0,"n":1},"geometry":{"type":"LineString","coordinates":[[19.479647,50.305615],[19.482878,50.304777],[19.484089,50.304432],[19.485156,50.304063],[19.486414,50.303522],[19.487414,50.302985],[19.488036,50.302597],[19.492639,50.29938]]}},{"type":"Feature","properties":{"line":"466","mode":"bus","color":"#6b5806","oi":0,"n":1,"sw":1},"geometry":{"type":"LineString","coordinates":[[19.492636,50.299382],[19.492676,50.299354]]}},{"type":"Feature","properties":{"line":"466","mode":"bus","color":"#6b5806","oi":-0.017,"n":1,"sw":1},"geometry":{"type":"LineString","coordinates":[[19.49267,50.299358],[19.49271,50.29933]]}},{"type":"Feature","properties":{"line":"466","mode":"bus","color":"#6b5806","oi":-0.063,"n":1,"sw":1},"geometry":{"type":"LineString","coordinates":[[19.492705,50.299334],[19.492745,50.299306]]}},{"type":"Feature","properties":{"line":"466","mode":"bus","color":"#6b5806","oi":-0.13,"n":1,"sw":1},"geometry":{"type":"LineString","coordinates":[[19.492739,50.29931],[19.492779,50.299282]]}},{"type":"Feature","properties":{"line":"466","mode":"bus","color":"#6b5806","oi":-0.209,"n":1,"sw":1},"geometry":{"type":"LineString","coordinates":[[19.492773,50.299286],[19.492813,50.299258]]}},{"type":"Feature","properties":{"line":"466","mode":"bus","color":"#6b5806","oi":-0.291,"n":1,"sw":1},"geometry":{"type":"LineString","coordinates":[[19.492807,50.299262],[19.492847,50.299235]]}},{"type":"Feature","properties":{"line":"466","mode":"bus","color":"#6b5806","oi":-0.37,"n":1,"sw":1},"geometry":{"type":"LineString","coordinates":[[19.492841,50.299239],[19.492881,50.299211]]}},{"type":"Feature","properties":{"line":"466","mode":"bus","color":"#6b5806","oi":-0.437,"n":1,"sw":1},"geometry":{"type":"LineString","coordinates":[[19.492876,50.299215],[19.492915,50.299187]]}},{"type":"Feature","properties":{"line":"466","mode":"bus","color":"#6b5806","oi":-0.483,"n":1,"sw":1},"geometry":{"type":"LineString","coordinates":[[19.49291,50.299191],[19.49295,50.299163]]}},{"type":"Feature","properties":{"line":"466","mode":"bus","color":"#6b5806","oi":-0.5,"n":1,"sw":1},"geometry":{"type":"LineString","coordinates":[[19.492944,50.299167],[19.492981,50.299141]]}},{"type":"Feature","properties":{"line":"466","mode":"bus","color":"#6b5806","oi":1,"n":3},"geometry":{"type":"LineString","coordinates":[[19.426443,50.233557],[19.426843,50.233769],[19.427825,50.234649],[19.427984,50.234816],[19.428256,50.235293],[19.428297,50.235545],[19.428061,50.236213],[19.428117,50.236595],[19.428113,50.237171],[19.428187,50.237486],[19.428166,50.238219],[19.42832,50.238674],[19.428474,50.239608],[19.428542,50.239849],[19.428888,50.240667],[19.42909,50.24101],[19.429384,50.241387],[19.42993,50.241838],[19.430608,50.24235],[19.43085,50.242616],[19.431025,50.242916],[19.431162,50.243239],[19.432317,50.248495],[19.43241,50.250219],[19.4325,50.250542],[19.432713,50.25084],[19.433125,50.251259],[19.434344,50.251986],[19.434647,50.252246],[19.434835,50.252464],[19.438697,50.258102],[19.439069,50.258589],[19.439559,50.259059],[19.439866,50.259301],[19.44021,50.259541],[19.44111,50.260083],[19.441404,50.260327],[19.441647,50.260704],[19.441886,50.26116],[19.441888,50.261274],[19.44177,50.261843],[19.441774,50.262124],[19.441827,50.262461],[19.442123,50.263022],[19.442488,50.263351],[19.443447,50.263893],[19.443528,50.263904],[19.443554,50.263905],[19.443575,50.263898],[19.443591,50.263885],[19.443632,50.263832],[19.443928,50.263717],[19.444207,50.263686],[19.447696,50.263893],[19.448068,50.263893],[19.44864,50.263815],[19.451149,50.263357],[19.452067,50.263251],[19.452953,50.263182],[19.456509,50.263002],[19.458956,50.262945],[19.467142,50.262838],[19.469976,50.262876],[19.472792,50.263113],[19.476246,50.263658],[19.476627,50.263692],[19.476844,50.263683],[19.477056,50.263639],[19.477242,50.263562],[19.477534,50.263375],[19.477587,50.263365],[19.477604,50.263364],[19.477619,50.263368],[19.47763,50.263376],[19.47766,50.263408],[19.477723,50.263744],[19.477923,50.264353],[19.478074,50.264555],[19.478282,50.26471],[19.480418,50.265806],[19.480678,50.26589],[19.481836,50.265979],[19.48202,50.266013],[19.482192,50.26612],[19.482392,50.266515],[19.482402,50.266529],[19.482418,50.266537],[19.482437,50.266539],[19.482461,50.266535],[19.483847,50.266159],[19.484072,50.266149]]}},{"type":"Feature","properties":{"line":"466","mode":"bus","color":"#6b5806","oi":1,"n":3},"geometry":{"type":"LineString","coordinates":[[19.427258,50.23629],[19.427866,50.236213],[19.428061,50.236213]]}},{"type":"Feature","properties":{"line":"466","mode":"bus","color":"#6b5806","oi":1,"n":3},"geometry":{"type":"LineString","coordinates":[[19.463367,50.262882],[19.462897,50.261906],[19.46287,50.261829],[19.462886,50.261758],[19.462884,50.261737],[19.462869,50.261722],[19.462839,50.261714],[19.46054,50.261376],[19.460177,50.261285],[19.45828,50.260656],[19.458099,50.260543],[19.457665,50.260187],[19.457478,50.25996],[19.457359,50.259178],[19.457045,50.257575],[19.457086,50.257495],[19.457234,50.257364],[19.457362,50.257307],[19.461839,50.256931],[19.465856,50.256347],[19.46978,50.255928],[19.470209,50.255872],[19.470483,50.255805],[19.470791,50.255597],[19.470922,50.255348],[19.472354,50.251032],[19.472435,50.25073],[19.472487,50.250343],[19.47237,50.249775],[19.471667,50.247505],[19.471346,50.246576],[19.471222,50.246405],[19.470054,50.245525],[19.469224,50.244694],[19.468346,50.243883],[19.466371,50.242202],[19.466055,50.241715],[19.465132,50.239611],[19.464913,50.239341],[19.464292,50.23892],[19.463833,50.23854],[19.46363,50.238282],[19.463463,50.237975],[19.46336,50.237725],[19.463345,50.237536],[19.463385,50.237453],[19.463513,50.237318],[19.46392,50.23703],[19.464361,50.236607],[19.46473,50.236156],[19.465043,50.235953],[19.465079,50.235907],[19.465094,50.235894],[19.465115,50.235887],[19.46514,50.235887],[19.465239,50.235895],[19.465579,50.235812],[19.466656,50.235363],[19.467067,50.235237],[19.467373,50.235178],[19.467822,50.235001],[19.469378,50.234459],[19.469934,50.234303],[19.471561,50.233979],[19.475126,50.233212]]}},{"type":"Feature","properties":{"line":"466","mode":"bus","color":"#6b5806","oi":1,"n":3},"geometry":{"type":"LineString","coordinates":[[19.468891,50.244288],[19.468806,50.244306]]}},{"type":"Feature","properties":{"line":"466","mode":"bus","color":"#6b5806","oi":0.5,"n":2},"geometry":{"type":"LineString","coordinates":[[19.482409,50.266549],[19.480699,50.266912],[19.480549,50.266879],[19.478726,50.26602],[19.478595,50.265985],[19.478404,50.266004],[19.464492,50.269957]]}},{"type":"Feature","properties":{"line":"BP","mode":"bus","color":"#999f01","oi":0,"n":1},"geometry":{"type":"LineString","coordinates":[[19.605294,50.308208],[19.605202,50.308095],[19.605123,50.308073],[19.605088,50.308057],[19.605067,50.308033],[19.604917,50.307728],[19.604912,50.307719],[19.604908,50.307713],[19.604905,50.307712],[19.604903,50.307714],[19.604902,50.30772],[19.604902,50.30773],[19.604923,50.308041],[19.604913,50.308083],[19.604805,50.308169],[19.604795,50.308245],[19.604878,50.30834],[19.605032,50.30838]]}},{"type":"Feature","properties":{"line":"BP","mode":"bus","color":"#999f01","oi":0,"n":1},"geometry":{"type":"LineString","coordinates":[[19.605206,50.308342],[19.605257,50.308304],[19.605294,50.308208],[19.605613,50.307996],[19.605742,50.307756],[19.605746,50.307746],[19.605748,50.30774],[19.605746,50.307737],[19.605742,50.307738],[19.605734,50.307742],[19.605723,50.307749],[19.605514,50.307904],[19.605414,50.307936],[19.605297,50.307942],[19.605126,50.307894],[19.6049,50.307694],[19.604833,50.307303],[19.604815,50.306882],[19.604913,50.306329],[19.605143,50.305772],[19.608174,50.300119],[19.608645,50.299125],[19.608892,50.298393],[19.609058,50.297712],[19.609162,50.297035],[19.609217,50.29611],[19.6091,50.29505],[19.60886,50.293976],[19.608308,50.292717],[19.607733,50.291758],[19.60737,50.29126],[19.605094,50.288444],[19.604844,50.288061],[19.604521,50.287435],[19.604321,50.286958],[19.604136,50.28635],[19.603993,50.285624],[19.603877,50.284438],[19.603796,50.283985],[19.603484,50.283004],[19.603472,50.282978]]}},{"type":"Feature","properties":{"line":"BP","mode":"bus","color":"#999f01","oi":0,"n":1,"sw":1},"geometry":{"type":"LineString","coordinates":[[19.603473,50.282981],[19.603457,50.282944]]}},{"type":"Feature","properties":{"line":"BP","mode":"bus","color":"#999f01","oi":0.017,"n":1,"sw":1},"geometry":{"type":"LineString","coordinates":[[19.603459,50.282949],[19.603442,50.282913]]}},{"type":"Feature","properties":{"line":"BP","mode":"bus","color":"#999f01","oi":0.063,"n":1,"sw":1},"geometry":{"type":"LineString","coordinates":[[19.603445,50.282918],[19.603428,50.282882]]}},{"type":"Feature","properties":{"line":"BP","mode":"bus","color":"#999f01","oi":0.13,"n":1,"sw":1},"geometry":{"type":"LineString","coordinates":[[19.603431,50.282887],[19.603414,50.282851]]}},{"type":"Feature","properties":{"line":"BP","mode":"bus","color":"#999f01","oi":0.209,"n":1,"sw":1},"geometry":{"type":"LineString","coordinates":[[19.603416,50.282856],[19.6034,50.28282]]}},{"type":"Feature","properties":{"line":"BP","mode":"bus","color":"#999f01","oi":0.291,"n":1,"sw":1},"geometry":{"type":"LineString","coordinates":[[19.603402,50.282825],[19.603386,50.282789]]}},{"type":"Feature","properties":{"line":"BP","mode":"bus","color":"#999f01","oi":0.37,"n":1,"sw":1},"geometry":{"type":"LineString","coordinates":[[19.603388,50.282794],[19.603371,50.282758]]}},{"type":"Feature","properties":{"line":"BP","mode":"bus","color":"#999f01","oi":0.437,"n":1,"sw":1},"geometry":{"type":"LineString","coordinates":[[19.603374,50.282763],[19.603357,50.282727]]}},{"type":"Feature","properties":{"line":"BP","mode":"bus","color":"#999f01","oi":0.483,"n":1,"sw":1},"geometry":{"type":"LineString","coordinates":[[19.60336,50.282732],[19.603343,50.282696]]}},{"type":"Feature","properties":{"line":"BP","mode":"bus","color":"#999f01","oi":0.5,"n":1,"sw":1},"geometry":{"type":"LineString","coordinates":[[19.603345,50.282701],[19.60333,50.282667]]}},{"type":"Feature","properties":{"line":"BP","mode":"bus","color":"#999f01","oi":0,"n":1},"geometry":{"type":"LineString","coordinates":[[19.648677,50.336784],[19.647862,50.336772],[19.647172,50.336694],[19.645363,50.336352],[19.644662,50.336162],[19.641278,50.334881],[19.63803,50.333618],[19.637237,50.333303],[19.63674,50.333072],[19.631408,50.328868],[19.630346,50.328067],[19.629638,50.327684],[19.628002,50.326858],[19.62755,50.326597],[19.627152,50.326325],[19.62665,50.325922],[19.62552,50.324802],[19.61923,50.320343],[19.606609,50.310126],[19.60586,50.309462],[19.605579,50.309121],[19.605317,50.308709],[19.605123,50.308453],[19.605064,50.308406],[19.605053,50.308394],[19.605052,50.308384],[19.605061,50.308376],[19.60508,50.308369],[19.605156,50.308353],[19.605178,50.30835],[19.605194,50.308353],[19.605204,50.308362],[19.605207,50.308376],[19.60521,50.308438],[19.605317,50.308709]]}},{"type":"Feature","properties":{"line":"BP","mode":"bus","color":"#999f01","oi":0,"n":1},"geometry":{"type":"LineString","coordinates":[[19.61114,50.304624],[19.611383,50.304698],[19.613109,50.304938],[19.614239,50.305024],[19.616943,50.304594],[19.617422,50.304576],[19.618084,50.304632],[19.618815,50.304768],[19.621087,50.305414],[19.62139,50.305535],[19.621646,50.305691],[19.621823,50.305846],[19.622009,50.306058],[19.62236,50.306631],[19.622535,50.306808],[19.623082,50.307253],[19.628721,50.312237],[19.630883,50.314053],[19.633835,50.316698],[19.634886,50.317554],[19.635889,50.318193],[19.638893,50.319881],[19.647023,50.324314],[19.647327,50.324501],[19.648625,50.325701],[19.650309,50.327379],[19.650481,50.3276],[19.650586,50.327853],[19.650591,50.327983],[19.650512,50.328252],[19.650418,50.328435],[19.64975,50.329169],[19.648977,50.33029],[19.647202,50.332516],[19.646754,50.332927],[19.6461,50.333368],[19.645826,50.333604],[19.645421,50.334291],[19.645303,50.334438],[19.644928,50.334695],[19.644075,50.335128],[19.643447,50.335473],[19.643223,50.335624]]}},{"type":"Feature","properties":{"line":"BP","mode":"bus","color":"#999f01","oi":0,"n":1},"geometry":{"type":"LineString","coordinates":[[19.60576,50.307722],[19.606067,50.307199],[19.606311,50.306924],[19.606725,50.306576],[19.607306,50.306196],[19.608058,50.305838],[19.61114,50.304624],[19.614663,50.303178],[19.61607,50.302846],[19.620073,50.302036],[19.623718,50.301264],[19.624177,50.301196],[19.628467,50.301145],[19.629651,50.301083],[19.629974,50.301105],[19.631866,50.301383],[19.633933,50.301506],[19.6393,50.302129],[19.640703,50.302339],[19.641677,50.302453],[19.644643,50.302759],[19.645878,50.302792],[19.646327,50.302841],[19.646751,50.303008],[19.64708,50.303207],[19.648348,50.30409],[19.649376,50.304764],[19.650114,50.305095],[19.651554,50.305813],[19.652552,50.306395],[19.652812,50.306522],[19.654958,50.307184],[19.655812,50.307712],[19.656191,50.307908],[19.656635,50.30808],[19.656876,50.308149],[19.657196,50.308203],[19.660803,50.308091],[19.661122,50.308053],[19.661822,50.3079],[19.662628,50.307846],[19.663176,50.307856],[19.664156,50.307941],[19.664444,50.307943],[19.664722,50.307895],[19.665373,50.307733],[19.667906,50.306989],[19.66835,50.30681],[19.668373,50.306797],[19.668386,50.306781],[19.668388,50.306761],[19.668385,50.306734],[19.668391,50.306704],[19.668417,50.30668],[19.66882,50.306438],[19.66884,50.306421],[19.668843,50.306402],[19.668831,50.306382],[19.668489,50.306027],[19.66785,50.305662],[19.667571,50.305608],[19.667164,50.3056],[19.664347,50.305697],[19.664211,50.30576],[19.664173,50.305838],[19.664324,50.306248],[19.664057,50.306645],[19.663769,50.307905]]}},{"type":"Feature","properties":{"line":"BP","mode":"bus","color":"#999f01","oi":0,"n":1},"geometry":{"type":"LineString","coordinates":[[19.638764,50.319707],[19.638614,50.319721]]}},{"type":"Feature","properties":{"line":"BP","mode":"bus","color":"#999f01","oi":0,"n":1},"geometry":{"type":"LineString","coordinates":[[19.561917,50.277524],[19.563363,50.277351],[19.563395,50.277351],[19.563417,50.27736],[19.56343,50.277379],[19.563515,50.277635]]}},{"type":"Feature","properties":{"line":"BP","mode":"bus","color":"#999f01","oi":1.5,"n":4},"geometry":{"type":"LineString","coordinates":[[19.589929,50.271771],[19.592062,50.271297],[19.593803,50.270826]]}},{"type":"Feature","properties":{"line":"BP","mode":"bus","color":"#999f01","oi":0,"n":4,"sw":1},"geometry":{"type":"LineString","coordinates":[[19.589451,50.271877],[19.589473,50.271872]]}},{"type":"Feature","properties":{"line":"BP","mode":"bus","color":"#999f01","oi":0.007,"n":4,"sw":1},"geometry":{"type":"LineString","coordinates":[[19.589465,50.271874],[19.589492,50.271868]]}},{"type":"Feature","properties":{"line":"BP","mode":"bus","color":"#999f01","oi":0.027,"n":4,"sw":1},"geometry":{"type":"LineString","coordinates":[[19.589484,50.27187],[19.58951,50.271864]]}},{"type":"Feature","properties":{"line":"BP","mode":"bus","color":"#999f01","oi":0.06,"n":4,"sw":1},"geometry":{"type":"LineString","coordinates":[[19.589502,50.271866],[19.589529,50.27186]]}},{"type":"Feature","properties":{"line":"BP","mode":"bus","color":"#999f01","oi":0.103,"n":4,"sw":1},"geometry":{"type":"LineString","coordinates":[[19.589521,50.271862],[19.589547,50.271856]]}},{"type":"Feature","properties":{"line":"BP","mode":"bus","color":"#999f01","oi":0.156,"n":4,"sw":1},"geometry":{"type":"LineString","coordinates":[[19.589539,50.271857],[19.589565,50.271852]]}},{"type":"Feature","properties":{"line":"BP","mode":"bus","color":"#999f01","oi":0.218,"n":4,"sw":1},"geometry":{"type":"LineString","coordinates":[[19.589557,50.271853],[19.589584,50.271848]]}},{"type":"Feature","properties":{"line":"BP","mode":"bus","color":"#999f01","oi":0.287,"n":4,"sw":1},"geometry":{"type":"LineString","coordinates":[[19.589576,50.271849],[19.589602,50.271843]]}},{"type":"Feature","properties":{"line":"BP","mode":"bus","color":"#999f01","oi":0.362,"n":4,"sw":1},"geometry":{"type":"LineString","coordinates":[[19.589594,50.271845],[19.589621,50.271839]]}},{"type":"Feature","properties":{"line":"BP","mode":"bus","color":"#999f01","oi":0.443,"n":4,"sw":1},"geometry":{"type":"LineString","coordinates":[[19.589613,50.271841],[19.589639,50.271835]]}},{"type":"Feature","properties":{"line":"BP","mode":"bus","color":"#999f01","oi":0.528,"n":4,"sw":1},"geometry":{"type":"LineString","coordinates":[[19.589631,50.271837],[19.589657,50.271831]]}},{"type":"Feature","properties":{"line":"BP","mode":"bus","color":"#999f01","oi":0.616,"n":4,"sw":1},"geometry":{"type":"LineString","coordinates":[[19.589649,50.271833],[19.589676,50.271827]]}},{"type":"Feature","properties":{"line":"BP","mode":"bus","color":"#999f01","oi":0.705,"n":4,"sw":1},"geometry":{"type":"LineString","coordinates":[[19.589668,50.271829],[19.589694,50.271823]]}},{"type":"Feature","properties":{"line":"BP","mode":"bus","color":"#999f01","oi":0.795,"n":4,"sw":1},"geometry":{"type":"LineString","coordinates":[[19.589686,50.271825],[19.589713,50.271819]]}},{"type":"Feature","properties":{"line":"BP","mode":"bus","color":"#999f01","oi":0.884,"n":4,"sw":1},"geometry":{"type":"LineString","coordinates":[[19.589705,50.271821],[19.589731,50.271815]]}},{"type":"Feature","properties":{"line":"BP","mode":"bus","color":"#999f01","oi":0.972,"n":4,"sw":1},"geometry":{"type":"LineString","coordinates":[[19.589723,50.271817],[19.589749,50.271811]]}},{"type":"Feature","properties":{"line":"BP","mode":"bus","color":"#999f01","oi":1.057,"n":4,"sw":1},"geometry":{"type":"LineString","coordinates":[[19.589741,50.271812],[19.589768,50.271807]]}},{"type":"Feature","properties":{"line":"BP","mode":"bus","color":"#999f01","oi":1.138,"n":4,"sw":1},"geometry":{"type":"LineString","coordinates":[[19.58976,50.271808],[19.589786,50.271803]]}},{"type":"Feature","properties":{"line":"BP","mode":"bus","color":"#999f01","oi":1.213,"n":4,"sw":1},"geometry":{"type":"LineString","coordinates":[[19.589778,50.271804],[19.589805,50.271798]]}},{"type":"Feature","properties":{"line":"BP","mode":"bus","color":"#999f01","oi":1.282,"n":4,"sw":1},"geometry":{"type":"LineString","coordinates":[[19.589797,50.2718],[19.589823,50.271794]]}},{"type":"Feature","properties":{"line":"BP","mode":"bus","color":"#999f01","oi":1.344,"n":4,"sw":1},"geometry":{"type":"LineString","coordinates":[[19.589815,50.271796],[19.589841,50.27179]]}},{"type":"Feature","properties":{"line":"BP","mode":"bus","color":"#999f01","oi":1.397,"n":4,"sw":1},"geometry":{"type":"LineString","coordinates":[[19.589833,50.271792],[19.58986,50.271786]]}},{"type":"Feature","properties":{"line":"BP","mode":"bus","color":"#999f01","oi":1.44,"n":4,"sw":1},"geometry":{"type":"LineString","coordinates":[[19.589852,50.271788],[19.589878,50.271782]]}},{"type":"Feature","properties":{"line":"BP","mode":"bus","color":"#999f01","oi":1.473,"n":4,"sw":1},"geometry":{"type":"LineString","coordinates":[[19.58987,50.271784],[19.589897,50.271778]]}},{"type":"Feature","properties":{"line":"BP","mode":"bus","color":"#999f01","oi":1.493,"n":4,"sw":1},"geometry":{"type":"LineString","coordinates":[[19.589889,50.27178],[19.589915,50.271774]]}},{"type":"Feature","properties":{"line":"BP","mode":"bus","color":"#999f01","oi":1.5,"n":4,"sw":1},"geometry":{"type":"LineString","coordinates":[[19.589907,50.271776],[19.589933,50.27177]]}},{"type":"Feature","properties":{"line":"BP","mode":"bus","color":"#999f01","oi":0.5,"n":2},"geometry":{"type":"LineString","coordinates":[[19.593846,50.27088],[19.593888,50.270934]]}},{"type":"Feature","properties":{"line":"BP","mode":"bus","color":"#999f01","oi":0,"n":2,"sw":1},"geometry":{"type":"LineString","coordinates":[[19.593803,50.270826],[19.593811,50.270836]]}},{"type":"Feature","properties":{"line":"BP","mode":"bus","color":"#999f01","oi":0.037,"n":2,"sw":1},"geometry":{"type":"LineString","coordinates":[[19.593807,50.270831],[19.593817,50.270844]]}},{"type":"Feature","properties":{"line":"BP","mode":"bus","color":"#999f01","oi":0.13,"n":2,"sw":1},"geometry":{"type":"LineString","coordinates":[[19.593813,50.270839],[19.593823,50.270852]]}},{"type":"Feature","properties":{"line":"BP","mode":"bus","color":"#999f01","oi":0.25,"n":2,"sw":1},"geometry":{"type":"LineString","coordinates":[[19.593819,50.270847],[19.593829,50.270859]]}},{"type":"Feature","properties":{"line":"BP","mode":"bus","color":"#999f01","oi":0.37,"n":2,"sw":1},"geometry":{"type":"LineString","coordinates":[[19.593825,50.270854],[19.593835,50.270867]]}},{"type":"Feature","properties":{"line":"BP","mode":"bus","color":"#999f01","oi":0.463,"n":2,"sw":1},"geometry":{"type":"LineString","coordinates":[[19.593831,50.270862],[19.593841,50.270875]]}},{"type":"Feature","properties":{"line":"BP","mode":"bus","color":"#999f01","oi":0.5,"n":2,"sw":1},"geometry":{"type":"LineString","coordinates":[[19.593838,50.27087],[19.593847,50.270882]]}},{"type":"Feature","properties":{"line":"BP","mode":"bus","color":"#999f01","oi":0.5,"n":2},"geometry":{"type":"LineString","coordinates":[[19.60333,50.282667],[19.602946,50.282012],[19.59928,50.2768],[19.59853,50.276068],[19.595969,50.273707],[19.595257,50.272834],[19.593912,50.270967],[19.593893,50.27095],[19.593868,50.270944],[19.593836,50.270948],[19.592176,50.271392],[19.589507,50.271982]]}},{"type":"Feature","properties":{"line":"467","mode":"bus","color":"#b20b42","oi":-0.5,"n":2},"geometry":{"type":"LineString","coordinates":[[19.4541,50.290262],[19.450982,50.289387],[19.450796,50.289302],[19.450686,50.289214],[19.450469,50.288915],[19.447716,50.284455],[19.443302,50.277231],[19.44329,50.277217],[19.443275,50.27721],[19.443255,50.277209],[19.443232,50.277214],[19.430187,50.281695],[19.422099,50.284446],[19.414448,50.285582],[19.403662,50.287343],[19.403603,50.287368],[19.403556,50.287429],[19.403594,50.287567],[19.404752,50.2895],[19.404813,50.289734],[19.404918,50.28985],[19.406234,50.291992]]}},{"type":"Feature","properties":{"line":"467","mode":"bus","color":"#b20b42","oi":-1.5,"n":2,"sw":1},"geometry":{"type":"LineString","coordinates":[[19.454564,50.290392],[19.454534,50.290384]]}},{"type":"Feature","properties":{"line":"467","mode":"bus","color":"#b20b42","oi":-1.49,"n":2,"sw":1},"geometry":{"type":"LineString","coordinates":[[19.454542,50.290386],[19.454509,50.290376]]}},{"type":"Feature","properties":{"line":"467","mode":"bus","color":"#b20b42","oi":-1.462,"n":2,"sw":1},"geometry":{"type":"LineString","coordinates":[[19.454516,50.290379],[19.454483,50.290369]]}},{"type":"Feature","properties":{"line":"467","mode":"bus","color":"#b20b42","oi":-1.418,"n":2,"sw":1},"geometry":{"type":"LineString","coordinates":[[19.454491,50.290371],[19.454457,50.290362]]}},{"type":"Feature","properties":{"line":"467","mode":"bus","color":"#b20b42","oi":-1.36,"n":2,"sw":1},"geometry":{"type":"LineString","coordinates":[[19.454465,50.290364],[19.454431,50.290355]]}},{"type":"Feature","properties":{"line":"467","mode":"bus","color":"#b20b42","oi":-1.291,"n":2,"sw":1},"geometry":{"type":"LineString","coordinates":[[19.454439,50.290357],[19.454406,50.290348]]}},{"type":"Feature","properties":{"line":"467","mode":"bus","color":"#b20b42","oi":-1.214,"n":2,"sw":1},"geometry":{"type":"LineString","coordinates":[[19.454413,50.29035],[19.45438,50.29034]]}},{"type":"Feature","properties":{"line":"467","mode":"bus","color":"#b20b42","oi":-1.131,"n":2,"sw":1},"geometry":{"type":"LineString","coordinates":[[19.454388,50.290342],[19.454354,50.290333]]}},{"type":"Feature","properties":{"line":"467","mode":"bus","color":"#b20b42","oi":-1.044,"n":2,"sw":1},"geometry":{"type":"LineString","coordinates":[[19.454362,50.290335],[19.454328,50.290326]]}},{"type":"Feature","properties":{"line":"467","mode":"bus","color":"#b20b42","oi":-0.956,"n":2,"sw":1},"geometry":{"type":"LineString","coordinates":[[19.454336,50.290328],[19.454303,50.290319]]}},{"type":"Feature","properties":{"line":"467","mode":"bus","color":"#b20b42","oi":-0.869,"n":2,"sw":1},"geometry":{"type":"LineString","coordinates":[[19.45431,50.290321],[19.454277,50.290311]]}},{"type":"Feature","properties":{"line":"467","mode":"bus","color":"#b20b42","oi":-0.786,"n":2,"sw":1},"geometry":{"type":"LineString","coordinates":[[19.454284,50.290314],[19.454251,50.290304]]}},{"type":"Feature","properties":{"line":"467","mode":"bus","color":"#b20b42","oi":-0.709,"n":2,"sw":1},"geometry":{"type":"LineString","coordinates":[[19.454259,50.290306],[19.454225,50.290297]]}},{"type":"Feature","properties":{"line":"467","mode":"bus","color":"#b20b42","oi":-0.64,"n":2,"sw":1},"geometry":{"type":"LineString","coordinates":[[19.454233,50.290299],[19.454199,50.29029]]}},{"type":"Feature","properties":{"line":"467","mode":"bus","color":"#b20b42","oi":-0.582,"n":2,"sw":1},"geometry":{"type":"LineString","coordinates":[[19.454207,50.290292],[19.454174,50.290282]]}},{"type":"Feature","properties":{"line":"467","mode":"bus","color":"#b20b42","oi":-0.538,"n":2,"sw":1},"geometry":{"type":"LineString","coordinates":[[19.454181,50.290285],[19.454148,50.290275]]}},{"type":"Feature","properties":{"line":"467","mode":"bus","color":"#b20b42","oi":-0.51,"n":2,"sw":1},"geometry":{"type":"LineString","coordinates":[[19.454156,50.290277],[19.454122,50.290268]]}},{"type":"Feature","properties":{"line":"467","mode":"bus","color":"#b20b42","oi":-0.5,"n":2,"sw":1},"geometry":{"type":"LineString","coordinates":[[19.45413,50.29027],[19.454096,50.290261]]}},{"type":"Feature","properties":{"line":"467","mode":"bus","color":"#b20b42","oi":-0.5,"n":2},"geometry":{"type":"LineString","coordinates":[[19.403457,50.287354],[19.403319,50.287182],[19.403299,50.287165],[19.403272,50.287159],[19.40324,50.287161],[19.40294,50.287225],[19.402903,50.28724],[19.402882,50.287264],[19.402857,50.287319],[19.402906,50.287404],[19.402922,50.287422],[19.402947,50.28743],[19.40298,50.287429],[19.403457,50.287354],[19.403603,50.287368]]}},{"type":"Feature","properties":{"line":"467","mode":"bus","color":"#b20b42","oi":-0.5,"n":2},"geometry":{"type":"LineString","coordinates":[[19.443479,50.277502],[19.443525,50.277488]]}},{"type":"Feature","properties":{"line":"467","mode":"bus","color":"#b20b42","oi":-1.5,"n":4},"geometry":{"type":"LineString","coordinates":[[19.45957,50.291792],[19.454564,50.290392]]}},{"type":"Feature","properties":{"line":"467","mode":"bus","color":"#b20b42","oi":0,"n":4,"sw":1},"geometry":{"type":"LineString","coordinates":[[19.460034,50.291922],[19.460012,50.291916]]}},{"type":"Feature","properties":{"line":"467","mode":"bus","color":"#b20b42","oi":-0.007,"n":4,"sw":1},"geometry":{"type":"LineString","coordinates":[[19.46002,50.291918],[19.459994,50.291911]]}},{"type":"Feature","properties":{"line":"467","mode":"bus","color":"#b20b42","oi":-0.027,"n":4,"sw":1},"geometry":{"type":"LineString","coordinates":[[19.460002,50.291913],[19.459977,50.291906]]}},{"type":"Feature","properties":{"line":"467","mode":"bus","color":"#b20b42","oi":-0.06,"n":4,"sw":1},"geometry":{"type":"LineString","coordinates":[[19.459984,50.291908],[19.459959,50.291901]]}},{"type":"Feature","properties":{"line":"467","mode":"bus","color":"#b20b42","oi":-0.103,"n":4,"sw":1},"geometry":{"type":"LineString","coordinates":[[19.459966,50.291903],[19.459941,50.291896]]}},{"type":"Feature","properties":{"line":"467","mode":"bus","color":"#b20b42","oi":-0.156,"n":4,"sw":1},"geometry":{"type":"LineString","coordinates":[[19.459949,50.291898],[19.459923,50.291891]]}},{"type":"Feature","properties":{"line":"467","mode":"bus","color":"#b20b42","oi":-0.218,"n":4,"sw":1},"geometry":{"type":"LineString","coordinates":[[19.459931,50.291893],[19.459905,50.291886]]}},{"type":"Feature","properties":{"line":"467","mode":"bus","color":"#b20b42","oi":-0.287,"n":4,"sw":1},"geometry":{"type":"LineString","coordinates":[[19.459913,50.291888],[19.459887,50.291881]]}},{"type":"Feature","properties":{"line":"467","mode":"bus","color":"#b20b42","oi":-0.362,"n":4,"sw":1},"geometry":{"type":"LineString","coordinates":[[19.459895,50.291883],[19.45987,50.291876]]}},{"type":"Feature","properties":{"line":"467","mode":"bus","color":"#b20b42","oi":-0.443,"n":4,"sw":1},"geometry":{"type":"LineString","coordinates":[[19.459877,50.291878],[19.459852,50.291871]]}},{"type":"Feature","properties":{"line":"467","mode":"bus","color":"#b20b42","oi":-0.528,"n":4,"sw":1},"geometry":{"type":"LineString","coordinates":[[19.459859,50.291873],[19.459834,50.291866]]}},{"type":"Feature","properties":{"line":"467","mode":"bus","color":"#b20b42","oi":-0.616,"n":4,"sw":1},"geometry":{"type":"LineString","coordinates":[[19.459842,50.291868],[19.459816,50.291861]]}},{"type":"Feature","properties":{"line":"467","mode":"bus","color":"#b20b42","oi":-0.705,"n":4,"sw":1},"geometry":{"type":"LineString","coordinates":[[19.459824,50.291863],[19.459798,50.291856]]}},{"type":"Feature","properties":{"line":"467","mode":"bus","color":"#b20b42","oi":-0.795,"n":4,"sw":1},"geometry":{"type":"LineString","coordinates":[[19.459806,50.291858],[19.45978,50.291851]]}},{"type":"Feature","properties":{"line":"467","mode":"bus","color":"#b20b42","oi":-0.884,"n":4,"sw":1},"geometry":{"type":"LineString","coordinates":[[19.459788,50.291853],[19.459762,50.291846]]}},{"type":"Feature","properties":{"line":"467","mode":"bus","color":"#b20b42","oi":-0.972,"n":4,"sw":1},"geometry":{"type":"LineString","coordinates":[[19.45977,50.291848],[19.459745,50.291841]]}},{"type":"Feature","properties":{"line":"467","mode":"bus","color":"#b20b42","oi":-1.057,"n":4,"sw":1},"geometry":{"type":"LineString","coordinates":[[19.459752,50.291843],[19.459727,50.291836]]}},{"type":"Feature","properties":{"line":"467","mode":"bus","color":"#b20b42","oi":-1.138,"n":4,"sw":1},"geometry":{"type":"LineString","coordinates":[[19.459735,50.291838],[19.459709,50.291831]]}},{"type":"Feature","properties":{"line":"467","mode":"bus","color":"#b20b42","oi":-1.213,"n":4,"sw":1},"geometry":{"type":"LineString","coordinates":[[19.459717,50.291833],[19.459691,50.291826]]}},{"type":"Feature","properties":{"line":"467","mode":"bus","color":"#b20b42","oi":-1.282,"n":4,"sw":1},"geometry":{"type":"LineString","coordinates":[[19.459699,50.291828],[19.459673,50.291821]]}},{"type":"Feature","properties":{"line":"467","mode":"bus","color":"#b20b42","oi":-1.344,"n":4,"sw":1},"geometry":{"type":"LineString","coordinates":[[19.459681,50.291823],[19.459655,50.291816]]}},{"type":"Feature","properties":{"line":"467","mode":"bus","color":"#b20b42","oi":-1.397,"n":4,"sw":1},"geometry":{"type":"LineString","coordinates":[[19.459663,50.291818],[19.459638,50.291811]]}},{"type":"Feature","properties":{"line":"467","mode":"bus","color":"#b20b42","oi":-1.44,"n":4,"sw":1},"geometry":{"type":"LineString","coordinates":[[19.459645,50.291813],[19.45962,50.291806]]}},{"type":"Feature","properties":{"line":"467","mode":"bus","color":"#b20b42","oi":-1.473,"n":4,"sw":1},"geometry":{"type":"LineString","coordinates":[[19.459627,50.291808],[19.459602,50.291801]]}},{"type":"Feature","properties":{"line":"467","mode":"bus","color":"#b20b42","oi":-1.493,"n":4,"sw":1},"geometry":{"type":"LineString","coordinates":[[19.45961,50.291803],[19.459584,50.291796]]}},{"type":"Feature","properties":{"line":"467","mode":"bus","color":"#b20b42","oi":-1.5,"n":4,"sw":1},"geometry":{"type":"LineString","coordinates":[[19.459592,50.291798],[19.459566,50.291791]]}},{"type":"Feature","properties":{"line":"467","mode":"bus","color":"#b20b42","oi":-1.5,"n":4},"geometry":{"type":"LineString","coordinates":[[19.470517,50.307783],[19.471212,50.307692],[19.472002,50.307558],[19.47311,50.307308],[19.479178,50.305737]]}},{"type":"Feature","properties":{"line":"467","mode":"bus","color":"#b20b42","oi":-1.5,"n":4,"sw":1},"geometry":{"type":"LineString","coordinates":[[19.479174,50.305738],[19.4792,50.305731]]}},{"type":"Feature","properties":{"line":"467","mode":"bus","color":"#b20b42","oi":-1.493,"n":4,"sw":1},"geometry":{"type":"LineString","coordinates":[[19.479192,50.305733],[19.479218,50.305726]]}},{"type":"Feature","properties":{"line":"467","mode":"bus","color":"#b20b42","oi":-1.473,"n":4,"sw":1},"geometry":{"type":"LineString","coordinates":[[19.47921,50.305728],[19.479236,50.305722]]}},{"type":"Feature","properties":{"line":"467","mode":"bus","color":"#b20b42","oi":-1.44,"n":4,"sw":1},"geometry":{"type":"LineString","coordinates":[[19.479228,50.305724],[19.479254,50.305717]]}},{"type":"Feature","properties":{"line":"467","mode":"bus","color":"#b20b42","oi":-1.397,"n":4,"sw":1},"geometry":{"type":"LineString","coordinates":[[19.479246,50.305719],[19.479272,50.305712]]}},{"type":"Feature","properties":{"line":"467","mode":"bus","color":"#b20b42","oi":-1.344,"n":4,"sw":1},"geometry":{"type":"LineString","coordinates":[[19.479264,50.305714],[19.47929,50.305707]]}},{"type":"Feature","properties":{"line":"467","mode":"bus","color":"#b20b42","oi":-1.282,"n":4,"sw":1},"geometry":{"type":"LineString","coordinates":[[19.479282,50.30571],[19.479308,50.305703]]}},{"type":"Feature","properties":{"line":"467","mode":"bus","color":"#b20b42","oi":-1.213,"n":4,"sw":1},"geometry":{"type":"LineString","coordinates":[[19.4793,50.305705],[19.479326,50.305698]]}},{"type":"Feature","properties":{"line":"467","mode":"bus","color":"#b20b42","oi":-1.138,"n":4,"sw":1},"geometry":{"type":"LineString","coordinates":[[19.479318,50.3057],[19.479344,50.305693]]}},{"type":"Feature","properties":{"line":"467","mode":"bus","color":"#b20b42","oi":-1.057,"n":4,"sw":1},"geometry":{"type":"LineString","coordinates":[[19.479336,50.305695],[19.479362,50.305689]]}},{"type":"Feature","properties":{"line":"467","mode":"bus","color":"#b20b42","oi":-0.972,"n":4,"sw":1},"geometry":{"type":"LineString","coordinates":[[19.479354,50.305691],[19.47938,50.305684]]}},{"type":"Feature","properties":{"line":"467","mode":"bus","color":"#b20b42","oi":-0.884,"n":4,"sw":1},"geometry":{"type":"LineString","coordinates":[[19.479372,50.305686],[19.479398,50.305679]]}},{"type":"Feature","properties":{"line":"467","mode":"bus","color":"#b20b42","oi":-0.795,"n":4,"sw":1},"geometry":{"type":"LineString","coordinates":[[19.47939,50.305681],[19.479416,50.305675]]}},{"type":"Feature","properties":{"line":"467","mode":"bus","color":"#b20b42","oi":-0.705,"n":4,"sw":1},"geometry":{"type":"LineString","coordinates":[[19.479408,50.305677],[19.479434,50.30567]]}},{"type":"Feature","properties":{"line":"467","mode":"bus","color":"#b20b42","oi":-0.616,"n":4,"sw":1},"geometry":{"type":"LineString","coordinates":[[19.479426,50.305672],[19.479452,50.305665]]}},{"type":"Feature","properties":{"line":"467","mode":"bus","color":"#b20b42","oi":-0.528,"n":4,"sw":1},"geometry":{"type":"LineString","coordinates":[[19.479445,50.305667],[19.47947,50.305661]]}},{"type":"Feature","properties":{"line":"467","mode":"bus","color":"#b20b42","oi":-0.443,"n":4,"sw":1},"geometry":{"type":"LineString","coordinates":[[19.479463,50.305663],[19.479488,50.305656]]}},{"type":"Feature","properties":{"line":"467","mode":"bus","color":"#b20b42","oi":-0.362,"n":4,"sw":1},"geometry":{"type":"LineString","coordinates":[[19.479481,50.305658],[19.479506,50.305651]]}},{"type":"Feature","properties":{"line":"467","mode":"bus","color":"#b20b42","oi":-0.287,"n":4,"sw":1},"geometry":{"type":"LineString","coordinates":[[19.479499,50.305653],[19.479525,50.305647]]}},{"type":"Feature","properties":{"line":"467","mode":"bus","color":"#b20b42","oi":-0.218,"n":4,"sw":1},"geometry":{"type":"LineString","coordinates":[[19.479517,50.305649],[19.479543,50.305642]]}},{"type":"Feature","properties":{"line":"467","mode":"bus","color":"#b20b42","oi":-0.156,"n":4,"sw":1},"geometry":{"type":"LineString","coordinates":[[19.479535,50.305644],[19.479561,50.305637]]}},{"type":"Feature","properties":{"line":"467","mode":"bus","color":"#b20b42","oi":-0.103,"n":4,"sw":1},"geometry":{"type":"LineString","coordinates":[[19.479553,50.305639],[19.479579,50.305633]]}},{"type":"Feature","properties":{"line":"467","mode":"bus","color":"#b20b42","oi":-0.06,"n":4,"sw":1},"geometry":{"type":"LineString","coordinates":[[19.479571,50.305635],[19.479597,50.305628]]}},{"type":"Feature","properties":{"line":"467","mode":"bus","color":"#b20b42","oi":-0.027,"n":4,"sw":1},"geometry":{"type":"LineString","coordinates":[[19.479589,50.30563],[19.479615,50.305623]]}},{"type":"Feature","properties":{"line":"467","mode":"bus","color":"#b20b42","oi":-0.007,"n":4,"sw":1},"geometry":{"type":"LineString","coordinates":[[19.479607,50.305625],[19.479633,50.305619]]}},{"type":"Feature","properties":{"line":"467","mode":"bus","color":"#b20b42","oi":0,"n":4,"sw":1},"geometry":{"type":"LineString","coordinates":[[19.479625,50.305621],[19.479647,50.305615]]}},{"type":"Feature","properties":{"line":"467","mode":"bus","color":"#b20b42","oi":0,"n":3},"geometry":{"type":"LineString","coordinates":[[19.426443,50.233557],[19.426843,50.233769],[19.427825,50.234649],[19.427984,50.234816],[19.428256,50.235293],[19.428297,50.235545],[19.428061,50.236213],[19.428117,50.236595],[19.428113,50.237171],[19.428187,50.237486],[19.428166,50.238219],[19.42832,50.238674],[19.428474,50.239608],[19.428542,50.239849],[19.428888,50.240667],[19.42909,50.24101],[19.429384,50.241387],[19.42993,50.241838],[19.430608,50.24235],[19.43085,50.242616],[19.431025,50.242916],[19.431162,50.243239],[19.432317,50.248495],[19.43241,50.250219],[19.4325,50.250542],[19.432713,50.25084],[19.433125,50.251259],[19.434344,50.251986],[19.434647,50.252246],[19.434835,50.252464],[19.438697,50.258102],[19.439069,50.258589],[19.439559,50.259059],[19.439866,50.259301],[19.44021,50.259541],[19.44111,50.260083],[19.441404,50.260327],[19.441647,50.260704],[19.441886,50.26116],[19.441888,50.261274],[19.44177,50.261843],[19.441774,50.262124],[19.441827,50.262461],[19.442123,50.263022],[19.442488,50.263351],[19.443447,50.263893],[19.443528,50.263904],[19.443554,50.263905],[19.443575,50.263898],[19.443591,50.263885],[19.443632,50.263832],[19.443928,50.263717],[19.444207,50.263686],[19.447696,50.263893],[19.448068,50.263893],[19.44864,50.263815],[19.451149,50.263357],[19.452067,50.263251],[19.452953,50.263182],[19.456509,50.263002],[19.458956,50.262945],[19.467142,50.262838],[19.469976,50.262876],[19.472792,50.263113],[19.476246,50.263658],[19.476627,50.263692],[19.476844,50.263683],[19.477056,50.263639],[19.477242,50.263562],[19.477534,50.263375],[19.477587,50.263365],[19.477604,50.263364],[19.477619,50.263368],[19.47763,50.263376],[19.47766,50.263408],[19.477723,50.263744],[19.477923,50.264353],[19.478074,50.264555],[19.478282,50.26471],[19.480418,50.265806],[19.480678,50.26589],[19.481836,50.265979],[19.48202,50.266013],[19.482192,50.26612],[19.482392,50.266515],[19.482402,50.266529],[19.482418,50.266537],[19.482437,50.266539],[19.482461,50.266535],[19.483847,50.266159],[19.484072,50.266149]]}},{"type":"Feature","properties":{"line":"467","mode":"bus","color":"#b20b42","oi":0,"n":3},"geometry":{"type":"LineString","coordinates":[[19.427258,50.23629],[19.427866,50.236213],[19.428061,50.236213]]}},{"type":"Feature","properties":{"line":"467","mode":"bus","color":"#b20b42","oi":0,"n":3},"geometry":{"type":"LineString","coordinates":[[19.463367,50.262882],[19.462897,50.261906],[19.46287,50.261829],[19.462886,50.261758],[19.462884,50.261737],[19.462869,50.261722],[19.462839,50.261714],[19.46054,50.261376],[19.460177,50.261285],[19.45828,50.260656],[19.458099,50.260543],[19.457665,50.260187],[19.457478,50.25996],[19.457359,50.259178],[19.457045,50.257575],[19.457086,50.257495],[19.457234,50.257364],[19.457362,50.257307],[19.461839,50.256931],[19.465856,50.256347],[19.46978,50.255928],[19.470209,50.255872],[19.470483,50.255805],[19.470791,50.255597],[19.470922,50.255348],[19.472354,50.251032],[19.472435,50.25073],[19.472487,50.250343],[19.47237,50.249775],[19.471667,50.247505],[19.471346,50.246576],[19.471222,50.246405],[19.470054,50.245525],[19.469224,50.244694],[19.468346,50.243883],[19.466371,50.242202],[19.466055,50.241715],[19.465132,50.239611],[19.464913,50.239341],[19.464292,50.23892],[19.463833,50.23854],[19.46363,50.238282],[19.463463,50.237975],[19.46336,50.237725],[19.463345,50.237536],[19.463385,50.237453],[19.463513,50.237318],[19.46392,50.23703],[19.464361,50.236607],[19.46473,50.236156],[19.465043,50.235953],[19.465079,50.235907],[19.465094,50.235894],[19.465115,50.235887],[19.46514,50.235887],[19.465239,50.235895],[19.465579,50.235812],[19.466656,50.235363],[19.467067,50.235237],[19.467373,50.235178],[19.467822,50.235001],[19.469378,50.234459],[19.469934,50.234303],[19.471561,50.233979],[19.475126,50.233212]]}},{"type":"Feature","properties":{"line":"467","mode":"bus","color":"#b20b42","oi":0,"n":3},"geometry":{"type":"LineString","coordinates":[[19.468891,50.244288],[19.468806,50.244306]]}},{"type":"Feature","properties":{"line":"467","mode":"bus","color":"#b20b42","oi":0.5,"n":2},"geometry":{"type":"LineString","coordinates":[[19.457045,50.257575],[19.456968,50.257399],[19.456965,50.257383],[19.456971,50.257371],[19.456985,50.257362],[19.457008,50.257356],[19.457362,50.257307]]}},{"type":"Feature","properties":{"line":"467","mode":"bus","color":"#b20b42","oi":-0.5,"n":2},"geometry":{"type":"LineString","coordinates":[[19.482409,50.266549],[19.480699,50.266912],[19.480549,50.266879],[19.478726,50.26602],[19.478595,50.265985],[19.478404,50.266004],[19.464492,50.269957]]}},{"type":"Feature","properties":{"line":"467","mode":"bus","color":"#b20b42","oi":0,"n":1},"geometry":{"type":"LineString","coordinates":[[19.477927,50.29991],[19.470646,50.307562],[19.470517,50.307783]]}},{"type":"Feature","properties":{"line":"467","mode":"bus","color":"#b20b42","oi":0,"n":1},"geometry":{"type":"LineString","coordinates":[[19.440102,50.259471],[19.440331,50.259356],[19.440534,50.259215],[19.441054,50.25911],[19.444638,50.258706],[19.44723,50.258579],[19.451187,50.258265],[19.451822,50.258177],[19.453695,50.257759],[19.454404,50.257665],[19.455748,50.257555],[19.456953,50.257364]]}},{"type":"Feature","properties":{"line":"462","mode":"bus","color":"#02af5a","oi":0.5,"n":4},"geometry":{"type":"LineString","coordinates":[[19.45957,50.291792],[19.454616,50.290406],[19.454583,50.290401],[19.454554,50.290406],[19.454528,50.29042],[19.453935,50.29088],[19.453268,50.291298],[19.453049,50.291393],[19.452645,50.291506],[19.451679,50.291661],[19.439591,50.29314],[19.437104,50.293463],[19.435314,50.293662],[19.42822,50.29452],[19.417808,50.295798],[19.414331,50.296249],[19.410971,50.296632],[19.409345,50.296854],[19.409312,50.296854],[19.409287,50.296845],[19.409269,50.296827],[19.408171,50.295036],[19.406736,50.292864]]}},{"type":"Feature","properties":{"line":"462","mode":"bus","color":"#02af5a","oi":0,"n":4,"sw":1},"geometry":{"type":"LineString","coordinates":[[19.460034,50.291922],[19.459984,50.291908]]}},{"type":"Feature","properties":{"line":"462","mode":"bus","color":"#02af5a","oi":0.017,"n":4,"sw":1},"geometry":{"type":"LineString","coordinates":[[19.459991,50.29191],[19.459937,50.291895]]}},{"type":"Feature","properties":{"line":"462","mode":"bus","color":"#02af5a","oi":0.063,"n":4,"sw":1},"geometry":{"type":"LineString","coordinates":[[19.459945,50.291897],[19.459891,50.291882]]}},{"type":"Feature","properties":{"line":"462","mode":"bus","color":"#02af5a","oi":0.13,"n":4,"sw":1},"geometry":{"type":"LineString","coordinates":[[19.459899,50.291884],[19.459845,50.291869]]}},{"type":"Feature","properties":{"line":"462","mode":"bus","color":"#02af5a","oi":0.209,"n":4,"sw":1},"geometry":{"type":"LineString","coordinates":[[19.459852,50.291871],[19.459798,50.291856]]}},{"type":"Feature","properties":{"line":"462","mode":"bus","color":"#02af5a","oi":0.291,"n":4,"sw":1},"geometry":{"type":"LineString","coordinates":[[19.459806,50.291858],[19.459752,50.291843]]}},{"type":"Feature","properties":{"line":"462","mode":"bus","color":"#02af5a","oi":0.37,"n":4,"sw":1},"geometry":{"type":"LineString","coordinates":[[19.45976,50.291845],[19.459705,50.29183]]}},{"type":"Feature","properties":{"line":"462","mode":"bus","color":"#02af5a","oi":0.437,"n":4,"sw":1},"geometry":{"type":"LineString","coordinates":[[19.459713,50.291832],[19.459659,50.291817]]}},{"type":"Feature","properties":{"line":"462","mode":"bus","color":"#02af5a","oi":0.483,"n":4,"sw":1},"geometry":{"type":"LineString","coordinates":[[19.459667,50.291819],[19.459613,50.291804]]}},{"type":"Feature","properties":{"line":"462","mode":"bus","color":"#02af5a","oi":0.5,"n":4,"sw":1},"geometry":{"type":"LineString","coordinates":[[19.45962,50.291806],[19.459566,50.291791]]}},{"type":"Feature","properties":{"line":"462","mode":"bus","color":"#02af5a","oi":-0.5,"n":2},"geometry":{"type":"LineString","coordinates":[[19.498885,50.307562],[19.498824,50.307583],[19.498803,50.307587],[19.498786,50.307584],[19.498771,50.307574],[19.49854,50.307347],[19.497575,50.306252],[19.494815,50.302658],[19.494315,50.30205],[19.494006,50.301804],[19.493666,50.301582],[19.491155,50.30012],[19.490248,50.299549],[19.488851,50.297813],[19.488055,50.296774],[19.487249,50.295648]]}},{"type":"Feature","properties":{"line":"462","mode":"bus","color":"#02af5a","oi":0,"n":1},"geometry":{"type":"LineString","coordinates":[[19.49071,50.299845],[19.491123,50.299578],[19.49142,50.299431],[19.491667,50.299345],[19.492007,50.299288],[19.49232,50.299295],[19.492527,50.299277]]}},{"type":"Feature","properties":{"line":"462","mode":"bus","color":"#02af5a","oi":0,"n":1,"sw":1},"geometry":{"type":"LineString","coordinates":[[19.492523,50.299277],[19.492581,50.299272]]}},{"type":"Feature","properties":{"line":"462","mode":"bus","color":"#02af5a","oi":0.017,"n":1,"sw":1},"geometry":{"type":"LineString","coordinates":[[19.492573,50.299273],[19.492618,50.299269],[19.49263,50.299265]]}},{"type":"Feature","properties":{"line":"462","mode":"bus","color":"#02af5a","oi":0.063,"n":1,"sw":1},"geometry":{"type":"LineString","coordinates":[[19.492623,50.299267],[19.492674,50.299249]]}},{"type":"Feature","properties":{"line":"462","mode":"bus","color":"#02af5a","oi":0.13,"n":1,"sw":1},"geometry":{"type":"LineString","coordinates":[[19.492667,50.299252],[19.492719,50.299234]]}},{"type":"Feature","properties":{"line":"462","mode":"bus","color":"#02af5a","oi":0.209,"n":1,"sw":1},"geometry":{"type":"LineString","coordinates":[[19.492711,50.299236],[19.492763,50.299218]]}},{"type":"Feature","properties":{"line":"462","mode":"bus","color":"#02af5a","oi":0.291,"n":1,"sw":1},"geometry":{"type":"LineString","coordinates":[[19.492756,50.29922],[19.492807,50.299202]]}},{"type":"Feature","properties":{"line":"462","mode":"bus","color":"#02af5a","oi":0.37,"n":1,"sw":1},"geometry":{"type":"LineString","coordinates":[[19.4928,50.299205],[19.492852,50.299187]]}},{"type":"Feature","properties":{"line":"462","mode":"bus","color":"#02af5a","oi":0.437,"n":1,"sw":1},"geometry":{"type":"LineString","coordinates":[[19.492844,50.299189],[19.492896,50.299171]]}},{"type":"Feature","properties":{"line":"462","mode":"bus","color":"#02af5a","oi":0.483,"n":1,"sw":1},"geometry":{"type":"LineString","coordinates":[[19.492889,50.299174],[19.49294,50.299155]]}},{"type":"Feature","properties":{"line":"462","mode":"bus","color":"#02af5a","oi":0.5,"n":1,"sw":1},"geometry":{"type":"LineString","coordinates":[[19.492933,50.299158],[19.492981,50.299141]]}},{"type":"Feature","properties":{"line":"462","mode":"bus","color":"#02af5a","oi":0.5,"n":2},"geometry":{"type":"LineString","coordinates":[[19.492981,50.299141],[19.499171,50.294829]]}},{"type":"Feature","properties":{"line":"462","mode":"bus","color":"#02af5a","oi":0.5,"n":2,"sw":1},"geometry":{"type":"LineString","coordinates":[[19.499168,50.294831],[19.499208,50.294803]]}},{"type":"Feature","properties":{"line":"462","mode":"bus","color":"#02af5a","oi":0.483,"n":2,"sw":1},"geometry":{"type":"LineString","coordinates":[[19.499202,50.294807],[19.499242,50.294779]]}},{"type":"Feature","properties":{"line":"462","mode":"bus","color":"#02af5a","oi":0.437,"n":2,"sw":1},"geometry":{"type":"LineString","coordinates":[[19.499236,50.294783],[19.499276,50.294755]]}},{"type":"Feature","properties":{"line":"462","mode":"bus","color":"#02af5a","oi":0.37,"n":2,"sw":1},"geometry":{"type":"LineString","coordinates":[[19.49927,50.294759],[19.49931,50.294731]]}},{"type":"Feature","properties":{"line":"462","mode":"bus","color":"#02af5a","oi":0.291,"n":2,"sw":1},"geometry":{"type":"LineString","coordinates":[[19.499305,50.294735],[19.499345,50.294707]]}},{"type":"Feature","properties":{"line":"462","mode":"bus","color":"#02af5a","oi":0.209,"n":2,"sw":1},"geometry":{"type":"LineString","coordinates":[[19.499339,50.294711],[19.499379,50.294683]]}},{"type":"Feature","properties":{"line":"462","mode":"bus","color":"#02af5a","oi":0.13,"n":2,"sw":1},"geometry":{"type":"LineString","coordinates":[[19.499373,50.294687],[19.499413,50.29466]]}},{"type":"Feature","properties":{"line":"462","mode":"bus","color":"#02af5a","oi":0.063,"n":2,"sw":1},"geometry":{"type":"LineString","coordinates":[[19.499407,50.294664],[19.499447,50.294636]]}},{"type":"Feature","properties":{"line":"462","mode":"bus","color":"#02af5a","oi":0.017,"n":2,"sw":1},"geometry":{"type":"LineString","coordinates":[[19.499442,50.29464],[19.499482,50.294612]]}},{"type":"Feature","properties":{"line":"462","mode":"bus","color":"#02af5a","oi":0,"n":2,"sw":1},"geometry":{"type":"LineString","coordinates":[[19.499476,50.294616],[19.499513,50.29459]]}},{"type":"Feature","properties":{"line":"463","mode":"bus","color":"#4d4aba","oi":-0.5,"n":4},"geometry":{"type":"LineString","coordinates":[[19.45957,50.291792],[19.454616,50.290406],[19.454583,50.290401],[19.454554,50.290406],[19.454528,50.29042],[19.453935,50.29088],[19.453268,50.291298],[19.453049,50.291393],[19.452645,50.291506],[19.451679,50.291661],[19.439591,50.29314],[19.437104,50.293463],[19.435314,50.293662],[19.42822,50.29452],[19.417808,50.295798],[19.414331,50.296249],[19.410971,50.296632],[19.409345,50.296854],[19.409312,50.296854],[19.409287,50.296845],[19.409269,50.296827],[19.408171,50.295036],[19.406736,50.292864]]}},{"type":"Feature","properties":{"line":"463","mode":"bus","color":"#4d4aba","oi":0,"n":4,"sw":1},"geometry":{"type":"LineString","coordinates":[[19.460034,50.291922],[19.459984,50.291908]]}},{"type":"Feature","properties":{"line":"463","mode":"bus","color":"#4d4aba","oi":-0.017,"n":4,"sw":1},"geometry":{"type":"LineString","coordinates":[[19.459991,50.29191],[19.459937,50.291895]]}},{"type":"Feature","properties":{"line":"463","mode":"bus","color":"#4d4aba","oi":-0.063,"n":4,"sw":1},"geometry":{"type":"LineString","coordinates":[[19.459945,50.291897],[19.459891,50.291882]]}},{"type":"Feature","properties":{"line":"463","mode":"bus","color":"#4d4aba","oi":-0.13,"n":4,"sw":1},"geometry":{"type":"LineString","coordinates":[[19.459899,50.291884],[19.459845,50.291869]]}},{"type":"Feature","properties":{"line":"463","mode":"bus","color":"#4d4aba","oi":-0.209,"n":4,"sw":1},"geometry":{"type":"LineString","coordinates":[[19.459852,50.291871],[19.459798,50.291856]]}},{"type":"Feature","properties":{"line":"463","mode":"bus","color":"#4d4aba","oi":-0.291,"n":4,"sw":1},"geometry":{"type":"LineString","coordinates":[[19.459806,50.291858],[19.459752,50.291843]]}},{"type":"Feature","properties":{"line":"463","mode":"bus","color":"#4d4aba","oi":-0.37,"n":4,"sw":1},"geometry":{"type":"LineString","coordinates":[[19.45976,50.291845],[19.459705,50.29183]]}},{"type":"Feature","properties":{"line":"463","mode":"bus","color":"#4d4aba","oi":-0.437,"n":4,"sw":1},"geometry":{"type":"LineString","coordinates":[[19.459713,50.291832],[19.459659,50.291817]]}},{"type":"Feature","properties":{"line":"463","mode":"bus","color":"#4d4aba","oi":-0.483,"n":4,"sw":1},"geometry":{"type":"LineString","coordinates":[[19.459667,50.291819],[19.459613,50.291804]]}},{"type":"Feature","properties":{"line":"463","mode":"bus","color":"#4d4aba","oi":-0.5,"n":4,"sw":1},"geometry":{"type":"LineString","coordinates":[[19.45962,50.291806],[19.459566,50.291791]]}},{"type":"Feature","properties":{"line":"463","mode":"bus","color":"#4d4aba","oi":-0.5,"n":2},"geometry":{"type":"LineString","coordinates":[[19.490482,50.301065],[19.498391,50.295521],[19.499616,50.294697]]}},{"type":"Feature","properties":{"line":"463","mode":"bus","color":"#4d4aba","oi":-0.5,"n":2},"geometry":{"type":"LineString","coordinates":[[19.402301,50.296932],[19.402009,50.297001],[19.401792,50.297133],[19.399652,50.298789],[19.39952,50.299056],[19.399545,50.299557]]}},{"type":"Feature","properties":{"line":"463","mode":"bus","color":"#4d4aba","oi":-0.5,"n":2,"sw":1},"geometry":{"type":"LineString","coordinates":[[19.399545,50.299555],[19.399547,50.299592]]}},{"type":"Feature","properties":{"line":"463","mode":"bus","color":"#4d4aba","oi":-0.483,"n":2,"sw":1},"geometry":{"type":"LineString","coordinates":[[19.399546,50.299587],[19.399548,50.299625]]}},{"type":"Feature","properties":{"line":"463","mode":"bus","color":"#4d4aba","oi":-0.437,"n":2,"sw":1},"geometry":{"type":"LineString","coordinates":[[19.399548,50.299619],[19.39955,50.299657]]}},{"type":"Feature","properties":{"line":"463","mode":"bus","color":"#4d4aba","oi":-0.37,"n":2,"sw":1},"geometry":{"type":"LineString","coordinates":[[19.39955,50.299652],[19.399551,50.299689]]}},{"type":"Feature","properties":{"line":"463","mode":"bus","color":"#4d4aba","oi":-0.291,"n":2,"sw":1},"geometry":{"type":"LineString","coordinates":[[19.399551,50.299684],[19.399553,50.299722]]}},{"type":"Feature","properties":{"line":"463","mode":"bus","color":"#4d4aba","oi":-0.209,"n":2,"sw":1},"geometry":{"type":"LineString","coordinates":[[19.399553,50.299716],[19.399555,50.299754]]}},{"type":"Feature","properties":{"line":"463","mode":"bus","color":"#4d4aba","oi":-0.13,"n":2,"sw":1},"geometry":{"type":"LineString","coordinates":[[19.399554,50.299749],[19.399556,50.299787]]}},{"type":"Feature","properties":{"line":"463","mode":"bus","color":"#4d4aba","oi":-0.063,"n":2,"sw":1},"geometry":{"type":"LineString","coordinates":[[19.399556,50.299781],[19.399558,50.299819]]}},{"type":"Feature","properties":{"line":"463","mode":"bus","color":"#4d4aba","oi":-0.017,"n":2,"sw":1},"geometry":{"type":"LineString","coordinates":[[19.399558,50.299814],[19.39956,50.299851]]}},{"type":"Feature","properties":{"line":"463","mode":"bus","color":"#4d4aba","oi":0,"n":2,"sw":1},"geometry":{"type":"LineString","coordinates":[[19.399559,50.299846],[19.399561,50.299881]]}},{"type":"Feature","properties":{"line":"463","mode":"bus","color":"#4d4aba","oi":0,"n":1},"geometry":{"type":"LineString","coordinates":[[19.388188,50.297848],[19.387472,50.298307],[19.387438,50.298368],[19.387467,50.298425],[19.387586,50.298519],[19.388072,50.298811],[19.388329,50.298936],[19.388462,50.29893],[19.38855,50.298869]]}},{"type":"Feature","properties":{"line":"463","mode":"bus","color":"#4d4aba","oi":-1,"n":1,"sw":1},"geometry":{"type":"LineString","coordinates":[[19.388599,50.297876],[19.388574,50.297863]]}},{"type":"Feature","properties":{"line":"463","mode":"bus","color":"#4d4aba","oi":-0.99,"n":1,"sw":1},"geometry":{"type":"LineString","coordinates":[[19.388581,50.297866],[19.388553,50.297851]]}},{"type":"Feature","properties":{"line":"463","mode":"bus","color":"#4d4aba","oi":-0.962,"n":1,"sw":1},"geometry":{"type":"LineString","coordinates":[[19.388559,50.297854],[19.388531,50.297839]]}},{"type":"Feature","properties":{"line":"463","mode":"bus","color":"#4d4aba","oi":-0.918,"n":1,"sw":1},"geometry":{"type":"LineString","coordinates":[[19.388538,50.297843],[19.38851,50.297828]]}},{"type":"Feature","properties":{"line":"463","mode":"bus","color":"#4d4aba","oi":-0.86,"n":1,"sw":1},"geometry":{"type":"LineString","coordinates":[[19.388516,50.297831],[19.388489,50.297816]]}},{"type":"Feature","properties":{"line":"463","mode":"bus","color":"#4d4aba","oi":-0.791,"n":1,"sw":1},"geometry":{"type":"LineString","coordinates":[[19.388495,50.29782],[19.388467,50.297804]]}},{"type":"Feature","properties":{"line":"463","mode":"bus","color":"#4d4aba","oi":-0.714,"n":1,"sw":1},"geometry":{"type":"LineString","coordinates":[[19.388474,50.297808],[19.388446,50.297793]]}},{"type":"Feature","properties":{"line":"463","mode":"bus","color":"#4d4aba","oi":-0.631,"n":1,"sw":1},"geometry":{"type":"LineString","coordinates":[[19.388452,50.297796],[19.388424,50.297781]]}},{"type":"Feature","properties":{"line":"463","mode":"bus","color":"#4d4aba","oi":-0.544,"n":1,"sw":1},"geometry":{"type":"LineString","coordinates":[[19.388431,50.297785],[19.388424,50.297781],[19.388397,50.297777]]}},{"type":"Feature","properties":{"line":"463","mode":"bus","color":"#4d4aba","oi":-0.456,"n":1,"sw":1},"geometry":{"type":"LineString","coordinates":[[19.388405,50.297778],[19.388369,50.297773]]}},{"type":"Feature","properties":{"line":"463","mode":"bus","color":"#4d4aba","oi":-0.369,"n":1,"sw":1},"geometry":{"type":"LineString","coordinates":[[19.388378,50.297774],[19.388368,50.297773],[19.388343,50.29778]]}},{"type":"Feature","properties":{"line":"463","mode":"bus","color":"#4d4aba","oi":-0.286,"n":1,"sw":1},"geometry":{"type":"LineString","coordinates":[[19.388351,50.297777],[19.388317,50.297786]]}},{"type":"Feature","properties":{"line":"463","mode":"bus","color":"#4d4aba","oi":-0.209,"n":1,"sw":1},"geometry":{"type":"LineString","coordinates":[[19.388325,50.297784],[19.388291,50.297793]]}},{"type":"Feature","properties":{"line":"463","mode":"bus","color":"#4d4aba","oi":-0.14,"n":1,"sw":1},"geometry":{"type":"LineString","coordinates":[[19.388299,50.297791],[19.388265,50.2978]]}},{"type":"Feature","properties":{"line":"463","mode":"bus","color":"#4d4aba","oi":-0.082,"n":1,"sw":1},"geometry":{"type":"LineString","coordinates":[[19.388273,50.297798],[19.388262,50.297801],[19.388245,50.297812]]}},{"type":"Feature","properties":{"line":"463","mode":"bus","color":"#4d4aba","oi":-0.038,"n":1,"sw":1},"geometry":{"type":"LineString","coordinates":[[19.388251,50.297808],[19.388225,50.297825]]}},{"type":"Feature","properties":{"line":"463","mode":"bus","color":"#4d4aba","oi":-0.01,"n":1,"sw":1},"geometry":{"type":"LineString","coordinates":[[19.388231,50.297821],[19.388205,50.297838]]}},{"type":"Feature","properties":{"line":"463","mode":"bus","color":"#4d4aba","oi":0,"n":1,"sw":1},"geometry":{"type":"LineString","coordinates":[[19.388211,50.297834],[19.388185,50.29785]]}},{"type":"Feature","properties":{"line":"463","mode":"bus","color":"#4d4aba","oi":0,"n":1,"sw":1},"geometry":{"type":"LineString","coordinates":[[19.388547,50.298871],[19.388572,50.298854]]}},{"type":"Feature","properties":{"line":"463","mode":"bus","color":"#4d4aba","oi":-0.01,"n":1,"sw":1},"geometry":{"type":"LineString","coordinates":[[19.388567,50.298858],[19.388591,50.29884]]}},{"type":"Feature","properties":{"line":"463","mode":"bus","color":"#4d4aba","oi":-0.038,"n":1,"sw":1},"geometry":{"type":"LineString","coordinates":[[19.388586,50.298844],[19.38861,50.298827]]}},{"type":"Feature","properties":{"line":"463","mode":"bus","color":"#4d4aba","oi":-0.082,"n":1,"sw":1},"geometry":{"type":"LineString","coordinates":[[19.388605,50.298831],[19.38863,50.298814]]}},{"type":"Feature","properties":{"line":"463","mode":"bus","color":"#4d4aba","oi":-0.14,"n":1,"sw":1},"geometry":{"type":"LineString","coordinates":[[19.388624,50.298818],[19.388649,50.298801]]}},{"type":"Feature","properties":{"line":"463","mode":"bus","color":"#4d4aba","oi":-0.209,"n":1,"sw":1},"geometry":{"type":"LineString","coordinates":[[19.388643,50.298805],[19.388668,50.298788]]}},{"type":"Feature","properties":{"line":"463","mode":"bus","color":"#4d4aba","oi":-0.286,"n":1,"sw":1},"geometry":{"type":"LineString","coordinates":[[19.388662,50.298792],[19.388687,50.298774]]}},{"type":"Feature","properties":{"line":"463","mode":"bus","color":"#4d4aba","oi":-0.369,"n":1,"sw":1},"geometry":{"type":"LineString","coordinates":[[19.388681,50.298778],[19.388706,50.298761]]}},{"type":"Feature","properties":{"line":"463","mode":"bus","color":"#4d4aba","oi":-0.456,"n":1,"sw":1},"geometry":{"type":"LineString","coordinates":[[19.3887,50.298765],[19.388725,50.298748]]}},{"type":"Feature","properties":{"line":"463","mode":"bus","color":"#4d4aba","oi":-0.544,"n":1,"sw":1},"geometry":{"type":"LineString","coordinates":[[19.388719,50.298752],[19.388744,50.298735]]}},{"type":"Feature","properties":{"line":"463","mode":"bus","color":"#4d4aba","oi":-0.631,"n":1,"sw":1},"geometry":{"type":"LineString","coordinates":[[19.388738,50.298739],[19.388763,50.298722]]}},{"type":"Feature","properties":{"line":"463","mode":"bus","color":"#4d4aba","oi":-0.714,"n":1,"sw":1},"geometry":{"type":"LineString","coordinates":[[19.388757,50.298725],[19.388782,50.298708]]}},{"type":"Feature","properties":{"line":"463","mode":"bus","color":"#4d4aba","oi":-0.791,"n":1,"sw":1},"geometry":{"type":"LineString","coordinates":[[19.388777,50.298712],[19.388801,50.298695]]}},{"type":"Feature","properties":{"line":"463","mode":"bus","color":"#4d4aba","oi":-0.86,"n":1,"sw":1},"geometry":{"type":"LineString","coordinates":[[19.388796,50.298699],[19.38882,50.298682]]}},{"type":"Feature","properties":{"line":"463","mode":"bus","color":"#4d4aba","oi":-0.918,"n":1,"sw":1},"geometry":{"type":"LineString","coordinates":[[19.388815,50.298686],[19.38884,50.298669]]}},{"type":"Feature","properties":{"line":"463","mode":"bus","color":"#4d4aba","oi":-0.962,"n":1,"sw":1},"geometry":{"type":"LineString","coordinates":[[19.388834,50.298673],[19.388859,50.298655]]}},{"type":"Feature","properties":{"line":"463","mode":"bus","color":"#4d4aba","oi":-0.99,"n":1,"sw":1},"geometry":{"type":"LineString","coordinates":[[19.388853,50.298659],[19.388878,50.298642]]}},{"type":"Feature","properties":{"line":"463","mode":"bus","color":"#4d4aba","oi":-1,"n":1,"sw":1},"geometry":{"type":"LineString","coordinates":[[19.388872,50.298646],[19.388894,50.298631]]}},{"type":"Feature","properties":{"line":"463","mode":"bus","color":"#4d4aba","oi":0,"n":1},"geometry":{"type":"LineString","coordinates":[[19.443645,50.300724],[19.443556,50.300695]]}},{"type":"Feature","properties":{"line":"463","mode":"bus","color":"#4d4aba","oi":0,"n":1,"sw":1},"geometry":{"type":"LineString","coordinates":[[19.443559,50.300696],[19.443539,50.300689]]}},{"type":"Feature","properties":{"line":"463","mode":"bus","color":"#4d4aba","oi":-0.037,"n":1,"sw":1},"geometry":{"type":"LineString","coordinates":[[19.443546,50.300692],[19.443526,50.300685]]}},{"type":"Feature","properties":{"line":"463","mode":"bus","color":"#4d4aba","oi":-0.13,"n":1,"sw":1},"geometry":{"type":"LineString","coordinates":[[19.443534,50.300687],[19.443513,50.300681]]}},{"type":"Feature","properties":{"line":"463","mode":"bus","color":"#4d4aba","oi":-0.25,"n":1,"sw":1},"geometry":{"type":"LineString","coordinates":[[19.443521,50.300683],[19.443501,50.300676]]}},{"type":"Feature","properties":{"line":"463","mode":"bus","color":"#4d4aba","oi":-0.37,"n":1,"sw":1},"geometry":{"type":"LineString","coordinates":[[19.443508,50.300679],[19.443488,50.300672]]}},{"type":"Feature","properties":{"line":"463","mode":"bus","color":"#4d4aba","oi":-0.463,"n":1,"sw":1},"geometry":{"type":"LineString","coordinates":[[19.443495,50.300675],[19.443475,50.300668]]}},{"type":"Feature","properties":{"line":"463","mode":"bus","color":"#4d4aba","oi":-0.5,"n":1,"sw":1},"geometry":{"type":"LineString","coordinates":[[19.443483,50.30067],[19.443466,50.300665]]}},{"type":"Feature","properties":{"line":"463","mode":"bus","color":"#4d4aba","oi":0,"n":1},"geometry":{"type":"LineString","coordinates":[[19.443432,50.300786],[19.443531,50.30082]]}},{"type":"Feature","properties":{"line":"463","mode":"bus","color":"#4d4aba","oi":-0.5,"n":1,"sw":1},"geometry":{"type":"LineString","coordinates":[[19.443333,50.300752],[19.443349,50.300758]]}},{"type":"Feature","properties":{"line":"463","mode":"bus","color":"#4d4aba","oi":-0.472,"n":1,"sw":1},"geometry":{"type":"LineString","coordinates":[[19.443342,50.300755],[19.443361,50.300762]]}},{"type":"Feature","properties":{"line":"463","mode":"bus","color":"#4d4aba","oi":-0.401,"n":1,"sw":1},"geometry":{"type":"LineString","coordinates":[[19.443354,50.300759],[19.443374,50.300766]]}},{"type":"Feature","properties":{"line":"463","mode":"bus","color":"#4d4aba","oi":-0.303,"n":1,"sw":1},"geometry":{"type":"LineString","coordinates":[[19.443366,50.300763],[19.443386,50.30077]]}},{"type":"Feature","properties":{"line":"463","mode":"bus","color":"#4d4aba","oi":-0.197,"n":1,"sw":1},"geometry":{"type":"LineString","coordinates":[[19.443379,50.300768],[19.443399,50.300775]]}},{"type":"Feature","properties":{"line":"463","mode":"bus","color":"#4d4aba","oi":-0.099,"n":1,"sw":1},"geometry":{"type":"LineString","coordinates":[[19.443391,50.300772],[19.443411,50.300779]]}},{"type":"Feature","properties":{"line":"463","mode":"bus","color":"#4d4aba","oi":-0.028,"n":1,"sw":1},"geometry":{"type":"LineString","coordinates":[[19.443404,50.300776],[19.443423,50.300783]]}},{"type":"Feature","properties":{"line":"463","mode":"bus","color":"#4d4aba","oi":0,"n":1,"sw":1},"geometry":{"type":"LineString","coordinates":[[19.443416,50.30078],[19.443436,50.300787]]}},{"type":"Feature","properties":{"line":"463","mode":"bus","color":"#4d4aba","oi":0,"n":1},"geometry":{"type":"LineString","coordinates":[[19.479675,50.30573],[19.483798,50.30464],[19.485222,50.304161],[19.486091,50.303803],[19.486881,50.303423],[19.487883,50.302841],[19.490136,50.301301]]}},{"type":"Feature","properties":{"line":"463","mode":"bus","color":"#4d4aba","oi":0,"n":1,"sw":1},"geometry":{"type":"LineString","coordinates":[[19.490133,50.301303],[19.490173,50.301276]]}},{"type":"Feature","properties":{"line":"463","mode":"bus","color":"#4d4aba","oi":-0.017,"n":1,"sw":1},"geometry":{"type":"LineString","coordinates":[[19.490168,50.30128],[19.490208,50.301252]]}},{"type":"Feature","properties":{"line":"463","mode":"bus","color":"#4d4aba","oi":-0.063,"n":1,"sw":1},"geometry":{"type":"LineString","coordinates":[[19.490202,50.301256],[19.490243,50.301229]]}},{"type":"Feature","properties":{"line":"463","mode":"bus","color":"#4d4aba","oi":-0.13,"n":1,"sw":1},"geometry":{"type":"LineString","coordinates":[[19.490237,50.301233],[19.490277,50.301205]]}},{"type":"Feature","properties":{"line":"463","mode":"bus","color":"#4d4aba","oi":-0.209,"n":1,"sw":1},"geometry":{"type":"LineString","coordinates":[[19.490271,50.301209],[19.490312,50.301181]]}},{"type":"Feature","properties":{"line":"463","mode":"bus","color":"#4d4aba","oi":-0.291,"n":1,"sw":1},"geometry":{"type":"LineString","coordinates":[[19.490306,50.301185],[19.490346,50.301158]]}},{"type":"Feature","properties":{"line":"463","mode":"bus","color":"#4d4aba","oi":-0.37,"n":1,"sw":1},"geometry":{"type":"LineString","coordinates":[[19.490341,50.301162],[19.490381,50.301134]]}},{"type":"Feature","properties":{"line":"463","mode":"bus","color":"#4d4aba","oi":-0.437,"n":1,"sw":1},"geometry":{"type":"LineString","coordinates":[[19.490375,50.301138],[19.490416,50.30111]]}},{"type":"Feature","properties":{"line":"463","mode":"bus","color":"#4d4aba","oi":-0.483,"n":1,"sw":1},"geometry":{"type":"LineString","coordinates":[[19.49041,50.301114],[19.49045,50.301087]]}},{"type":"Feature","properties":{"line":"463","mode":"bus","color":"#4d4aba","oi":-0.5,"n":1,"sw":1},"geometry":{"type":"LineString","coordinates":[[19.490445,50.301091],[19.490482,50.301065]]}},{"type":"Feature","properties":{"line":"463","mode":"bus","color":"#4d4aba","oi":0,"n":1},"geometry":{"type":"LineString","coordinates":[[19.40929,50.296861],[19.406879,50.29722],[19.40645,50.29726],[19.406044,50.297235],[19.402998,50.296909],[19.402805,50.296901]]}},{"type":"Feature","properties":{"line":"463","mode":"bus","color":"#4d4aba","oi":0,"n":1,"sw":1},"geometry":{"type":"LineString","coordinates":[[19.402809,50.296901],[19.402805,50.296901],[19.40275,50.296904]]}},{"type":"Feature","properties":{"line":"463","mode":"bus","color":"#4d4aba","oi":-0.017,"n":1,"sw":1},"geometry":{"type":"LineString","coordinates":[[19.402759,50.296904],[19.4027,50.296907]]}},{"type":"Feature","properties":{"line":"463","mode":"bus","color":"#4d4aba","oi":-0.063,"n":1,"sw":1},"geometry":{"type":"LineString","coordinates":[[19.402708,50.296907],[19.40265,50.296911]]}},{"type":"Feature","properties":{"line":"463","mode":"bus","color":"#4d4aba","oi":-0.13,"n":1,"sw":1},"geometry":{"type":"LineString","coordinates":[[19.402658,50.29691],[19.402599,50.296914]]}},{"type":"Feature","properties":{"line":"463","mode":"bus","color":"#4d4aba","oi":-0.209,"n":1,"sw":1},"geometry":{"type":"LineString","coordinates":[[19.402608,50.296913],[19.402549,50.296917]]}},{"type":"Feature","properties":{"line":"463","mode":"bus","color":"#4d4aba","oi":-0.291,"n":1,"sw":1},"geometry":{"type":"LineString","coordinates":[[19.402557,50.296916],[19.402498,50.29692]]}},{"type":"Feature","properties":{"line":"463","mode":"bus","color":"#4d4aba","oi":-0.37,"n":1,"sw":1},"geometry":{"type":"LineString","coordinates":[[19.402507,50.296919],[19.402448,50.296923]]}},{"type":"Feature","properties":{"line":"463","mode":"bus","color":"#4d4aba","oi":-0.437,"n":1,"sw":1},"geometry":{"type":"LineString","coordinates":[[19.402456,50.296922],[19.402398,50.296926]]}},{"type":"Feature","properties":{"line":"463","mode":"bus","color":"#4d4aba","oi":-0.483,"n":1,"sw":1},"geometry":{"type":"LineString","coordinates":[[19.402406,50.296926],[19.402347,50.296929]]}},{"type":"Feature","properties":{"line":"463","mode":"bus","color":"#4d4aba","oi":-0.5,"n":1,"sw":1},"geometry":{"type":"LineString","coordinates":[[19.402356,50.296929],[19.402301,50.296932]]}},{"type":"Feature","properties":{"line":"463","mode":"bus","color":"#4d4aba","oi":0,"n":1},"geometry":{"type":"LineString","coordinates":[[19.400604,50.302583],[19.400902,50.302665],[19.401004,50.302759],[19.401023,50.30279],[19.401017,50.302823],[19.400941,50.30296],[19.399902,50.304049],[19.399548,50.304895],[19.399317,50.305542],[19.398991,50.30691],[19.398953,50.307005],[19.398704,50.307312],[19.398667,50.307459],[19.398707,50.30827],[19.398724,50.310085],[19.398773,50.310672],[19.398898,50.311026],[19.399077,50.312005],[19.399301,50.312649],[19.399529,50.31314],[19.399789,50.313409],[19.40047,50.313841],[19.400569,50.313866],[19.401684,50.31384],[19.402176,50.313873],[19.404193,50.314257],[19.404549,50.31427],[19.404957,50.314231],[19.405653,50.314101],[19.407852,50.313569],[19.410202,50.312887],[19.410532,50.312824],[19.411819,50.3127],[19.412461,50.312617],[19.41325,50.312567],[19.414352,50.312467],[19.414691,50.312417],[19.415835,50.312216],[19.416711,50.312011],[19.417523,50.311851],[19.419162,50.311582],[19.419519,50.311507],[19.419741,50.311403]]}},{"type":"Feature","properties":{"line":"463","mode":"bus","color":"#4d4aba","oi":-1,"n":3},"geometry":{"type":"LineString","coordinates":[[19.388894,50.298631],[19.389164,50.29845],[19.389233,50.298368],[19.389245,50.298347],[19.389244,50.298326],[19.38923,50.298306],[19.389156,50.298232],[19.388599,50.297876]]}},{"type":"Feature","properties":{"line":"463","mode":"bus","color":"#4d4aba","oi":-1,"n":3},"geometry":{"type":"LineString","coordinates":[[19.39906,50.29993],[19.398498,50.299984],[19.39799,50.300056],[19.393625,50.3009],[19.39361,50.300901],[19.393596,50.300898],[19.393585,50.300891],[19.393558,50.300865],[19.393302,50.30076],[19.393091,50.300641],[19.391002,50.299267],[19.389774,50.298522],[19.389482,50.298356],[19.38926,50.298336]]}},{"type":"Feature","properties":{"line":"463","mode":"bus","color":"#4d4aba","oi":0,"n":3,"sw":1},"geometry":{"type":"LineString","coordinates":[[19.399561,50.299881],[19.399529,50.299884]]}},{"type":"Feature","properties":{"line":"463","mode":"bus","color":"#4d4aba","oi":-0.01,"n":3,"sw":1},"geometry":{"type":"LineString","coordinates":[[19.399537,50.299883],[19.399501,50.299887]]}},{"type":"Feature","properties":{"line":"463","mode":"bus","color":"#4d4aba","oi":-0.038,"n":3,"sw":1},"geometry":{"type":"LineString","coordinates":[[19.39951,50.299886],[19.399473,50.299889]]}},{"type":"Feature","properties":{"line":"463","mode":"bus","color":"#4d4aba","oi":-0.082,"n":3,"sw":1},"geometry":{"type":"LineString","coordinates":[[19.399482,50.299889],[19.399446,50.299892]]}},{"type":"Feature","properties":{"line":"463","mode":"bus","color":"#4d4aba","oi":-0.14,"n":3,"sw":1},"geometry":{"type":"LineString","coordinates":[[19.399454,50.299891],[19.399418,50.299895]]}},{"type":"Feature","properties":{"line":"463","mode":"bus","color":"#4d4aba","oi":-0.209,"n":3,"sw":1},"geometry":{"type":"LineString","coordinates":[[19.399426,50.299894],[19.39939,50.299898]]}},{"type":"Feature","properties":{"line":"463","mode":"bus","color":"#4d4aba","oi":-0.286,"n":3,"sw":1},"geometry":{"type":"LineString","coordinates":[[19.399398,50.299897],[19.399362,50.2999]]}},{"type":"Feature","properties":{"line":"463","mode":"bus","color":"#4d4aba","oi":-0.369,"n":3,"sw":1},"geometry":{"type":"LineString","coordinates":[[19.39937,50.299899],[19.399334,50.299903]]}},{"type":"Feature","properties":{"line":"463","mode":"bus","color":"#4d4aba","oi":-0.456,"n":3,"sw":1},"geometry":{"type":"LineString","coordinates":[[19.399343,50.299902],[19.399307,50.299906]]}},{"type":"Feature","properties":{"line":"463","mode":"bus","color":"#4d4aba","oi":-0.544,"n":3,"sw":1},"geometry":{"type":"LineString","coordinates":[[19.399315,50.299905],[19.399279,50.299908]]}},{"type":"Feature","properties":{"line":"463","mode":"bus","color":"#4d4aba","oi":-0.631,"n":3,"sw":1},"geometry":{"type":"LineString","coordinates":[[19.399287,50.299908],[19.399251,50.299911]]}},{"type":"Feature","properties":{"line":"463","mode":"bus","color":"#4d4aba","oi":-0.714,"n":3,"sw":1},"geometry":{"type":"LineString","coordinates":[[19.399259,50.29991],[19.399223,50.299914]]}},{"type":"Feature","properties":{"line":"463","mode":"bus","color":"#4d4aba","oi":-0.791,"n":3,"sw":1},"geometry":{"type":"LineString","coordinates":[[19.399231,50.299913],[19.399195,50.299916]]}},{"type":"Feature","properties":{"line":"463","mode":"bus","color":"#4d4aba","oi":-0.86,"n":3,"sw":1},"geometry":{"type":"LineString","coordinates":[[19.399204,50.299916],[19.399167,50.299919]]}},{"type":"Feature","properties":{"line":"463","mode":"bus","color":"#4d4aba","oi":-0.918,"n":3,"sw":1},"geometry":{"type":"LineString","coordinates":[[19.399176,50.299918],[19.39914,50.299922]]}},{"type":"Feature","properties":{"line":"463","mode":"bus","color":"#4d4aba","oi":-0.962,"n":3,"sw":1},"geometry":{"type":"LineString","coordinates":[[19.399148,50.299921],[19.399112,50.299925]]}},{"type":"Feature","properties":{"line":"463","mode":"bus","color":"#4d4aba","oi":-0.99,"n":3,"sw":1},"geometry":{"type":"LineString","coordinates":[[19.39912,50.299924],[19.399084,50.299927]]}},{"type":"Feature","properties":{"line":"463","mode":"bus","color":"#4d4aba","oi":-1,"n":3,"sw":1},"geometry":{"type":"LineString","coordinates":[[19.399092,50.299926],[19.399056,50.29993]]}},{"type":"Feature","properties":{"line":"463","mode":"bus","color":"#4d4aba","oi":-0.5,"n":2},"geometry":{"type":"LineString","coordinates":[[19.400063,50.299837],[19.400135,50.299831],[19.405848,50.29958],[19.40588,50.299583],[19.405901,50.299594],[19.405912,50.299614],[19.406004,50.300023],[19.406081,50.300208],[19.406116,50.300254],[19.406238,50.300321],[19.40646,50.30034],[19.40675,50.300315],[19.408314,50.299941],[19.409341,50.299724],[19.410434,50.299547],[19.410939,50.299488],[19.412218,50.299384],[19.413366,50.299352],[19.414152,50.299365],[19.414176,50.299368],[19.414193,50.299375],[19.414203,50.299386],[19.414205,50.299402],[19.4142,50.299477]]}},{"type":"Feature","properties":{"line":"463","mode":"bus","color":"#4d4aba","oi":0,"n":2,"sw":1},"geometry":{"type":"LineString","coordinates":[[19.399561,50.299881],[19.399615,50.299876]]}},{"type":"Feature","properties":{"line":"463","mode":"bus","color":"#4d4aba","oi":-0.017,"n":2,"sw":1},"geometry":{"type":"LineString","coordinates":[[19.399607,50.299877],[19.399666,50.299872]]}},{"type":"Feature","properties":{"line":"463","mode":"bus","color":"#4d4aba","oi":-0.063,"n":2,"sw":1},"geometry":{"type":"LineString","coordinates":[[19.399657,50.299873],[19.399716,50.299868]]}},{"type":"Feature","properties":{"line":"463","mode":"bus","color":"#4d4aba","oi":-0.13,"n":2,"sw":1},"geometry":{"type":"LineString","coordinates":[[19.399707,50.299868],[19.399766,50.299863]]}},{"type":"Feature","properties":{"line":"463","mode":"bus","color":"#4d4aba","oi":-0.209,"n":2,"sw":1},"geometry":{"type":"LineString","coordinates":[[19.399758,50.299864],[19.399816,50.299859]]}},{"type":"Feature","properties":{"line":"463","mode":"bus","color":"#4d4aba","oi":-0.291,"n":2,"sw":1},"geometry":{"type":"LineString","coordinates":[[19.399808,50.29986],[19.399866,50.299854]]}},{"type":"Feature","properties":{"line":"463","mode":"bus","color":"#4d4aba","oi":-0.37,"n":2,"sw":1},"geometry":{"type":"LineString","coordinates":[[19.399858,50.299855],[19.399916,50.29985]]}},{"type":"Feature","properties":{"line":"463","mode":"bus","color":"#4d4aba","oi":-0.437,"n":2,"sw":1},"geometry":{"type":"LineString","coordinates":[[19.399908,50.299851],[19.399967,50.299846]]}},{"type":"Feature","properties":{"line":"463","mode":"bus","color":"#4d4aba","oi":-0.483,"n":2,"sw":1},"geometry":{"type":"LineString","coordinates":[[19.399958,50.299846],[19.400017,50.299841]]}},{"type":"Feature","properties":{"line":"463","mode":"bus","color":"#4d4aba","oi":-0.5,"n":2,"sw":1},"geometry":{"type":"LineString","coordinates":[[19.400008,50.299842],[19.400067,50.299837]]}},{"type":"Feature","properties":{"line":"463","mode":"bus","color":"#4d4aba","oi":-0.5,"n":2},"geometry":{"type":"LineString","coordinates":[[19.465177,50.296309],[19.454476,50.299404],[19.453686,50.299535],[19.446808,50.300294],[19.446007,50.300321],[19.444801,50.300301]]}},{"type":"Feature","properties":{"line":"463","mode":"bus","color":"#4d4aba","oi":0,"n":2,"sw":1},"geometry":{"type":"LineString","coordinates":[[19.465638,50.296176],[19.465588,50.29619]]}},{"type":"Feature","properties":{"line":"463","mode":"bus","color":"#4d4aba","oi":-0.017,"n":2,"sw":1},"geometry":{"type":"LineString","coordinates":[[19.465596,50.296188],[19.465542,50.296204]]}},{"type":"Feature","properties":{"line":"463","mode":"bus","color":"#4d4aba","oi":-0.063,"n":2,"sw":1},"geometry":{"type":"LineString","coordinates":[[19.46555,50.296202],[19.465496,50.296217]]}},{"type":"Feature","properties":{"line":"463","mode":"bus","color":"#4d4aba","oi":-0.13,"n":2,"sw":1},"geometry":{"type":"LineString","coordinates":[[19.465503,50.296215],[19.46545,50.29623]]}},{"type":"Feature","properties":{"line":"463","mode":"bus","color":"#4d4aba","oi":-0.209,"n":2,"sw":1},"geometry":{"type":"LineString","coordinates":[[19.465457,50.296228],[19.465403,50.296244]]}},{"type":"Feature","properties":{"line":"463","mode":"bus","color":"#4d4aba","oi":-0.291,"n":2,"sw":1},"geometry":{"type":"LineString","coordinates":[[19.465411,50.296242],[19.465357,50.296257]]}},{"type":"Feature","properties":{"line":"463","mode":"bus","color":"#4d4aba","oi":-0.37,"n":2,"sw":1},"geometry":{"type":"LineString","coordinates":[[19.465365,50.296255],[19.465311,50.296271]]}},{"type":"Feature","properties":{"line":"463","mode":"bus","color":"#4d4aba","oi":-0.437,"n":2,"sw":1},"geometry":{"type":"LineString","coordinates":[[19.465319,50.296268],[19.465265,50.296284]]}},{"type":"Feature","properties":{"line":"463","mode":"bus","color":"#4d4aba","oi":-0.483,"n":2,"sw":1},"geometry":{"type":"LineString","coordinates":[[19.465273,50.296282],[19.465219,50.296297]]}},{"type":"Feature","properties":{"line":"463","mode":"bus","color":"#4d4aba","oi":-0.5,"n":2,"sw":1},"geometry":{"type":"LineString","coordinates":[[19.465227,50.296295],[19.465173,50.296311]]}},{"type":"Feature","properties":{"line":"463","mode":"bus","color":"#4d4aba","oi":-0.5,"n":2},"geometry":{"type":"LineString","coordinates":[[19.443466,50.300665],[19.441998,50.300197],[19.440191,50.299678],[19.438588,50.29935],[19.437482,50.299193],[19.436709,50.299117],[19.436674,50.299118],[19.436644,50.299125],[19.436618,50.29914],[19.436522,50.299219],[19.436351,50.299529],[19.436317,50.299705],[19.436366,50.299906],[19.436352,50.300047],[19.436344,50.300067],[19.436324,50.300078],[19.436293,50.300081],[19.425711,50.299794],[19.42568,50.299789],[19.42566,50.299776],[19.425652,50.299756],[19.425641,50.299647],[19.425646,50.299627],[19.425663,50.299614],[19.425694,50.299608],[19.434269,50.299167],[19.434966,50.299156],[19.435802,50.299175],[19.436522,50.299219],[19.437979,50.299378],[19.438905,50.299524],[19.439785,50.299704],[19.44077,50.299955],[19.443333,50.300752]]}},{"type":"Feature","properties":{"line":"463","mode":"bus","color":"#4d4aba","oi":-0.5,"n":2},"geometry":{"type":"LineString","coordinates":[[19.402203,50.299748],[19.402033,50.301289],[19.401906,50.301578],[19.401268,50.302462],[19.400958,50.302582],[19.400832,50.302588],[19.400604,50.302583],[19.40046,50.30253],[19.400332,50.302442],[19.400263,50.302296],[19.40026,50.302215],[19.400343,50.302058],[19.400654,50.301878],[19.408552,50.300003],[19.40993,50.299734],[19.411409,50.299554],[19.412581,50.29948],[19.414144,50.299477],[19.414175,50.299481],[19.414195,50.299493],[19.414204,50.299513],[19.414345,50.300958],[19.414605,50.303022],[19.414699,50.303392],[19.415041,50.303839],[19.416757,50.305589],[19.418312,50.307112],[19.418654,50.307532],[19.418787,50.307795],[19.41889,50.308363],[19.418797,50.309572],[19.418796,50.31002],[19.418839,50.31015],[19.419181,50.31074],[19.419549,50.311247],[19.41964,50.311346],[19.419706,50.311383],[19.41973,50.311392],[19.419755,50.311394],[19.419782,50.311388],[19.421135,50.310904],[19.431414,50.307385],[19.43173,50.307213],[19.43218,50.30686],[19.432652,50.30655],[19.433808,50.305973],[19.434032,50.305881],[19.434387,50.305785],[19.435082,50.305682],[19.436719,50.30558],[19.437229,50.305529],[19.437253,50.305529],[19.437274,50.305535],[19.437289,50.305547],[19.437327,50.305589],[19.437775,50.305849],[19.438301,50.306208],[19.438343,50.306226],[19.438394,50.306227],[19.439991,50.306026],[19.443927,50.305577],[19.443949,50.305573],[19.443962,50.305564],[19.443966,50.305553],[19.443959,50.305538],[19.441782,50.302453],[19.441743,50.302369],[19.441739,50.302335],[19.441759,50.302304],[19.442761,50.301384],[19.443333,50.300752],[19.443718,50.300456],[19.443942,50.300348],[19.444189,50.300281],[19.444434,50.300264],[19.444745,50.300295],[19.444761,50.300297],[19.44477,50.300299],[19.444773,50.300301],[19.44477,50.300303],[19.444761,50.300304],[19.444745,50.300306],[19.44426,50.30035],[19.444067,50.300415],[19.443826,50.300568],[19.443029,50.301222],[19.442761,50.301384]]}},{"type":"Feature","properties":{"line":"463","mode":"bus","color":"#4d4aba","oi":0.5,"n":4},"geometry":{"type":"LineString","coordinates":[[19.478139,50.300193],[19.479174,50.303909]]}},{"type":"Feature","properties":{"line":"463","mode":"bus","color":"#4d4aba","oi":0,"n":4,"sw":1},"geometry":{"type":"LineString","coordinates":[[19.477927,50.29991],[19.477967,50.299934]]}},{"type":"Feature","properties":{"line":"463","mode":"bus","color":"#4d4aba","oi":0.017,"n":4,"sw":1},"geometry":{"type":"LineString","coordinates":[[19.477961,50.29993],[19.478004,50.299956]]}},{"type":"Feature","properties":{"line":"463","mode":"bus","color":"#4d4aba","oi":0.063,"n":4,"sw":1},"geometry":{"type":"LineString","coordinates":[[19.477998,50.299952],[19.478041,50.299978],[19.478041,50.299978]]}},{"type":"Feature","properties":{"line":"463","mode":"bus","color":"#4d4aba","oi":0.13,"n":4,"sw":1},"geometry":{"type":"LineString","coordinates":[[19.478035,50.299974],[19.478041,50.299978],[19.478057,50.300009]]}},{"type":"Feature","properties":{"line":"463","mode":"bus","color":"#4d4aba","oi":0.209,"n":4,"sw":1},"geometry":{"type":"LineString","coordinates":[[19.478054,50.300004],[19.478072,50.30004]]}},{"type":"Feature","properties":{"line":"463","mode":"bus","color":"#4d4aba","oi":0.291,"n":4,"sw":1},"geometry":{"type":"LineString","coordinates":[[19.478069,50.300035],[19.478087,50.300071]]}},{"type":"Feature","properties":{"line":"463","mode":"bus","color":"#4d4aba","oi":0.37,"n":4,"sw":1},"geometry":{"type":"LineString","coordinates":[[19.478085,50.300066],[19.478103,50.300102]]}},{"type":"Feature","properties":{"line":"463","mode":"bus","color":"#4d4aba","oi":0.437,"n":4,"sw":1},"geometry":{"type":"LineString","coordinates":[[19.4781,50.300096],[19.478118,50.300132]]}},{"type":"Feature","properties":{"line":"463","mode":"bus","color":"#4d4aba","oi":0.483,"n":4,"sw":1},"geometry":{"type":"LineString","coordinates":[[19.478116,50.300127],[19.478126,50.300148],[19.47813,50.300164]]}},{"type":"Feature","properties":{"line":"463","mode":"bus","color":"#4d4aba","oi":0.5,"n":4,"sw":1},"geometry":{"type":"LineString","coordinates":[[19.478129,50.300158],[19.478139,50.300196]]}},{"type":"Feature","properties":{"line":"463","mode":"bus","color":"#4d4aba","oi":0.5,"n":4,"sw":1},"geometry":{"type":"LineString","coordinates":[[19.479173,50.303906],[19.479184,50.303944]]}},{"type":"Feature","properties":{"line":"463","mode":"bus","color":"#4d4aba","oi":0.483,"n":4,"sw":1},"geometry":{"type":"LineString","coordinates":[[19.479182,50.303938],[19.479193,50.303976]]}},{"type":"Feature","properties":{"line":"463","mode":"bus","color":"#4d4aba","oi":0.437,"n":4,"sw":1},"geometry":{"type":"LineString","coordinates":[[19.479191,50.30397],[19.479202,50.304007]]}},{"type":"Feature","properties":{"line":"463","mode":"bus","color":"#4d4aba","oi":0.37,"n":4,"sw":1},"geometry":{"type":"LineString","coordinates":[[19.4792,50.304002],[19.47921,50.304039]]}},{"type":"Feature","properties":{"line":"463","mode":"bus","color":"#4d4aba","oi":0.291,"n":4,"sw":1},"geometry":{"type":"LineString","coordinates":[[19.479209,50.304034],[19.479219,50.304071]]}},{"type":"Feature","properties":{"line":"463","mode":"bus","color":"#4d4aba","oi":0.209,"n":4,"sw":1},"geometry":{"type":"LineString","coordinates":[[19.479218,50.304066],[19.479228,50.304103]]}},{"type":"Feature","properties":{"line":"463","mode":"bus","color":"#4d4aba","oi":0.13,"n":4,"sw":1},"geometry":{"type":"LineString","coordinates":[[19.479227,50.304098],[19.479237,50.304135]]}},{"type":"Feature","properties":{"line":"463","mode":"bus","color":"#4d4aba","oi":0.063,"n":4,"sw":1},"geometry":{"type":"LineString","coordinates":[[19.479236,50.30413],[19.479246,50.304167]]}},{"type":"Feature","properties":{"line":"463","mode":"bus","color":"#4d4aba","oi":0.017,"n":4,"sw":1},"geometry":{"type":"LineString","coordinates":[[19.479244,50.304162],[19.479255,50.304199]]}},{"type":"Feature","properties":{"line":"463","mode":"bus","color":"#4d4aba","oi":0,"n":4,"sw":1},"geometry":{"type":"LineString","coordinates":[[19.479253,50.304193],[19.479263,50.304228]]}},{"type":"Feature","properties":{"line":"463","mode":"bus","color":"#4d4aba","oi":0,"n":3},"geometry":{"type":"LineString","coordinates":[[19.479647,50.305615],[19.479666,50.305694],[19.479665,50.305716],[19.479651,50.305732],[19.479623,50.305743],[19.472745,50.307515],[19.471755,50.307716],[19.47087,50.307859],[19.47026,50.307916]]}},{"type":"Feature","properties":{"line":"463","mode":"bus","color":"#4d4aba","oi":0,"n":3},"geometry":{"type":"LineString","coordinates":[[19.460942,50.317853],[19.460961,50.318019],[19.460876,50.318108],[19.460789,50.318126],[19.460686,50.318104],[19.460611,50.318057],[19.46055,50.317952],[19.460545,50.317937],[19.46055,50.317925],[19.460563,50.317916],[19.460586,50.317911],[19.460822,50.31788],[19.461166,50.317784],[19.46242,50.31725],[19.462549,50.317162],[19.462589,50.317099],[19.46285,50.315987],[19.462914,50.315827],[19.463096,50.3155],[19.463333,50.315207],[19.468753,50.309603],[19.470121,50.30812],[19.47026,50.307916],[19.470517,50.307783]]}},{"type":"Feature","properties":{"line":"463","mode":"bus","color":"#4d4aba","oi":0.5,"n":4},"geometry":{"type":"LineString","coordinates":[[19.470517,50.307783],[19.471212,50.307692],[19.472002,50.307558],[19.47311,50.307308],[19.479178,50.305737]]}},{"type":"Feature","properties":{"line":"463","mode":"bus","color":"#4d4aba","oi":0.5,"n":4,"sw":1},"geometry":{"type":"LineString","coordinates":[[19.479174,50.305738],[19.479229,50.305723]]}},{"type":"Feature","properties":{"line":"463","mode":"bus","color":"#4d4aba","oi":0.483,"n":4,"sw":1},"geometry":{"type":"LineString","coordinates":[[19.479221,50.305725],[19.479275,50.305711]]}},{"type":"Feature","properties":{"line":"463","mode":"bus","color":"#4d4aba","oi":0.437,"n":4,"sw":1},"geometry":{"type":"LineString","coordinates":[[19.479268,50.305713],[19.479322,50.305699]]}},{"type":"Feature","properties":{"line":"463","mode":"bus","color":"#4d4aba","oi":0.37,"n":4,"sw":1},"geometry":{"type":"LineString","coordinates":[[19.479315,50.305701],[19.479369,50.305687]]}},{"type":"Feature","properties":{"line":"463","mode":"bus","color":"#4d4aba","oi":0.291,"n":4,"sw":1},"geometry":{"type":"LineString","coordinates":[[19.479361,50.305689],[19.479416,50.305675]]}},{"type":"Feature","properties":{"line":"463","mode":"bus","color":"#4d4aba","oi":0.209,"n":4,"sw":1},"geometry":{"type":"LineString","coordinates":[[19.479408,50.305677],[19.479463,50.305663]]}},{"type":"Feature","properties":{"line":"463","mode":"bus","color":"#4d4aba","oi":0.13,"n":4,"sw":1},"geometry":{"type":"LineString","coordinates":[[19.479455,50.305665],[19.47951,50.30565]]}},{"type":"Feature","properties":{"line":"463","mode":"bus","color":"#4d4aba","oi":0.063,"n":4,"sw":1},"geometry":{"type":"LineString","coordinates":[[19.479502,50.305652],[19.479557,50.305638]]}},{"type":"Feature","properties":{"line":"463","mode":"bus","color":"#4d4aba","oi":0.017,"n":4,"sw":1},"geometry":{"type":"LineString","coordinates":[[19.479549,50.30564],[19.479604,50.305626]]}},{"type":"Feature","properties":{"line":"463","mode":"bus","color":"#4d4aba","oi":0,"n":4,"sw":1},"geometry":{"type":"LineString","coordinates":[[19.479596,50.305628],[19.479647,50.305615]]}},{"type":"Feature","properties":{"line":"464","mode":"bus","color":"#1da8b6","oi":-0.5,"n":4},"geometry":{"type":"LineString","coordinates":[[19.478139,50.300193],[19.479174,50.303909]]}},{"type":"Feature","properties":{"line":"464","mode":"bus","color":"#1da8b6","oi":0,"n":4,"sw":1},"geometry":{"type":"LineString","coordinates":[[19.477927,50.29991],[19.477967,50.299934]]}},{"type":"Feature","properties":{"line":"464","mode":"bus","color":"#1da8b6","oi":-0.017,"n":4,"sw":1},"geometry":{"type":"LineString","coordinates":[[19.477961,50.29993],[19.478004,50.299956]]}},{"type":"Feature","properties":{"line":"464","mode":"bus","color":"#1da8b6","oi":-0.063,"n":4,"sw":1},"geometry":{"type":"LineString","coordinates":[[19.477998,50.299952],[19.478041,50.299978],[19.478041,50.299978]]}},{"type":"Feature","properties":{"line":"464","mode":"bus","color":"#1da8b6","oi":-0.13,"n":4,"sw":1},"geometry":{"type":"LineString","coordinates":[[19.478035,50.299974],[19.478041,50.299978],[19.478057,50.300009]]}},{"type":"Feature","properties":{"line":"464","mode":"bus","color":"#1da8b6","oi":-0.209,"n":4,"sw":1},"geometry":{"type":"LineString","coordinates":[[19.478054,50.300004],[19.478072,50.30004]]}},{"type":"Feature","properties":{"line":"464","mode":"bus","color":"#1da8b6","oi":-0.291,"n":4,"sw":1},"geometry":{"type":"LineString","coordinates":[[19.478069,50.300035],[19.478087,50.300071]]}},{"type":"Feature","properties":{"line":"464","mode":"bus","color":"#1da8b6","oi":-0.37,"n":4,"sw":1},"geometry":{"type":"LineString","coordinates":[[19.478085,50.300066],[19.478103,50.300102]]}},{"type":"Feature","properties":{"line":"464","mode":"bus","color":"#1da8b6","oi":-0.437,"n":4,"sw":1},"geometry":{"type":"LineString","coordinates":[[19.4781,50.300096],[19.478118,50.300132]]}},{"type":"Feature","properties":{"line":"464","mode":"bus","color":"#1da8b6","oi":-0.483,"n":4,"sw":1},"geometry":{"type":"LineString","coordinates":[[19.478116,50.300127],[19.478126,50.300148],[19.47813,50.300164]]}},{"type":"Feature","properties":{"line":"464","mode":"bus","color":"#1da8b6","oi":-0.5,"n":4,"sw":1},"geometry":{"type":"LineString","coordinates":[[19.478129,50.300158],[19.478139,50.300196]]}},{"type":"Feature","properties":{"line":"464","mode":"bus","color":"#1da8b6","oi":-0.5,"n":4,"sw":1},"geometry":{"type":"LineString","coordinates":[[19.479173,50.303906],[19.479184,50.303944]]}},{"type":"Feature","properties":{"line":"464","mode":"bus","color":"#1da8b6","oi":-0.483,"n":4,"sw":1},"geometry":{"type":"LineString","coordinates":[[19.479182,50.303938],[19.479193,50.303976]]}},{"type":"Feature","properties":{"line":"464","mode":"bus","color":"#1da8b6","oi":-0.437,"n":4,"sw":1},"geometry":{"type":"LineString","coordinates":[[19.479191,50.30397],[19.479202,50.304007]]}},{"type":"Feature","properties":{"line":"464","mode":"bus","color":"#1da8b6","oi":-0.37,"n":4,"sw":1},"geometry":{"type":"LineString","coordinates":[[19.4792,50.304002],[19.47921,50.304039]]}},{"type":"Feature","properties":{"line":"464","mode":"bus","color":"#1da8b6","oi":-0.291,"n":4,"sw":1},"geometry":{"type":"LineString","coordinates":[[19.479209,50.304034],[19.479219,50.304071]]}},{"type":"Feature","properties":{"line":"464","mode":"bus","color":"#1da8b6","oi":-0.209,"n":4,"sw":1},"geometry":{"type":"LineString","coordinates":[[19.479218,50.304066],[19.479228,50.304103]]}},{"type":"Feature","properties":{"line":"464","mode":"bus","color":"#1da8b6","oi":-0.13,"n":4,"sw":1},"geometry":{"type":"LineString","coordinates":[[19.479227,50.304098],[19.479237,50.304135]]}},{"type":"Feature","properties":{"line":"464","mode":"bus","color":"#1da8b6","oi":-0.063,"n":4,"sw":1},"geometry":{"type":"LineString","coordinates":[[19.479236,50.30413],[19.479246,50.304167]]}},{"type":"Feature","properties":{"line":"464","mode":"bus","color":"#1da8b6","oi":-0.017,"n":4,"sw":1},"geometry":{"type":"LineString","coordinates":[[19.479244,50.304162],[19.479255,50.304199]]}},{"type":"Feature","properties":{"line":"464","mode":"bus","color":"#1da8b6","oi":0,"n":4,"sw":1},"geometry":{"type":"LineString","coordinates":[[19.479253,50.304193],[19.479263,50.304228]]}},{"type":"Feature","properties":{"line":"464","mode":"bus","color":"#1da8b6","oi":-1,"n":3},"geometry":{"type":"LineString","coordinates":[[19.479359,50.305812],[19.472745,50.307515],[19.471755,50.307716],[19.47087,50.307859],[19.47026,50.307916]]}},{"type":"Feature","properties":{"line":"464","mode":"bus","color":"#1da8b6","oi":0,"n":3,"sw":1},"geometry":{"type":"LineString","coordinates":[[19.479647,50.305615],[19.479652,50.305635]]}},{"type":"Feature","properties":{"line":"464","mode":"bus","color":"#1da8b6","oi":-0.01,"n":3,"sw":1},"geometry":{"type":"LineString","coordinates":[[19.479651,50.30563],[19.479656,50.305653]]}},{"type":"Feature","properties":{"line":"464","mode":"bus","color":"#1da8b6","oi":-0.038,"n":3,"sw":1},"geometry":{"type":"LineString","coordinates":[[19.479655,50.305648],[19.479661,50.305671]]}},{"type":"Feature","properties":{"line":"464","mode":"bus","color":"#1da8b6","oi":-0.082,"n":3,"sw":1},"geometry":{"type":"LineString","coordinates":[[19.479659,50.305666],[19.479665,50.305689]]}},{"type":"Feature","properties":{"line":"464","mode":"bus","color":"#1da8b6","oi":-0.14,"n":3,"sw":1},"geometry":{"type":"LineString","coordinates":[[19.479664,50.305683],[19.479666,50.305694],[19.479666,50.305707]]}},{"type":"Feature","properties":{"line":"464","mode":"bus","color":"#1da8b6","oi":-0.209,"n":3,"sw":1},"geometry":{"type":"LineString","coordinates":[[19.479666,50.305701],[19.479665,50.305716],[19.479658,50.305724]]}},{"type":"Feature","properties":{"line":"464","mode":"bus","color":"#1da8b6","oi":-0.286,"n":3,"sw":1},"geometry":{"type":"LineString","coordinates":[[19.479663,50.305719],[19.479651,50.305732],[19.47964,50.305736]]}},{"type":"Feature","properties":{"line":"464","mode":"bus","color":"#1da8b6","oi":-0.369,"n":3,"sw":1},"geometry":{"type":"LineString","coordinates":[[19.479647,50.305734],[19.479623,50.305743],[19.479616,50.305745]]}},{"type":"Feature","properties":{"line":"464","mode":"bus","color":"#1da8b6","oi":-0.456,"n":3,"sw":1},"geometry":{"type":"LineString","coordinates":[[19.479623,50.305743],[19.479623,50.305743],[19.47959,50.305752]]}},{"type":"Feature","properties":{"line":"464","mode":"bus","color":"#1da8b6","oi":-0.544,"n":3,"sw":1},"geometry":{"type":"LineString","coordinates":[[19.479597,50.30575],[19.479563,50.305759]]}},{"type":"Feature","properties":{"line":"464","mode":"bus","color":"#1da8b6","oi":-0.631,"n":3,"sw":1},"geometry":{"type":"LineString","coordinates":[[19.479571,50.305757],[19.479537,50.305765]]}},{"type":"Feature","properties":{"line":"464","mode":"bus","color":"#1da8b6","oi":-0.714,"n":3,"sw":1},"geometry":{"type":"LineString","coordinates":[[19.479545,50.305763],[19.479511,50.305772]]}},{"type":"Feature","properties":{"line":"464","mode":"bus","color":"#1da8b6","oi":-0.791,"n":3,"sw":1},"geometry":{"type":"LineString","coordinates":[[19.479519,50.30577],[19.479485,50.305779]]}},{"type":"Feature","properties":{"line":"464","mode":"bus","color":"#1da8b6","oi":-0.86,"n":3,"sw":1},"geometry":{"type":"LineString","coordinates":[[19.479493,50.305777],[19.479459,50.305786]]}},{"type":"Feature","properties":{"line":"464","mode":"bus","color":"#1da8b6","oi":-0.918,"n":3,"sw":1},"geometry":{"type":"LineString","coordinates":[[19.479467,50.305784],[19.479433,50.305792]]}},{"type":"Feature","properties":{"line":"464","mode":"bus","color":"#1da8b6","oi":-0.962,"n":3,"sw":1},"geometry":{"type":"LineString","coordinates":[[19.479441,50.30579],[19.479407,50.305799]]}},{"type":"Feature","properties":{"line":"464","mode":"bus","color":"#1da8b6","oi":-0.99,"n":3,"sw":1},"geometry":{"type":"LineString","coordinates":[[19.479415,50.305797],[19.479381,50.305806]]}},{"type":"Feature","properties":{"line":"464","mode":"bus","color":"#1da8b6","oi":-1,"n":3,"sw":1},"geometry":{"type":"LineString","coordinates":[[19.479389,50.305804],[19.479355,50.305813]]}},{"type":"Feature","properties":{"line":"464","mode":"bus","color":"#1da8b6","oi":-1,"n":3},"geometry":{"type":"LineString","coordinates":[[19.460942,50.317853],[19.460961,50.318019],[19.460876,50.318108],[19.460789,50.318126],[19.460686,50.318104],[19.460611,50.318057],[19.46055,50.317952],[19.460545,50.317937],[19.46055,50.317925],[19.460563,50.317916],[19.460586,50.317911],[19.460822,50.31788],[19.461166,50.317784],[19.46242,50.31725],[19.462549,50.317162],[19.462589,50.317099],[19.46285,50.315987],[19.462914,50.315827],[19.463096,50.3155],[19.463333,50.315207],[19.468753,50.309603],[19.470121,50.30812],[19.47019,50.308019]]}},{"type":"Feature","properties":{"line":"464","mode":"bus","color":"#1da8b6","oi":-1,"n":3,"sw":1},"geometry":{"type":"LineString","coordinates":[[19.470188,50.308022],[19.470203,50.308]]}},{"type":"Feature","properties":{"line":"464","mode":"bus","color":"#1da8b6","oi":-0.99,"n":3,"sw":1},"geometry":{"type":"LineString","coordinates":[[19.470199,50.308005],[19.470214,50.307984]]}},{"type":"Feature","properties":{"line":"464","mode":"bus","color":"#1da8b6","oi":-0.962,"n":3,"sw":1},"geometry":{"type":"LineString","coordinates":[[19.470211,50.307989],[19.470225,50.307967]]}},{"type":"Feature","properties":{"line":"464","mode":"bus","color":"#1da8b6","oi":-0.918,"n":3,"sw":1},"geometry":{"type":"LineString","coordinates":[[19.470222,50.307972],[19.470236,50.307951]]}},{"type":"Feature","properties":{"line":"464","mode":"bus","color":"#1da8b6","oi":-0.86,"n":3,"sw":1},"geometry":{"type":"LineString","coordinates":[[19.470233,50.307956],[19.470248,50.307934]]}},{"type":"Feature","properties":{"line":"464","mode":"bus","color":"#1da8b6","oi":-0.791,"n":3,"sw":1},"geometry":{"type":"LineString","coordinates":[[19.470244,50.307939],[19.470259,50.307918]]}},{"type":"Feature","properties":{"line":"464","mode":"bus","color":"#1da8b6","oi":-0.714,"n":3,"sw":1},"geometry":{"type":"LineString","coordinates":[[19.470256,50.307923],[19.47026,50.307916],[19.47028,50.307906]]}},{"type":"Feature","properties":{"line":"464","mode":"bus","color":"#1da8b6","oi":-0.631,"n":3,"sw":1},"geometry":{"type":"LineString","coordinates":[[19.470273,50.307909],[19.470302,50.307894]]}},{"type":"Feature","properties":{"line":"464","mode":"bus","color":"#1da8b6","oi":-0.544,"n":3,"sw":1},"geometry":{"type":"LineString","coordinates":[[19.470295,50.307898],[19.470323,50.307883]]}},{"type":"Feature","properties":{"line":"464","mode":"bus","color":"#1da8b6","oi":-0.456,"n":3,"sw":1},"geometry":{"type":"LineString","coordinates":[[19.470317,50.307887],[19.470345,50.307872]]}},{"type":"Feature","properties":{"line":"464","mode":"bus","color":"#1da8b6","oi":-0.369,"n":3,"sw":1},"geometry":{"type":"LineString","coordinates":[[19.470339,50.307875],[19.470367,50.307861]]}},{"type":"Feature","properties":{"line":"464","mode":"bus","color":"#1da8b6","oi":-0.286,"n":3,"sw":1},"geometry":{"type":"LineString","coordinates":[[19.470361,50.307864],[19.470389,50.307849]]}},{"type":"Feature","properties":{"line":"464","mode":"bus","color":"#1da8b6","oi":-0.209,"n":3,"sw":1},"geometry":{"type":"LineString","coordinates":[[19.470382,50.307853],[19.470411,50.307838]]}},{"type":"Feature","properties":{"line":"464","mode":"bus","color":"#1da8b6","oi":-0.14,"n":3,"sw":1},"geometry":{"type":"LineString","coordinates":[[19.470404,50.307841],[19.470433,50.307827]]}},{"type":"Feature","properties":{"line":"464","mode":"bus","color":"#1da8b6","oi":-0.082,"n":3,"sw":1},"geometry":{"type":"LineString","coordinates":[[19.470426,50.30783],[19.470455,50.307815]]}},{"type":"Feature","properties":{"line":"464","mode":"bus","color":"#1da8b6","oi":-0.038,"n":3,"sw":1},"geometry":{"type":"LineString","coordinates":[[19.470448,50.307819],[19.470477,50.307804]]}},{"type":"Feature","properties":{"line":"464","mode":"bus","color":"#1da8b6","oi":-0.01,"n":3,"sw":1},"geometry":{"type":"LineString","coordinates":[[19.47047,50.307807],[19.470498,50.307793]]}},{"type":"Feature","properties":{"line":"464","mode":"bus","color":"#1da8b6","oi":0,"n":3,"sw":1},"geometry":{"type":"LineString","coordinates":[[19.470492,50.307796],[19.470517,50.307783]]}},{"type":"Feature","properties":{"line":"464","mode":"bus","color":"#1da8b6","oi":-0.5,"n":4},"geometry":{"type":"LineString","coordinates":[[19.470517,50.307783],[19.471212,50.307692],[19.472002,50.307558],[19.47311,50.307308],[19.479178,50.305737]]}},{"type":"Feature","properties":{"line":"464","mode":"bus","color":"#1da8b6","oi":-0.5,"n":4,"sw":1},"geometry":{"type":"LineString","coordinates":[[19.479174,50.305738],[19.479229,50.305723]]}},{"type":"Feature","properties":{"line":"464","mode":"bus","color":"#1da8b6","oi":-0.483,"n":4,"sw":1},"geometry":{"type":"LineString","coordinates":[[19.479221,50.305725],[19.479275,50.305711]]}},{"type":"Feature","properties":{"line":"464","mode":"bus","color":"#1da8b6","oi":-0.437,"n":4,"sw":1},"geometry":{"type":"LineString","coordinates":[[19.479268,50.305713],[19.479322,50.305699]]}},{"type":"Feature","properties":{"line":"464","mode":"bus","color":"#1da8b6","oi":-0.37,"n":4,"sw":1},"geometry":{"type":"LineString","coordinates":[[19.479315,50.305701],[19.479369,50.305687]]}},{"type":"Feature","properties":{"line":"464","mode":"bus","color":"#1da8b6","oi":-0.291,"n":4,"sw":1},"geometry":{"type":"LineString","coordinates":[[19.479361,50.305689],[19.479416,50.305675]]}},{"type":"Feature","properties":{"line":"464","mode":"bus","color":"#1da8b6","oi":-0.209,"n":4,"sw":1},"geometry":{"type":"LineString","coordinates":[[19.479408,50.305677],[19.479463,50.305663]]}},{"type":"Feature","properties":{"line":"464","mode":"bus","color":"#1da8b6","oi":-0.13,"n":4,"sw":1},"geometry":{"type":"LineString","coordinates":[[19.479455,50.305665],[19.47951,50.30565]]}},{"type":"Feature","properties":{"line":"464","mode":"bus","color":"#1da8b6","oi":-0.063,"n":4,"sw":1},"geometry":{"type":"LineString","coordinates":[[19.479502,50.305652],[19.479557,50.305638]]}},{"type":"Feature","properties":{"line":"464","mode":"bus","color":"#1da8b6","oi":-0.017,"n":4,"sw":1},"geometry":{"type":"LineString","coordinates":[[19.479549,50.30564],[19.479604,50.305626]]}},{"type":"Feature","properties":{"line":"464","mode":"bus","color":"#1da8b6","oi":0,"n":4,"sw":1},"geometry":{"type":"LineString","coordinates":[[19.479596,50.305628],[19.479647,50.305615]]}},{"type":"Feature","properties":{"line":"PS","mode":"bus","color":"#02af5a","oi":0,"n":2,"sw":1},"geometry":{"type":"LineString","coordinates":[[19.566629,50.267189],[19.566641,50.267181]]}},{"type":"Feature","properties":{"line":"PS","mode":"bus","color":"#02af5a","oi":0.5,"n":2,"sw":1},"geometry":{"type":"LineString","coordinates":[[19.566635,50.267185],[19.566649,50.267174]]}},{"type":"Feature","properties":{"line":"PS","mode":"bus","color":"#02af5a","oi":0.5,"n":2,"sw":1},"geometry":{"type":"LineString","coordinates":[[19.566644,50.267179],[19.566658,50.267168]]}},{"type":"Feature","properties":{"line":"PS","mode":"bus","color":"#02af5a","oi":0,"n":2,"sw":1},"geometry":{"type":"LineString","coordinates":[[19.566652,50.267172],[19.566664,50.267164]]}},{"type":"Feature","properties":{"line":"PS","mode":"bus","color":"#02af5a","oi":0.5,"n":4},"geometry":{"type":"LineString","coordinates":[[19.557177,50.278622],[19.557966,50.280422],[19.557977,50.280556],[19.55795,50.280644],[19.55795,50.280655],[19.557958,50.280662],[19.557972,50.280667],[19.558022,50.280677],[19.558606,50.280574],[19.56281,50.279757]]}},{"type":"Feature","properties":{"line":"PS","mode":"bus","color":"#02af5a","oi":0,"n":4,"sw":1},"geometry":{"type":"LineString","coordinates":[[19.55704,50.27831],[19.557055,50.278344]]}},{"type":"Feature","properties":{"line":"PS","mode":"bus","color":"#02af5a","oi":0.017,"n":4,"sw":1},"geometry":{"type":"LineString","coordinates":[[19.557053,50.278339],[19.557068,50.278375]]}},{"type":"Feature","properties":{"line":"PS","mode":"bus","color":"#02af5a","oi":0.063,"n":4,"sw":1},"geometry":{"type":"LineString","coordinates":[[19.557066,50.27837],[19.557082,50.278406]]}},{"type":"Feature","properties":{"line":"PS","mode":"bus","color":"#02af5a","oi":0.13,"n":4,"sw":1},"geometry":{"type":"LineString","coordinates":[[19.55708,50.278401],[19.557096,50.278437]]}},{"type":"Feature","properties":{"line":"PS","mode":"bus","color":"#02af5a","oi":0.209,"n":4,"sw":1},"geometry":{"type":"LineString","coordinates":[[19.557094,50.278432],[19.55711,50.278469]]}},{"type":"Feature","properties":{"line":"PS","mode":"bus","color":"#02af5a","oi":0.291,"n":4,"sw":1},"geometry":{"type":"LineString","coordinates":[[19.557107,50.278463],[19.557123,50.2785]]}},{"type":"Feature","properties":{"line":"PS","mode":"bus","color":"#02af5a","oi":0.37,"n":4,"sw":1},"geometry":{"type":"LineString","coordinates":[[19.557121,50.278495],[19.557137,50.278531]]}},{"type":"Feature","properties":{"line":"PS","mode":"bus","color":"#02af5a","oi":0.437,"n":4,"sw":1},"geometry":{"type":"LineString","coordinates":[[19.557135,50.278526],[19.557151,50.278562]]}},{"type":"Feature","properties":{"line":"PS","mode":"bus","color":"#02af5a","oi":0.483,"n":4,"sw":1},"geometry":{"type":"LineString","coordinates":[[19.557148,50.278557],[19.557164,50.278593]]}},{"type":"Feature","properties":{"line":"PS","mode":"bus","color":"#02af5a","oi":0.5,"n":4,"sw":1},"geometry":{"type":"LineString","coordinates":[[19.557162,50.278588],[19.557178,50.278624]]}},{"type":"Feature","properties":{"line":"PS","mode":"bus","color":"#02af5a","oi":0.5,"n":4,"sw":1},"geometry":{"type":"LineString","coordinates":[[19.562805,50.279758],[19.562862,50.279747]]}},{"type":"Feature","properties":{"line":"PS","mode":"bus","color":"#02af5a","oi":0.483,"n":4,"sw":1},"geometry":{"type":"LineString","coordinates":[[19.562854,50.279749],[19.56291,50.279738]]}},{"type":"Feature","properties":{"line":"PS","mode":"bus","color":"#02af5a","oi":0.437,"n":4,"sw":1},"geometry":{"type":"LineString","coordinates":[[19.562902,50.279739],[19.562959,50.279728]]}},{"type":"Feature","properties":{"line":"PS","mode":"bus","color":"#02af5a","oi":0.37,"n":4,"sw":1},"geometry":{"type":"LineString","coordinates":[[19.562951,50.27973],[19.563007,50.279719]]}},{"type":"Feature","properties":{"line":"PS","mode":"bus","color":"#02af5a","oi":0.291,"n":4,"sw":1},"geometry":{"type":"LineString","coordinates":[[19.562999,50.27972],[19.563056,50.279709]]}},{"type":"Feature","properties":{"line":"PS","mode":"bus","color":"#02af5a","oi":0.209,"n":4,"sw":1},"geometry":{"type":"LineString","coordinates":[[19.563048,50.279711],[19.563104,50.2797]]}},{"type":"Feature","properties":{"line":"PS","mode":"bus","color":"#02af5a","oi":0.13,"n":4,"sw":1},"geometry":{"type":"LineString","coordinates":[[19.563096,50.279701],[19.563153,50.27969]]}},{"type":"Feature","properties":{"line":"PS","mode":"bus","color":"#02af5a","oi":0.063,"n":4,"sw":1},"geometry":{"type":"LineString","coordinates":[[19.563145,50.279692],[19.563201,50.279681]]}},{"type":"Feature","properties":{"line":"PS","mode":"bus","color":"#02af5a","oi":0.017,"n":4,"sw":1},"geometry":{"type":"LineString","coordinates":[[19.563193,50.279683],[19.56325,50.279672]]}},{"type":"Feature","properties":{"line":"PS","mode":"bus","color":"#02af5a","oi":0,"n":4,"sw":1},"geometry":{"type":"LineString","coordinates":[[19.563242,50.279673],[19.563294,50.279663]]}},{"type":"Feature","properties":{"line":"PS","mode":"bus","color":"#02af5a","oi":0,"n":1},"geometry":{"type":"LineString","coordinates":[[19.556998,50.282964],[19.557085,50.282752],[19.557339,50.282349],[19.557945,50.280662]]}},{"type":"Feature","properties":{"line":"PS","mode":"bus","color":"#02af5a","oi":0,"n":1},"geometry":{"type":"LineString","coordinates":[[19.547216,50.283909],[19.547384,50.284026],[19.548142,50.284409]]}},{"type":"Feature","properties":{"line":"PS","mode":"bus","color":"#02af5a","oi":0,"n":3},"geometry":{"type":"LineString","coordinates":[[19.561917,50.277524],[19.557665,50.278238],[19.55704,50.27831]]}},{"type":"Feature","properties":{"line":"PS","mode":"bus","color":"#02af5a","oi":0.5,"n":2},"geometry":{"type":"LineString","coordinates":[[19.547211,50.283906],[19.546766,50.283561],[19.54675,50.283542],[19.54675,50.283524],[19.546767,50.283506],[19.54923,50.281688],[19.550715,50.28055],[19.55074,50.280537],[19.550767,50.280535],[19.550795,50.280544],[19.551147,50.28072],[19.552209,50.280716],[19.552366,50.280636],[19.552799,50.280291],[19.552919,50.280262],[19.552947,50.280251],[19.55296,50.280235],[19.552957,50.280214],[19.552349,50.278805],[19.552346,50.278789],[19.552352,50.278777],[19.552366,50.278768],[19.552389,50.278763],[19.556652,50.278219]]}},{"type":"Feature","properties":{"line":"PS","mode":"bus","color":"#02af5a","oi":0.5,"n":2,"sw":1},"geometry":{"type":"LineString","coordinates":[[19.556647,50.278219],[19.556705,50.278212]]}},{"type":"Feature","properties":{"line":"PS","mode":"bus","color":"#02af5a","oi":0.483,"n":2,"sw":1},"geometry":{"type":"LineString","coordinates":[[19.556697,50.278213],[19.556755,50.278205]]}},{"type":"Feature","properties":{"line":"PS","mode":"bus","color":"#02af5a","oi":0.437,"n":2,"sw":1},"geometry":{"type":"LineString","coordinates":[[19.556747,50.278206],[19.556805,50.278199]]}},{"type":"Feature","properties":{"line":"PS","mode":"bus","color":"#02af5a","oi":0.37,"n":2,"sw":1},"geometry":{"type":"LineString","coordinates":[[19.556796,50.2782],[19.556854,50.278193]]}},{"type":"Feature","properties":{"line":"PS","mode":"bus","color":"#02af5a","oi":0.291,"n":2,"sw":1},"geometry":{"type":"LineString","coordinates":[[19.556846,50.278194],[19.556891,50.278188],[19.556904,50.278188]]}},{"type":"Feature","properties":{"line":"PS","mode":"bus","color":"#02af5a","oi":0.209,"n":2,"sw":1},"geometry":{"type":"LineString","coordinates":[[19.556896,50.278188],[19.556924,50.278188],[19.55695,50.278196],[19.556951,50.278197]]}},{"type":"Feature","properties":{"line":"PS","mode":"bus","color":"#02af5a","oi":0.13,"n":2,"sw":1},"geometry":{"type":"LineString","coordinates":[[19.556944,50.278194],[19.55695,50.278196],[19.55697,50.278214],[19.556978,50.278224]]}},{"type":"Feature","properties":{"line":"PS","mode":"bus","color":"#02af5a","oi":0.063,"n":2,"sw":1},"geometry":{"type":"LineString","coordinates":[[19.556974,50.278219],[19.556999,50.278254]]}},{"type":"Feature","properties":{"line":"PS","mode":"bus","color":"#02af5a","oi":0.017,"n":2,"sw":1},"geometry":{"type":"LineString","coordinates":[[19.556995,50.278249],[19.55702,50.278283]]}},{"type":"Feature","properties":{"line":"PS","mode":"bus","color":"#02af5a","oi":0,"n":2,"sw":1},"geometry":{"type":"LineString","coordinates":[[19.557017,50.278278],[19.55704,50.27831]]}},{"type":"Feature","properties":{"line":"PSK","mode":"bus","color":"#a72d06","oi":0,"n":2,"sw":1},"geometry":{"type":"LineString","coordinates":[[19.566629,50.267189],[19.566641,50.267181]]}},{"type":"Feature","properties":{"line":"PSK","mode":"bus","color":"#a72d06","oi":-0.5,"n":2,"sw":1},"geometry":{"type":"LineString","coordinates":[[19.566635,50.267185],[19.566649,50.267174]]}},{"type":"Feature","properties":{"line":"PSK","mode":"bus","color":"#a72d06","oi":-0.5,"n":2,"sw":1},"geometry":{"type":"LineString","coordinates":[[19.566644,50.267179],[19.566658,50.267168]]}},{"type":"Feature","properties":{"line":"PSK","mode":"bus","color":"#a72d06","oi":0,"n":2,"sw":1},"geometry":{"type":"LineString","coordinates":[[19.566652,50.267172],[19.566664,50.267164]]}},{"type":"Feature","properties":{"line":"PSK","mode":"bus","color":"#a72d06","oi":0,"n":1},"geometry":{"type":"LineString","coordinates":[[19.537107,50.285501],[19.537178,50.28756]]}},{"type":"Feature","properties":{"line":"465","mode":"bus","color":"#ff627e","oi":0,"n":1},"geometry":{"type":"LineString","coordinates":[[19.455057,50.273201],[19.455087,50.273211],[19.455097,50.273213],[19.455108,50.273212],[19.455117,50.273209],[19.457179,50.272168],[19.457635,50.271969],[19.461122,50.270893],[19.464492,50.269957]]}},{"type":"Feature","properties":{"line":"SŁ","mode":"bus","color":"#e16cd6","oi":-0.5,"n":4},"geometry":{"type":"LineString","coordinates":[[19.547211,50.283906],[19.546766,50.283561],[19.54675,50.283542],[19.54675,50.283524],[19.546767,50.283506],[19.54923,50.281688],[19.550715,50.28055],[19.55074,50.280537],[19.550767,50.280535],[19.550795,50.280544],[19.551147,50.28072],[19.552209,50.280716],[19.552366,50.280636],[19.552799,50.280291],[19.552919,50.280262],[19.552947,50.280251],[19.55296,50.280235],[19.552957,50.280214],[19.552349,50.278805],[19.552346,50.278789],[19.552352,50.278777],[19.552366,50.278768],[19.552389,50.278763],[19.556891,50.278188],[19.556924,50.278188],[19.55695,50.278196],[19.55697,50.278214],[19.55704,50.27831],[19.557966,50.280422],[19.557977,50.280556],[19.55795,50.280644],[19.55795,50.280655],[19.557958,50.280662],[19.557972,50.280667],[19.558022,50.280677],[19.558606,50.280574],[19.56281,50.279757]]}},{"type":"Feature","properties":{"line":"SŁ","mode":"bus","color":"#e16cd6","oi":-0.5,"n":4,"sw":1},"geometry":{"type":"LineString","coordinates":[[19.562805,50.279758],[19.562862,50.279747]]}},{"type":"Feature","properties":{"line":"SŁ","mode":"bus","color":"#e16cd6","oi":-0.483,"n":4,"sw":1},"geometry":{"type":"LineString","coordinates":[[19.562854,50.279749],[19.56291,50.279738]]}},{"type":"Feature","properties":{"line":"SŁ","mode":"bus","color":"#e16cd6","oi":-0.437,"n":4,"sw":1},"geometry":{"type":"LineString","coordinates":[[19.562902,50.279739],[19.562959,50.279728]]}},{"type":"Feature","properties":{"line":"SŁ","mode":"bus","color":"#e16cd6","oi":-0.37,"n":4,"sw":1},"geometry":{"type":"LineString","coordinates":[[19.562951,50.27973],[19.563007,50.279719]]}},{"type":"Feature","properties":{"line":"SŁ","mode":"bus","color":"#e16cd6","oi":-0.291,"n":4,"sw":1},"geometry":{"type":"LineString","coordinates":[[19.562999,50.27972],[19.563056,50.279709]]}},{"type":"Feature","properties":{"line":"SŁ","mode":"bus","color":"#e16cd6","oi":-0.209,"n":4,"sw":1},"geometry":{"type":"LineString","coordinates":[[19.563048,50.279711],[19.563104,50.2797]]}},{"type":"Feature","properties":{"line":"SŁ","mode":"bus","color":"#e16cd6","oi":-0.13,"n":4,"sw":1},"geometry":{"type":"LineString","coordinates":[[19.563096,50.279701],[19.563153,50.27969]]}},{"type":"Feature","properties":{"line":"SŁ","mode":"bus","color":"#e16cd6","oi":-0.063,"n":4,"sw":1},"geometry":{"type":"LineString","coordinates":[[19.563145,50.279692],[19.563201,50.279681]]}},{"type":"Feature","properties":{"line":"SŁ","mode":"bus","color":"#e16cd6","oi":-0.017,"n":4,"sw":1},"geometry":{"type":"LineString","coordinates":[[19.563193,50.279683],[19.56325,50.279672]]}},{"type":"Feature","properties":{"line":"SŁ","mode":"bus","color":"#e16cd6","oi":0,"n":4,"sw":1},"geometry":{"type":"LineString","coordinates":[[19.563242,50.279673],[19.563294,50.279663]]}},{"type":"Feature","properties":{"line":"SŁ","mode":"bus","color":"#e16cd6","oi":0.5,"n":4},"geometry":{"type":"LineString","coordinates":[[19.5747,50.266011],[19.57746,50.266358],[19.577621,50.266416],[19.578427,50.266817],[19.580611,50.267929],[19.580632,50.267944],[19.580636,50.267962],[19.580624,50.267981],[19.580455,50.268145],[19.58013,50.268716]]}},{"type":"Feature","properties":{"line":"SŁ","mode":"bus","color":"#e16cd6","oi":0,"n":4,"sw":1},"geometry":{"type":"LineString","coordinates":[[19.574203,50.265948],[19.574257,50.265955]]}},{"type":"Feature","properties":{"line":"SŁ","mode":"bus","color":"#e16cd6","oi":0.017,"n":4,"sw":1},"geometry":{"type":"LineString","coordinates":[[19.574249,50.265954],[19.574307,50.265961]]}},{"type":"Feature","properties":{"line":"SŁ","mode":"bus","color":"#e16cd6","oi":0.063,"n":4,"sw":1},"geometry":{"type":"LineString","coordinates":[[19.574298,50.26596],[19.574356,50.265967]]}},{"type":"Feature","properties":{"line":"SŁ","mode":"bus","color":"#e16cd6","oi":0.13,"n":4,"sw":1},"geometry":{"type":"LineString","coordinates":[[19.574348,50.265966],[19.574406,50.265974]]}},{"type":"Feature","properties":{"line":"SŁ","mode":"bus","color":"#e16cd6","oi":0.209,"n":4,"sw":1},"geometry":{"type":"LineString","coordinates":[[19.574398,50.265972],[19.574456,50.26598]]}},{"type":"Feature","properties":{"line":"SŁ","mode":"bus","color":"#e16cd6","oi":0.291,"n":4,"sw":1},"geometry":{"type":"LineString","coordinates":[[19.574447,50.265979],[19.574505,50.265986]]}},{"type":"Feature","properties":{"line":"SŁ","mode":"bus","color":"#e16cd6","oi":0.37,"n":4,"sw":1},"geometry":{"type":"LineString","coordinates":[[19.574497,50.265985],[19.574555,50.265992]]}},{"type":"Feature","properties":{"line":"SŁ","mode":"bus","color":"#e16cd6","oi":0.437,"n":4,"sw":1},"geometry":{"type":"LineString","coordinates":[[19.574547,50.265991],[19.574605,50.265999]]}},{"type":"Feature","properties":{"line":"SŁ","mode":"bus","color":"#e16cd6","oi":0.483,"n":4,"sw":1},"geometry":{"type":"LineString","coordinates":[[19.574596,50.265998],[19.574654,50.266005]]}},{"type":"Feature","properties":{"line":"SŁ","mode":"bus","color":"#e16cd6","oi":0.5,"n":4,"sw":1},"geometry":{"type":"LineString","coordinates":[[19.574646,50.266004],[19.574704,50.266011]]}},{"type":"Feature","properties":{"line":"SŁ","mode":"bus","color":"#e16cd6","oi":0.5,"n":4,"sw":1},"geometry":{"type":"LineString","coordinates":[[19.580132,50.268713],[19.580119,50.268735]]}},{"type":"Feature","properties":{"line":"SŁ","mode":"bus","color":"#e16cd6","oi":0.49,"n":4,"sw":1},"geometry":{"type":"LineString","coordinates":[[19.580122,50.26873],[19.58011,50.268752]]}},{"type":"Feature","properties":{"line":"SŁ","mode":"bus","color":"#e16cd6","oi":0.462,"n":4,"sw":1},"geometry":{"type":"LineString","coordinates":[[19.580112,50.268747],[19.5801,50.268769]]}},{"type":"Feature","properties":{"line":"SŁ","mode":"bus","color":"#e16cd6","oi":0.418,"n":4,"sw":1},"geometry":{"type":"LineString","coordinates":[[19.580103,50.268764],[19.58009,50.268786]]}},{"type":"Feature","properties":{"line":"SŁ","mode":"bus","color":"#e16cd6","oi":0.36,"n":4,"sw":1},"geometry":{"type":"LineString","coordinates":[[19.580093,50.268781],[19.580081,50.268803]]}},{"type":"Feature","properties":{"line":"SŁ","mode":"bus","color":"#e16cd6","oi":0.291,"n":4,"sw":1},"geometry":{"type":"LineString","coordinates":[[19.580084,50.268798],[19.580071,50.26882]]}},{"type":"Feature","properties":{"line":"SŁ","mode":"bus","color":"#e16cd6","oi":0.214,"n":4,"sw":1},"geometry":{"type":"LineString","coordinates":[[19.580074,50.268815],[19.580061,50.268837]]}},{"type":"Feature","properties":{"line":"SŁ","mode":"bus","color":"#e16cd6","oi":0.131,"n":4,"sw":1},"geometry":{"type":"LineString","coordinates":[[19.580064,50.268831],[19.580052,50.268853]]}},{"type":"Feature","properties":{"line":"SŁ","mode":"bus","color":"#e16cd6","oi":0.044,"n":4,"sw":1},"geometry":{"type":"LineString","coordinates":[[19.580055,50.268848],[19.580042,50.26887]]}},{"type":"Feature","properties":{"line":"SŁ","mode":"bus","color":"#e16cd6","oi":-0.044,"n":4,"sw":1},"geometry":{"type":"LineString","coordinates":[[19.580045,50.268865],[19.580033,50.268887]]}},{"type":"Feature","properties":{"line":"SŁ","mode":"bus","color":"#e16cd6","oi":-0.131,"n":4,"sw":1},"geometry":{"type":"LineString","coordinates":[[19.580035,50.268882],[19.580023,50.268904]]}},{"type":"Feature","properties":{"line":"SŁ","mode":"bus","color":"#e16cd6","oi":-0.214,"n":4,"sw":1},"geometry":{"type":"LineString","coordinates":[[19.580026,50.268899],[19.580013,50.268921]]}},{"type":"Feature","properties":{"line":"SŁ","mode":"bus","color":"#e16cd6","oi":-0.291,"n":4,"sw":1},"geometry":{"type":"LineString","coordinates":[[19.580016,50.268916],[19.580004,50.268938]]}},{"type":"Feature","properties":{"line":"SŁ","mode":"bus","color":"#e16cd6","oi":-0.36,"n":4,"sw":1},"geometry":{"type":"LineString","coordinates":[[19.580007,50.268933],[19.579994,50.268955]]}},{"type":"Feature","properties":{"line":"SŁ","mode":"bus","color":"#e16cd6","oi":-0.418,"n":4,"sw":1},"geometry":{"type":"LineString","coordinates":[[19.579997,50.26895],[19.579984,50.268972]]}},{"type":"Feature","properties":{"line":"SŁ","mode":"bus","color":"#e16cd6","oi":-0.462,"n":4,"sw":1},"geometry":{"type":"LineString","coordinates":[[19.579987,50.268967],[19.579975,50.268989]]}},{"type":"Feature","properties":{"line":"SŁ","mode":"bus","color":"#e16cd6","oi":-0.49,"n":4,"sw":1},"geometry":{"type":"LineString","coordinates":[[19.579978,50.268984],[19.579965,50.269006]]}},{"type":"Feature","properties":{"line":"SŁ","mode":"bus","color":"#e16cd6","oi":-0.5,"n":4,"sw":1},"geometry":{"type":"LineString","coordinates":[[19.579968,50.269001],[19.579957,50.26902]]}},{"type":"Feature","properties":{"line":"SŁ","mode":"bus","color":"#e16cd6","oi":0.5,"n":4},"geometry":{"type":"LineString","coordinates":[[19.579698,50.269476],[19.579957,50.26902]]}},{"type":"Feature","properties":{"line":"SŁ","mode":"bus","color":"#e16cd6","oi":0,"n":4,"sw":1},"geometry":{"type":"LineString","coordinates":[[19.579525,50.26978],[19.579544,50.269747]]}},{"type":"Feature","properties":{"line":"SŁ","mode":"bus","color":"#e16cd6","oi":0.017,"n":4,"sw":1},"geometry":{"type":"LineString","coordinates":[[19.579541,50.269752],[19.579561,50.269717]]}},{"type":"Feature","properties":{"line":"SŁ","mode":"bus","color":"#e16cd6","oi":0.063,"n":4,"sw":1},"geometry":{"type":"LineString","coordinates":[[19.579558,50.269722],[19.579578,50.269686]]}},{"type":"Feature","properties":{"line":"SŁ","mode":"bus","color":"#e16cd6","oi":0.13,"n":4,"sw":1},"geometry":{"type":"LineString","coordinates":[[19.579575,50.269691],[19.579596,50.269656]]}},{"type":"Feature","properties":{"line":"SŁ","mode":"bus","color":"#e16cd6","oi":0.209,"n":4,"sw":1},"geometry":{"type":"LineString","coordinates":[[19.579593,50.269661],[19.579613,50.269625]]}},{"type":"Feature","properties":{"line":"SŁ","mode":"bus","color":"#e16cd6","oi":0.291,"n":4,"sw":1},"geometry":{"type":"LineString","coordinates":[[19.57961,50.26963],[19.57963,50.269595]]}},{"type":"Feature","properties":{"line":"SŁ","mode":"bus","color":"#e16cd6","oi":0.37,"n":4,"sw":1},"geometry":{"type":"LineString","coordinates":[[19.579627,50.2696],[19.579648,50.269564]]}},{"type":"Feature","properties":{"line":"SŁ","mode":"bus","color":"#e16cd6","oi":0.437,"n":4,"sw":1},"geometry":{"type":"LineString","coordinates":[[19.579645,50.269569],[19.579665,50.269534]]}},{"type":"Feature","properties":{"line":"SŁ","mode":"bus","color":"#e16cd6","oi":0.483,"n":4,"sw":1},"geometry":{"type":"LineString","coordinates":[[19.579662,50.269539],[19.579682,50.269503]]}},{"type":"Feature","properties":{"line":"SŁ","mode":"bus","color":"#e16cd6","oi":0.5,"n":4,"sw":1},"geometry":{"type":"LineString","coordinates":[[19.579679,50.269509],[19.579699,50.269473]]}},{"type":"Feature","properties":{"line":"SŁ","mode":"bus","color":"#e16cd6","oi":0,"n":1},"geometry":{"type":"LineString","coordinates":[[19.583695,50.274172],[19.584413,50.274285],[19.585205,50.274456],[19.589768,50.275767],[19.590848,50.276113],[19.590922,50.276252],[19.590924,50.27635],[19.590862,50.276899],[19.590798,50.277044],[19.59066,50.277204],[19.59037,50.27737],[19.58763,50.27872],[19.585731,50.279716],[19.585709,50.279724],[19.585689,50.279726],[19.585671,50.279721],[19.585653,50.27971],[19.584924,50.279093],[19.584354,50.278248],[19.583951,50.27771],[19.583874,50.277531],[19.58371,50.276682],[19.58347,50.276248],[19.583279,50.276127],[19.58273,50.275856],[19.582593,50.275852],[19.582453,50.275902],[19.579095,50.278479],[19.578926,50.278541],[19.578757,50.27855],[19.578734,50.278554],[19.578716,50.278562],[19.578705,50.278576],[19.57868,50.27862],[19.57946,50.2811],[19.579922,50.282445],[19.580447,50.283599],[19.58111,50.284775],[19.581121,50.284789],[19.581136,50.284796],[19.581155,50.284797],[19.581177,50.284791],[19.58187,50.28453],[19.58242,50.28438],[19.58366,50.28422],[19.587734,50.284269],[19.587766,50.284266],[19.58779,50.284254],[19.587803,50.284235],[19.588277,50.282965],[19.588279,50.282944],[19.588267,50.282926],[19.588242,50.282912],[19.58748,50.28262],[19.58714,50.28254],[19.58561,50.2824],[19.58477,50.28226],[19.58398,50.2821],[19.58185,50.28153],[19.58111,50.28137],[19.57946,50.2811]]}},{"type":"Feature","properties":{"line":"SŁ","mode":"bus","color":"#e16cd6","oi":0,"n":1},"geometry":{"type":"LineString","coordinates":[[19.5792,50.28026],[19.581525,50.279947],[19.581554,50.279939],[19.581569,50.279925],[19.581569,50.279905],[19.58131,50.2791],[19.581188,50.278875],[19.5809,50.27848],[19.58079,50.27837],[19.579862,50.277873]]}},{"type":"Feature","properties":{"line":"SŁ","mode":"bus","color":"#e16cd6","oi":0,"n":1},"geometry":{"type":"LineString","coordinates":[[19.581188,50.278875],[19.581805,50.278686],[19.581855,50.278679],[19.581904,50.278689],[19.58219,50.2788],[19.583404,50.278751],[19.583575,50.278704],[19.584041,50.278393],[19.584354,50.278248]]}},{"type":"Feature","properties":{"line":"467A","mode":"bus","color":"#095d97","oi":-1,"n":3},"geometry":{"type":"LineString","coordinates":[[19.426443,50.233557],[19.426843,50.233769],[19.427825,50.234649],[19.427984,50.234816],[19.428256,50.235293],[19.428297,50.235545],[19.428061,50.236213],[19.428117,50.236595],[19.428113,50.237171],[19.428187,50.237486],[19.428166,50.238219],[19.42832,50.238674],[19.428474,50.239608],[19.428542,50.239849],[19.428888,50.240667],[19.42909,50.24101],[19.429384,50.241387],[19.42993,50.241838],[19.430608,50.24235],[19.43085,50.242616],[19.431025,50.242916],[19.431162,50.243239],[19.432317,50.248495],[19.43241,50.250219],[19.4325,50.250542],[19.432713,50.25084],[19.433125,50.251259],[19.434344,50.251986],[19.434647,50.252246],[19.434835,50.252464],[19.438697,50.258102],[19.439069,50.258589],[19.439559,50.259059],[19.439866,50.259301],[19.44021,50.259541],[19.44111,50.260083],[19.441404,50.260327],[19.441647,50.260704],[19.441886,50.26116],[19.441888,50.261274],[19.44177,50.261843],[19.441774,50.262124],[19.441827,50.262461],[19.442123,50.263022],[19.442488,50.263351],[19.443447,50.263893],[19.443528,50.263904],[19.443554,50.263905],[19.443575,50.263898],[19.443591,50.263885],[19.443632,50.263832],[19.443928,50.263717],[19.444207,50.263686],[19.447696,50.263893],[19.448068,50.263893],[19.44864,50.263815],[19.451149,50.263357],[19.452067,50.263251],[19.452953,50.263182],[19.456509,50.263002],[19.458956,50.262945],[19.467142,50.262838],[19.469976,50.262876],[19.472792,50.263113],[19.476246,50.263658],[19.476627,50.263692],[19.476844,50.263683],[19.477056,50.263639],[19.477242,50.263562],[19.477534,50.263375],[19.477587,50.263365],[19.477604,50.263364],[19.477619,50.263368],[19.47763,50.263376],[19.47766,50.263408],[19.477723,50.263744],[19.477923,50.264353],[19.478074,50.264555],[19.478282,50.26471],[19.480418,50.265806],[19.480678,50.26589],[19.481836,50.265979],[19.48202,50.266013],[19.482192,50.26612],[19.482392,50.266515],[19.482402,50.266529],[19.482418,50.266537],[19.482437,50.266539],[19.482461,50.266535],[19.483847,50.266159],[19.484072,50.266149]]}},{"type":"Feature","properties":{"line":"467A","mode":"bus","color":"#095d97","oi":-1,"n":3},"geometry":{"type":"LineString","coordinates":[[19.427258,50.23629],[19.427866,50.236213],[19.428061,50.236213]]}},{"type":"Feature","properties":{"line":"467A","mode":"bus","color":"#095d97","oi":-1,"n":3},"geometry":{"type":"LineString","coordinates":[[19.463367,50.262882],[19.462897,50.261906],[19.46287,50.261829],[19.462886,50.261758],[19.462884,50.261737],[19.462869,50.261722],[19.462839,50.261714],[19.46054,50.261376],[19.460177,50.261285],[19.45828,50.260656],[19.458099,50.260543],[19.457665,50.260187],[19.457478,50.25996],[19.457359,50.259178],[19.457045,50.257575],[19.457086,50.257495],[19.457234,50.257364],[19.457362,50.257307],[19.461839,50.256931],[19.465856,50.256347],[19.46978,50.255928],[19.470209,50.255872],[19.470483,50.255805],[19.470791,50.255597],[19.470922,50.255348],[19.472354,50.251032],[19.472435,50.25073],[19.472487,50.250343],[19.47237,50.249775],[19.471667,50.247505],[19.471346,50.246576],[19.471222,50.246405],[19.470054,50.245525],[19.469224,50.244694],[19.468346,50.243883],[19.466371,50.242202],[19.466055,50.241715],[19.465132,50.239611],[19.464913,50.239341],[19.464292,50.23892],[19.463833,50.23854],[19.46363,50.238282],[19.463463,50.237975],[19.46336,50.237725],[19.463345,50.237536],[19.463385,50.237453],[19.463513,50.237318],[19.46392,50.23703],[19.464361,50.236607],[19.46473,50.236156],[19.465043,50.235953],[19.465079,50.235907],[19.465094,50.235894],[19.465115,50.235887],[19.46514,50.235887],[19.465239,50.235895],[19.465579,50.235812],[19.466656,50.235363],[19.467067,50.235237],[19.467373,50.235178],[19.467822,50.235001],[19.469378,50.234459],[19.469934,50.234303],[19.471561,50.233979],[19.475126,50.233212]]}},{"type":"Feature","properties":{"line":"467A","mode":"bus","color":"#095d97","oi":-1,"n":3},"geometry":{"type":"LineString","coordinates":[[19.468891,50.244288],[19.468806,50.244306]]}},{"type":"Feature","properties":{"line":"467A","mode":"bus","color":"#095d97","oi":-0.5,"n":2},"geometry":{"type":"LineString","coordinates":[[19.457045,50.257575],[19.456968,50.257399],[19.456965,50.257383],[19.456971,50.257371],[19.456985,50.257362],[19.457008,50.257356],[19.457362,50.257307]]}},{"type":"Feature","properties":{"line":"471","mode":"bus","color":"#07ad80","oi":1,"n":3},"geometry":{"type":"LineString","coordinates":[[19.526609,50.400751],[19.526746,50.400389],[19.526887,50.400204],[19.528239,50.398839],[19.528585,50.398399],[19.529045,50.397696],[19.52908,50.397528],[19.529007,50.397054],[19.528998,50.39591],[19.529051,50.39534],[19.529152,50.39473],[19.529303,50.394465],[19.52943,50.394319],[19.529577,50.394185],[19.530051,50.393901],[19.531001,50.393557],[19.531273,50.393494],[19.531408,50.393478],[19.533238,50.393479],[19.540313,50.393813],[19.543488,50.394043],[19.543925,50.394041],[19.544169,50.394017],[19.545021,50.393822],[19.557143,50.390756],[19.559569,50.390188],[19.560842,50.389937],[19.560865,50.38993],[19.560878,50.38992],[19.560883,50.389907],[19.560879,50.389892],[19.560611,50.389345],[19.560525,50.388696],[19.560526,50.387356],[19.560711,50.386617],[19.560851,50.386333],[19.560875,50.385897],[19.560858,50.385529],[19.560634,50.384816],[19.560299,50.384032],[19.560024,50.383241],[19.559212,50.381156],[19.559161,50.381105],[19.559128,50.381083],[19.559084,50.381072],[19.55885,50.381043],[19.554562,50.381081],[19.554116,50.381012],[19.553573,50.380839],[19.553226,50.380668],[19.553128,50.380575],[19.552756,50.380112],[19.552414,50.379485],[19.552217,50.37929],[19.550982,50.378868],[19.550643,50.3787],[19.549151,50.377792],[19.546973,50.376268],[19.5466,50.376089],[19.546429,50.376047],[19.545963,50.376011],[19.54227,50.375933],[19.541828,50.375904],[19.541635,50.375853],[19.532649,50.372619],[19.530141,50.371807],[19.529222,50.371637],[19.523681,50.370945],[19.521462,50.370701],[19.520667,50.370589],[19.519551,50.370189],[19.519271,50.370065],[19.51835,50.369573],[19.518136,50.369489],[19.515849,50.368703]]}},{"type":"Feature","properties":{"line":"471","mode":"bus","color":"#07ad80","oi":1.5,"n":4},"geometry":{"type":"LineString","coordinates":[[19.562558,50.35088],[19.562544,50.352664],[19.562436,50.353906],[19.562303,50.354929],[19.562251,50.355054],[19.561895,50.355607],[19.561051,50.356809],[19.560016,50.358648],[19.558826,50.360493],[19.558758,50.360516],[19.555387,50.361351],[19.554171,50.361554],[19.553735,50.361656],[19.545179,50.364813],[19.544938,50.364879],[19.538232,50.366023],[19.537576,50.366106],[19.537275,50.3661],[19.532421,50.365625],[19.532228,50.365621],[19.531912,50.365656],[19.526521,50.366712],[19.52426,50.366652],[19.5238,50.366661],[19.522356,50.366866],[19.521492,50.367051],[19.520228,50.367412],[19.516365,50.368577],[19.515902,50.36869],[19.51585,50.368696],[19.515799,50.368686],[19.511996,50.367389]]}},{"type":"Feature","properties":{"line":"471","mode":"bus","color":"#07ad80","oi":0,"n":4,"sw":1},"geometry":{"type":"LineString","coordinates":[[19.562561,50.350556],[19.562561,50.350571]]}},{"type":"Feature","properties":{"line":"471","mode":"bus","color":"#07ad80","oi":0.007,"n":4,"sw":1},"geometry":{"type":"LineString","coordinates":[[19.562561,50.350566],[19.562561,50.350584]]}},{"type":"Feature","properties":{"line":"471","mode":"bus","color":"#07ad80","oi":0.027,"n":4,"sw":1},"geometry":{"type":"LineString","coordinates":[[19.562561,50.350578],[19.562561,50.350596]]}},{"type":"Feature","properties":{"line":"471","mode":"bus","color":"#07ad80","oi":0.06,"n":4,"sw":1},"geometry":{"type":"LineString","coordinates":[[19.562561,50.350591],[19.562561,50.350609]]}},{"type":"Feature","properties":{"line":"471","mode":"bus","color":"#07ad80","oi":0.103,"n":4,"sw":1},"geometry":{"type":"LineString","coordinates":[[19.562561,50.350603],[19.56256,50.350621]]}},{"type":"Feature","properties":{"line":"471","mode":"bus","color":"#07ad80","oi":0.156,"n":4,"sw":1},"geometry":{"type":"LineString","coordinates":[[19.562561,50.350616],[19.56256,50.350633]]}},{"type":"Feature","properties":{"line":"471","mode":"bus","color":"#07ad80","oi":0.218,"n":4,"sw":1},"geometry":{"type":"LineString","coordinates":[[19.56256,50.350628],[19.56256,50.350646]]}},{"type":"Feature","properties":{"line":"471","mode":"bus","color":"#07ad80","oi":0.287,"n":4,"sw":1},"geometry":{"type":"LineString","coordinates":[[19.56256,50.350641],[19.56256,50.350658]]}},{"type":"Feature","properties":{"line":"471","mode":"bus","color":"#07ad80","oi":0.362,"n":4,"sw":1},"geometry":{"type":"LineString","coordinates":[[19.56256,50.350653],[19.56256,50.350671]]}},{"type":"Feature","properties":{"line":"471","mode":"bus","color":"#07ad80","oi":0.443,"n":4,"sw":1},"geometry":{"type":"LineString","coordinates":[[19.56256,50.350665],[19.56256,50.350683]]}},{"type":"Feature","properties":{"line":"471","mode":"bus","color":"#07ad80","oi":0.528,"n":4,"sw":1},"geometry":{"type":"LineString","coordinates":[[19.56256,50.350678],[19.56256,50.350696]]}},{"type":"Feature","properties":{"line":"471","mode":"bus","color":"#07ad80","oi":0.616,"n":4,"sw":1},"geometry":{"type":"LineString","coordinates":[[19.56256,50.35069],[19.56256,50.350708]]}},{"type":"Feature","properties":{"line":"471","mode":"bus","color":"#07ad80","oi":0.705,"n":4,"sw":1},"geometry":{"type":"LineString","coordinates":[[19.56256,50.350703],[19.56256,50.350721]]}},{"type":"Feature","properties":{"line":"471","mode":"bus","color":"#07ad80","oi":0.795,"n":4,"sw":1},"geometry":{"type":"LineString","coordinates":[[19.56256,50.350715],[19.56256,50.350733]]}},{"type":"Feature","properties":{"line":"471","mode":"bus","color":"#07ad80","oi":0.884,"n":4,"sw":1},"geometry":{"type":"LineString","coordinates":[[19.56256,50.350728],[19.562559,50.350746]]}},{"type":"Feature","properties":{"line":"471","mode":"bus","color":"#07ad80","oi":0.972,"n":4,"sw":1},"geometry":{"type":"LineString","coordinates":[[19.56256,50.35074],[19.562559,50.350758]]}},{"type":"Feature","properties":{"line":"471","mode":"bus","color":"#07ad80","oi":1.057,"n":4,"sw":1},"geometry":{"type":"LineString","coordinates":[[19.562559,50.350753],[19.562559,50.350771]]}},{"type":"Feature","properties":{"line":"471","mode":"bus","color":"#07ad80","oi":1.138,"n":4,"sw":1},"geometry":{"type":"LineString","coordinates":[[19.562559,50.350765],[19.562559,50.350783]]}},{"type":"Feature","properties":{"line":"471","mode":"bus","color":"#07ad80","oi":1.213,"n":4,"sw":1},"geometry":{"type":"LineString","coordinates":[[19.562559,50.350778],[19.562559,50.350795]]}},{"type":"Feature","properties":{"line":"471","mode":"bus","color":"#07ad80","oi":1.282,"n":4,"sw":1},"geometry":{"type":"LineString","coordinates":[[19.562559,50.35079],[19.562559,50.350808]]}},{"type":"Feature","properties":{"line":"471","mode":"bus","color":"#07ad80","oi":1.344,"n":4,"sw":1},"geometry":{"type":"LineString","coordinates":[[19.562559,50.350802],[19.562559,50.35082]]}},{"type":"Feature","properties":{"line":"471","mode":"bus","color":"#07ad80","oi":1.397,"n":4,"sw":1},"geometry":{"type":"LineString","coordinates":[[19.562559,50.350815],[19.562559,50.350833]]}},{"type":"Feature","properties":{"line":"471","mode":"bus","color":"#07ad80","oi":1.44,"n":4,"sw":1},"geometry":{"type":"LineString","coordinates":[[19.562559,50.350827],[19.562559,50.350845]]}},{"type":"Feature","properties":{"line":"471","mode":"bus","color":"#07ad80","oi":1.473,"n":4,"sw":1},"geometry":{"type":"LineString","coordinates":[[19.562559,50.35084],[19.562559,50.350858]]}},{"type":"Feature","properties":{"line":"471","mode":"bus","color":"#07ad80","oi":1.493,"n":4,"sw":1},"geometry":{"type":"LineString","coordinates":[[19.562559,50.350852],[19.562558,50.35087]]}},{"type":"Feature","properties":{"line":"471","mode":"bus","color":"#07ad80","oi":1.5,"n":4,"sw":1},"geometry":{"type":"LineString","coordinates":[[19.562559,50.350865],[19.562558,50.350883]]}},{"type":"Feature","properties":{"line":"471","mode":"bus","color":"#07ad80","oi":0.5,"n":2},"geometry":{"type":"LineString","coordinates":[[19.51153,50.367263],[19.51081,50.367253],[19.508906,50.367284],[19.508566,50.367245],[19.508292,50.367184],[19.50728,50.36682],[19.506791,50.366706],[19.497569,50.365376],[19.496081,50.365138],[19.4944,50.364849],[19.494037,50.364751],[19.4935,50.364549]]}},{"type":"Feature","properties":{"line":"471","mode":"bus","color":"#07ad80","oi":1.5,"n":2,"sw":1},"geometry":{"type":"LineString","coordinates":[[19.511996,50.367389],[19.511966,50.367381]]}},{"type":"Feature","properties":{"line":"471","mode":"bus","color":"#07ad80","oi":1.49,"n":2,"sw":1},"geometry":{"type":"LineString","coordinates":[[19.511974,50.367383],[19.51194,50.367374]]}},{"type":"Feature","properties":{"line":"471","mode":"bus","color":"#07ad80","oi":1.462,"n":2,"sw":1},"geometry":{"type":"LineString","coordinates":[[19.511948,50.367376],[19.511915,50.367366]]}},{"type":"Feature","properties":{"line":"471","mode":"bus","color":"#07ad80","oi":1.418,"n":2,"sw":1},"geometry":{"type":"LineString","coordinates":[[19.511922,50.367369],[19.511889,50.367359]]}},{"type":"Feature","properties":{"line":"471","mode":"bus","color":"#07ad80","oi":1.36,"n":2,"sw":1},"geometry":{"type":"LineString","coordinates":[[19.511897,50.367361],[19.511863,50.367352]]}},{"type":"Feature","properties":{"line":"471","mode":"bus","color":"#07ad80","oi":1.291,"n":2,"sw":1},"geometry":{"type":"LineString","coordinates":[[19.511871,50.367354],[19.511837,50.367345]]}},{"type":"Feature","properties":{"line":"471","mode":"bus","color":"#07ad80","oi":1.214,"n":2,"sw":1},"geometry":{"type":"LineString","coordinates":[[19.511845,50.367347],[19.511811,50.367338]]}},{"type":"Feature","properties":{"line":"471","mode":"bus","color":"#07ad80","oi":1.131,"n":2,"sw":1},"geometry":{"type":"LineString","coordinates":[[19.511819,50.36734],[19.511786,50.367331]]}},{"type":"Feature","properties":{"line":"471","mode":"bus","color":"#07ad80","oi":1.044,"n":2,"sw":1},"geometry":{"type":"LineString","coordinates":[[19.511793,50.367333],[19.51176,50.367324]]}},{"type":"Feature","properties":{"line":"471","mode":"bus","color":"#07ad80","oi":0.956,"n":2,"sw":1},"geometry":{"type":"LineString","coordinates":[[19.511768,50.367326],[19.511734,50.367316]]}},{"type":"Feature","properties":{"line":"471","mode":"bus","color":"#07ad80","oi":0.869,"n":2,"sw":1},"geometry":{"type":"LineString","coordinates":[[19.511742,50.367319],[19.511708,50.367309]]}},{"type":"Feature","properties":{"line":"471","mode":"bus","color":"#07ad80","oi":0.786,"n":2,"sw":1},"geometry":{"type":"LineString","coordinates":[[19.511716,50.367311],[19.511682,50.367302]]}},{"type":"Feature","properties":{"line":"471","mode":"bus","color":"#07ad80","oi":0.709,"n":2,"sw":1},"geometry":{"type":"LineString","coordinates":[[19.51169,50.367304],[19.511657,50.367295]]}},{"type":"Feature","properties":{"line":"471","mode":"bus","color":"#07ad80","oi":0.64,"n":2,"sw":1},"geometry":{"type":"LineString","coordinates":[[19.511664,50.367297],[19.511631,50.367288]]}},{"type":"Feature","properties":{"line":"471","mode":"bus","color":"#07ad80","oi":0.582,"n":2,"sw":1},"geometry":{"type":"LineString","coordinates":[[19.511638,50.36729],[19.511605,50.367281]]}},{"type":"Feature","properties":{"line":"471","mode":"bus","color":"#07ad80","oi":0.538,"n":2,"sw":1},"geometry":{"type":"LineString","coordinates":[[19.511613,50.367283],[19.511579,50.367274]]}},{"type":"Feature","properties":{"line":"471","mode":"bus","color":"#07ad80","oi":0.51,"n":2,"sw":1},"geometry":{"type":"LineString","coordinates":[[19.511587,50.367276],[19.511553,50.367266]]}},{"type":"Feature","properties":{"line":"471","mode":"bus","color":"#07ad80","oi":0.5,"n":2,"sw":1},"geometry":{"type":"LineString","coordinates":[[19.511561,50.367269],[19.511541,50.367263],[19.511526,50.367263]]}},{"type":"Feature","properties":{"line":"471","mode":"bus","color":"#07ad80","oi":0,"n":1},"geometry":{"type":"LineString","coordinates":[[19.493159,50.364309],[19.491682,50.363269],[19.490902,50.362919],[19.487832,50.361683],[19.487233,50.36139],[19.486629,50.360915],[19.485209,50.359511],[19.485002,50.359331],[19.484689,50.359135],[19.484319,50.358956],[19.484043,50.358853],[19.482968,50.358536],[19.48098,50.357665],[19.480412,50.357359],[19.480036,50.357187],[19.479505,50.356857],[19.479051,50.356446],[19.478687,50.356026],[19.477815,50.354421],[19.476481,50.352189]]}},{"type":"Feature","properties":{"line":"471","mode":"bus","color":"#07ad80","oi":0.5,"n":1,"sw":1},"geometry":{"type":"LineString","coordinates":[[19.4935,50.364549],[19.493463,50.364523]]}},{"type":"Feature","properties":{"line":"471","mode":"bus","color":"#07ad80","oi":0.483,"n":1,"sw":1},"geometry":{"type":"LineString","coordinates":[[19.493469,50.364527],[19.493429,50.364499]]}},{"type":"Feature","properties":{"line":"471","mode":"bus","color":"#07ad80","oi":0.437,"n":1,"sw":1},"geometry":{"type":"LineString","coordinates":[[19.493435,50.364503],[19.493395,50.364475]]}},{"type":"Feature","properties":{"line":"471","mode":"bus","color":"#07ad80","oi":0.37,"n":1,"sw":1},"geometry":{"type":"LineString","coordinates":[[19.493401,50.364479],[19.493361,50.364451]]}},{"type":"Feature","properties":{"line":"471","mode":"bus","color":"#07ad80","oi":0.291,"n":1,"sw":1},"geometry":{"type":"LineString","coordinates":[[19.493367,50.364455],[19.493327,50.364427]]}},{"type":"Feature","properties":{"line":"471","mode":"bus","color":"#07ad80","oi":0.209,"n":1,"sw":1},"geometry":{"type":"LineString","coordinates":[[19.493333,50.364431],[19.493293,50.364403]]}},{"type":"Feature","properties":{"line":"471","mode":"bus","color":"#07ad80","oi":0.13,"n":1,"sw":1},"geometry":{"type":"LineString","coordinates":[[19.493299,50.364407],[19.493259,50.364379]]}},{"type":"Feature","properties":{"line":"471","mode":"bus","color":"#07ad80","oi":0.063,"n":1,"sw":1},"geometry":{"type":"LineString","coordinates":[[19.493264,50.364383],[19.493225,50.364355]]}},{"type":"Feature","properties":{"line":"471","mode":"bus","color":"#07ad80","oi":0.017,"n":1,"sw":1},"geometry":{"type":"LineString","coordinates":[[19.49323,50.364359],[19.493191,50.364331]]}},{"type":"Feature","properties":{"line":"471","mode":"bus","color":"#07ad80","oi":0,"n":1,"sw":1},"geometry":{"type":"LineString","coordinates":[[19.493196,50.364335],[19.493157,50.364307]]}},{"type":"Feature","properties":{"line":"477","mode":"bus","color":"#05617d","oi":-1,"n":3},"geometry":{"type":"LineString","coordinates":[[19.526609,50.400751],[19.526746,50.400389],[19.526887,50.400204],[19.528239,50.398839],[19.528585,50.398399],[19.529045,50.397696],[19.52908,50.397528],[19.529007,50.397054],[19.528998,50.39591],[19.529051,50.39534],[19.529152,50.39473],[19.529303,50.394465],[19.52943,50.394319],[19.529577,50.394185],[19.530051,50.393901],[19.531001,50.393557],[19.531273,50.393494],[19.531408,50.393478],[19.533238,50.393479],[19.540313,50.393813],[19.543488,50.394043],[19.543925,50.394041],[19.544169,50.394017],[19.545021,50.393822],[19.557143,50.390756],[19.559569,50.390188],[19.560842,50.389937],[19.560865,50.38993],[19.560878,50.38992],[19.560883,50.389907],[19.560879,50.389892],[19.560611,50.389345],[19.560525,50.388696],[19.560526,50.387356],[19.560711,50.386617],[19.560851,50.386333],[19.560875,50.385897],[19.560858,50.385529],[19.560634,50.384816],[19.560299,50.384032],[19.560024,50.383241],[19.559212,50.381156],[19.559161,50.381105],[19.559128,50.381083],[19.559084,50.381072],[19.55885,50.381043],[19.554562,50.381081],[19.554116,50.381012],[19.553573,50.380839],[19.553226,50.380668],[19.553128,50.380575],[19.552756,50.380112],[19.552414,50.379485],[19.552217,50.37929],[19.550982,50.378868],[19.550643,50.3787],[19.549151,50.377792],[19.546973,50.376268],[19.5466,50.376089],[19.546429,50.376047],[19.545963,50.376011],[19.54227,50.375933],[19.541828,50.375904],[19.541635,50.375853],[19.532649,50.372619],[19.530141,50.371807],[19.529222,50.371637],[19.523681,50.370945],[19.521462,50.370701],[19.520667,50.370589],[19.519551,50.370189],[19.519271,50.370065],[19.51835,50.369573],[19.518136,50.369489],[19.515849,50.368703]]}},{"type":"Feature","properties":{"line":"477","mode":"bus","color":"#05617d","oi":-1.5,"n":4},"geometry":{"type":"LineString","coordinates":[[19.562558,50.35088],[19.562544,50.352664],[19.562436,50.353906],[19.562303,50.354929],[19.562251,50.355054],[19.561895,50.355607],[19.561051,50.356809],[19.560016,50.358648],[19.558826,50.360493],[19.558758,50.360516],[19.555387,50.361351],[19.554171,50.361554],[19.553735,50.361656],[19.545179,50.364813],[19.544938,50.364879],[19.538232,50.366023],[19.537576,50.366106],[19.537275,50.3661],[19.532421,50.365625],[19.532228,50.365621],[19.531912,50.365656],[19.526521,50.366712],[19.52426,50.366652],[19.5238,50.366661],[19.522356,50.366866],[19.521492,50.367051],[19.520228,50.367412],[19.516365,50.368577],[19.515902,50.36869],[19.51585,50.368696],[19.515799,50.368686],[19.511996,50.367389]]}},{"type":"Feature","properties":{"line":"477","mode":"bus","color":"#05617d","oi":0,"n":4,"sw":1},"geometry":{"type":"LineString","coordinates":[[19.562561,50.350556],[19.562561,50.350571]]}},{"type":"Feature","properties":{"line":"477","mode":"bus","color":"#05617d","oi":-0.007,"n":4,"sw":1},"geometry":{"type":"LineString","coordinates":[[19.562561,50.350566],[19.562561,50.350584]]}},{"type":"Feature","properties":{"line":"477","mode":"bus","color":"#05617d","oi":-0.027,"n":4,"sw":1},"geometry":{"type":"LineString","coordinates":[[19.562561,50.350578],[19.562561,50.350596]]}},{"type":"Feature","properties":{"line":"477","mode":"bus","color":"#05617d","oi":-0.06,"n":4,"sw":1},"geometry":{"type":"LineString","coordinates":[[19.562561,50.350591],[19.562561,50.350609]]}},{"type":"Feature","properties":{"line":"477","mode":"bus","color":"#05617d","oi":-0.103,"n":4,"sw":1},"geometry":{"type":"LineString","coordinates":[[19.562561,50.350603],[19.56256,50.350621]]}},{"type":"Feature","properties":{"line":"477","mode":"bus","color":"#05617d","oi":-0.156,"n":4,"sw":1},"geometry":{"type":"LineString","coordinates":[[19.562561,50.350616],[19.56256,50.350633]]}},{"type":"Feature","properties":{"line":"477","mode":"bus","color":"#05617d","oi":-0.218,"n":4,"sw":1},"geometry":{"type":"LineString","coordinates":[[19.56256,50.350628],[19.56256,50.350646]]}},{"type":"Feature","properties":{"line":"477","mode":"bus","color":"#05617d","oi":-0.287,"n":4,"sw":1},"geometry":{"type":"LineString","coordinates":[[19.56256,50.350641],[19.56256,50.350658]]}},{"type":"Feature","properties":{"line":"477","mode":"bus","color":"#05617d","oi":-0.362,"n":4,"sw":1},"geometry":{"type":"LineString","coordinates":[[19.56256,50.350653],[19.56256,50.350671]]}},{"type":"Feature","properties":{"line":"477","mode":"bus","color":"#05617d","oi":-0.443,"n":4,"sw":1},"geometry":{"type":"LineString","coordinates":[[19.56256,50.350665],[19.56256,50.350683]]}},{"type":"Feature","properties":{"line":"477","mode":"bus","color":"#05617d","oi":-0.528,"n":4,"sw":1},"geometry":{"type":"LineString","coordinates":[[19.56256,50.350678],[19.56256,50.350696]]}},{"type":"Feature","properties":{"line":"477","mode":"bus","color":"#05617d","oi":-0.616,"n":4,"sw":1},"geometry":{"type":"LineString","coordinates":[[19.56256,50.35069],[19.56256,50.350708]]}},{"type":"Feature","properties":{"line":"477","mode":"bus","color":"#05617d","oi":-0.705,"n":4,"sw":1},"geometry":{"type":"LineString","coordinates":[[19.56256,50.350703],[19.56256,50.350721]]}},{"type":"Feature","properties":{"line":"477","mode":"bus","color":"#05617d","oi":-0.795,"n":4,"sw":1},"geometry":{"type":"LineString","coordinates":[[19.56256,50.350715],[19.56256,50.350733]]}},{"type":"Feature","properties":{"line":"477","mode":"bus","color":"#05617d","oi":-0.884,"n":4,"sw":1},"geometry":{"type":"LineString","coordinates":[[19.56256,50.350728],[19.562559,50.350746]]}},{"type":"Feature","properties":{"line":"477","mode":"bus","color":"#05617d","oi":-0.972,"n":4,"sw":1},"geometry":{"type":"LineString","coordinates":[[19.56256,50.35074],[19.562559,50.350758]]}},{"type":"Feature","properties":{"line":"477","mode":"bus","color":"#05617d","oi":-1.057,"n":4,"sw":1},"geometry":{"type":"LineString","coordinates":[[19.562559,50.350753],[19.562559,50.350771]]}},{"type":"Feature","properties":{"line":"477","mode":"bus","color":"#05617d","oi":-1.138,"n":4,"sw":1},"geometry":{"type":"LineString","coordinates":[[19.562559,50.350765],[19.562559,50.350783]]}},{"type":"Feature","properties":{"line":"477","mode":"bus","color":"#05617d","oi":-1.213,"n":4,"sw":1},"geometry":{"type":"LineString","coordinates":[[19.562559,50.350778],[19.562559,50.350795]]}},{"type":"Feature","properties":{"line":"477","mode":"bus","color":"#05617d","oi":-1.282,"n":4,"sw":1},"geometry":{"type":"LineString","coordinates":[[19.562559,50.35079],[19.562559,50.350808]]}},{"type":"Feature","properties":{"line":"477","mode":"bus","color":"#05617d","oi":-1.344,"n":4,"sw":1},"geometry":{"type":"LineString","coordinates":[[19.562559,50.350802],[19.562559,50.35082]]}},{"type":"Feature","properties":{"line":"477","mode":"bus","color":"#05617d","oi":-1.397,"n":4,"sw":1},"geometry":{"type":"LineString","coordinates":[[19.562559,50.350815],[19.562559,50.350833]]}},{"type":"Feature","properties":{"line":"477","mode":"bus","color":"#05617d","oi":-1.44,"n":4,"sw":1},"geometry":{"type":"LineString","coordinates":[[19.562559,50.350827],[19.562559,50.350845]]}},{"type":"Feature","properties":{"line":"477","mode":"bus","color":"#05617d","oi":-1.473,"n":4,"sw":1},"geometry":{"type":"LineString","coordinates":[[19.562559,50.35084],[19.562559,50.350858]]}},{"type":"Feature","properties":{"line":"477","mode":"bus","color":"#05617d","oi":-1.493,"n":4,"sw":1},"geometry":{"type":"LineString","coordinates":[[19.562559,50.350852],[19.562558,50.35087]]}},{"type":"Feature","properties":{"line":"477","mode":"bus","color":"#05617d","oi":-1.5,"n":4,"sw":1},"geometry":{"type":"LineString","coordinates":[[19.562559,50.350865],[19.562558,50.350883]]}},{"type":"Feature","properties":{"line":"477","mode":"bus","color":"#05617d","oi":-1.5,"n":4},"geometry":{"type":"LineString","coordinates":[[19.55692,50.283591],[19.557122,50.283047]]}},{"type":"Feature","properties":{"line":"477","mode":"bus","color":"#05617d","oi":-1.5,"n":4},"geometry":{"type":"LineString","coordinates":[[19.559008,50.291672],[19.558945,50.291684]]}},{"type":"Feature","properties":{"line":"472","mode":"bus","color":"#119efc","oi":0.5,"n":4},"geometry":{"type":"LineString","coordinates":[[19.562558,50.35088],[19.562544,50.352664],[19.562436,50.353906],[19.562303,50.354929],[19.562251,50.355054],[19.561895,50.355607],[19.561051,50.356809],[19.560016,50.358648],[19.558826,50.360493],[19.558758,50.360516],[19.555387,50.361351],[19.554171,50.361554],[19.553735,50.361656],[19.545179,50.364813],[19.544938,50.364879],[19.538232,50.366023],[19.537576,50.366106],[19.537275,50.3661],[19.532421,50.365625],[19.532228,50.365621],[19.531912,50.365656],[19.526521,50.366712],[19.52426,50.366652],[19.5238,50.366661],[19.522356,50.366866],[19.521492,50.367051],[19.520228,50.367412],[19.516365,50.368577],[19.515902,50.36869],[19.51585,50.368696],[19.515799,50.368686],[19.511996,50.367389]]}},{"type":"Feature","properties":{"line":"472","mode":"bus","color":"#119efc","oi":0,"n":4,"sw":1},"geometry":{"type":"LineString","coordinates":[[19.562561,50.350556],[19.562561,50.350591]]}},{"type":"Feature","properties":{"line":"472","mode":"bus","color":"#119efc","oi":0.017,"n":4,"sw":1},"geometry":{"type":"LineString","coordinates":[[19.562561,50.350586],[19.56256,50.350623]]}},{"type":"Feature","properties":{"line":"472","mode":"bus","color":"#119efc","oi":0.063,"n":4,"sw":1},"geometry":{"type":"LineString","coordinates":[[19.56256,50.350618],[19.56256,50.350656]]}},{"type":"Feature","properties":{"line":"472","mode":"bus","color":"#119efc","oi":0.13,"n":4,"sw":1},"geometry":{"type":"LineString","coordinates":[[19.56256,50.35065],[19.56256,50.350688]]}},{"type":"Feature","properties":{"line":"472","mode":"bus","color":"#119efc","oi":0.209,"n":4,"sw":1},"geometry":{"type":"LineString","coordinates":[[19.56256,50.350683],[19.56256,50.350721]]}},{"type":"Feature","properties":{"line":"472","mode":"bus","color":"#119efc","oi":0.291,"n":4,"sw":1},"geometry":{"type":"LineString","coordinates":[[19.56256,50.350715],[19.562559,50.350753]]}},{"type":"Feature","properties":{"line":"472","mode":"bus","color":"#119efc","oi":0.37,"n":4,"sw":1},"geometry":{"type":"LineString","coordinates":[[19.562559,50.350748],[19.562559,50.350785]]}},{"type":"Feature","properties":{"line":"472","mode":"bus","color":"#119efc","oi":0.437,"n":4,"sw":1},"geometry":{"type":"LineString","coordinates":[[19.562559,50.35078],[19.562559,50.350818]]}},{"type":"Feature","properties":{"line":"472","mode":"bus","color":"#119efc","oi":0.483,"n":4,"sw":1},"geometry":{"type":"LineString","coordinates":[[19.562559,50.350812],[19.562559,50.35085]]}},{"type":"Feature","properties":{"line":"472","mode":"bus","color":"#119efc","oi":0.5,"n":4,"sw":1},"geometry":{"type":"LineString","coordinates":[[19.562559,50.350845],[19.562558,50.350883]]}},{"type":"Feature","properties":{"line":"472","mode":"bus","color":"#119efc","oi":-0.5,"n":2},"geometry":{"type":"LineString","coordinates":[[19.51153,50.367263],[19.51081,50.367253],[19.508906,50.367284],[19.508566,50.367245],[19.508292,50.367184],[19.50728,50.36682],[19.506791,50.366706],[19.497569,50.365376],[19.496081,50.365138],[19.4944,50.364849],[19.494037,50.364751],[19.4935,50.364549]]}},{"type":"Feature","properties":{"line":"472","mode":"bus","color":"#119efc","oi":0.5,"n":2,"sw":1},"geometry":{"type":"LineString","coordinates":[[19.511996,50.367389],[19.511966,50.367381]]}},{"type":"Feature","properties":{"line":"472","mode":"bus","color":"#119efc","oi":0.49,"n":2,"sw":1},"geometry":{"type":"LineString","coordinates":[[19.511974,50.367383],[19.51194,50.367374]]}},{"type":"Feature","properties":{"line":"472","mode":"bus","color":"#119efc","oi":0.462,"n":2,"sw":1},"geometry":{"type":"LineString","coordinates":[[19.511948,50.367376],[19.511915,50.367366]]}},{"type":"Feature","properties":{"line":"472","mode":"bus","color":"#119efc","oi":0.418,"n":2,"sw":1},"geometry":{"type":"LineString","coordinates":[[19.511922,50.367369],[19.511889,50.367359]]}},{"type":"Feature","properties":{"line":"472","mode":"bus","color":"#119efc","oi":0.36,"n":2,"sw":1},"geometry":{"type":"LineString","coordinates":[[19.511897,50.367361],[19.511863,50.367352]]}},{"type":"Feature","properties":{"line":"472","mode":"bus","color":"#119efc","oi":0.291,"n":2,"sw":1},"geometry":{"type":"LineString","coordinates":[[19.511871,50.367354],[19.511837,50.367345]]}},{"type":"Feature","properties":{"line":"472","mode":"bus","color":"#119efc","oi":0.214,"n":2,"sw":1},"geometry":{"type":"LineString","coordinates":[[19.511845,50.367347],[19.511811,50.367338]]}},{"type":"Feature","properties":{"line":"472","mode":"bus","color":"#119efc","oi":0.131,"n":2,"sw":1},"geometry":{"type":"LineString","coordinates":[[19.511819,50.36734],[19.511786,50.367331]]}},{"type":"Feature","properties":{"line":"472","mode":"bus","color":"#119efc","oi":0.044,"n":2,"sw":1},"geometry":{"type":"LineString","coordinates":[[19.511793,50.367333],[19.51176,50.367324]]}},{"type":"Feature","properties":{"line":"472","mode":"bus","color":"#119efc","oi":-0.044,"n":2,"sw":1},"geometry":{"type":"LineString","coordinates":[[19.511768,50.367326],[19.511734,50.367316]]}},{"type":"Feature","properties":{"line":"472","mode":"bus","color":"#119efc","oi":-0.131,"n":2,"sw":1},"geometry":{"type":"LineString","coordinates":[[19.511742,50.367319],[19.511708,50.367309]]}},{"type":"Feature","properties":{"line":"472","mode":"bus","color":"#119efc","oi":-0.214,"n":2,"sw":1},"geometry":{"type":"LineString","coordinates":[[19.511716,50.367311],[19.511682,50.367302]]}},{"type":"Feature","properties":{"line":"472","mode":"bus","color":"#119efc","oi":-0.291,"n":2,"sw":1},"geometry":{"type":"LineString","coordinates":[[19.51169,50.367304],[19.511657,50.367295]]}},{"type":"Feature","properties":{"line":"472","mode":"bus","color":"#119efc","oi":-0.36,"n":2,"sw":1},"geometry":{"type":"LineString","coordinates":[[19.511664,50.367297],[19.511631,50.367288]]}},{"type":"Feature","properties":{"line":"472","mode":"bus","color":"#119efc","oi":-0.418,"n":2,"sw":1},"geometry":{"type":"LineString","coordinates":[[19.511638,50.36729],[19.511605,50.367281]]}},{"type":"Feature","properties":{"line":"472","mode":"bus","color":"#119efc","oi":-0.462,"n":2,"sw":1},"geometry":{"type":"LineString","coordinates":[[19.511613,50.367283],[19.511579,50.367274]]}},{"type":"Feature","properties":{"line":"472","mode":"bus","color":"#119efc","oi":-0.49,"n":2,"sw":1},"geometry":{"type":"LineString","coordinates":[[19.511587,50.367276],[19.511553,50.367266]]}},{"type":"Feature","properties":{"line":"472","mode":"bus","color":"#119efc","oi":-0.5,"n":2,"sw":1},"geometry":{"type":"LineString","coordinates":[[19.511561,50.367269],[19.511541,50.367263],[19.511526,50.367263]]}},{"type":"Feature","properties":{"line":"472","mode":"bus","color":"#119efc","oi":1.5,"n":4},"geometry":{"type":"LineString","coordinates":[[19.55692,50.283591],[19.557122,50.283047]]}},{"type":"Feature","properties":{"line":"472","mode":"bus","color":"#119efc","oi":1.5,"n":4},"geometry":{"type":"LineString","coordinates":[[19.559008,50.291672],[19.558945,50.291684]]}},{"type":"Feature","properties":{"line":"475","mode":"bus","color":"#126804","oi":-0.5,"n":4},"geometry":{"type":"LineString","coordinates":[[19.55692,50.283591],[19.557122,50.283047]]}},{"type":"Feature","properties":{"line":"475","mode":"bus","color":"#126804","oi":-0.5,"n":4},"geometry":{"type":"LineString","coordinates":[[19.559008,50.291672],[19.558945,50.291684]]}},{"type":"Feature","properties":{"line":"475","mode":"bus","color":"#126804","oi":-0.5,"n":2},"geometry":{"type":"LineString","coordinates":[[19.574475,50.320549],[19.565111,50.318311],[19.564644,50.31817],[19.564104,50.317942],[19.562511,50.317096]]}},{"type":"Feature","properties":{"line":"475","mode":"bus","color":"#126804","oi":-0.5,"n":2,"sw":1},"geometry":{"type":"LineString","coordinates":[[19.562514,50.317098],[19.562468,50.317073]]}},{"type":"Feature","properties":{"line":"475","mode":"bus","color":"#126804","oi":-0.483,"n":2,"sw":1},"geometry":{"type":"LineString","coordinates":[[19.562475,50.317077],[19.562429,50.317053]]}},{"type":"Feature","properties":{"line":"475","mode":"bus","color":"#126804","oi":-0.437,"n":2,"sw":1},"geometry":{"type":"LineString","coordinates":[[19.562436,50.317056],[19.56239,50.317032]]}},{"type":"Feature","properties":{"line":"475","mode":"bus","color":"#126804","oi":-0.37,"n":2,"sw":1},"geometry":{"type":"LineString","coordinates":[[19.562397,50.317036],[19.562352,50.317011]]}},{"type":"Feature","properties":{"line":"475","mode":"bus","color":"#126804","oi":-0.291,"n":2,"sw":1},"geometry":{"type":"LineString","coordinates":[[19.562358,50.317015],[19.562313,50.316991]]}},{"type":"Feature","properties":{"line":"475","mode":"bus","color":"#126804","oi":-0.209,"n":2,"sw":1},"geometry":{"type":"LineString","coordinates":[[19.562319,50.316994],[19.562274,50.31697]]}},{"type":"Feature","properties":{"line":"475","mode":"bus","color":"#126804","oi":-0.13,"n":2,"sw":1},"geometry":{"type":"LineString","coordinates":[[19.56228,50.316973],[19.562235,50.316949]]}},{"type":"Feature","properties":{"line":"475","mode":"bus","color":"#126804","oi":-0.063,"n":2,"sw":1},"geometry":{"type":"LineString","coordinates":[[19.562241,50.316953],[19.562196,50.316929]]}},{"type":"Feature","properties":{"line":"475","mode":"bus","color":"#126804","oi":-0.017,"n":2,"sw":1},"geometry":{"type":"LineString","coordinates":[[19.562202,50.316932],[19.562157,50.316908]]}},{"type":"Feature","properties":{"line":"475","mode":"bus","color":"#126804","oi":0,"n":2,"sw":1},"geometry":{"type":"LineString","coordinates":[[19.562163,50.316911],[19.562121,50.316889]]}},{"type":"Feature","properties":{"line":"475","mode":"bus","color":"#126804","oi":0,"n":1},"geometry":{"type":"LineString","coordinates":[[19.597004,50.299436],[19.595514,50.298489],[19.5953,50.298386],[19.594822,50.298227],[19.586769,50.296779],[19.586104,50.296606],[19.585542,50.296369],[19.585247,50.296195],[19.584539,50.295659],[19.578765,50.291137],[19.57288,50.286767]]}},{"type":"Feature","properties":{"line":"475","mode":"bus","color":"#126804","oi":0,"n":1},"geometry":{"type":"LineString","coordinates":[[19.569352,50.284157],[19.572843,50.28674],[19.572856,50.286753],[19.572859,50.286765],[19.572852,50.286777],[19.572834,50.286788],[19.57257,50.28691],[19.5716,50.28756],[19.57113,50.28781],[19.570797,50.28795],[19.570762,50.287974],[19.570751,50.288006],[19.57077,50.28864],[19.57085,50.289],[19.57118,50.28984],[19.5713,50.29001],[19.57232,50.29091],[19.57258,50.29122],[19.57293,50.29172],[19.57313,50.29214],[19.57343,50.29251],[19.57385,50.29292],[19.57388,50.29312],[19.57372,50.29481],[19.573747,50.295058],[19.574037,50.295756],[19.574113,50.296031],[19.574368,50.298435],[19.574872,50.301484],[19.574994,50.301822],[19.57692,50.30412],[19.577284,50.304432],[19.577344,50.304539],[19.57736,50.304657],[19.576523,50.313253],[19.576278,50.316465],[19.576164,50.317543],[19.575962,50.317957],[19.574475,50.320549]]}},{"type":"Feature","properties":{"line":"WK","mode":"bus","color":"#0357b2","oi":0.5,"n":4},"geometry":{"type":"LineString","coordinates":[[19.589929,50.271771],[19.592062,50.271297],[19.593803,50.270826]]}},{"type":"Feature","properties":{"line":"WK","mode":"bus","color":"#0357b2","oi":0,"n":4,"sw":1},"geometry":{"type":"LineString","coordinates":[[19.589451,50.271877],[19.589503,50.271865]]}},{"type":"Feature","properties":{"line":"WK","mode":"bus","color":"#0357b2","oi":0.017,"n":4,"sw":1},"geometry":{"type":"LineString","coordinates":[[19.589495,50.271867],[19.589551,50.271855]]}},{"type":"Feature","properties":{"line":"WK","mode":"bus","color":"#0357b2","oi":0.063,"n":4,"sw":1},"geometry":{"type":"LineString","coordinates":[[19.589543,50.271857],[19.589598,50.271844]]}},{"type":"Feature","properties":{"line":"WK","mode":"bus","color":"#0357b2","oi":0.13,"n":4,"sw":1},"geometry":{"type":"LineString","coordinates":[[19.589591,50.271846],[19.589646,50.271834]]}},{"type":"Feature","properties":{"line":"WK","mode":"bus","color":"#0357b2","oi":0.209,"n":4,"sw":1},"geometry":{"type":"LineString","coordinates":[[19.589638,50.271835],[19.589694,50.271823]]}},{"type":"Feature","properties":{"line":"WK","mode":"bus","color":"#0357b2","oi":0.291,"n":4,"sw":1},"geometry":{"type":"LineString","coordinates":[[19.589686,50.271825],[19.589742,50.271812]]}},{"type":"Feature","properties":{"line":"WK","mode":"bus","color":"#0357b2","oi":0.37,"n":4,"sw":1},"geometry":{"type":"LineString","coordinates":[[19.589734,50.271814],[19.58979,50.271802]]}},{"type":"Feature","properties":{"line":"WK","mode":"bus","color":"#0357b2","oi":0.437,"n":4,"sw":1},"geometry":{"type":"LineString","coordinates":[[19.589782,50.271804],[19.589838,50.271791]]}},{"type":"Feature","properties":{"line":"WK","mode":"bus","color":"#0357b2","oi":0.483,"n":4,"sw":1},"geometry":{"type":"LineString","coordinates":[[19.58983,50.271793],[19.589885,50.27178]]}},{"type":"Feature","properties":{"line":"WK","mode":"bus","color":"#0357b2","oi":0.5,"n":4,"sw":1},"geometry":{"type":"LineString","coordinates":[[19.589878,50.271782],[19.589933,50.27177]]}},{"type":"Feature","properties":{"line":"WK","mode":"bus","color":"#0357b2","oi":-0.5,"n":2},"geometry":{"type":"LineString","coordinates":[[19.593846,50.27088],[19.593888,50.270934]]}},{"type":"Feature","properties":{"line":"WK","mode":"bus","color":"#0357b2","oi":0,"n":2,"sw":1},"geometry":{"type":"LineString","coordinates":[[19.593803,50.270826],[19.593811,50.270836]]}},{"type":"Feature","properties":{"line":"WK","mode":"bus","color":"#0357b2","oi":-0.037,"n":2,"sw":1},"geometry":{"type":"LineString","coordinates":[[19.593807,50.270831],[19.593817,50.270844]]}},{"type":"Feature","properties":{"line":"WK","mode":"bus","color":"#0357b2","oi":-0.13,"n":2,"sw":1},"geometry":{"type":"LineString","coordinates":[[19.593813,50.270839],[19.593823,50.270852]]}},{"type":"Feature","properties":{"line":"WK","mode":"bus","color":"#0357b2","oi":-0.25,"n":2,"sw":1},"geometry":{"type":"LineString","coordinates":[[19.593819,50.270847],[19.593829,50.270859]]}},{"type":"Feature","properties":{"line":"WK","mode":"bus","color":"#0357b2","oi":-0.37,"n":2,"sw":1},"geometry":{"type":"LineString","coordinates":[[19.593825,50.270854],[19.593835,50.270867]]}},{"type":"Feature","properties":{"line":"WK","mode":"bus","color":"#0357b2","oi":-0.463,"n":2,"sw":1},"geometry":{"type":"LineString","coordinates":[[19.593831,50.270862],[19.593841,50.270875]]}},{"type":"Feature","properties":{"line":"WK","mode":"bus","color":"#0357b2","oi":-0.5,"n":2,"sw":1},"geometry":{"type":"LineString","coordinates":[[19.593838,50.27087],[19.593847,50.270882]]}},{"type":"Feature","properties":{"line":"WK","mode":"bus","color":"#0357b2","oi":-0.5,"n":2},"geometry":{"type":"LineString","coordinates":[[19.60333,50.282667],[19.602946,50.282012],[19.59928,50.2768],[19.59853,50.276068],[19.595969,50.273707],[19.595257,50.272834],[19.593912,50.270967],[19.593893,50.27095],[19.593868,50.270944],[19.593836,50.270948],[19.592176,50.271392],[19.589507,50.271982]]}},{"type":"Feature","properties":{"line":"WK","mode":"bus","color":"#0357b2","oi":0,"n":1},"geometry":{"type":"LineString","coordinates":[[19.613126,50.267256],[19.621372,50.26816],[19.621867,50.268245],[19.622213,50.268342],[19.622695,50.268536],[19.624213,50.269491],[19.624658,50.269715],[19.628477,50.270902],[19.629083,50.271041],[19.629453,50.271083],[19.634548,50.271429],[19.636938,50.271537],[19.637345,50.271601],[19.638802,50.271996],[19.639219,50.272071],[19.639558,50.272078],[19.639805,50.272058],[19.644427,50.271645],[19.661571,50.27164],[19.667219,50.271082],[19.667251,50.271075],[19.66727,50.271062],[19.667278,50.271041],[19.667392,50.269766],[19.66858,50.260775],[19.668599,50.260649],[19.668682,50.260537],[19.668833,50.260474],[19.669283,50.260382],[19.678376,50.258851],[19.682418,50.258203],[19.684174,50.258146],[19.684443,50.258277]]}},{"type":"Feature","properties":{"line":"WK","mode":"bus","color":"#0357b2","oi":0,"n":1},"geometry":{"type":"LineString","coordinates":[[19.638106,50.271803],[19.637939,50.272133],[19.637924,50.272152],[19.637899,50.272165],[19.637866,50.272172],[19.636764,50.272271],[19.635038,50.272569],[19.632701,50.273135],[19.631574,50.27331],[19.630425,50.273593],[19.629075,50.273898],[19.628932,50.273911],[19.628863,50.273882],[19.628589,50.273628],[19.627925,50.273095],[19.627706,50.273036],[19.626418,50.272801],[19.625487,50.272443],[19.62519,50.272028],[19.625112,50.271609],[19.625611,50.270477],[19.625744,50.270058]]}},{"type":"Feature","properties":{"line":"WK","mode":"bus","color":"#0357b2","oi":0,"n":1},"geometry":{"type":"LineString","coordinates":[[19.606905,50.268417],[19.605174,50.270828],[19.602448,50.274532],[19.602441,50.274547],[19.602444,50.274556],[19.602457,50.274562],[19.60248,50.274563],[19.60383,50.274509],[19.604304,50.274553],[19.605012,50.274671],[19.605615,50.27468],[19.605639,50.274683],[19.605656,50.27469],[19.605664,50.274701],[19.605666,50.274717],[19.605371,50.276643],[19.605389,50.27712],[19.605482,50.277567],[19.606244,50.280292],[19.606333,50.280494],[19.60661,50.280955],[19.606622,50.281687],[19.606512,50.282793],[19.606503,50.282814],[19.606484,50.282827],[19.606452,50.282835],[19.606031,50.282877],[19.60415,50.282641],[19.603647,50.282625],[19.60333,50.282667]]}},{"type":"Feature","properties":{"line":"WK","mode":"bus","color":"#0357b2","oi":0,"n":1},"geometry":{"type":"LineString","coordinates":[[19.675995,50.259071],[19.675984,50.259251]]}},{"type":"Feature","properties":{"line":"WK","mode":"bus","color":"#0357b2","oi":0,"n":1},"geometry":{"type":"LineString","coordinates":[[19.606871,50.268678],[19.606905,50.268417],[19.606868,50.2683],[19.606868,50.26828],[19.606882,50.268265],[19.606911,50.268256],[19.610886,50.267573],[19.61138,50.267457],[19.612822,50.267021],[19.612846,50.267017],[19.612866,50.267018],[19.612882,50.267026],[19.612896,50.267039],[19.612996,50.267186],[19.613083,50.267233],[19.613096,50.267241],[19.613102,50.267247],[19.613099,50.267251],[19.613088,50.267253],[19.61307,50.267253],[19.612222,50.267206]]}},{"type":"Feature","properties":{"line":"ZP","mode":"bus","color":"#b11526","oi":-0.5,"n":4},"geometry":{"type":"LineString","coordinates":[[19.589929,50.271771],[19.592062,50.271297],[19.593803,50.270826]]}},{"type":"Feature","properties":{"line":"ZP","mode":"bus","color":"#b11526","oi":0,"n":4,"sw":1},"geometry":{"type":"LineString","coordinates":[[19.589451,50.271877],[19.589503,50.271865]]}},{"type":"Feature","properties":{"line":"ZP","mode":"bus","color":"#b11526","oi":-0.017,"n":4,"sw":1},"geometry":{"type":"LineString","coordinates":[[19.589495,50.271867],[19.589551,50.271855]]}},{"type":"Feature","properties":{"line":"ZP","mode":"bus","color":"#b11526","oi":-0.063,"n":4,"sw":1},"geometry":{"type":"LineString","coordinates":[[19.589543,50.271857],[19.589598,50.271844]]}},{"type":"Feature","properties":{"line":"ZP","mode":"bus","color":"#b11526","oi":-0.13,"n":4,"sw":1},"geometry":{"type":"LineString","coordinates":[[19.589591,50.271846],[19.589646,50.271834]]}},{"type":"Feature","properties":{"line":"ZP","mode":"bus","color":"#b11526","oi":-0.209,"n":4,"sw":1},"geometry":{"type":"LineString","coordinates":[[19.589638,50.271835],[19.589694,50.271823]]}},{"type":"Feature","properties":{"line":"ZP","mode":"bus","color":"#b11526","oi":-0.291,"n":4,"sw":1},"geometry":{"type":"LineString","coordinates":[[19.589686,50.271825],[19.589742,50.271812]]}},{"type":"Feature","properties":{"line":"ZP","mode":"bus","color":"#b11526","oi":-0.37,"n":4,"sw":1},"geometry":{"type":"LineString","coordinates":[[19.589734,50.271814],[19.58979,50.271802]]}},{"type":"Feature","properties":{"line":"ZP","mode":"bus","color":"#b11526","oi":-0.437,"n":4,"sw":1},"geometry":{"type":"LineString","coordinates":[[19.589782,50.271804],[19.589838,50.271791]]}},{"type":"Feature","properties":{"line":"ZP","mode":"bus","color":"#b11526","oi":-0.483,"n":4,"sw":1},"geometry":{"type":"LineString","coordinates":[[19.58983,50.271793],[19.589885,50.27178]]}},{"type":"Feature","properties":{"line":"ZP","mode":"bus","color":"#b11526","oi":-0.5,"n":4,"sw":1},"geometry":{"type":"LineString","coordinates":[[19.589878,50.271782],[19.589933,50.27177]]}},{"type":"Feature","properties":{"line":"ZP","mode":"bus","color":"#b11526","oi":-0.5,"n":4},"geometry":{"type":"LineString","coordinates":[[19.5747,50.266011],[19.57746,50.266358],[19.577621,50.266416],[19.578427,50.266817]]}},{"type":"Feature","properties":{"line":"ZP","mode":"bus","color":"#b11526","oi":0,"n":4,"sw":1},"geometry":{"type":"LineString","coordinates":[[19.574203,50.265948],[19.574257,50.265955]]}},{"type":"Feature","properties":{"line":"ZP","mode":"bus","color":"#b11526","oi":-0.017,"n":4,"sw":1},"geometry":{"type":"LineString","coordinates":[[19.574249,50.265954],[19.574307,50.265961]]}},{"type":"Feature","properties":{"line":"ZP","mode":"bus","color":"#b11526","oi":-0.063,"n":4,"sw":1},"geometry":{"type":"LineString","coordinates":[[19.574298,50.26596],[19.574356,50.265967]]}},{"type":"Feature","properties":{"line":"ZP","mode":"bus","color":"#b11526","oi":-0.13,"n":4,"sw":1},"geometry":{"type":"LineString","coordinates":[[19.574348,50.265966],[19.574406,50.265974]]}},{"type":"Feature","properties":{"line":"ZP","mode":"bus","color":"#b11526","oi":-0.209,"n":4,"sw":1},"geometry":{"type":"LineString","coordinates":[[19.574398,50.265972],[19.574456,50.26598]]}},{"type":"Feature","properties":{"line":"ZP","mode":"bus","color":"#b11526","oi":-0.291,"n":4,"sw":1},"geometry":{"type":"LineString","coordinates":[[19.574447,50.265979],[19.574505,50.265986]]}},{"type":"Feature","properties":{"line":"ZP","mode":"bus","color":"#b11526","oi":-0.37,"n":4,"sw":1},"geometry":{"type":"LineString","coordinates":[[19.574497,50.265985],[19.574555,50.265992]]}},{"type":"Feature","properties":{"line":"ZP","mode":"bus","color":"#b11526","oi":-0.437,"n":4,"sw":1},"geometry":{"type":"LineString","coordinates":[[19.574547,50.265991],[19.574605,50.265999]]}},{"type":"Feature","properties":{"line":"ZP","mode":"bus","color":"#b11526","oi":-0.483,"n":4,"sw":1},"geometry":{"type":"LineString","coordinates":[[19.574596,50.265998],[19.574654,50.266005]]}},{"type":"Feature","properties":{"line":"ZP","mode":"bus","color":"#b11526","oi":-0.5,"n":4,"sw":1},"geometry":{"type":"LineString","coordinates":[[19.574646,50.266004],[19.574704,50.266011]]}},{"type":"Feature","properties":{"line":"ZP","mode":"bus","color":"#b11526","oi":-0.5,"n":4},"geometry":{"type":"LineString","coordinates":[[19.579698,50.269476],[19.579957,50.26902]]}},{"type":"Feature","properties":{"line":"ZP","mode":"bus","color":"#b11526","oi":0,"n":4,"sw":1},"geometry":{"type":"LineString","coordinates":[[19.579525,50.26978],[19.579544,50.269747]]}},{"type":"Feature","properties":{"line":"ZP","mode":"bus","color":"#b11526","oi":-0.017,"n":4,"sw":1},"geometry":{"type":"LineString","coordinates":[[19.579541,50.269752],[19.579561,50.269717]]}},{"type":"Feature","properties":{"line":"ZP","mode":"bus","color":"#b11526","oi":-0.063,"n":4,"sw":1},"geometry":{"type":"LineString","coordinates":[[19.579558,50.269722],[19.579578,50.269686]]}},{"type":"Feature","properties":{"line":"ZP","mode":"bus","color":"#b11526","oi":-0.13,"n":4,"sw":1},"geometry":{"type":"LineString","coordinates":[[19.579575,50.269691],[19.579596,50.269656]]}},{"type":"Feature","properties":{"line":"ZP","mode":"bus","color":"#b11526","oi":-0.209,"n":4,"sw":1},"geometry":{"type":"LineString","coordinates":[[19.579593,50.269661],[19.579613,50.269625]]}},{"type":"Feature","properties":{"line":"ZP","mode":"bus","color":"#b11526","oi":-0.291,"n":4,"sw":1},"geometry":{"type":"LineString","coordinates":[[19.57961,50.26963],[19.57963,50.269595]]}},{"type":"Feature","properties":{"line":"ZP","mode":"bus","color":"#b11526","oi":-0.37,"n":4,"sw":1},"geometry":{"type":"LineString","coordinates":[[19.579627,50.2696],[19.579648,50.269564]]}},{"type":"Feature","properties":{"line":"ZP","mode":"bus","color":"#b11526","oi":-0.437,"n":4,"sw":1},"geometry":{"type":"LineString","coordinates":[[19.579645,50.269569],[19.579665,50.269534]]}},{"type":"Feature","properties":{"line":"ZP","mode":"bus","color":"#b11526","oi":-0.483,"n":4,"sw":1},"geometry":{"type":"LineString","coordinates":[[19.579662,50.269539],[19.579682,50.269503]]}},{"type":"Feature","properties":{"line":"ZP","mode":"bus","color":"#b11526","oi":-0.5,"n":4,"sw":1},"geometry":{"type":"LineString","coordinates":[[19.579679,50.269509],[19.579699,50.269473]]}},{"type":"Feature","properties":{"line":"ZP","mode":"bus","color":"#b11526","oi":0.5,"n":2},"geometry":{"type":"LineString","coordinates":[[19.593588,50.270533],[19.593441,50.270333],[19.592931,50.269822],[19.592588,50.269555],[19.592271,50.269351],[19.590723,50.268583],[19.588873,50.267597],[19.587661,50.266788],[19.586723,50.266092],[19.584443,50.264128],[19.584014,50.263803],[19.583428,50.263432],[19.582848,50.263116],[19.582154,50.262813],[19.581599,50.26261],[19.580575,50.262336],[19.577399,50.261773],[19.576483,50.261592]]}},{"type":"Feature","properties":{"line":"ZP","mode":"bus","color":"#b11526","oi":0,"n":2,"sw":1},"geometry":{"type":"LineString","coordinates":[[19.593803,50.270826],[19.59378,50.270794]]}},{"type":"Feature","properties":{"line":"ZP","mode":"bus","color":"#b11526","oi":0.017,"n":2,"sw":1},"geometry":{"type":"LineString","coordinates":[[19.593783,50.270799],[19.593758,50.270765]]}},{"type":"Feature","properties":{"line":"ZP","mode":"bus","color":"#b11526","oi":0.063,"n":2,"sw":1},"geometry":{"type":"LineString","coordinates":[[19.593762,50.27077],[19.593737,50.270736]]}},{"type":"Feature","properties":{"line":"ZP","mode":"bus","color":"#b11526","oi":0.13,"n":2,"sw":1},"geometry":{"type":"LineString","coordinates":[[19.59374,50.27074],[19.593715,50.270706]]}},{"type":"Feature","properties":{"line":"ZP","mode":"bus","color":"#b11526","oi":0.209,"n":2,"sw":1},"geometry":{"type":"LineString","coordinates":[[19.593719,50.270711],[19.593694,50.270677]]}},{"type":"Feature","properties":{"line":"ZP","mode":"bus","color":"#b11526","oi":0.291,"n":2,"sw":1},"geometry":{"type":"LineString","coordinates":[[19.593697,50.270682],[19.593672,50.270648]]}},{"type":"Feature","properties":{"line":"ZP","mode":"bus","color":"#b11526","oi":0.37,"n":2,"sw":1},"geometry":{"type":"LineString","coordinates":[[19.593676,50.270653],[19.593651,50.270618]]}},{"type":"Feature","properties":{"line":"ZP","mode":"bus","color":"#b11526","oi":0.437,"n":2,"sw":1},"geometry":{"type":"LineString","coordinates":[[19.593654,50.270623],[19.593629,50.270589]]}},{"type":"Feature","properties":{"line":"ZP","mode":"bus","color":"#b11526","oi":0.483,"n":2,"sw":1},"geometry":{"type":"LineString","coordinates":[[19.593633,50.270594],[19.593607,50.27056]]}},{"type":"Feature","properties":{"line":"ZP","mode":"bus","color":"#b11526","oi":0.5,"n":2,"sw":1},"geometry":{"type":"LineString","coordinates":[[19.593611,50.270565],[19.593586,50.27053]]}},{"type":"Feature","properties":{"line":"ZP","mode":"bus","color":"#b11526","oi":0.5,"n":2,"sw":1},"geometry":{"type":"LineString","coordinates":[[19.576487,50.261593],[19.57643,50.261582]]}},{"type":"Feature","properties":{"line":"ZP","mode":"bus","color":"#b11526","oi":0.483,"n":2,"sw":1},"geometry":{"type":"LineString","coordinates":[[19.576439,50.261584],[19.576382,50.261573]]}},{"type":"Feature","properties":{"line":"ZP","mode":"bus","color":"#b11526","oi":0.437,"n":2,"sw":1},"geometry":{"type":"LineString","coordinates":[[19.57639,50.261574],[19.576334,50.261563]]}},{"type":"Feature","properties":{"line":"ZP","mode":"bus","color":"#b11526","oi":0.37,"n":2,"sw":1},"geometry":{"type":"LineString","coordinates":[[19.576342,50.261565],[19.576285,50.261553]]}},{"type":"Feature","properties":{"line":"ZP","mode":"bus","color":"#b11526","oi":0.291,"n":2,"sw":1},"geometry":{"type":"LineString","coordinates":[[19.576293,50.261555],[19.576237,50.261544]]}},{"type":"Feature","properties":{"line":"ZP","mode":"bus","color":"#b11526","oi":0.209,"n":2,"sw":1},"geometry":{"type":"LineString","coordinates":[[19.576245,50.261545],[19.576189,50.261534]]}},{"type":"Feature","properties":{"line":"ZP","mode":"bus","color":"#b11526","oi":0.13,"n":2,"sw":1},"geometry":{"type":"LineString","coordinates":[[19.576197,50.261536],[19.57614,50.261525]]}},{"type":"Feature","properties":{"line":"ZP","mode":"bus","color":"#b11526","oi":0.063,"n":2,"sw":1},"geometry":{"type":"LineString","coordinates":[[19.576148,50.261526],[19.576092,50.261515]]}},{"type":"Feature","properties":{"line":"ZP","mode":"bus","color":"#b11526","oi":0.017,"n":2,"sw":1},"geometry":{"type":"LineString","coordinates":[[19.5761,50.261517],[19.576043,50.261506]]}},{"type":"Feature","properties":{"line":"ZP","mode":"bus","color":"#b11526","oi":0,"n":2,"sw":1},"geometry":{"type":"LineString","coordinates":[[19.576051,50.261507],[19.575999,50.261497]]}},{"type":"Feature","properties":{"line":"ZP","mode":"bus","color":"#b11526","oi":0.5,"n":2},"geometry":{"type":"LineString","coordinates":[[19.586003,50.2649],[19.585581,50.26511]]}},{"type":"Feature","properties":{"line":"ZP","mode":"bus","color":"#b11526","oi":0.5,"n":2},"geometry":{"type":"LineString","coordinates":[[19.585655,50.265172],[19.586003,50.2649],[19.586243,50.264748],[19.588304,50.26357],[19.591327,50.261553],[19.593789,50.260157],[19.598095,50.257348],[19.598143,50.257309],[19.598246,50.257061],[19.598366,50.255723],[19.598817,50.252593],[19.599606,50.246434],[19.599777,50.244679],[19.599919,50.243738],[19.599945,50.243621],[19.599987,50.243578],[19.599974,50.243398],[19.600171,50.242129],[19.601,50.235404],[19.601411,50.232643],[19.602706,50.222258],[19.602732,50.220912],[19.602851,50.220375],[19.602994,50.219934]]}},{"type":"Feature","properties":{"line":"ZP","mode":"bus","color":"#b11526","oi":0.5,"n":2},"geometry":{"type":"LineString","coordinates":[[19.607103,50.243893],[19.607129,50.24374]]}},{"type":"Feature","properties":{"line":"ZP","mode":"bus","color":"#b11526","oi":0.5,"n":2},"geometry":{"type":"LineString","coordinates":[[19.644934,50.254784],[19.661683,50.250253],[19.662398,50.250016],[19.663186,50.249715],[19.665687,50.248513],[19.667768,50.247472],[19.669334,50.246728],[19.669351,50.246717],[19.669358,50.246706],[19.669355,50.246693],[19.669341,50.246681],[19.669253,50.24662],[19.669142,50.246583],[19.668979,50.246559],[19.66866,50.246557],[19.660043,50.247131],[19.655553,50.247452],[19.654031,50.247529],[19.650887,50.247735],[19.64996,50.247702],[19.648083,50.247552],[19.646454,50.247501],[19.645208,50.247366],[19.64404,50.247327],[19.642981,50.247331],[19.639837,50.247151],[19.635758,50.247031],[19.63399,50.247139],[19.631537,50.247324],[19.630382,50.247382],[19.628853,50.247403],[19.627422,50.247714],[19.62689,50.247904],[19.62621,50.248088],[19.625928,50.248204],[19.625719,50.248416],[19.625299,50.249088],[19.625176,50.249199],[19.625058,50.249232],[19.624703,50.249187],[19.623872,50.248938],[19.608984,50.24423],[19.608121,50.24402],[19.607292,50.24391],[19.606421,50.243851],[19.600276,50.243564],[19.599987,50.243578]]}},{"type":"Feature","properties":{"line":"ZZ","mode":"bus","color":"#07ad80","oi":-1.5,"n":4},"geometry":{"type":"LineString","coordinates":[[19.589929,50.271771],[19.592062,50.271297],[19.593803,50.270826]]}},{"type":"Feature","properties":{"line":"ZZ","mode":"bus","color":"#07ad80","oi":0,"n":4,"sw":1},"geometry":{"type":"LineString","coordinates":[[19.589451,50.271877],[19.589473,50.271872]]}},{"type":"Feature","properties":{"line":"ZZ","mode":"bus","color":"#07ad80","oi":-0.007,"n":4,"sw":1},"geometry":{"type":"LineString","coordinates":[[19.589465,50.271874],[19.589492,50.271868]]}},{"type":"Feature","properties":{"line":"ZZ","mode":"bus","color":"#07ad80","oi":-0.027,"n":4,"sw":1},"geometry":{"type":"LineString","coordinates":[[19.589484,50.27187],[19.58951,50.271864]]}},{"type":"Feature","properties":{"line":"ZZ","mode":"bus","color":"#07ad80","oi":-0.06,"n":4,"sw":1},"geometry":{"type":"LineString","coordinates":[[19.589502,50.271866],[19.589529,50.27186]]}},{"type":"Feature","properties":{"line":"ZZ","mode":"bus","color":"#07ad80","oi":-0.103,"n":4,"sw":1},"geometry":{"type":"LineString","coordinates":[[19.589521,50.271862],[19.589547,50.271856]]}},{"type":"Feature","properties":{"line":"ZZ","mode":"bus","color":"#07ad80","oi":-0.156,"n":4,"sw":1},"geometry":{"type":"LineString","coordinates":[[19.589539,50.271857],[19.589565,50.271852]]}},{"type":"Feature","properties":{"line":"ZZ","mode":"bus","color":"#07ad80","oi":-0.218,"n":4,"sw":1},"geometry":{"type":"LineString","coordinates":[[19.589557,50.271853],[19.589584,50.271848]]}},{"type":"Feature","properties":{"line":"ZZ","mode":"bus","color":"#07ad80","oi":-0.287,"n":4,"sw":1},"geometry":{"type":"LineString","coordinates":[[19.589576,50.271849],[19.589602,50.271843]]}},{"type":"Feature","properties":{"line":"ZZ","mode":"bus","color":"#07ad80","oi":-0.362,"n":4,"sw":1},"geometry":{"type":"LineString","coordinates":[[19.589594,50.271845],[19.589621,50.271839]]}},{"type":"Feature","properties":{"line":"ZZ","mode":"bus","color":"#07ad80","oi":-0.443,"n":4,"sw":1},"geometry":{"type":"LineString","coordinates":[[19.589613,50.271841],[19.589639,50.271835]]}},{"type":"Feature","properties":{"line":"ZZ","mode":"bus","color":"#07ad80","oi":-0.528,"n":4,"sw":1},"geometry":{"type":"LineString","coordinates":[[19.589631,50.271837],[19.589657,50.271831]]}},{"type":"Feature","properties":{"line":"ZZ","mode":"bus","color":"#07ad80","oi":-0.616,"n":4,"sw":1},"geometry":{"type":"LineString","coordinates":[[19.589649,50.271833],[19.589676,50.271827]]}},{"type":"Feature","properties":{"line":"ZZ","mode":"bus","color":"#07ad80","oi":-0.705,"n":4,"sw":1},"geometry":{"type":"LineString","coordinates":[[19.589668,50.271829],[19.589694,50.271823]]}},{"type":"Feature","properties":{"line":"ZZ","mode":"bus","color":"#07ad80","oi":-0.795,"n":4,"sw":1},"geometry":{"type":"LineString","coordinates":[[19.589686,50.271825],[19.589713,50.271819]]}},{"type":"Feature","properties":{"line":"ZZ","mode":"bus","color":"#07ad80","oi":-0.884,"n":4,"sw":1},"geometry":{"type":"LineString","coordinates":[[19.589705,50.271821],[19.589731,50.271815]]}},{"type":"Feature","properties":{"line":"ZZ","mode":"bus","color":"#07ad80","oi":-0.972,"n":4,"sw":1},"geometry":{"type":"LineString","coordinates":[[19.589723,50.271817],[19.589749,50.271811]]}},{"type":"Feature","properties":{"line":"ZZ","mode":"bus","color":"#07ad80","oi":-1.057,"n":4,"sw":1},"geometry":{"type":"LineString","coordinates":[[19.589741,50.271812],[19.589768,50.271807]]}},{"type":"Feature","properties":{"line":"ZZ","mode":"bus","color":"#07ad80","oi":-1.138,"n":4,"sw":1},"geometry":{"type":"LineString","coordinates":[[19.58976,50.271808],[19.589786,50.271803]]}},{"type":"Feature","properties":{"line":"ZZ","mode":"bus","color":"#07ad80","oi":-1.213,"n":4,"sw":1},"geometry":{"type":"LineString","coordinates":[[19.589778,50.271804],[19.589805,50.271798]]}},{"type":"Feature","properties":{"line":"ZZ","mode":"bus","color":"#07ad80","oi":-1.282,"n":4,"sw":1},"geometry":{"type":"LineString","coordinates":[[19.589797,50.2718],[19.589823,50.271794]]}},{"type":"Feature","properties":{"line":"ZZ","mode":"bus","color":"#07ad80","oi":-1.344,"n":4,"sw":1},"geometry":{"type":"LineString","coordinates":[[19.589815,50.271796],[19.589841,50.27179]]}},{"type":"Feature","properties":{"line":"ZZ","mode":"bus","color":"#07ad80","oi":-1.397,"n":4,"sw":1},"geometry":{"type":"LineString","coordinates":[[19.589833,50.271792],[19.58986,50.271786]]}},{"type":"Feature","properties":{"line":"ZZ","mode":"bus","color":"#07ad80","oi":-1.44,"n":4,"sw":1},"geometry":{"type":"LineString","coordinates":[[19.589852,50.271788],[19.589878,50.271782]]}},{"type":"Feature","properties":{"line":"ZZ","mode":"bus","color":"#07ad80","oi":-1.473,"n":4,"sw":1},"geometry":{"type":"LineString","coordinates":[[19.58987,50.271784],[19.589897,50.271778]]}},{"type":"Feature","properties":{"line":"ZZ","mode":"bus","color":"#07ad80","oi":-1.493,"n":4,"sw":1},"geometry":{"type":"LineString","coordinates":[[19.589889,50.27178],[19.589915,50.271774]]}},{"type":"Feature","properties":{"line":"ZZ","mode":"bus","color":"#07ad80","oi":-1.5,"n":4,"sw":1},"geometry":{"type":"LineString","coordinates":[[19.589907,50.271776],[19.589933,50.27177]]}},{"type":"Feature","properties":{"line":"ZZ","mode":"bus","color":"#07ad80","oi":-1.5,"n":4},"geometry":{"type":"LineString","coordinates":[[19.5747,50.266011],[19.57746,50.266358],[19.577621,50.266416],[19.578427,50.266817]]}},{"type":"Feature","properties":{"line":"ZZ","mode":"bus","color":"#07ad80","oi":0,"n":4,"sw":1},"geometry":{"type":"LineString","coordinates":[[19.574203,50.265948],[19.574226,50.265951]]}},{"type":"Feature","properties":{"line":"ZZ","mode":"bus","color":"#07ad80","oi":-0.007,"n":4,"sw":1},"geometry":{"type":"LineString","coordinates":[[19.574218,50.26595],[19.574245,50.265953]]}},{"type":"Feature","properties":{"line":"ZZ","mode":"bus","color":"#07ad80","oi":-0.027,"n":4,"sw":1},"geometry":{"type":"LineString","coordinates":[[19.574237,50.265952],[19.574264,50.265956]]}},{"type":"Feature","properties":{"line":"ZZ","mode":"bus","color":"#07ad80","oi":-0.06,"n":4,"sw":1},"geometry":{"type":"LineString","coordinates":[[19.574256,50.265955],[19.574284,50.265958]]}},{"type":"Feature","properties":{"line":"ZZ","mode":"bus","color":"#07ad80","oi":-0.103,"n":4,"sw":1},"geometry":{"type":"LineString","coordinates":[[19.574275,50.265957],[19.574303,50.265961]]}},{"type":"Feature","properties":{"line":"ZZ","mode":"bus","color":"#07ad80","oi":-0.156,"n":4,"sw":1},"geometry":{"type":"LineString","coordinates":[[19.574294,50.26596],[19.574322,50.265963]]}},{"type":"Feature","properties":{"line":"ZZ","mode":"bus","color":"#07ad80","oi":-0.218,"n":4,"sw":1},"geometry":{"type":"LineString","coordinates":[[19.574314,50.265962],[19.574341,50.265965]]}},{"type":"Feature","properties":{"line":"ZZ","mode":"bus","color":"#07ad80","oi":-0.287,"n":4,"sw":1},"geometry":{"type":"LineString","coordinates":[[19.574333,50.265964],[19.57436,50.265968]]}},{"type":"Feature","properties":{"line":"ZZ","mode":"bus","color":"#07ad80","oi":-0.362,"n":4,"sw":1},"geometry":{"type":"LineString","coordinates":[[19.574352,50.265967],[19.574379,50.26597]]}},{"type":"Feature","properties":{"line":"ZZ","mode":"bus","color":"#07ad80","oi":-0.443,"n":4,"sw":1},"geometry":{"type":"LineString","coordinates":[[19.574371,50.265969],[19.574398,50.265973]]}},{"type":"Feature","properties":{"line":"ZZ","mode":"bus","color":"#07ad80","oi":-0.528,"n":4,"sw":1},"geometry":{"type":"LineString","coordinates":[[19.57439,50.265972],[19.574417,50.265975]]}},{"type":"Feature","properties":{"line":"ZZ","mode":"bus","color":"#07ad80","oi":-0.616,"n":4,"sw":1},"geometry":{"type":"LineString","coordinates":[[19.574409,50.265974],[19.574436,50.265977]]}},{"type":"Feature","properties":{"line":"ZZ","mode":"bus","color":"#07ad80","oi":-0.705,"n":4,"sw":1},"geometry":{"type":"LineString","coordinates":[[19.574428,50.265976],[19.574456,50.26598]]}},{"type":"Feature","properties":{"line":"ZZ","mode":"bus","color":"#07ad80","oi":-0.795,"n":4,"sw":1},"geometry":{"type":"LineString","coordinates":[[19.574447,50.265979],[19.574475,50.265982]]}},{"type":"Feature","properties":{"line":"ZZ","mode":"bus","color":"#07ad80","oi":-0.884,"n":4,"sw":1},"geometry":{"type":"LineString","coordinates":[[19.574466,50.265981],[19.574494,50.265985]]}},{"type":"Feature","properties":{"line":"ZZ","mode":"bus","color":"#07ad80","oi":-0.972,"n":4,"sw":1},"geometry":{"type":"LineString","coordinates":[[19.574485,50.265984],[19.574513,50.265987]]}},{"type":"Feature","properties":{"line":"ZZ","mode":"bus","color":"#07ad80","oi":-1.057,"n":4,"sw":1},"geometry":{"type":"LineString","coordinates":[[19.574505,50.265986],[19.574532,50.265989]]}},{"type":"Feature","properties":{"line":"ZZ","mode":"bus","color":"#07ad80","oi":-1.138,"n":4,"sw":1},"geometry":{"type":"LineString","coordinates":[[19.574524,50.265988],[19.574551,50.265992]]}},{"type":"Feature","properties":{"line":"ZZ","mode":"bus","color":"#07ad80","oi":-1.213,"n":4,"sw":1},"geometry":{"type":"LineString","coordinates":[[19.574543,50.265991],[19.57457,50.265994]]}},{"type":"Feature","properties":{"line":"ZZ","mode":"bus","color":"#07ad80","oi":-1.282,"n":4,"sw":1},"geometry":{"type":"LineString","coordinates":[[19.574562,50.265993],[19.574589,50.265997]]}},{"type":"Feature","properties":{"line":"ZZ","mode":"bus","color":"#07ad80","oi":-1.344,"n":4,"sw":1},"geometry":{"type":"LineString","coordinates":[[19.574581,50.265996],[19.574608,50.265999]]}},{"type":"Feature","properties":{"line":"ZZ","mode":"bus","color":"#07ad80","oi":-1.397,"n":4,"sw":1},"geometry":{"type":"LineString","coordinates":[[19.5746,50.265998],[19.574628,50.266001]]}},{"type":"Feature","properties":{"line":"ZZ","mode":"bus","color":"#07ad80","oi":-1.44,"n":4,"sw":1},"geometry":{"type":"LineString","coordinates":[[19.574619,50.266],[19.574647,50.266004]]}},{"type":"Feature","properties":{"line":"ZZ","mode":"bus","color":"#07ad80","oi":-1.473,"n":4,"sw":1},"geometry":{"type":"LineString","coordinates":[[19.574638,50.266003],[19.574666,50.266006]]}},{"type":"Feature","properties":{"line":"ZZ","mode":"bus","color":"#07ad80","oi":-1.493,"n":4,"sw":1},"geometry":{"type":"LineString","coordinates":[[19.574657,50.266005],[19.574685,50.266009]]}},{"type":"Feature","properties":{"line":"ZZ","mode":"bus","color":"#07ad80","oi":-1.5,"n":4,"sw":1},"geometry":{"type":"LineString","coordinates":[[19.574677,50.266008],[19.574704,50.266011]]}},{"type":"Feature","properties":{"line":"ZZ","mode":"bus","color":"#07ad80","oi":-1.5,"n":4},"geometry":{"type":"LineString","coordinates":[[19.579698,50.269476],[19.579957,50.26902]]}},{"type":"Feature","properties":{"line":"ZZ","mode":"bus","color":"#07ad80","oi":0,"n":4,"sw":1},"geometry":{"type":"LineString","coordinates":[[19.579525,50.26978],[19.579533,50.269766]]}},{"type":"Feature","properties":{"line":"ZZ","mode":"bus","color":"#07ad80","oi":-0.007,"n":4,"sw":1},"geometry":{"type":"LineString","coordinates":[[19.57953,50.269771],[19.57954,50.269754]]}},{"type":"Feature","properties":{"line":"ZZ","mode":"bus","color":"#07ad80","oi":-0.027,"n":4,"sw":1},"geometry":{"type":"LineString","coordinates":[[19.579537,50.269759],[19.579546,50.269742]]}},{"type":"Feature","properties":{"line":"ZZ","mode":"bus","color":"#07ad80","oi":-0.06,"n":4,"sw":1},"geometry":{"type":"LineString","coordinates":[[19.579544,50.269747],[19.579553,50.269731]]}},{"type":"Feature","properties":{"line":"ZZ","mode":"bus","color":"#07ad80","oi":-0.103,"n":4,"sw":1},"geometry":{"type":"LineString","coordinates":[[19.57955,50.269736],[19.57956,50.269719]]}},{"type":"Feature","properties":{"line":"ZZ","mode":"bus","color":"#07ad80","oi":-0.156,"n":4,"sw":1},"geometry":{"type":"LineString","coordinates":[[19.579557,50.269724],[19.579566,50.269707]]}},{"type":"Feature","properties":{"line":"ZZ","mode":"bus","color":"#07ad80","oi":-0.218,"n":4,"sw":1},"geometry":{"type":"LineString","coordinates":[[19.579563,50.269712],[19.579573,50.269696]]}},{"type":"Feature","properties":{"line":"ZZ","mode":"bus","color":"#07ad80","oi":-0.287,"n":4,"sw":1},"geometry":{"type":"LineString","coordinates":[[19.57957,50.269701],[19.57958,50.269684]]}},{"type":"Feature","properties":{"line":"ZZ","mode":"bus","color":"#07ad80","oi":-0.362,"n":4,"sw":1},"geometry":{"type":"LineString","coordinates":[[19.579577,50.269689],[19.579586,50.269672]]}},{"type":"Feature","properties":{"line":"ZZ","mode":"bus","color":"#07ad80","oi":-0.443,"n":4,"sw":1},"geometry":{"type":"LineString","coordinates":[[19.579583,50.269677],[19.579593,50.26966]]}},{"type":"Feature","properties":{"line":"ZZ","mode":"bus","color":"#07ad80","oi":-0.528,"n":4,"sw":1},"geometry":{"type":"LineString","coordinates":[[19.57959,50.269665],[19.5796,50.269649]]}},{"type":"Feature","properties":{"line":"ZZ","mode":"bus","color":"#07ad80","oi":-0.616,"n":4,"sw":1},"geometry":{"type":"LineString","coordinates":[[19.579597,50.269654],[19.579606,50.269637]]}},{"type":"Feature","properties":{"line":"ZZ","mode":"bus","color":"#07ad80","oi":-0.705,"n":4,"sw":1},"geometry":{"type":"LineString","coordinates":[[19.579603,50.269642],[19.579613,50.269625]]}},{"type":"Feature","properties":{"line":"ZZ","mode":"bus","color":"#07ad80","oi":-0.795,"n":4,"sw":1},"geometry":{"type":"LineString","coordinates":[[19.57961,50.26963],[19.57962,50.269614]]}},{"type":"Feature","properties":{"line":"ZZ","mode":"bus","color":"#07ad80","oi":-0.884,"n":4,"sw":1},"geometry":{"type":"LineString","coordinates":[[19.579617,50.269619],[19.579626,50.269602]]}},{"type":"Feature","properties":{"line":"ZZ","mode":"bus","color":"#07ad80","oi":-0.972,"n":4,"sw":1},"geometry":{"type":"LineString","coordinates":[[19.579623,50.269607],[19.579633,50.26959]]}},{"type":"Feature","properties":{"line":"ZZ","mode":"bus","color":"#07ad80","oi":-1.057,"n":4,"sw":1},"geometry":{"type":"LineString","coordinates":[[19.57963,50.269595],[19.57964,50.269578]]}},{"type":"Feature","properties":{"line":"ZZ","mode":"bus","color":"#07ad80","oi":-1.138,"n":4,"sw":1},"geometry":{"type":"LineString","coordinates":[[19.579637,50.269583],[19.579646,50.269567]]}},{"type":"Feature","properties":{"line":"ZZ","mode":"bus","color":"#07ad80","oi":-1.213,"n":4,"sw":1},"geometry":{"type":"LineString","coordinates":[[19.579643,50.269572],[19.579653,50.269555]]}},{"type":"Feature","properties":{"line":"ZZ","mode":"bus","color":"#07ad80","oi":-1.282,"n":4,"sw":1},"geometry":{"type":"LineString","coordinates":[[19.57965,50.26956],[19.57966,50.269543]]}},{"type":"Feature","properties":{"line":"ZZ","mode":"bus","color":"#07ad80","oi":-1.344,"n":4,"sw":1},"geometry":{"type":"LineString","coordinates":[[19.579657,50.269548],[19.579666,50.269532]]}},{"type":"Feature","properties":{"line":"ZZ","mode":"bus","color":"#07ad80","oi":-1.397,"n":4,"sw":1},"geometry":{"type":"LineString","coordinates":[[19.579663,50.269537],[19.579673,50.26952]]}},{"type":"Feature","properties":{"line":"ZZ","mode":"bus","color":"#07ad80","oi":-1.44,"n":4,"sw":1},"geometry":{"type":"LineString","coordinates":[[19.57967,50.269525],[19.57968,50.269508]]}},{"type":"Feature","properties":{"line":"ZZ","mode":"bus","color":"#07ad80","oi":-1.473,"n":4,"sw":1},"geometry":{"type":"LineString","coordinates":[[19.579677,50.269513],[19.579686,50.269496]]}},{"type":"Feature","properties":{"line":"ZZ","mode":"bus","color":"#07ad80","oi":-1.493,"n":4,"sw":1},"geometry":{"type":"LineString","coordinates":[[19.579683,50.269502],[19.579693,50.269485]]}},{"type":"Feature","properties":{"line":"ZZ","mode":"bus","color":"#07ad80","oi":-1.5,"n":4,"sw":1},"geometry":{"type":"LineString","coordinates":[[19.57969,50.26949],[19.579699,50.269473]]}},{"type":"Feature","properties":{"line":"ZZ","mode":"bus","color":"#07ad80","oi":-0.5,"n":2},"geometry":{"type":"LineString","coordinates":[[19.593588,50.270533],[19.593441,50.270333],[19.592931,50.269822],[19.592588,50.269555],[19.592271,50.269351],[19.590723,50.268583],[19.588873,50.267597],[19.587661,50.266788],[19.586723,50.266092],[19.584443,50.264128],[19.584014,50.263803],[19.583428,50.263432],[19.582848,50.263116],[19.582154,50.262813],[19.581599,50.26261],[19.580575,50.262336],[19.577399,50.261773],[19.576483,50.261592]]}},{"type":"Feature","properties":{"line":"ZZ","mode":"bus","color":"#07ad80","oi":0,"n":2,"sw":1},"geometry":{"type":"LineString","coordinates":[[19.593803,50.270826],[19.59378,50.270794]]}},{"type":"Feature","properties":{"line":"ZZ","mode":"bus","color":"#07ad80","oi":-0.017,"n":2,"sw":1},"geometry":{"type":"LineString","coordinates":[[19.593783,50.270799],[19.593758,50.270765]]}},{"type":"Feature","properties":{"line":"ZZ","mode":"bus","color":"#07ad80","oi":-0.063,"n":2,"sw":1},"geometry":{"type":"LineString","coordinates":[[19.593762,50.27077],[19.593737,50.270736]]}},{"type":"Feature","properties":{"line":"ZZ","mode":"bus","color":"#07ad80","oi":-0.13,"n":2,"sw":1},"geometry":{"type":"LineString","coordinates":[[19.59374,50.27074],[19.593715,50.270706]]}},{"type":"Feature","properties":{"line":"ZZ","mode":"bus","color":"#07ad80","oi":-0.209,"n":2,"sw":1},"geometry":{"type":"LineString","coordinates":[[19.593719,50.270711],[19.593694,50.270677]]}},{"type":"Feature","properties":{"line":"ZZ","mode":"bus","color":"#07ad80","oi":-0.291,"n":2,"sw":1},"geometry":{"type":"LineString","coordinates":[[19.593697,50.270682],[19.593672,50.270648]]}},{"type":"Feature","properties":{"line":"ZZ","mode":"bus","color":"#07ad80","oi":-0.37,"n":2,"sw":1},"geometry":{"type":"LineString","coordinates":[[19.593676,50.270653],[19.593651,50.270618]]}},{"type":"Feature","properties":{"line":"ZZ","mode":"bus","color":"#07ad80","oi":-0.437,"n":2,"sw":1},"geometry":{"type":"LineString","coordinates":[[19.593654,50.270623],[19.593629,50.270589]]}},{"type":"Feature","properties":{"line":"ZZ","mode":"bus","color":"#07ad80","oi":-0.483,"n":2,"sw":1},"geometry":{"type":"LineString","coordinates":[[19.593633,50.270594],[19.593607,50.27056]]}},{"type":"Feature","properties":{"line":"ZZ","mode":"bus","color":"#07ad80","oi":-0.5,"n":2,"sw":1},"geometry":{"type":"LineString","coordinates":[[19.593611,50.270565],[19.593586,50.27053]]}},{"type":"Feature","properties":{"line":"ZZ","mode":"bus","color":"#07ad80","oi":-0.5,"n":2,"sw":1},"geometry":{"type":"LineString","coordinates":[[19.576487,50.261593],[19.57643,50.261582]]}},{"type":"Feature","properties":{"line":"ZZ","mode":"bus","color":"#07ad80","oi":-0.483,"n":2,"sw":1},"geometry":{"type":"LineString","coordinates":[[19.576439,50.261584],[19.576382,50.261573]]}},{"type":"Feature","properties":{"line":"ZZ","mode":"bus","color":"#07ad80","oi":-0.437,"n":2,"sw":1},"geometry":{"type":"LineString","coordinates":[[19.57639,50.261574],[19.576334,50.261563]]}},{"type":"Feature","properties":{"line":"ZZ","mode":"bus","color":"#07ad80","oi":-0.37,"n":2,"sw":1},"geometry":{"type":"LineString","coordinates":[[19.576342,50.261565],[19.576285,50.261553]]}},{"type":"Feature","properties":{"line":"ZZ","mode":"bus","color":"#07ad80","oi":-0.291,"n":2,"sw":1},"geometry":{"type":"LineString","coordinates":[[19.576293,50.261555],[19.576237,50.261544]]}},{"type":"Feature","properties":{"line":"ZZ","mode":"bus","color":"#07ad80","oi":-0.209,"n":2,"sw":1},"geometry":{"type":"LineString","coordinates":[[19.576245,50.261545],[19.576189,50.261534]]}},{"type":"Feature","properties":{"line":"ZZ","mode":"bus","color":"#07ad80","oi":-0.13,"n":2,"sw":1},"geometry":{"type":"LineString","coordinates":[[19.576197,50.261536],[19.57614,50.261525]]}},{"type":"Feature","properties":{"line":"ZZ","mode":"bus","color":"#07ad80","oi":-0.063,"n":2,"sw":1},"geometry":{"type":"LineString","coordinates":[[19.576148,50.261526],[19.576092,50.261515]]}},{"type":"Feature","properties":{"line":"ZZ","mode":"bus","color":"#07ad80","oi":-0.017,"n":2,"sw":1},"geometry":{"type":"LineString","coordinates":[[19.5761,50.261517],[19.576043,50.261506]]}},{"type":"Feature","properties":{"line":"ZZ","mode":"bus","color":"#07ad80","oi":0,"n":2,"sw":1},"geometry":{"type":"LineString","coordinates":[[19.576051,50.261507],[19.575999,50.261497]]}},{"type":"Feature","properties":{"line":"ZZ","mode":"bus","color":"#07ad80","oi":-0.5,"n":2},"geometry":{"type":"LineString","coordinates":[[19.586003,50.2649],[19.585581,50.26511]]}},{"type":"Feature","properties":{"line":"ZZ","mode":"bus","color":"#07ad80","oi":-0.5,"n":2},"geometry":{"type":"LineString","coordinates":[[19.585655,50.265172],[19.586003,50.2649],[19.586243,50.264748],[19.588304,50.26357],[19.591327,50.261553],[19.593789,50.260157],[19.598095,50.257348],[19.598143,50.257309],[19.598246,50.257061],[19.598366,50.255723],[19.598817,50.252593],[19.599606,50.246434],[19.599777,50.244679],[19.599919,50.243738],[19.599945,50.243621],[19.599987,50.243578],[19.599974,50.243398],[19.600171,50.242129],[19.601,50.235404],[19.601411,50.232643],[19.602706,50.222258],[19.602732,50.220912],[19.602851,50.220375],[19.602994,50.219934]]}},{"type":"Feature","properties":{"line":"ZZ","mode":"bus","color":"#07ad80","oi":-0.5,"n":2},"geometry":{"type":"LineString","coordinates":[[19.607103,50.243893],[19.607129,50.24374]]}},{"type":"Feature","properties":{"line":"ZZ","mode":"bus","color":"#07ad80","oi":-0.5,"n":2},"geometry":{"type":"LineString","coordinates":[[19.644934,50.254784],[19.661683,50.250253],[19.662398,50.250016],[19.663186,50.249715],[19.665687,50.248513],[19.667768,50.247472],[19.669334,50.246728],[19.669351,50.246717],[19.669358,50.246706],[19.669355,50.246693],[19.669341,50.246681],[19.669253,50.24662],[19.669142,50.246583],[19.668979,50.246559],[19.66866,50.246557],[19.660043,50.247131],[19.655553,50.247452],[19.654031,50.247529],[19.650887,50.247735],[19.64996,50.247702],[19.648083,50.247552],[19.646454,50.247501],[19.645208,50.247366],[19.64404,50.247327],[19.642981,50.247331],[19.639837,50.247151],[19.635758,50.247031],[19.63399,50.247139],[19.631537,50.247324],[19.630382,50.247382],[19.628853,50.247403],[19.627422,50.247714],[19.62689,50.247904],[19.62621,50.248088],[19.625928,50.248204],[19.625719,50.248416],[19.625299,50.249088],[19.625176,50.249199],[19.625058,50.249232],[19.624703,50.249187],[19.623872,50.248938],[19.608984,50.24423],[19.608121,50.24402],[19.607292,50.24391],[19.606421,50.243851],[19.600276,50.243564],[19.599987,50.243578]]}},{"type":"Feature","properties":{"line":"ZZ","mode":"bus","color":"#07ad80","oi":0,"n":1},"geometry":{"type":"LineString","coordinates":[[19.637252,50.217884],[19.639788,50.219567],[19.640235,50.22001],[19.640646,50.220603],[19.64093,50.221104],[19.64117,50.221636],[19.640729,50.222629],[19.638778,50.229906],[19.638402,50.230545],[19.638321,50.230737],[19.638293,50.230952],[19.638301,50.231451],[19.638248,50.231633],[19.638107,50.231784],[19.637328,50.232441],[19.637103,50.232707],[19.636083,50.235089],[19.634996,50.237366],[19.633787,50.239696],[19.63301,50.241283],[19.631717,50.243702],[19.631501,50.243962],[19.628824,50.246527],[19.627422,50.247714]]}},{"type":"Feature","properties":{"line":"ZZ","mode":"bus","color":"#07ad80","oi":0,"n":1},"geometry":{"type":"LineString","coordinates":[[19.635876,50.235051],[19.636083,50.235089]]}},{"type":"Feature","properties":{"line":"ZZ","mode":"bus","color":"#07ad80","oi":0,"n":1},"geometry":{"type":"LineString","coordinates":[[19.639088,50.228739],[19.638901,50.228725]]}},{"type":"Feature","properties":{"line":"G","mode":"bus","color":"#a72d06","oi":0,"n":1},"geometry":{"type":"LineString","coordinates":[[19.602903,50.206676],[19.602427,50.207829],[19.602194,50.208122],[19.601398,50.208442],[19.601003,50.208636],[19.600462,50.208961],[19.600351,50.210507],[19.600623,50.211692],[19.600607,50.211879],[19.600561,50.211959],[19.599599,50.212559],[19.597563,50.213987],[19.596139,50.215088],[19.595962,50.2152],[19.595198,50.21557],[19.593685,50.216012],[19.590295,50.218373],[19.589539,50.21896],[19.587906,50.221053],[19.587548,50.22175],[19.587209,50.222611],[19.58686,50.224496],[19.586612,50.225403],[19.586452,50.226178],[19.585989,50.226716],[19.585359,50.227355],[19.583832,50.229417],[19.582047,50.231424],[19.58188,50.231684],[19.58102,50.233934],[19.580873,50.23439],[19.580763,50.235095],[19.580605,50.236307],[19.580391,50.238735],[19.580338,50.241757],[19.580204,50.242019],[19.579467,50.243021],[19.579336,50.243287],[19.579295,50.243452],[19.579029,50.246018],[19.5789,50.246753],[19.578761,50.24708],[19.578598,50.247337],[19.577764,50.248319],[19.576932,50.249398],[19.576721,50.249718],[19.576651,50.249853],[19.576351,50.251355],[19.576368,50.251788],[19.576605,50.25307],[19.576677,50.253708],[19.576807,50.256032],[19.576773,50.257586],[19.576707,50.259367],[19.576663,50.259747],[19.576597,50.260011],[19.575999,50.261497]]}},{"type":"Feature","properties":{"line":"G","mode":"bus","color":"#a72d06","oi":0,"n":1},"geometry":{"type":"LineString","coordinates":[[19.595481,50.205625],[19.594959,50.206435],[19.594994,50.206608],[19.595158,50.206863],[19.595255,50.207117]]}},{"type":"Feature","properties":{"line":"G","mode":"bus","color":"#a72d06","oi":0,"n":1},"geometry":{"type":"LineString","coordinates":[[19.59287,50.204831],[19.593594,50.205],[19.595481,50.205625],[19.596487,50.205883],[19.597782,50.206364],[19.598088,50.206422],[19.598385,50.20644],[19.602521,50.206619],[19.603029,50.206693],[19.603175,50.206723],[19.603691,50.20691],[19.604222,50.207132],[19.604678,50.207491],[19.604968,50.207599],[19.606361,50.207985],[19.606761,50.208051],[19.608794,50.208224],[19.609795,50.208334],[19.610133,50.208398],[19.610627,50.208579],[19.610944,50.20867],[19.611273,50.208714],[19.611514,50.208685],[19.611883,50.208598],[19.613553,50.208113],[19.613788,50.208069],[19.615526,50.207915],[19.618215,50.207637],[19.621304,50.207176],[19.623461,50.206924],[19.626114,50.206524],[19.628136,50.206274],[19.629311,50.206294],[19.632373,50.206148],[19.633487,50.206058],[19.635411,50.205854],[19.635798,50.205756],[19.63613,50.205621]]}},{"type":"Feature","properties":{"line":"G","mode":"bus","color":"#a72d06","oi":0,"n":1},"geometry":{"type":"LineString","coordinates":[[19.593888,50.207693],[19.594684,50.207326],[19.595255,50.207117],[19.596459,50.207102],[19.596975,50.207172],[19.59715,50.207225],[19.597848,50.207638],[19.599803,50.207919],[19.599935,50.208011],[19.600085,50.208189],[19.600462,50.208961]]}}]}