{"type":"FeatureCollection","features":[{"type":"Feature","properties":{"lines":"457","arr":["457"],"mode":"bus","angle":88.4,"mi":2,"l0":"457","c0":"#119efc"},"geometry":{"type":"Point","coordinates":[19.556561,50.208904]}},{"type":"Feature","properties":{"lines":"457","arr":["457"],"mode":"bus","angle":49.7,"l0":"457","c0":"#119efc"},"geometry":{"type":"Point","coordinates":[19.556827,50.216179]}},{"type":"Feature","properties":{"lines":"457","arr":["457"],"mode":"bus","angle":-52.1,"mi":1,"l0":"457","c0":"#119efc"},"geometry":{"type":"Point","coordinates":[19.558305,50.222889]}},{"type":"Feature","properties":{"lines":"457","arr":["457"],"mode":"bus","angle":-77.8,"extra":1,"ei":0,"l0":"457","c0":"#119efc"},"geometry":{"type":"Point","coordinates":[19.556891,50.211953]}},{"type":"Feature","properties":{"lines":"457","arr":["457"],"mode":"bus","angle":-56.8,"extra":1,"ei":1,"l0":"457","c0":"#119efc"},"geometry":{"type":"Point","coordinates":[19.558036,50.213682]}},{"type":"Feature","properties":{"lines":"457","arr":["457"],"mode":"bus","angle":-83.2,"extra":1,"ei":2,"l0":"457","c0":"#119efc"},"geometry":{"type":"Point","coordinates":[19.556524,50.218706]}},{"type":"Feature","properties":{"lines":"457","arr":["457"],"mode":"bus","angle":-83.6,"extra":1,"ei":3,"l0":"457","c0":"#119efc"},"geometry":{"type":"Point","coordinates":[19.556866,50.220581]}},{"type":"Feature","properties":{"lines":"457","arr":["457"],"mode":"bus","angle":-71.1,"l0":"457","c0":"#119efc"},"geometry":{"type":"Point","coordinates":[19.560715,50.237269]}},{"type":"Feature","properties":{"lines":"457","arr":["457"],"mode":"bus","angle":78.2,"extra":1,"ei":0,"l0":"457","c0":"#119efc"},"geometry":{"type":"Point","coordinates":[19.559021,50.224701]}},{"type":"Feature","properties":{"lines":"457","arr":["457"],"mode":"bus","angle":88.7,"extra":1,"ei":1,"l0":"457","c0":"#119efc"},"geometry":{"type":"Point","coordinates":[19.558617,50.22657]}},{"type":"Feature","properties":{"lines":"457","arr":["457"],"mode":"bus","angle":-87.3,"extra":1,"ei":2,"l0":"457","c0":"#119efc"},"geometry":{"type":"Point","coordinates":[19.558744,50.228456]}},{"type":"Feature","properties":{"lines":"457","arr":["457"],"mode":"bus","angle":76.2,"extra":1,"ei":3,"l0":"457","c0":"#119efc"},"geometry":{"type":"Point","coordinates":[19.558302,50.230313]}},{"type":"Feature","properties":{"lines":"457","arr":["457"],"mode":"bus","angle":-79.5,"extra":1,"ei":4,"l0":"457","c0":"#119efc"},"geometry":{"type":"Point","coordinates":[19.558195,50.232184]}},{"type":"Feature","properties":{"lines":"457","arr":["457"],"mode":"bus","angle":-74.2,"extra":1,"ei":5,"l0":"457","c0":"#119efc"},"geometry":{"type":"Point","coordinates":[19.558959,50.234008]}},{"type":"Feature","properties":{"lines":"457","arr":["457"],"mode":"bus","angle":-70,"extra":1,"ei":6,"l0":"457","c0":"#119efc"},"geometry":{"type":"Point","coordinates":[19.559898,50.235797]}},{"type":"Feature","properties":{"lines":"457","arr":["457"],"mode":"bus","angle":-79.3,"extra":1,"ei":7,"l0":"457","c0":"#119efc"},"geometry":{"type":"Point","coordinates":[19.56157,50.239413]}},{"type":"Feature","properties":{"lines":"457","arr":["457"],"mode":"bus","angle":-88,"extra":1,"ei":8,"l0":"457","c0":"#119efc"},"geometry":{"type":"Point","coordinates":[19.561802,50.241293]}},{"type":"Feature","properties":{"lines":"457","arr":["457"],"mode":"bus","angle":87.9,"extra":1,"ei":9,"l0":"457","c0":"#119efc"},"geometry":{"type":"Point","coordinates":[19.561754,50.243181]}},{"type":"Feature","properties":{"lines":"457","arr":["457"],"mode":"bus","angle":87.3,"extra":1,"ei":10,"l0":"457","c0":"#119efc"},"geometry":{"type":"Point","coordinates":[19.561637,50.245068]}},{"type":"Feature","properties":{"lines":"457","arr":["457"],"mode":"bus","angle":87.3,"extra":1,"ei":11,"l0":"457","c0":"#119efc"},"geometry":{"type":"Point","coordinates":[19.5615,50.246954]}},{"type":"Feature","properties":{"lines":"457","arr":["457"],"mode":"bus","angle":87.3,"extra":1,"ei":12,"l0":"457","c0":"#119efc"},"geometry":{"type":"Point","coordinates":[19.561363,50.248841]}},{"type":"Feature","properties":{"lines":"457","arr":["457"],"mode":"bus","angle":87.3,"extra":1,"ei":13,"l0":"457","c0":"#119efc"},"geometry":{"type":"Point","coordinates":[19.561227,50.250727]}},{"type":"Feature","properties":{"lines":"457, Ż","arr":["457","Ż"],"mode":"bus","angle":87.3,"l0":"457, ","c0":"#119efc","l1":"Ż","c1":"#4d4aba"},"geometry":{"type":"Point","coordinates":[19.560887,50.255544]}},{"type":"Feature","properties":{"lines":"457, Ż","arr":["457","Ż"],"mode":"bus","angle":87.4,"extra":1,"ei":0,"l0":"457, ","c0":"#119efc","l1":"Ż","c1":"#4d4aba"},"geometry":{"type":"Point","coordinates":[19.561143,50.251963]}},{"type":"Feature","properties":{"lines":"457, Ż","arr":["457","Ż"],"mode":"bus","angle":87.3,"extra":1,"ei":1,"l0":"457, ","c0":"#119efc","l1":"Ż","c1":"#4d4aba"},"geometry":{"type":"Point","coordinates":[19.561013,50.25385]}},{"type":"Feature","properties":{"lines":"457, Ż","arr":["457","Ż"],"mode":"bus","angle":87.6,"extra":1,"ei":2,"l0":"457, ","c0":"#119efc","l1":"Ż","c1":"#4d4aba"},"geometry":{"type":"Point","coordinates":[19.560749,50.257624]}},{"type":"Feature","properties":{"lines":"457, Ż","arr":["457","Ż"],"mode":"bus","angle":87.5,"extra":1,"ei":3,"l0":"457, ","c0":"#119efc","l1":"Ż","c1":"#4d4aba"},"geometry":{"type":"Point","coordinates":[19.560607,50.25951]}},{"type":"Feature","properties":{"lines":"457","arr":["457"],"mode":"bus","angle":-0.1,"l0":"457","c0":"#119efc"},"geometry":{"type":"Point","coordinates":[19.56194,50.260198]}},{"type":"Feature","properties":{"lines":"457, 460, 464, 465, 466, 470, 474, 475, M, PS, PSK","arr":["457","460","464","465","466","470","474","475","M","PS","PSK"],"mode":"bus","angle":-3.1,"l0":"457, ","c0":"#119efc","l1":"460, ","c1":"#e16cd6","l2":"464, ","c2":"#1da8b6","l3":"465, ","c3":"#ff627e","l4":"466, ","c4":"#6b5806","l5":"470, ","c5":"#999f01","l6":"474, ","c6":"#4d4aba","l7":"475, ","c7":"#126804","l8":"M, ","c8":"#05617d","l9":"PS, ","c9":"#02af5a","l10":"PSK","c10":"#a72d06"},"geometry":{"type":"Point","coordinates":[19.568605,50.260487]}},{"type":"Feature","properties":{"lines":"457, 460, 464, 465, 466, 470, 474, 475, M, PS, PSK","arr":["457","460","464","465","466","470","474","475","M","PS","PSK"],"mode":"bus","angle":-5.3,"extra":1,"ei":0,"l0":"457, ","c0":"#119efc","l1":"460, ","c1":"#e16cd6","l2":"464, ","c2":"#1da8b6","l3":"465, ","c3":"#ff627e","l4":"466, ","c4":"#6b5806","l5":"470, ","c5":"#999f01","l6":"474, ","c6":"#4d4aba","l7":"475, ","c7":"#126804","l8":"M, ","c8":"#05617d","l9":"PS, ","c9":"#02af5a","l10":"PSK","c10":"#a72d06"},"geometry":{"type":"Point","coordinates":[19.564597,50.260262]}},{"type":"Feature","properties":{"lines":"457, 460, 464, 465, 466, 470, 474, 475, M, PS, PSK","arr":["457","460","464","465","466","470","474","475","M","PS","PSK"],"mode":"bus","angle":-0.1,"extra":1,"ei":1,"l0":"457, ","c0":"#119efc","l1":"460, ","c1":"#e16cd6","l2":"464, ","c2":"#1da8b6","l3":"465, ","c3":"#ff627e","l4":"466, ","c4":"#6b5806","l5":"470, ","c5":"#999f01","l6":"474, ","c6":"#4d4aba","l7":"475, ","c7":"#126804","l8":"M, ","c8":"#05617d","l9":"PS, ","c9":"#02af5a","l10":"PSK","c10":"#a72d06"},"geometry":{"type":"Point","coordinates":[19.570489,50.260499]}},{"type":"Feature","properties":{"lines":"457, 460, 464, 465, 466, 470, 474, 475, M, PS, PSK","arr":["457","460","464","465","466","470","474","475","M","PS","PSK"],"mode":"bus","angle":-21.4,"extra":1,"ei":2,"l0":"457, ","c0":"#119efc","l1":"460, ","c1":"#e16cd6","l2":"464, ","c2":"#1da8b6","l3":"465, ","c3":"#ff627e","l4":"466, ","c4":"#6b5806","l5":"470, ","c5":"#999f01","l6":"474, ","c6":"#4d4aba","l7":"475, ","c7":"#126804","l8":"M, ","c8":"#05617d","l9":"PS, ","c9":"#02af5a","l10":"PSK","c10":"#a72d06"},"geometry":{"type":"Point","coordinates":[19.573392,50.260753]}},{"type":"Feature","properties":{"lines":"457, 460, 464, 465, 466, 470, 474, 475, PS, PSK","arr":["457","460","464","465","466","470","474","475","PS","PSK"],"mode":"bus","angle":-25.3,"l0":"457, ","c0":"#119efc","l1":"460, ","c1":"#e16cd6","l2":"464, ","c2":"#1da8b6","l3":"465, ","c3":"#ff627e","l4":"466, ","c4":"#6b5806","l5":"470, ","c5":"#999f01","l6":"474, ","c6":"#4d4aba","l7":"475, ","c7":"#126804","l8":"PS, ","c8":"#02af5a","l9":"PSK","c9":"#a72d06"},"geometry":{"type":"Point","coordinates":[19.574984,50.261232]}},{"type":"Feature","properties":{"lines":"457, 460, 464, 465, 466, 470, 474, 475, G, PS, PSK, ZP, ZZ","arr":["457","460","464","465","466","470","474","475","G","PS","PSK","ZP","ZZ"],"mode":"bus","angle":75.7,"l0":"457, ","c0":"#119efc","l1":"460, ","c1":"#e16cd6","l2":"464, ","c2":"#1da8b6","l3":"465, ","c3":"#ff627e","l4":"466, ","c4":"#6b5806","l5":"470, ","c5":"#999f01","l6":"474, ","c6":"#4d4aba","l7":"475, ","c7":"#126804","l8":"G, ","c8":"#a72d06","l9":"PS, ","c9":"#02af5a","l10":"PSK, ","c10":"#a72d06","l11":"ZP, ","c11":"#b11526","l12":"ZZ","c12":"#07ad80"},"geometry":{"type":"Point","coordinates":[19.575104,50.263723]}},{"type":"Feature","properties":{"lines":"457, 460, 464, 465, 466, 470, 474, 475, G, PS, PSK, ZP, ZZ","arr":["457","460","464","465","466","470","474","475","G","PS","PSK","ZP","ZZ"],"mode":"bus","angle":75.9,"extra":1,"ei":0,"l0":"457, ","c0":"#119efc","l1":"460, ","c1":"#e16cd6","l2":"464, ","c2":"#1da8b6","l3":"465, ","c3":"#ff627e","l4":"466, ","c4":"#6b5806","l5":"470, ","c5":"#999f01","l6":"474, ","c6":"#4d4aba","l7":"475, ","c7":"#126804","l8":"G, ","c8":"#a72d06","l9":"PS, ","c9":"#02af5a","l10":"PSK, ","c10":"#a72d06","l11":"ZP, ","c11":"#b11526","l12":"ZZ","c12":"#07ad80"},"geometry":{"type":"Point","coordinates":[19.575628,50.262411]}},{"type":"Feature","properties":{"lines":"457, 460, 464, 465, 466, 470, 474, 475, BP, G, ZP, ZZ","arr":["457","460","464","465","466","470","474","475","BP","G","ZP","ZZ"],"mode":"bus","angle":-87.6,"l0":"457, ","c0":"#119efc","l1":"460, ","c1":"#e16cd6","l2":"464, ","c2":"#1da8b6","l3":"465, ","c3":"#ff627e","l4":"466, ","c4":"#6b5806","l5":"470, ","c5":"#999f01","l6":"474, ","c6":"#4d4aba","l7":"475, ","c7":"#126804","l8":"BP, ","c8":"#999f01","l9":"G, ","c9":"#a72d06","l10":"ZP, ","c10":"#b11526","l11":"ZZ","c11":"#07ad80"},"geometry":{"type":"Point","coordinates":[19.573572,50.268048]}},{"type":"Feature","properties":{"lines":"457, 460, 464, 465, 466, 470, 474, 475, BP, G, ZP, ZZ","arr":["457","460","464","465","466","470","474","475","BP","G","ZP","ZZ"],"mode":"bus","angle":76.9,"extra":1,"ei":0,"l0":"457, ","c0":"#119efc","l1":"460, ","c1":"#e16cd6","l2":"464, ","c2":"#1da8b6","l3":"465, ","c3":"#ff627e","l4":"466, ","c4":"#6b5806","l5":"470, ","c5":"#999f01","l6":"474, ","c6":"#4d4aba","l7":"475, ","c7":"#126804","l8":"BP, ","c8":"#999f01","l9":"G, ","c9":"#a72d06","l10":"ZP, ","c10":"#b11526","l11":"ZZ","c11":"#07ad80"},"geometry":{"type":"Point","coordinates":[19.573847,50.266864]}},{"type":"Feature","properties":{"lines":"457, 460, 461, 464, 465, 466, 470, 472, 474, 475, 477, G, M, PS, PSK, SŁ, ZP, ZZ, Ż","arr":["457","460","461","464","465","466","470","472","474","475","477","G","M","PS","PSK","SŁ","ZP","ZZ","Ż"],"mode":"bus","angle":12,"l0":"457, ","c0":"#119efc","l1":"460, ","c1":"#e16cd6","l2":"461, ","c2":"#e47e2b","l3":"464, ","c3":"#1da8b6","l4":"465, ","c4":"#ff627e","l5":"466, ","c5":"#6b5806","l6":"470, ","c6":"#999f01","l7":"472, ","c7":"#119efc","l8":"474, ","c8":"#4d4aba","l9":"475, ","c9":"#126804","l10":"477, ","c10":"#05617d","l11":"G, ","c11":"#a72d06","l12":"M, ","c12":"#05617d","l13":"PS, ","c13":"#02af5a","l14":"PSK, ","c14":"#a72d06","l15":"SŁ, ","c15":"#e16cd6","l16":"ZP, ","c16":"#b11526","l17":"ZZ, ","c17":"#07ad80","l18":"Ż","c18":"#4d4aba"},"geometry":{"type":"Point","coordinates":[19.576272,50.269856]}},{"type":"Feature","properties":{"lines":"457, 460, 461, 464, 465, 466, 470, 472, 474, 475, 477, G, M, PS, PSK, SŁ, ZP, ZZ, Ż","arr":["457","460","461","464","465","466","470","472","474","475","477","G","M","PS","PSK","SŁ","ZP","ZZ","Ż"],"mode":"bus","angle":11.9,"extra":1,"ei":0,"l0":"457, ","c0":"#119efc","l1":"460, ","c1":"#e16cd6","l2":"461, ","c2":"#e47e2b","l3":"464, ","c3":"#1da8b6","l4":"465, ","c4":"#ff627e","l5":"466, ","c5":"#6b5806","l6":"470, ","c6":"#999f01","l7":"472, ","c7":"#119efc","l8":"474, ","c8":"#4d4aba","l9":"475, ","c9":"#126804","l10":"477, ","c10":"#05617d","l11":"G, ","c11":"#a72d06","l12":"M, ","c12":"#05617d","l13":"PS, ","c13":"#02af5a","l14":"PSK, ","c14":"#a72d06","l15":"SŁ, ","c15":"#e16cd6","l16":"ZP, ","c16":"#b11526","l17":"ZZ, ","c17":"#07ad80","l18":"Ż","c18":"#4d4aba"},"geometry":{"type":"Point","coordinates":[19.574457,50.270109]}},{"type":"Feature","properties":{"lines":"457, 460, 461, 464, 465, 466, 470, 472, 474, 475, 477, G, PS, PSK, ZP, ZZ, Ż","arr":["457","460","461","464","465","466","470","472","474","475","477","G","PS","PSK","ZP","ZZ","Ż"],"mode":"bus","angle":2,"l0":"457, ","c0":"#119efc","l1":"460, ","c1":"#e16cd6","l2":"461, ","c2":"#e47e2b","l3":"464, ","c3":"#1da8b6","l4":"465, ","c4":"#ff627e","l5":"466, ","c5":"#6b5806","l6":"470, ","c6":"#999f01","l7":"472, ","c7":"#119efc","l8":"474, ","c8":"#4d4aba","l9":"475, ","c9":"#126804","l10":"477, ","c10":"#05617d","l11":"G, ","c11":"#a72d06","l12":"PS, ","c12":"#02af5a","l13":"PSK, ","c13":"#a72d06","l14":"ZP, ","c14":"#b11526","l15":"ZZ, ","c15":"#07ad80","l16":"Ż","c16":"#4d4aba"},"geometry":{"type":"Point","coordinates":[19.585008,50.270481]}},{"type":"Feature","properties":{"lines":"457, 460, 461, 464, 465, 466, 470, 472, 474, 475, 477, G, PS, PSK, ZP, ZZ, Ż","arr":["457","460","461","464","465","466","470","472","474","475","477","G","PS","PSK","ZP","ZZ","Ż"],"mode":"bus","angle":-24.2,"extra":1,"ei":0,"l0":"457, ","c0":"#119efc","l1":"460, ","c1":"#e16cd6","l2":"461, ","c2":"#e47e2b","l3":"464, ","c3":"#1da8b6","l4":"465, ","c4":"#ff627e","l5":"466, ","c5":"#6b5806","l6":"470, ","c6":"#999f01","l7":"472, ","c7":"#119efc","l8":"474, ","c8":"#4d4aba","l9":"475, ","c9":"#126804","l10":"477, ","c10":"#05617d","l11":"G, ","c11":"#a72d06","l12":"PS, ","c12":"#02af5a","l13":"PSK, ","c13":"#a72d06","l14":"ZP, ","c14":"#b11526","l15":"ZZ, ","c15":"#07ad80","l16":"Ż","c16":"#4d4aba"},"geometry":{"type":"Point","coordinates":[19.580875,50.270164]}},{"type":"Feature","properties":{"lines":"457, 460, 461, 464, 465, 466, 470, 472, 474, 475, 477, G, PS, PSK, ZP, ZZ, Ż","arr":["457","460","461","464","465","466","470","472","474","475","477","G","PS","PSK","ZP","ZZ","Ż"],"mode":"bus","angle":-68.2,"extra":1,"ei":1,"l0":"457, ","c0":"#119efc","l1":"460, ","c1":"#e16cd6","l2":"461, ","c2":"#e47e2b","l3":"464, ","c3":"#1da8b6","l4":"465, ","c4":"#ff627e","l5":"466, ","c5":"#6b5806","l6":"470, ","c6":"#999f01","l7":"472, ","c7":"#119efc","l8":"474, ","c8":"#4d4aba","l9":"475, ","c9":"#126804","l10":"477, ","c10":"#05617d","l11":"G, ","c11":"#a72d06","l12":"PS, ","c12":"#02af5a","l13":"PSK, ","c13":"#a72d06","l14":"ZP, ","c14":"#b11526","l15":"ZZ, ","c15":"#07ad80","l16":"Ż","c16":"#4d4aba"},"geometry":{"type":"Point","coordinates":[19.589067,50.271221]}},{"type":"Feature","properties":{"lines":"457, 460, 464, 465, 466, 470, 472, 474, 475, BP, G, PS, PSK, WK, ZP, ZZ, Ż","arr":["457","460","464","465","466","470","472","474","475","BP","G","PS","PSK","WK","ZP","ZZ","Ż"],"mode":"bus","angle":-2.4,"l0":"457, ","c0":"#119efc","l1":"460, ","c1":"#e16cd6","l2":"464, ","c2":"#1da8b6","l3":"465, ","c3":"#ff627e","l4":"466, ","c4":"#6b5806","l5":"470, ","c5":"#999f01","l6":"472, ","c6":"#119efc","l7":"474, ","c7":"#4d4aba","l8":"475, ","c8":"#126804","l9":"BP, ","c9":"#999f01","l10":"G, ","c10":"#a72d06","l11":"PS, ","c11":"#02af5a","l12":"PSK, ","c12":"#a72d06","l13":"WK, ","c13":"#0357b2","l14":"ZP, ","c14":"#b11526","l15":"ZZ, ","c15":"#07ad80","l16":"Ż","c16":"#4d4aba"},"geometry":{"type":"Point","coordinates":[19.589121,50.272212]}},{"type":"Feature","properties":{"lines":"457, 460, 464, 465, 466, 470, 472, 474, 475, BP, G, PS, PSK, WK, ZP, ZZ, Ż","arr":["457","460","464","465","466","470","472","474","475","BP","G","PS","PSK","WK","ZP","ZZ","Ż"],"mode":"bus","angle":26.7,"mi":1,"l0":"457, ","c0":"#119efc","l1":"460, ","c1":"#e16cd6","l2":"464, ","c2":"#1da8b6","l3":"465, ","c3":"#ff627e","l4":"466, ","c4":"#6b5806","l5":"470, ","c5":"#999f01","l6":"472, ","c6":"#119efc","l7":"474, ","c7":"#4d4aba","l8":"475, ","c8":"#126804","l9":"BP, ","c9":"#999f01","l10":"G, ","c10":"#a72d06","l11":"PS, ","c11":"#02af5a","l12":"PSK, ","c12":"#a72d06","l13":"WK, ","c13":"#0357b2","l14":"ZP, ","c14":"#b11526","l15":"ZZ, ","c15":"#07ad80","l16":"Ż","c16":"#4d4aba"},"geometry":{"type":"Point","coordinates":[19.586273,50.272742]}},{"type":"Feature","properties":{"lines":"457, 460, 464, 465, 466, 470, 472, 474, 475, BP, G, PS, PSK, WK, ZP, ZZ, Ż","arr":["457","460","464","465","466","470","472","474","475","BP","G","PS","PSK","WK","ZP","ZZ","Ż"],"mode":"bus","angle":19.1,"extra":1,"ei":0,"l0":"457, ","c0":"#119efc","l1":"460, ","c1":"#e16cd6","l2":"464, ","c2":"#1da8b6","l3":"465, ","c3":"#ff627e","l4":"466, ","c4":"#6b5806","l5":"470, ","c5":"#999f01","l6":"472, ","c6":"#119efc","l7":"474, ","c7":"#4d4aba","l8":"475, ","c8":"#126804","l9":"BP, ","c9":"#999f01","l10":"G, ","c10":"#a72d06","l11":"PS, ","c11":"#02af5a","l12":"PSK, ","c12":"#a72d06","l13":"WK, ","c13":"#0357b2","l14":"ZP, ","c14":"#b11526","l15":"ZZ, ","c15":"#07ad80","l16":"Ż","c16":"#4d4aba"},"geometry":{"type":"Point","coordinates":[19.588111,50.272291]}},{"type":"Feature","properties":{"lines":"457, 460, 461, 464, 465, 466, 470, 472, 474, 475, 477, BP, G, PS, PSK, SŁ, WK, ZP, ZZ, Ż","arr":["457","460","461","464","465","466","470","472","474","475","477","BP","G","PS","PSK","SŁ","WK","ZP","ZZ","Ż"],"mode":"bus","angle":17.7,"l0":"457, ","c0":"#119efc","l1":"460, ","c1":"#e16cd6","l2":"461, ","c2":"#e47e2b","l3":"464, ","c3":"#1da8b6","l4":"465, ","c4":"#ff627e","l5":"466, ","c5":"#6b5806","l6":"470, ","c6":"#999f01","l7":"472, ","c7":"#119efc","l8":"474, ","c8":"#4d4aba","l9":"475, ","c9":"#126804","l10":"477, ","c10":"#05617d","l11":"BP, ","c11":"#999f01","l12":"G, ","c12":"#a72d06","l13":"PS, ","c13":"#02af5a","l14":"PSK, ","c14":"#a72d06","l15":"SŁ, ","c15":"#e16cd6","l16":"WK, ","c16":"#0357b2","l17":"ZP, ","c17":"#b11526","l18":"ZZ, ","c18":"#07ad80","l19":"Ż","c19":"#4d4aba"},"geometry":{"type":"Point","coordinates":[19.578363,50.274338]}},{"type":"Feature","properties":{"lines":"457, 460, 461, 464, 465, 466, 470, 472, 474, 475, 477, BP, G, PS, PSK, SŁ, WK, ZP, ZZ, Ż","arr":["457","460","461","464","465","466","470","472","474","475","477","BP","G","PS","PSK","SŁ","WK","ZP","ZZ","Ż"],"mode":"bus","angle":3.4,"extra":1,"ei":0,"l0":"457, ","c0":"#119efc","l1":"460, ","c1":"#e16cd6","l2":"461, ","c2":"#e47e2b","l3":"464, ","c3":"#1da8b6","l4":"465, ","c4":"#ff627e","l5":"466, ","c5":"#6b5806","l6":"470, ","c6":"#999f01","l7":"472, ","c7":"#119efc","l8":"474, ","c8":"#4d4aba","l9":"475, ","c9":"#126804","l10":"477, ","c10":"#05617d","l11":"BP, ","c11":"#999f01","l12":"G, ","c12":"#a72d06","l13":"PS, ","c13":"#02af5a","l14":"PSK, ","c14":"#a72d06","l15":"SŁ, ","c15":"#e16cd6","l16":"WK, ","c16":"#0357b2","l17":"ZP, ","c17":"#b11526","l18":"ZZ, ","c18":"#07ad80","l19":"Ż","c19":"#4d4aba"},"geometry":{"type":"Point","coordinates":[19.582049,50.274124]}},{"type":"Feature","properties":{"lines":"457, 460, 461, 464, 465, 466, 470, 472, 474, 475, 477, BP, G, PS, PSK, SŁ, WK, ZP, ZZ, Ż","arr":["457","460","461","464","465","466","470","472","474","475","477","BP","G","PS","PSK","SŁ","WK","ZP","ZZ","Ż"],"mode":"bus","angle":16,"extra":1,"ei":1,"l0":"457, ","c0":"#119efc","l1":"460, ","c1":"#e16cd6","l2":"461, ","c2":"#e47e2b","l3":"464, ","c3":"#1da8b6","l4":"465, ","c4":"#ff627e","l5":"466, ","c5":"#6b5806","l6":"470, ","c6":"#999f01","l7":"472, ","c7":"#119efc","l8":"474, ","c8":"#4d4aba","l9":"475, ","c9":"#126804","l10":"477, ","c10":"#05617d","l11":"BP, ","c11":"#999f01","l12":"G, ","c12":"#a72d06","l13":"PS, ","c13":"#02af5a","l14":"PSK, ","c14":"#a72d06","l15":"SŁ, ","c15":"#e16cd6","l16":"WK, ","c16":"#0357b2","l17":"ZP, ","c17":"#b11526","l18":"ZZ, ","c18":"#07ad80","l19":"Ż","c19":"#4d4aba"},"geometry":{"type":"Point","coordinates":[19.576271,50.274762]}},{"type":"Feature","properties":{"lines":"457, 460, 461, 464, 465, 466, 470, 472, 474, 475, 477, BP, G, PS, PSK, SŁ, WK, ZP, ZZ, Ż","arr":["457","460","461","464","465","466","470","472","474","475","477","BP","G","PS","PSK","SŁ","WK","ZP","ZZ","Ż"],"mode":"bus","angle":6.6,"extra":1,"ei":2,"l0":"457, ","c0":"#119efc","l1":"460, ","c1":"#e16cd6","l2":"461, ","c2":"#e47e2b","l3":"464, ","c3":"#1da8b6","l4":"465, ","c4":"#ff627e","l5":"466, ","c5":"#6b5806","l6":"470, ","c6":"#999f01","l7":"472, ","c7":"#119efc","l8":"474, ","c8":"#4d4aba","l9":"475, ","c9":"#126804","l10":"477, ","c10":"#05617d","l11":"BP, ","c11":"#999f01","l12":"G, ","c12":"#a72d06","l13":"PS, ","c13":"#02af5a","l14":"PSK, ","c14":"#a72d06","l15":"SŁ, ","c15":"#e16cd6","l16":"WK, ","c16":"#0357b2","l17":"ZP, ","c17":"#b11526","l18":"ZZ, ","c18":"#07ad80","l19":"Ż","c19":"#4d4aba"},"geometry":{"type":"Point","coordinates":[19.573366,50.275077]}},{"type":"Feature","properties":{"lines":"457, 460, 461, 462, 464, 465, 466, 470, 472, 474, 475, 476, 477, BP, G, M, PS, PSK, SŁ, WK, ZP, ZZ, Ż","arr":["457","460","461","462","464","465","466","470","472","474","475","476","477","BP","G","M","PS","PSK","SŁ","WK","ZP","ZZ","Ż"],"mode":"bus","angle":14,"l0":"457, ","c0":"#119efc","l1":"460, ","c1":"#e16cd6","l2":"461, ","c2":"#e47e2b","l3":"462, ","c3":"#02af5a","l4":"464, ","c4":"#1da8b6","l5":"465, ","c5":"#ff627e","l6":"466, ","c6":"#6b5806","l7":"470, ","c7":"#999f01","l8":"472, ","c8":"#119efc","l9":"474, ","c9":"#4d4aba","l10":"475, ","c10":"#126804","l11":"476, ","c11":"#b0045c","l12":"477, ","c12":"#05617d","l13":"BP, ","c13":"#999f01","l14":"G, ","c14":"#a72d06","l15":"M, ","c15":"#05617d","l16":"PS, ","c16":"#02af5a","l17":"PSK, ","c17":"#a72d06","l18":"SŁ, ","c18":"#e16cd6","l19":"WK, ","c19":"#0357b2","l20":"ZP, ","c20":"#b11526","l21":"ZZ, ","c21":"#07ad80","l22":"Ż","c22":"#4d4aba"},"geometry":{"type":"Point","coordinates":[19.567756,50.276488]}},{"type":"Feature","properties":{"lines":"457, 460, 461, 462, 464, 465, 466, 470, 472, 474, 475, 476, 477, BP, G, M, PS, PSK, SŁ, WK, ZP, ZZ, Ż","arr":["457","460","461","462","464","465","466","470","472","474","475","476","477","BP","G","M","PS","PSK","SŁ","WK","ZP","ZZ","Ż"],"mode":"bus","angle":30.5,"extra":1,"ei":0,"l0":"457, ","c0":"#119efc","l1":"460, ","c1":"#e16cd6","l2":"461, ","c2":"#e47e2b","l3":"462, ","c3":"#02af5a","l4":"464, ","c4":"#1da8b6","l5":"465, ","c5":"#ff627e","l6":"466, ","c6":"#6b5806","l7":"470, ","c7":"#999f01","l8":"472, ","c8":"#119efc","l9":"474, ","c9":"#4d4aba","l10":"475, ","c10":"#126804","l11":"476, ","c11":"#b0045c","l12":"477, ","c12":"#05617d","l13":"BP, ","c13":"#999f01","l14":"G, ","c14":"#a72d06","l15":"M, ","c15":"#05617d","l16":"PS, ","c16":"#02af5a","l17":"PSK, ","c17":"#a72d06","l18":"SŁ, ","c18":"#e16cd6","l19":"WK, ","c19":"#0357b2","l20":"ZP, ","c20":"#b11526","l21":"ZZ, ","c21":"#07ad80","l22":"Ż","c22":"#4d4aba"},"geometry":{"type":"Point","coordinates":[19.572031,50.275534]}},{"type":"Feature","properties":{"lines":"457, 460, 461, 462, 464, 465, 466, 470, 472, 474, 475, 476, 477, BP, G, M, PS, PSK, SŁ, WK, ZP, ZZ, Ż","arr":["457","460","461","462","464","465","466","470","472","474","475","476","477","BP","G","M","PS","PSK","SŁ","WK","ZP","ZZ","Ż"],"mode":"bus","angle":23.5,"extra":1,"ei":1,"l0":"457, ","c0":"#119efc","l1":"460, ","c1":"#e16cd6","l2":"461, ","c2":"#e47e2b","l3":"462, ","c3":"#02af5a","l4":"464, ","c4":"#1da8b6","l5":"465, ","c5":"#ff627e","l6":"466, ","c6":"#6b5806","l7":"470, ","c7":"#999f01","l8":"472, ","c8":"#119efc","l9":"474, ","c9":"#4d4aba","l10":"475, ","c10":"#126804","l11":"476, ","c11":"#b0045c","l12":"477, ","c12":"#05617d","l13":"BP, ","c13":"#999f01","l14":"G, ","c14":"#a72d06","l15":"M, ","c15":"#05617d","l16":"PS, ","c16":"#02af5a","l17":"PSK, ","c17":"#a72d06","l18":"SŁ, ","c18":"#e16cd6","l19":"WK, ","c19":"#0357b2","l20":"ZP, ","c20":"#b11526","l21":"ZZ, ","c21":"#07ad80","l22":"Ż","c22":"#4d4aba"},"geometry":{"type":"Point","coordinates":[19.563805,50.277539]}},{"type":"Feature","properties":{"lines":"457, 460, 461, 462, 464, 465, 466, 470, 472, 474, 475, 476, 477, BP, G, M, PS, PSK, SŁ, WK, ZP, ZZ, Ż","arr":["457","460","461","462","464","465","466","470","472","474","475","476","477","BP","G","M","PS","PSK","SŁ","WK","ZP","ZZ","Ż"],"mode":"bus","angle":-68.6,"mi":1,"l0":"457, ","c0":"#119efc","l1":"460, ","c1":"#e16cd6","l2":"461, ","c2":"#e47e2b","l3":"462, ","c3":"#02af5a","l4":"464, ","c4":"#1da8b6","l5":"465, ","c5":"#ff627e","l6":"466, ","c6":"#6b5806","l7":"470, ","c7":"#999f01","l8":"472, ","c8":"#119efc","l9":"474, ","c9":"#4d4aba","l10":"475, ","c10":"#126804","l11":"476, ","c11":"#b0045c","l12":"477, ","c12":"#05617d","l13":"BP, ","c13":"#999f01","l14":"G, ","c14":"#a72d06","l15":"M, ","c15":"#05617d","l16":"PS, ","c16":"#02af5a","l17":"PSK, ","c17":"#a72d06","l18":"SŁ, ","c18":"#e16cd6","l19":"WK, ","c19":"#0357b2","l20":"ZP, ","c20":"#b11526","l21":"ZZ, ","c21":"#07ad80","l22":"Ż","c22":"#4d4aba"},"geometry":{"type":"Point","coordinates":[19.562809,50.278908]}},{"type":"Feature","properties":{"lines":"457, 460, 461, 462, 464, 465, 466, 470, 472, 474, 475, 476, 477, BP, G, M, PSK, SŁ, WK, ZP, ZZ, Ż","arr":["457","460","461","462","464","465","466","470","472","474","475","476","477","BP","G","M","PSK","SŁ","WK","ZP","ZZ","Ż"],"mode":"bus","angle":-50.2,"l0":"457, ","c0":"#119efc","l1":"460, ","c1":"#e16cd6","l2":"461, ","c2":"#e47e2b","l3":"462, ","c3":"#02af5a","l4":"464, ","c4":"#1da8b6","l5":"465, ","c5":"#ff627e","l6":"466, ","c6":"#6b5806","l7":"470, ","c7":"#999f01","l8":"472, ","c8":"#119efc","l9":"474, ","c9":"#4d4aba","l10":"475, ","c10":"#126804","l11":"476, ","c11":"#b0045c","l12":"477, ","c12":"#05617d","l13":"BP, ","c13":"#999f01","l14":"G, ","c14":"#a72d06","l15":"M, ","c15":"#05617d","l16":"PSK, ","c16":"#a72d06","l17":"SŁ, ","c17":"#e16cd6","l18":"WK, ","c18":"#0357b2","l19":"ZP, ","c19":"#b11526","l20":"ZZ, ","c20":"#07ad80","l21":"Ż","c21":"#4d4aba"},"geometry":{"type":"Point","coordinates":[19.563786,50.280056]}},{"type":"Feature","properties":{"lines":"457, 460, 461, 462, 463, 464, 465, 466, 470, 471, 472, 473, 474, 475, 476, 477, BP, G, M, PSK, SŁ, WK, ZP, ZZ, Ż","arr":["457","460","461","462","463","464","465","466","470","471","472","473","474","475","476","477","BP","G","M","PSK","SŁ","WK","ZP","ZZ","Ż"],"mode":"bus","angle":-39.2,"side":-1,"mi":1,"l0":"457, ","c0":"#119efc","l1":"460, ","c1":"#e16cd6","l2":"461, ","c2":"#e47e2b","l3":"462, ","c3":"#02af5a","l4":"463, ","c4":"#4d4aba","l5":"464, ","c5":"#1da8b6","l6":"465, ","c6":"#ff627e","l7":"466, ","c7":"#6b5806","l8":"470, ","c8":"#999f01","l9":"471, ","c9":"#07ad80","l10":"472, ","c10":"#119efc","l11":"473, ","c11":"#f57145","l12":"474, ","c12":"#4d4aba","l13":"475, ","c13":"#126804","l14":"476, ","c14":"#b0045c","l15":"477, ","c15":"#05617d","l16":"BP, ","c16":"#999f01","l17":"G, ","c17":"#a72d06","l18":"M, ","c18":"#05617d","l19":"PSK, ","c19":"#a72d06","l20":"SŁ, ","c20":"#e16cd6","l21":"WK, ","c21":"#0357b2","l22":"ZP, ","c22":"#b11526","l23":"ZZ, ","c23":"#07ad80","l24":"Ż","c24":"#4d4aba"},"geometry":{"type":"Point","coordinates":[19.564609,50.280666]}},{"type":"Feature","properties":{"lines":"457, 460, 461, 462, 463, 464, 465, 466, 470, 471, 472, 473, 474, 475, 476, 477, PSK","arr":["457","460","461","462","463","464","465","466","470","471","472","473","474","475","476","477","PSK"],"mode":"bus","angle":24.5,"l0":"457, ","c0":"#119efc","l1":"460, ","c1":"#e16cd6","l2":"461, ","c2":"#e47e2b","l3":"462, ","c3":"#02af5a","l4":"463, ","c4":"#4d4aba","l5":"464, ","c5":"#1da8b6","l6":"465, ","c6":"#ff627e","l7":"466, ","c7":"#6b5806","l8":"470, ","c8":"#999f01","l9":"471, ","c9":"#07ad80","l10":"472, ","c10":"#119efc","l11":"473, ","c11":"#f57145","l12":"474, ","c12":"#4d4aba","l13":"475, ","c13":"#126804","l14":"476, ","c14":"#b0045c","l15":"477, ","c15":"#05617d","l16":"PSK","c16":"#a72d06"},"geometry":{"type":"Point","coordinates":[19.560224,50.282029]}},{"type":"Feature","properties":{"lines":"457, 460, 461, 462, 463, 464, 465, 466, 470, 471, 472, 473, 474, 475, 476, 477, PSK","arr":["457","460","461","462","463","464","465","466","470","471","472","473","474","475","476","477","PSK"],"mode":"bus","angle":27.4,"extra":1,"ei":0,"l0":"457, ","c0":"#119efc","l1":"460, ","c1":"#e16cd6","l2":"461, ","c2":"#e47e2b","l3":"462, ","c3":"#02af5a","l4":"463, ","c4":"#4d4aba","l5":"464, ","c5":"#1da8b6","l6":"465, ","c6":"#ff627e","l7":"466, ","c7":"#6b5806","l8":"470, ","c8":"#999f01","l9":"471, ","c9":"#07ad80","l10":"472, ","c10":"#119efc","l11":"473, ","c11":"#f57145","l12":"474, ","c12":"#4d4aba","l13":"475, ","c13":"#126804","l14":"476, ","c14":"#b0045c","l15":"477, ","c15":"#05617d","l16":"PSK","c16":"#a72d06"},"geometry":{"type":"Point","coordinates":[19.561946,50.281542]}},{"type":"Feature","properties":{"lines":"457, 460, 461, 462, 463, 464, 465, 466, 470, 471, 472, 473, 474, 475, 476, 477, BP, G, M, PSK, SŁ, WK, ZP, ZZ, Ż","arr":["457","460","461","462","463","464","465","466","470","471","472","473","474","475","476","477","BP","G","M","PSK","SŁ","WK","ZP","ZZ","Ż"],"mode":"bus","angle":18.2,"l0":"457, ","c0":"#119efc","l1":"460, ","c1":"#e16cd6","l2":"461, ","c2":"#e47e2b","l3":"462, ","c3":"#02af5a","l4":"463, ","c4":"#4d4aba","l5":"464, ","c5":"#1da8b6","l6":"465, ","c6":"#ff627e","l7":"466, ","c7":"#6b5806","l8":"470, ","c8":"#999f01","l9":"471, ","c9":"#07ad80","l10":"472, ","c10":"#119efc","l11":"473, ","c11":"#f57145","l12":"474, ","c12":"#4d4aba","l13":"475, ","c13":"#126804","l14":"476, ","c14":"#b0045c","l15":"477, ","c15":"#05617d","l16":"BP, ","c16":"#999f01","l17":"G, ","c17":"#a72d06","l18":"M, ","c18":"#05617d","l19":"PSK, ","c19":"#a72d06","l20":"SŁ, ","c20":"#e16cd6","l21":"WK, ","c21":"#0357b2","l22":"ZP, ","c22":"#b11526","l23":"ZZ, ","c23":"#07ad80","l24":"Ż","c24":"#4d4aba"},"geometry":{"type":"Point","coordinates":[19.564154,50.281]}},{"type":"Feature","properties":{"lines":"457, 460, 461, 462, 463, 464, 465, 466, 470, 471, 472, 473, 474, 475, 476, 477, PS, PSK","arr":["457","460","461","462","463","464","465","466","470","471","472","473","474","475","476","477","PS","PSK"],"mode":"bus","angle":9.5,"l0":"457, ","c0":"#119efc","l1":"460, ","c1":"#e16cd6","l2":"461, ","c2":"#e47e2b","l3":"462, ","c3":"#02af5a","l4":"463, ","c4":"#4d4aba","l5":"464, ","c5":"#1da8b6","l6":"465, ","c6":"#ff627e","l7":"466, ","c7":"#6b5806","l8":"470, ","c8":"#999f01","l9":"471, ","c9":"#07ad80","l10":"472, ","c10":"#119efc","l11":"473, ","c11":"#f57145","l12":"474, ","c12":"#4d4aba","l13":"475, ","c13":"#126804","l14":"476, ","c14":"#b0045c","l15":"477, ","c15":"#05617d","l16":"PS, ","c16":"#02af5a","l17":"PSK","c17":"#a72d06"},"geometry":{"type":"Point","coordinates":[19.553179,50.283462]}},{"type":"Feature","properties":{"lines":"457, 460, 461, 462, 463, 464, 465, 466, 470, 471, 472, 473, 474, 475, 476, 477, PS, PSK","arr":["457","460","461","462","463","464","465","466","470","471","472","473","474","475","476","477","PS","PSK"],"mode":"bus","angle":10.8,"extra":1,"ei":0,"l0":"457, ","c0":"#119efc","l1":"460, ","c1":"#e16cd6","l2":"461, ","c2":"#e47e2b","l3":"462, ","c3":"#02af5a","l4":"463, ","c4":"#4d4aba","l5":"464, ","c5":"#1da8b6","l6":"465, ","c6":"#ff627e","l7":"466, ","c7":"#6b5806","l8":"470, ","c8":"#999f01","l9":"471, ","c9":"#07ad80","l10":"472, ","c10":"#119efc","l11":"473, ","c11":"#f57145","l12":"474, ","c12":"#4d4aba","l13":"475, ","c13":"#126804","l14":"476, ","c14":"#b0045c","l15":"477, ","c15":"#05617d","l16":"PS, ","c16":"#02af5a","l17":"PSK","c17":"#a72d06"},"geometry":{"type":"Point","coordinates":[19.555572,50.283202]}},{"type":"Feature","properties":{"lines":"457, 460, 461, 462, 463, 464, 465, 466, 470, 471, 472, 473, 474, 475, 476, 477, PS, PSK","arr":["457","460","461","462","463","464","465","466","470","471","472","473","474","475","476","477","PS","PSK"],"mode":"bus","angle":20.5,"extra":1,"ei":1,"l0":"457, ","c0":"#119efc","l1":"460, ","c1":"#e16cd6","l2":"461, ","c2":"#e47e2b","l3":"462, ","c3":"#02af5a","l4":"463, ","c4":"#4d4aba","l5":"464, ","c5":"#1da8b6","l6":"465, ","c6":"#ff627e","l7":"466, ","c7":"#6b5806","l8":"470, ","c8":"#999f01","l9":"471, ","c9":"#07ad80","l10":"472, ","c10":"#119efc","l11":"473, ","c11":"#f57145","l12":"474, ","c12":"#4d4aba","l13":"475, ","c13":"#126804","l14":"476, ","c14":"#b0045c","l15":"477, ","c15":"#05617d","l16":"PS, ","c16":"#02af5a","l17":"PSK","c17":"#a72d06"},"geometry":{"type":"Point","coordinates":[19.54979,50.283944]}},{"type":"Feature","properties":{"lines":"457, 460, 461, 462, 463, 464, 465, 466, 470, 471, 473, 474, 476, PS, PSK","arr":["457","460","461","462","463","464","465","466","470","471","473","474","476","PS","PSK"],"mode":"bus","angle":29.7,"l0":"457, ","c0":"#119efc","l1":"460, ","c1":"#e16cd6","l2":"461, ","c2":"#e47e2b","l3":"462, ","c3":"#02af5a","l4":"463, ","c4":"#4d4aba","l5":"464, ","c5":"#1da8b6","l6":"465, ","c6":"#ff627e","l7":"466, ","c7":"#6b5806","l8":"470, ","c8":"#999f01","l9":"471, ","c9":"#07ad80","l10":"473, ","c10":"#f57145","l11":"474, ","c11":"#4d4aba","l12":"476, ","c12":"#b0045c","l13":"PS, ","c13":"#02af5a","l14":"PSK","c14":"#a72d06"},"geometry":{"type":"Point","coordinates":[19.548919,50.284206]}},{"type":"Feature","properties":{"lines":"457, 460, 461, 462, 463, 464, 465, 466, PSK","arr":["457","460","461","462","463","464","465","466","PSK"],"mode":"bus","angle":30.2,"l0":"457, ","c0":"#119efc","l1":"460, ","c1":"#e16cd6","l2":"461, ","c2":"#e47e2b","l3":"462, ","c3":"#02af5a","l4":"463, ","c4":"#4d4aba","l5":"464, ","c5":"#1da8b6","l6":"465, ","c6":"#ff627e","l7":"466, ","c7":"#6b5806","l8":"PSK","c8":"#a72d06"},"geometry":{"type":"Point","coordinates":[19.543235,50.287076]}},{"type":"Feature","properties":{"lines":"457, 460, 461, 462, 463, 464, 465, 466, PSK","arr":["457","460","461","462","463","464","465","466","PSK"],"mode":"bus","angle":40.6,"extra":1,"ei":0,"l0":"457, ","c0":"#119efc","l1":"460, ","c1":"#e16cd6","l2":"461, ","c2":"#e47e2b","l3":"462, ","c3":"#02af5a","l4":"463, ","c4":"#4d4aba","l5":"464, ","c5":"#1da8b6","l6":"465, ","c6":"#ff627e","l7":"466, ","c7":"#6b5806","l8":"PSK","c8":"#a72d06"},"geometry":{"type":"Point","coordinates":[19.546921,50.28517]}},{"type":"Feature","properties":{"lines":"457, 460, 461, 462, 463, 464, 465, 466, PSK","arr":["457","460","461","462","463","464","465","466","PSK"],"mode":"bus","angle":-2.3,"extra":1,"ei":1,"l0":"457, ","c0":"#119efc","l1":"460, ","c1":"#e16cd6","l2":"461, ","c2":"#e47e2b","l3":"462, ","c3":"#02af5a","l4":"463, ","c4":"#4d4aba","l5":"464, ","c5":"#1da8b6","l6":"465, ","c6":"#ff627e","l7":"466, ","c7":"#6b5806","l8":"PSK","c8":"#a72d06"},"geometry":{"type":"Point","coordinates":[19.539283,50.287647]}},{"type":"Feature","properties":{"lines":"457, 460, 461, 462, 463, 464, 465, 466","arr":["457","460","461","462","463","464","465","466"],"mode":"bus","angle":-8.6,"l0":"457, ","c0":"#119efc","l1":"460, ","c1":"#e16cd6","l2":"461, ","c2":"#e47e2b","l3":"462, ","c3":"#02af5a","l4":"463, ","c4":"#4d4aba","l5":"464, ","c5":"#1da8b6","l6":"465, ","c6":"#ff627e","l7":"466","c7":"#6b5806"},"geometry":{"type":"Point","coordinates":[19.536391,50.287765]}},{"type":"Feature","properties":{"lines":"457, 460, 461, 462, 463, 464, 465, 466","arr":["457","460","461","462","463","464","465","466"],"mode":"bus","angle":26.1,"l0":"457, ","c0":"#119efc","l1":"460, ","c1":"#e16cd6","l2":"461, ","c2":"#e47e2b","l3":"462, ","c3":"#02af5a","l4":"463, ","c4":"#4d4aba","l5":"464, ","c5":"#1da8b6","l6":"465, ","c6":"#ff627e","l7":"466","c7":"#6b5806"},"geometry":{"type":"Point","coordinates":[19.51747,50.28864]}},{"type":"Feature","properties":{"lines":"457, 460, 461, 462, 463, 464, 465, 466","arr":["457","460","461","462","463","464","465","466"],"mode":"bus","angle":-3.8,"side":-1,"extra":1,"ei":0,"l0":"457, ","c0":"#119efc","l1":"460, ","c1":"#e16cd6","l2":"461, ","c2":"#e47e2b","l3":"462, ","c3":"#02af5a","l4":"463, ","c4":"#4d4aba","l5":"464, ","c5":"#1da8b6","l6":"465, ","c6":"#ff627e","l7":"466","c7":"#6b5806"},"geometry":{"type":"Point","coordinates":[19.535704,50.287496]}},{"type":"Feature","properties":{"lines":"457, 460, 461, 462, 463, 464, 465, 466","arr":["457","460","461","462","463","464","465","466"],"mode":"bus","angle":-3.8,"extra":1,"ei":1,"l0":"457, ","c0":"#119efc","l1":"460, ","c1":"#e16cd6","l2":"461, ","c2":"#e47e2b","l3":"462, ","c3":"#02af5a","l4":"463, ","c4":"#4d4aba","l5":"464, ","c5":"#1da8b6","l6":"465, ","c6":"#ff627e","l7":"466","c7":"#6b5806"},"geometry":{"type":"Point","coordinates":[19.532756,50.287373]}},{"type":"Feature","properties":{"lines":"457, 460, 461, 462, 463, 464, 465, 466","arr":["457","460","461","462","463","464","465","466"],"mode":"bus","angle":-5.4,"extra":1,"ei":2,"l0":"457, ","c0":"#119efc","l1":"460, ","c1":"#e16cd6","l2":"461, ","c2":"#e47e2b","l3":"462, ","c3":"#02af5a","l4":"463, ","c4":"#4d4aba","l5":"464, ","c5":"#1da8b6","l6":"465, ","c6":"#ff627e","l7":"466","c7":"#6b5806"},"geometry":{"type":"Point","coordinates":[19.529812,50.287224]}},{"type":"Feature","properties":{"lines":"457, 460, 461, 462, 463, 464, 465, 466","arr":["457","460","461","462","463","464","465","466"],"mode":"bus","angle":0.6,"extra":1,"ei":3,"l0":"457, ","c0":"#119efc","l1":"460, ","c1":"#e16cd6","l2":"461, ","c2":"#e47e2b","l3":"462, ","c3":"#02af5a","l4":"463, ","c4":"#4d4aba","l5":"464, ","c5":"#1da8b6","l6":"465, ","c6":"#ff627e","l7":"466","c7":"#6b5806"},"geometry":{"type":"Point","coordinates":[19.526866,50.28711]}},{"type":"Feature","properties":{"lines":"457, 460, 461, 462, 463, 464, 465, 466","arr":["457","460","461","462","463","464","465","466"],"mode":"bus","angle":2.9,"extra":1,"ei":4,"l0":"457, ","c0":"#119efc","l1":"460, ","c1":"#e16cd6","l2":"461, ","c2":"#e47e2b","l3":"462, ","c3":"#02af5a","l4":"463, ","c4":"#4d4aba","l5":"464, ","c5":"#1da8b6","l6":"465, ","c6":"#ff627e","l7":"466","c7":"#6b5806"},"geometry":{"type":"Point","coordinates":[19.523917,50.287037]}},{"type":"Feature","properties":{"lines":"457, 460, 461, 462, 463, 464, 465, 466","arr":["457","460","461","462","463","464","465","466"],"mode":"bus","angle":24.9,"extra":1,"ei":5,"l0":"457, ","c0":"#119efc","l1":"460, ","c1":"#e16cd6","l2":"461, ","c2":"#e47e2b","l3":"462, ","c3":"#02af5a","l4":"463, ","c4":"#4d4aba","l5":"464, ","c5":"#1da8b6","l6":"465, ","c6":"#ff627e","l7":"466","c7":"#6b5806"},"geometry":{"type":"Point","coordinates":[19.521079,50.287512]}},{"type":"Feature","properties":{"lines":"457, 460, 461, 462, 463, 464, 465, 466","arr":["457","460","461","462","463","464","465","466"],"mode":"bus","angle":26.1,"extra":1,"ei":6,"l0":"457, ","c0":"#119efc","l1":"460, ","c1":"#e16cd6","l2":"461, ","c2":"#e47e2b","l3":"462, ","c3":"#02af5a","l4":"463, ","c4":"#4d4aba","l5":"464, ","c5":"#1da8b6","l6":"465, ","c6":"#ff627e","l7":"466","c7":"#6b5806"},"geometry":{"type":"Point","coordinates":[19.515773,50.289172]}},{"type":"Feature","properties":{"lines":"457, 460, 461, 462, 463, 464, 465, 466","arr":["457","460","461","462","463","464","465","466"],"mode":"bus","angle":26.1,"extra":1,"ei":7,"l0":"457, ","c0":"#119efc","l1":"460, ","c1":"#e16cd6","l2":"461, ","c2":"#e47e2b","l3":"462, ","c3":"#02af5a","l4":"463, ","c4":"#4d4aba","l5":"464, ","c5":"#1da8b6","l6":"465, ","c6":"#ff627e","l7":"466","c7":"#6b5806"},"geometry":{"type":"Point","coordinates":[19.51312,50.290004]}},{"type":"Feature","properties":{"lines":"457, 460, 461, 462, 463, 464, 465, 466","arr":["457","460","461","462","463","464","465","466"],"mode":"bus","angle":26,"extra":1,"ei":8,"l0":"457, ","c0":"#119efc","l1":"460, ","c1":"#e16cd6","l2":"461, ","c2":"#e47e2b","l3":"462, ","c3":"#02af5a","l4":"463, ","c4":"#4d4aba","l5":"464, ","c5":"#1da8b6","l6":"465, ","c6":"#ff627e","l7":"466","c7":"#6b5806"},"geometry":{"type":"Point","coordinates":[19.510467,50.290834]}},{"type":"Feature","properties":{"lines":"457, 460, 461, 462, 463, 464, 465, 466","arr":["457","460","461","462","463","464","465","466"],"mode":"bus","angle":26.2,"extra":1,"ei":9,"l0":"457, ","c0":"#119efc","l1":"460, ","c1":"#e16cd6","l2":"461, ","c2":"#e47e2b","l3":"462, ","c3":"#02af5a","l4":"463, ","c4":"#4d4aba","l5":"464, ","c5":"#1da8b6","l6":"465, ","c6":"#ff627e","l7":"466","c7":"#6b5806"},"geometry":{"type":"Point","coordinates":[19.507814,50.291665]}},{"type":"Feature","properties":{"lines":"457, 460, 461, 462, 463, 464, 465, 466","arr":["457","460","461","462","463","464","465","466"],"mode":"bus","angle":26.2,"extra":1,"ei":10,"l0":"457, ","c0":"#119efc","l1":"460, ","c1":"#e16cd6","l2":"461, ","c2":"#e47e2b","l3":"462, ","c3":"#02af5a","l4":"463, ","c4":"#4d4aba","l5":"464, ","c5":"#1da8b6","l6":"465, ","c6":"#ff627e","l7":"466","c7":"#6b5806"},"geometry":{"type":"Point","coordinates":[19.505163,50.292498]}},{"type":"Feature","properties":{"lines":"457, 460, 461, 462, 463, 464, 465, 466","arr":["457","460","461","462","463","464","465","466"],"mode":"bus","angle":28.5,"extra":1,"ei":11,"l0":"457, ","c0":"#119efc","l1":"460, ","c1":"#e16cd6","l2":"461, ","c2":"#e47e2b","l3":"462, ","c3":"#02af5a","l4":"463, ","c4":"#4d4aba","l5":"464, ","c5":"#1da8b6","l6":"465, ","c6":"#ff627e","l7":"466","c7":"#6b5806"},"geometry":{"type":"Point","coordinates":[19.502524,50.293347]}},{"type":"Feature","properties":{"lines":"457, 460, 461, 462, 463, 464, 465, 466","arr":["457","460","461","462","463","464","465","466"],"mode":"bus","angle":40.8,"extra":1,"ei":12,"l0":"457, ","c0":"#119efc","l1":"460, ","c1":"#e16cd6","l2":"461, ","c2":"#e47e2b","l3":"462, ","c3":"#02af5a","l4":"463, ","c4":"#4d4aba","l5":"464, ","c5":"#1da8b6","l6":"465, ","c6":"#ff627e","l7":"466","c7":"#6b5806"},"geometry":{"type":"Point","coordinates":[19.500103,50.294422]}},{"type":"Feature","properties":{"lines":"457, 460, 461, 462, 463, 464, 465, 466","arr":["457","460","461","462","463","464","465","466"],"mode":"bus","angle":16,"l0":"457, ","c0":"#119efc","l1":"460, ","c1":"#e16cd6","l2":"461, ","c2":"#e47e2b","l3":"462, ","c3":"#02af5a","l4":"463, ","c4":"#4d4aba","l5":"464, ","c5":"#1da8b6","l6":"465, ","c6":"#ff627e","l7":"466","c7":"#6b5806"},"geometry":{"type":"Point","coordinates":[19.490564,50.295038]}},{"type":"Feature","properties":{"lines":"457, 460, 461, 462, 463, 464, 465, 466","arr":["457","460","461","462","463","464","465","466"],"mode":"bus","angle":-55.6,"extra":1,"ei":0,"l0":"457, ","c0":"#119efc","l1":"460, ","c1":"#e16cd6","l2":"461, ","c2":"#e47e2b","l3":"462, ","c3":"#02af5a","l4":"463, ","c4":"#4d4aba","l5":"464, ","c5":"#1da8b6","l6":"465, ","c6":"#ff627e","l7":"466","c7":"#6b5806"},"geometry":{"type":"Point","coordinates":[19.498753,50.293781]}},{"type":"Feature","properties":{"lines":"457, 460, 461, 462, 463, 464, 465, 466","arr":["457","460","461","462","463","464","465","466"],"mode":"bus","angle":15.7,"extra":1,"ei":1,"l0":"457, ","c0":"#119efc","l1":"460, ","c1":"#e16cd6","l2":"461, ","c2":"#e47e2b","l3":"462, ","c3":"#02af5a","l4":"463, ","c4":"#4d4aba","l5":"464, ","c5":"#1da8b6","l6":"465, ","c6":"#ff627e","l7":"466","c7":"#6b5806"},"geometry":{"type":"Point","coordinates":[19.496088,50.294035]}},{"type":"Feature","properties":{"lines":"457, 460, 461, 462, 463, 464, 465, 466","arr":["457","460","461","462","463","464","465","466"],"mode":"bus","angle":15.9,"extra":1,"ei":2,"l0":"457, ","c0":"#119efc","l1":"460, ","c1":"#e16cd6","l2":"461, ","c2":"#e47e2b","l3":"462, ","c3":"#02af5a","l4":"463, ","c4":"#4d4aba","l5":"464, ","c5":"#1da8b6","l6":"465, ","c6":"#ff627e","l7":"466","c7":"#6b5806"},"geometry":{"type":"Point","coordinates":[19.493246,50.29455]}},{"type":"Feature","properties":{"lines":"457, 460, 461, 462, 463, 464, 465, 466","arr":["457","460","461","462","463","464","465","466"],"mode":"bus","angle":16,"extra":1,"ei":3,"l0":"457, ","c0":"#119efc","l1":"460, ","c1":"#e16cd6","l2":"461, ","c2":"#e47e2b","l3":"462, ","c3":"#02af5a","l4":"463, ","c4":"#4d4aba","l5":"464, ","c5":"#1da8b6","l6":"465, ","c6":"#ff627e","l7":"466","c7":"#6b5806"},"geometry":{"type":"Point","coordinates":[19.487566,50.29559]}},{"type":"Feature","properties":{"lines":"457, 460, 461, 462, 463, 464, 465, 466","arr":["457","460","461","462","463","464","465","466"],"mode":"bus","angle":16.1,"extra":1,"ei":4,"l0":"457, ","c0":"#119efc","l1":"460, ","c1":"#e16cd6","l2":"461, ","c2":"#e47e2b","l3":"462, ","c3":"#02af5a","l4":"463, ","c4":"#4d4aba","l5":"464, ","c5":"#1da8b6","l6":"465, ","c6":"#ff627e","l7":"466","c7":"#6b5806"},"geometry":{"type":"Point","coordinates":[19.484725,50.296109]}},{"type":"Feature","properties":{"lines":"457, 460, 461, 462, 463, 464, 465, 466","arr":["457","460","461","462","463","464","465","466"],"mode":"bus","angle":15.4,"extra":1,"ei":5,"l0":"457, ","c0":"#119efc","l1":"460, ","c1":"#e16cd6","l2":"461, ","c2":"#e47e2b","l3":"462, ","c3":"#02af5a","l4":"463, ","c4":"#4d4aba","l5":"464, ","c5":"#1da8b6","l6":"465, ","c6":"#ff627e","l7":"466","c7":"#6b5806"},"geometry":{"type":"Point","coordinates":[19.481888,50.296635]}},{"type":"Feature","properties":{"lines":"457, 460, 461, 462, 463, 464, 465, 466, 467","arr":["457","460","461","462","463","464","465","466","467"],"mode":"bus","angle":5.3,"l0":"457, ","c0":"#119efc","l1":"460, ","c1":"#e16cd6","l2":"461, ","c2":"#e47e2b","l3":"462, ","c3":"#02af5a","l4":"463, ","c4":"#4d4aba","l5":"464, ","c5":"#1da8b6","l6":"465, ","c6":"#ff627e","l7":"466, ","c7":"#6b5806","l8":"467","c8":"#b20b42"},"geometry":{"type":"Point","coordinates":[19.473471,50.294324]}},{"type":"Feature","properties":{"lines":"457, 460, 461, 462, 463, 464, 465, 466, 467","arr":["457","460","461","462","463","464","465","466","467"],"mode":"bus","angle":23.3,"extra":1,"ei":0,"l0":"457, ","c0":"#119efc","l1":"460, ","c1":"#e16cd6","l2":"461, ","c2":"#e47e2b","l3":"462, ","c3":"#02af5a","l4":"463, ","c4":"#4d4aba","l5":"464, ","c5":"#1da8b6","l6":"465, ","c6":"#ff627e","l7":"466, ","c7":"#6b5806","l8":"467","c8":"#b20b42"},"geometry":{"type":"Point","coordinates":[19.466994,50.295802]}},{"type":"Feature","properties":{"lines":"457, 460, 461, 462, 463, 464, 465, 466, 467","arr":["457","460","461","462","463","464","465","466","467"],"mode":"bus","angle":24.3,"extra":1,"ei":1,"l0":"457, ","c0":"#119efc","l1":"460, ","c1":"#e16cd6","l2":"461, ","c2":"#e47e2b","l3":"462, ","c3":"#02af5a","l4":"463, ","c4":"#4d4aba","l5":"464, ","c5":"#1da8b6","l6":"465, ","c6":"#ff627e","l7":"466, ","c7":"#6b5806","l8":"467","c8":"#b20b42"},"geometry":{"type":"Point","coordinates":[19.469695,50.295037]}},{"type":"Feature","properties":{"lines":"457, 460, 461, 462, 463, 464, 465, 466, 467","arr":["457","460","461","462","463","464","465","466","467"],"mode":"bus","angle":-18.4,"extra":1,"ei":2,"l0":"457, ","c0":"#119efc","l1":"460, ","c1":"#e16cd6","l2":"461, ","c2":"#e47e2b","l3":"462, ","c3":"#02af5a","l4":"463, ","c4":"#4d4aba","l5":"464, ","c5":"#1da8b6","l6":"465, ","c6":"#ff627e","l7":"466, ","c7":"#6b5806","l8":"467","c8":"#b20b42"},"geometry":{"type":"Point","coordinates":[19.475382,50.294497]}},{"type":"Feature","properties":{"lines":"457, 460, 461, 462, 463, 464, 465, 466, 467","arr":["457","460","461","462","463","464","465","466","467"],"mode":"bus","angle":-35.4,"extra":1,"ei":3,"l0":"457, ","c0":"#119efc","l1":"460, ","c1":"#e16cd6","l2":"461, ","c2":"#e47e2b","l3":"462, ","c3":"#02af5a","l4":"463, ","c4":"#4d4aba","l5":"464, ","c5":"#1da8b6","l6":"465, ","c6":"#ff627e","l7":"466, ","c7":"#6b5806","l8":"467","c8":"#b20b42"},"geometry":{"type":"Point","coordinates":[19.477967,50.295401]}},{"type":"Feature","properties":{"lines":"457, 460, 461, 462, 463, 464, 465, 466, 467","arr":["457","460","461","462","463","464","465","466","467"],"mode":"bus","angle":-33.6,"extra":1,"ei":4,"l0":"457, ","c0":"#119efc","l1":"460, ","c1":"#e16cd6","l2":"461, ","c2":"#e47e2b","l3":"462, ","c3":"#02af5a","l4":"463, ","c4":"#4d4aba","l5":"464, ","c5":"#1da8b6","l6":"465, ","c6":"#ff627e","l7":"466, ","c7":"#6b5806","l8":"467","c8":"#b20b42"},"geometry":{"type":"Point","coordinates":[19.480273,50.296581]}},{"type":"Feature","properties":{"lines":"457, 460, 462, 464, 465, 466, 467","arr":["457","460","462","464","465","466","467"],"mode":"bus","angle":-66.1,"l0":"457, ","c0":"#119efc","l1":"460, ","c1":"#e16cd6","l2":"462, ","c2":"#02af5a","l3":"464, ","c3":"#1da8b6","l4":"465, ","c4":"#ff627e","l5":"466, ","c5":"#6b5806","l6":"467","c6":"#b20b42"},"geometry":{"type":"Point","coordinates":[19.463703,50.293475]}},{"type":"Feature","properties":{"lines":"457, 460, 462, 464, 465, 466, 467","arr":["457","460","462","464","465","466","467"],"mode":"bus","angle":-65.1,"extra":1,"ei":0,"l0":"457, ","c0":"#119efc","l1":"460, ","c1":"#e16cd6","l2":"462, ","c2":"#02af5a","l3":"464, ","c3":"#1da8b6","l4":"465, ","c4":"#ff627e","l5":"466, ","c5":"#6b5806","l6":"467","c6":"#b20b42"},"geometry":{"type":"Point","coordinates":[19.465015,50.29532]}},{"type":"Feature","properties":{"lines":"457, 460, 462, 464, 465, 466, 467","arr":["457","460","462","464","465","466","467"],"mode":"bus","angle":-23.6,"extra":1,"ei":1,"l0":"457, ","c0":"#119efc","l1":"460, ","c1":"#e16cd6","l2":"462, ","c2":"#02af5a","l3":"464, ","c3":"#1da8b6","l4":"465, ","c4":"#ff627e","l5":"466, ","c5":"#6b5806","l6":"467","c6":"#b20b42"},"geometry":{"type":"Point","coordinates":[19.461775,50.292376]}},{"type":"Feature","properties":{"lines":"460, 467","arr":["460","467"],"mode":"bus","angle":-23.6,"l0":"460, ","c0":"#e16cd6","l1":"467","c1":"#b20b42"},"geometry":{"type":"Point","coordinates":[19.453631,50.290124]}},{"type":"Feature","properties":{"lines":"460, 467","arr":["460","467"],"mode":"bus","angle":-68.8,"mi":1,"l0":"460, ","c0":"#e16cd6","l1":"467","c1":"#b20b42"},"geometry":{"type":"Point","coordinates":[19.405531,50.29086]}},{"type":"Feature","properties":{"lines":"460, 467","arr":["460","467"],"mode":"bus","angle":13.7,"side":-1,"l0":"460, ","c0":"#e16cd6","l1":"467","c1":"#b20b42"},"geometry":{"type":"Point","coordinates":[19.403098,50.287184]}},{"type":"Feature","properties":{"lines":"460, 462, 463, 467","arr":["460","462","463","467"],"mode":"bus","angle":-23.8,"l0":"460, ","c0":"#e16cd6","l1":"462, ","c1":"#02af5a","l2":"463, ","c2":"#4d4aba","l3":"467","c3":"#b20b42"},"geometry":{"type":"Point","coordinates":[19.457296,50.291162]}},{"type":"Feature","properties":{"lines":"457, 460, 463, 464, 465, 466, 467","arr":["457","460","463","464","465","466","467"],"mode":"bus","angle":36.7,"l0":"457, ","c0":"#119efc","l1":"460, ","c1":"#e16cd6","l2":"463, ","c2":"#4d4aba","l3":"464, ","c3":"#1da8b6","l4":"465, ","c4":"#ff627e","l5":"466, ","c5":"#6b5806","l6":"467","c6":"#b20b42"},"geometry":{"type":"Point","coordinates":[19.463887,50.289104]}},{"type":"Feature","properties":{"lines":"457, 460, 463, 464, 465, 466, 467","arr":["457","460","463","464","465","466","467"],"mode":"bus","angle":41.2,"extra":1,"ei":0,"l0":"457, ","c0":"#119efc","l1":"460, ","c1":"#e16cd6","l2":"463, ","c2":"#4d4aba","l3":"464, ","c3":"#1da8b6","l4":"465, ","c4":"#ff627e","l5":"466, ","c5":"#6b5806","l6":"467","c6":"#b20b42"},"geometry":{"type":"Point","coordinates":[19.461054,50.291253]}},{"type":"Feature","properties":{"lines":"457, 460, 463, 464, 465, 466, 467","arr":["457","460","463","464","465","466","467"],"mode":"bus","angle":30.5,"extra":1,"ei":1,"l0":"457, ","c0":"#119efc","l1":"460, ","c1":"#e16cd6","l2":"463, ","c2":"#4d4aba","l3":"464, ","c3":"#1da8b6","l4":"465, ","c4":"#ff627e","l5":"466, ","c5":"#6b5806","l6":"467","c6":"#b20b42"},"geometry":{"type":"Point","coordinates":[19.467754,50.287862]}},{"type":"Feature","properties":{"lines":"457, 460, 463, 464, 465, 466, 467","arr":["457","460","463","464","465","466","467"],"mode":"bus","angle":-64.7,"l0":"457, ","c0":"#119efc","l1":"460, ","c1":"#e16cd6","l2":"463, ","c2":"#4d4aba","l3":"464, ","c3":"#1da8b6","l4":"465, ","c4":"#ff627e","l5":"466, ","c5":"#6b5806","l6":"467","c6":"#b20b42"},"geometry":{"type":"Point","coordinates":[19.468948,50.275918]}},{"type":"Feature","properties":{"lines":"457, 460, 463, 464, 465, 466, 467","arr":["457","460","463","464","465","466","467"],"mode":"bus","angle":-87.9,"extra":1,"ei":0,"l0":"457, ","c0":"#119efc","l1":"460, ","c1":"#e16cd6","l2":"463, ","c2":"#4d4aba","l3":"464, ","c3":"#1da8b6","l4":"465, ","c4":"#ff627e","l5":"466, ","c5":"#6b5806","l6":"467","c6":"#b20b42"},"geometry":{"type":"Point","coordinates":[19.469103,50.286133]}},{"type":"Feature","properties":{"lines":"457, 460, 463, 464, 465, 466, 467","arr":["457","460","463","464","465","466","467"],"mode":"bus","angle":88.7,"extra":1,"ei":1,"l0":"457, ","c0":"#119efc","l1":"460, ","c1":"#e16cd6","l2":"463, ","c2":"#4d4aba","l3":"464, ","c3":"#1da8b6","l4":"465, ","c4":"#ff627e","l5":"466, ","c5":"#6b5806","l6":"467","c6":"#b20b42"},"geometry":{"type":"Point","coordinates":[19.469149,50.284245]}},{"type":"Feature","properties":{"lines":"457, 460, 463, 464, 465, 466, 467","arr":["457","460","463","464","465","466","467"],"mode":"bus","angle":87.8,"extra":1,"ei":2,"l0":"457, ","c0":"#119efc","l1":"460, ","c1":"#e16cd6","l2":"463, ","c2":"#4d4aba","l3":"464, ","c3":"#1da8b6","l4":"465, ","c4":"#ff627e","l5":"466, ","c5":"#6b5806","l6":"467","c6":"#b20b42"},"geometry":{"type":"Point","coordinates":[19.469225,50.282357]}},{"type":"Feature","properties":{"lines":"457, 460, 463, 464, 465, 466, 467","arr":["457","460","463","464","465","466","467"],"mode":"bus","angle":-85,"extra":1,"ei":3,"l0":"457, ","c0":"#119efc","l1":"460, ","c1":"#e16cd6","l2":"463, ","c2":"#4d4aba","l3":"464, ","c3":"#1da8b6","l4":"465, ","c4":"#ff627e","l5":"466, ","c5":"#6b5806","l6":"467","c6":"#b20b42"},"geometry":{"type":"Point","coordinates":[19.46968,50.280507]}},{"type":"Feature","properties":{"lines":"457, 460, 463, 464, 465, 466, 467","arr":["457","460","463","464","465","466","467"],"mode":"bus","angle":77.7,"extra":1,"ei":4,"l0":"457, ","c0":"#119efc","l1":"460, ","c1":"#e16cd6","l2":"463, ","c2":"#4d4aba","l3":"464, ","c3":"#1da8b6","l4":"465, ","c4":"#ff627e","l5":"466, ","c5":"#6b5806","l6":"467","c6":"#b20b42"},"geometry":{"type":"Point","coordinates":[19.469805,50.278672]}},{"type":"Feature","properties":{"lines":"457, 460, 463, 464, 465, 466, 467","arr":["457","460","463","464","465","466","467"],"mode":"bus","angle":-65,"extra":1,"ei":5,"l0":"457, ","c0":"#119efc","l1":"460, ","c1":"#e16cd6","l2":"463, ","c2":"#4d4aba","l3":"464, ","c3":"#1da8b6","l4":"465, ","c4":"#ff627e","l5":"466, ","c5":"#6b5806","l6":"467","c6":"#b20b42"},"geometry":{"type":"Point","coordinates":[19.46713,50.273436]}},{"type":"Feature","properties":{"lines":"457, 460, 463, 464, 465, 466, 467","arr":["457","460","463","464","465","466","467"],"mode":"bus","angle":-64.1,"extra":1,"ei":6,"l0":"457, ","c0":"#119efc","l1":"460, ","c1":"#e16cd6","l2":"463, ","c2":"#4d4aba","l3":"464, ","c3":"#1da8b6","l4":"465, ","c4":"#ff627e","l5":"466, ","c5":"#6b5806","l6":"467","c6":"#b20b42"},"geometry":{"type":"Point","coordinates":[19.465848,50.271735]}},{"type":"Feature","properties":{"lines":"457, 460, 463, 464, 465, 466, 467","arr":["457","460","463","464","465","466","467"],"mode":"bus","angle":-64,"extra":1,"ei":7,"l0":"457, ","c0":"#119efc","l1":"460, ","c1":"#e16cd6","l2":"463, ","c2":"#4d4aba","l3":"464, ","c3":"#1da8b6","l4":"465, ","c4":"#ff627e","l5":"466, ","c5":"#6b5806","l6":"467","c6":"#b20b42"},"geometry":{"type":"Point","coordinates":[19.464553,50.270037]}},{"type":"Feature","properties":{"lines":"457, 460, 463, 464, 465, 466, 467","arr":["457","460","463","464","465","466","467"],"mode":"bus","angle":-64.3,"extra":1,"ei":8,"l0":"457, ","c0":"#119efc","l1":"460, ","c1":"#e16cd6","l2":"463, ","c2":"#4d4aba","l3":"464, ","c3":"#1da8b6","l4":"465, ","c4":"#ff627e","l5":"466, ","c5":"#6b5806","l6":"467","c6":"#b20b42"},"geometry":{"type":"Point","coordinates":[19.463262,50.268339]}},{"type":"Feature","properties":{"lines":"457, 460, 463, 464, 465, 466, 467","arr":["457","460","463","464","465","466","467"],"mode":"bus","angle":87.8,"extra":1,"ei":9,"l0":"457, ","c0":"#119efc","l1":"460, ","c1":"#e16cd6","l2":"463, ","c2":"#4d4aba","l3":"464, ","c3":"#1da8b6","l4":"465, ","c4":"#ff627e","l5":"466, ","c5":"#6b5806","l6":"467","c6":"#b20b42"},"geometry":{"type":"Point","coordinates":[19.462693,50.266522]}},{"type":"Feature","properties":{"lines":"457, 460, 463, 464, 465, 466, 467","arr":["457","460","463","464","465","466","467"],"mode":"bus","angle":-60.1,"l0":"457, ","c0":"#119efc","l1":"460, ","c1":"#e16cd6","l2":"463, ","c2":"#4d4aba","l3":"464, ","c3":"#1da8b6","l4":"465, ","c4":"#ff627e","l5":"466, ","c5":"#6b5806","l6":"467","c6":"#b20b42"},"geometry":{"type":"Point","coordinates":[19.462562,50.265034]}},{"type":"Feature","properties":{"lines":"457, 460, 461, 462, 463, 464, 465, 466, 470, 471, 472, 473, 474, 475, 476, 477, BP, G, M, PSK, SŁ, WK, ZP, ZZ, Ż","arr":["457","460","461","462","463","464","465","466","470","471","472","473","474","475","476","477","BP","G","M","PSK","SŁ","WK","ZP","ZZ","Ż"],"mode":"bus","angle":76.3,"side":-1,"mi":2,"l0":"457, ","c0":"#119efc","l1":"460, ","c1":"#e16cd6","l2":"461, ","c2":"#e47e2b","l3":"462, ","c3":"#02af5a","l4":"463, ","c4":"#4d4aba","l5":"464, ","c5":"#1da8b6","l6":"465, ","c6":"#ff627e","l7":"466, ","c7":"#6b5806","l8":"470, ","c8":"#999f01","l9":"471, ","c9":"#07ad80","l10":"472, ","c10":"#119efc","l11":"473, ","c11":"#f57145","l12":"474, ","c12":"#4d4aba","l13":"475, ","c13":"#126804","l14":"476, ","c14":"#b0045c","l15":"477, ","c15":"#05617d","l16":"BP, ","c16":"#999f01","l17":"G, ","c17":"#a72d06","l18":"M, ","c18":"#05617d","l19":"PSK, ","c19":"#a72d06","l20":"SŁ, ","c20":"#e16cd6","l21":"WK, ","c21":"#0357b2","l22":"ZP, ","c22":"#b11526","l23":"ZZ, ","c23":"#07ad80","l24":"Ż","c24":"#4d4aba"},"geometry":{"type":"Point","coordinates":[19.563284,50.280977]}},{"type":"Feature","properties":{"lines":"457, 460, 461, 462, 463, 464, 465, 466, 470, 471, 472, 473, 474, 475, 476, 477, BP, G, M, PSK, SŁ, WK, ZP, ZZ","arr":["457","460","461","462","463","464","465","466","470","471","472","473","474","475","476","477","BP","G","M","PSK","SŁ","WK","ZP","ZZ"],"mode":"bus","angle":40,"l0":"457, ","c0":"#119efc","l1":"460, ","c1":"#e16cd6","l2":"461, ","c2":"#e47e2b","l3":"462, ","c3":"#02af5a","l4":"463, ","c4":"#4d4aba","l5":"464, ","c5":"#1da8b6","l6":"465, ","c6":"#ff627e","l7":"466, ","c7":"#6b5806","l8":"470, ","c8":"#999f01","l9":"471, ","c9":"#07ad80","l10":"472, ","c10":"#119efc","l11":"473, ","c11":"#f57145","l12":"474, ","c12":"#4d4aba","l13":"475, ","c13":"#126804","l14":"476, ","c14":"#b0045c","l15":"477, ","c15":"#05617d","l16":"BP, ","c16":"#999f01","l17":"G, ","c17":"#a72d06","l18":"M, ","c18":"#05617d","l19":"PSK, ","c19":"#a72d06","l20":"SŁ, ","c20":"#e16cd6","l21":"WK, ","c21":"#0357b2","l22":"ZP, ","c22":"#b11526","l23":"ZZ","c23":"#07ad80"},"geometry":{"type":"Point","coordinates":[19.563994,50.280641]}},{"type":"Feature","properties":{"lines":"457, 460, 461, 464, 465, 470, 472, 474, 475, 477, BP, G, PS, PSK, WK, ZP, ZZ, Ż","arr":["457","460","461","464","465","470","472","474","475","477","BP","G","PS","PSK","WK","ZP","ZZ","Ż"],"mode":"bus","angle":25,"side":-1,"l0":"457, ","c0":"#119efc","l1":"460, ","c1":"#e16cd6","l2":"461, ","c2":"#e47e2b","l3":"464, ","c3":"#1da8b6","l4":"465, ","c4":"#ff627e","l5":"470, ","c5":"#999f01","l6":"472, ","c6":"#119efc","l7":"474, ","c7":"#4d4aba","l8":"475, ","c8":"#126804","l9":"477, ","c9":"#05617d","l10":"BP, ","c10":"#999f01","l11":"G, ","c11":"#a72d06","l12":"PS, ","c12":"#02af5a","l13":"PSK, ","c13":"#a72d06","l14":"WK, ","c14":"#0357b2","l15":"ZP, ","c15":"#b11526","l16":"ZZ, ","c16":"#07ad80","l17":"Ż","c17":"#4d4aba"},"geometry":{"type":"Point","coordinates":[19.586104,50.272639]}},{"type":"Feature","properties":{"lines":"457, 460, 461, 464, 465, 470, 472, 474, 475, 477, BP, G, PS, PSK, WK, ZP, ZZ, Ż","arr":["457","460","461","464","465","470","472","474","475","477","BP","G","PS","PSK","WK","ZP","ZZ","Ż"],"mode":"bus","angle":45.9,"side":-1,"extra":1,"ei":0,"l0":"457, ","c0":"#119efc","l1":"460, ","c1":"#e16cd6","l2":"461, ","c2":"#e47e2b","l3":"464, ","c3":"#1da8b6","l4":"465, ","c4":"#ff627e","l5":"470, ","c5":"#999f01","l6":"472, ","c6":"#119efc","l7":"474, ","c7":"#4d4aba","l8":"475, ","c8":"#126804","l9":"477, ","c9":"#05617d","l10":"BP, ","c10":"#999f01","l11":"G, ","c11":"#a72d06","l12":"PS, ","c12":"#02af5a","l13":"PSK, ","c13":"#a72d06","l14":"WK, ","c14":"#0357b2","l15":"ZP, ","c15":"#b11526","l16":"ZZ, ","c16":"#07ad80","l17":"Ż","c17":"#4d4aba"},"geometry":{"type":"Point","coordinates":[19.584415,50.273398]}},{"type":"Feature","properties":{"lines":"457, 461, 464, 465, 466, 472, 475, 477, BP, M, PS, PSK, SŁ, Ż","arr":["457","461","464","465","466","472","475","477","BP","M","PS","PSK","SŁ","Ż"],"mode":"bus","angle":-6.7,"l0":"457, ","c0":"#119efc","l1":"461, ","c1":"#e47e2b","l2":"464, ","c2":"#1da8b6","l3":"465, ","c3":"#ff627e","l4":"466, ","c4":"#6b5806","l5":"472, ","c5":"#119efc","l6":"475, ","c6":"#126804","l7":"477, ","c7":"#05617d","l8":"BP, ","c8":"#999f01","l9":"M, ","c9":"#05617d","l10":"PS, ","c10":"#02af5a","l11":"PSK, ","c11":"#a72d06","l12":"SŁ, ","c12":"#e16cd6","l13":"Ż","c13":"#4d4aba"},"geometry":{"type":"Point","coordinates":[19.569542,50.269754]}},{"type":"Feature","properties":{"lines":"457, 461, 464, 465, 466, 472, 475, 477, BP, M, PS, PSK, SŁ, Ż","arr":["457","461","464","465","466","472","475","477","BP","M","PS","PSK","SŁ","Ż"],"mode":"bus","angle":-10.5,"extra":1,"ei":0,"l0":"457, ","c0":"#119efc","l1":"461, ","c1":"#e47e2b","l2":"464, ","c2":"#1da8b6","l3":"465, ","c3":"#ff627e","l4":"466, ","c4":"#6b5806","l5":"472, ","c5":"#119efc","l6":"475, ","c6":"#126804","l7":"477, ","c7":"#05617d","l8":"BP, ","c8":"#999f01","l9":"M, ","c9":"#05617d","l10":"PS, ","c10":"#02af5a","l11":"PSK, ","c11":"#a72d06","l12":"SŁ, ","c12":"#e16cd6","l13":"Ż","c13":"#4d4aba"},"geometry":{"type":"Point","coordinates":[19.571542,50.269957]}},{"type":"Feature","properties":{"lines":"457, 466, 475, BP, M, SŁ, Ż","arr":["457","466","475","BP","M","SŁ","Ż"],"mode":"bus","angle":28.9,"l0":"457, ","c0":"#119efc","l1":"466, ","c1":"#6b5806","l2":"475, ","c2":"#126804","l3":"BP, ","c3":"#999f01","l4":"M, ","c4":"#05617d","l5":"SŁ, ","c5":"#e16cd6","l6":"Ż","c6":"#4d4aba"},"geometry":{"type":"Point","coordinates":[19.563453,50.270486]}},{"type":"Feature","properties":{"lines":"457, Ż","arr":["457","Ż"],"mode":"bus","angle":86.3,"l0":"457, ","c0":"#119efc","l1":"Ż","c1":"#4d4aba"},"geometry":{"type":"Point","coordinates":[19.56012,50.266376]}},{"type":"Feature","properties":{"lines":"457, Ż","arr":["457","Ż"],"mode":"bus","angle":-11.9,"extra":1,"ei":0,"l0":"457, ","c0":"#119efc","l1":"Ż","c1":"#4d4aba"},"geometry":{"type":"Point","coordinates":[19.559585,50.27098]}},{"type":"Feature","properties":{"lines":"457, Ż","arr":["457","Ż"],"mode":"bus","angle":64.7,"extra":1,"ei":1,"l0":"457, ","c0":"#119efc","l1":"Ż","c1":"#4d4aba"},"geometry":{"type":"Point","coordinates":[19.559278,50.269521]}},{"type":"Feature","properties":{"lines":"457, Ż","arr":["457","Ż"],"mode":"bus","angle":86.3,"extra":1,"ei":2,"l0":"457, ","c0":"#119efc","l1":"Ż","c1":"#4d4aba"},"geometry":{"type":"Point","coordinates":[19.559979,50.267714]}},{"type":"Feature","properties":{"lines":"457, Ż","arr":["457","Ż"],"mode":"bus","angle":87.4,"extra":1,"ei":3,"l0":"457, ","c0":"#119efc","l1":"Ż","c1":"#4d4aba"},"geometry":{"type":"Point","coordinates":[19.56031,50.263943]}},{"type":"Feature","properties":{"lines":"457, Ż","arr":["457","Ż"],"mode":"bus","angle":87.3,"extra":1,"ei":4,"l0":"457, ","c0":"#119efc","l1":"Ż","c1":"#4d4aba"},"geometry":{"type":"Point","coordinates":[19.560445,50.262056]}},{"type":"Feature","properties":{"lines":"460, 461, 462, 464, 465, 466, 472, 475, 476, BP, M, Ż","arr":["460","461","462","464","465","466","472","475","476","BP","M","Ż"],"mode":"bus","angle":34.3,"l0":"460, ","c0":"#e16cd6","l1":"461, ","c1":"#e47e2b","l2":"462, ","c2":"#02af5a","l3":"464, ","c3":"#1da8b6","l4":"465, ","c4":"#ff627e","l5":"466, ","c5":"#6b5806","l6":"472, ","c6":"#119efc","l7":"475, ","c7":"#126804","l8":"476, ","c8":"#b0045c","l9":"BP, ","c9":"#999f01","l10":"M, ","c10":"#05617d","l11":"Ż","c11":"#4d4aba"},"geometry":{"type":"Point","coordinates":[19.57349,50.274892]}},{"type":"Feature","properties":{"lines":"460, 463","arr":["460","463"],"mode":"bus","angle":47.7,"l0":"460, ","c0":"#e16cd6","l1":"463","c1":"#4d4aba"},"geometry":{"type":"Point","coordinates":[19.495034,50.297872]}},{"type":"Feature","properties":{"lines":"460, 463","arr":["460","463"],"mode":"bus","angle":47,"extra":1,"ei":0,"l0":"460, ","c0":"#e16cd6","l1":"463","c1":"#4d4aba"},"geometry":{"type":"Point","coordinates":[19.498597,50.29538]}},{"type":"Feature","properties":{"lines":"460, 463","arr":["460","463"],"mode":"bus","angle":47.7,"extra":1,"ei":1,"l0":"460, ","c0":"#e16cd6","l1":"463","c1":"#4d4aba"},"geometry":{"type":"Point","coordinates":[19.496601,50.296773]}},{"type":"Feature","properties":{"lines":"460, 463","arr":["460","463"],"mode":"bus","angle":47.6,"extra":1,"ei":2,"l0":"460, ","c0":"#e16cd6","l1":"463","c1":"#4d4aba"},"geometry":{"type":"Point","coordinates":[19.492618,50.299563]}},{"type":"Feature","properties":{"lines":"460, 463","arr":["460","463"],"mode":"bus","angle":47.8,"extra":1,"ei":3,"l0":"460, ","c0":"#e16cd6","l1":"463","c1":"#4d4aba"},"geometry":{"type":"Point","coordinates":[19.490631,50.30096]}},{"type":"Feature","properties":{"lines":"460","arr":["460"],"mode":"bus","angle":2.5,"l0":"460","c0":"#e16cd6"},"geometry":{"type":"Point","coordinates":[19.491411,50.301412]}},{"type":"Feature","properties":{"lines":"460","arr":["460"],"mode":"bus","angle":29.7,"l0":"460","c0":"#e16cd6"},"geometry":{"type":"Point","coordinates":[19.405953,50.293091]}},{"type":"Feature","properties":{"lines":"460, 462","arr":["460","462"],"mode":"bus","angle":-64.3,"l0":"460, ","c0":"#e16cd6","l1":"462","c1":"#02af5a"},"geometry":{"type":"Point","coordinates":[19.495078,50.303006]}},{"type":"Feature","properties":{"lines":"460, 462","arr":["460","462"],"mode":"bus","angle":-63.4,"mi":2,"l0":"460, ","c0":"#e16cd6","l1":"462","c1":"#02af5a"},"geometry":{"type":"Point","coordinates":[19.488981,50.297979]}},{"type":"Feature","properties":{"lines":"460, 462","arr":["460","462"],"mode":"bus","angle":-42.3,"extra":1,"ei":0,"l0":"460, ","c0":"#e16cd6","l1":"462","c1":"#02af5a"},"geometry":{"type":"Point","coordinates":[19.492924,50.301156]}},{"type":"Feature","properties":{"lines":"460, 462","arr":["460","462"],"mode":"bus","angle":-63.6,"extra":1,"ei":1,"l0":"460, ","c0":"#e16cd6","l1":"462","c1":"#02af5a"},"geometry":{"type":"Point","coordinates":[19.496071,50.304298]}},{"type":"Feature","properties":{"lines":"460, 462","arr":["460","462"],"mode":"bus","angle":-65.6,"extra":1,"ei":0,"l0":"460, ","c0":"#e16cd6","l1":"462","c1":"#02af5a"},"geometry":{"type":"Point","coordinates":[19.487869,50.296505]}},{"type":"Feature","properties":{"lines":"460, 462","arr":["460","462"],"mode":"bus","angle":-44,"extra":1,"ei":1,"l0":"460, ","c0":"#e16cd6","l1":"462","c1":"#02af5a"},"geometry":{"type":"Point","coordinates":[19.490659,50.299814]}},{"type":"Feature","properties":{"lines":"460, 462","arr":["460","462"],"mode":"bus","angle":-60.6,"mi":3,"l0":"460, ","c0":"#e16cd6","l1":"462","c1":"#02af5a"},"geometry":{"type":"Point","coordinates":[19.498026,50.306788]}},{"type":"Feature","properties":{"lines":"460, 462","arr":["460","462"],"mode":"bus","angle":-42.4,"mi":1,"l0":"460, ","c0":"#e16cd6","l1":"462","c1":"#02af5a"},"geometry":{"type":"Point","coordinates":[19.491496,50.300319]}},{"type":"Feature","properties":{"lines":"460, 467","arr":["460","467"],"mode":"bus","angle":-68.7,"mi":1,"l0":"460, ","c0":"#e16cd6","l1":"467","c1":"#b20b42"},"geometry":{"type":"Point","coordinates":[19.44737,50.283889]}},{"type":"Feature","properties":{"lines":"460, 467","arr":["460","467"],"mode":"bus","angle":-68.4,"extra":1,"ei":0,"l0":"460, ","c0":"#e16cd6","l1":"467","c1":"#b20b42"},"geometry":{"type":"Point","coordinates":[19.443833,50.278073]}},{"type":"Feature","properties":{"lines":"460, 467","arr":["460","467"],"mode":"bus","angle":-68.7,"extra":1,"ei":1,"l0":"460, ","c0":"#e16cd6","l1":"467","c1":"#b20b42"},"geometry":{"type":"Point","coordinates":[19.444897,50.279834]}},{"type":"Feature","properties":{"lines":"460, 467","arr":["460","467"],"mode":"bus","angle":-68.5,"extra":1,"ei":2,"l0":"460, ","c0":"#e16cd6","l1":"467","c1":"#b20b42"},"geometry":{"type":"Point","coordinates":[19.445977,50.281592]}},{"type":"Feature","properties":{"lines":"460, 467","arr":["460","467"],"mode":"bus","angle":-68.4,"extra":1,"ei":3,"l0":"460, ","c0":"#e16cd6","l1":"467","c1":"#b20b42"},"geometry":{"type":"Point","coordinates":[19.448122,50.285111]}},{"type":"Feature","properties":{"lines":"460, 467","arr":["460","467"],"mode":"bus","angle":-68.4,"extra":1,"ei":4,"l0":"460, ","c0":"#e16cd6","l1":"467","c1":"#b20b42"},"geometry":{"type":"Point","coordinates":[19.449205,50.286869]}},{"type":"Feature","properties":{"lines":"460, 467","arr":["460","467"],"mode":"bus","angle":-68.9,"extra":1,"ei":5,"l0":"460, ","c0":"#e16cd6","l1":"467","c1":"#b20b42"},"geometry":{"type":"Point","coordinates":[19.450293,50.288624]}},{"type":"Feature","properties":{"lines":"460, 467","arr":["460","467"],"mode":"bus","angle":-24.2,"extra":1,"ei":6,"l0":"460, ","c0":"#e16cd6","l1":"467","c1":"#b20b42"},"geometry":{"type":"Point","coordinates":[19.452396,50.289785]}},{"type":"Feature","properties":{"lines":"460, 467","arr":["460","467"],"mode":"bus","angle":27.4,"l0":"460, ","c0":"#e16cd6","l1":"467","c1":"#b20b42"},"geometry":{"type":"Point","coordinates":[19.422562,50.284302]}},{"type":"Feature","properties":{"lines":"460, 467","arr":["460","467"],"mode":"bus","angle":28.1,"extra":1,"ei":0,"l0":"460, ","c0":"#e16cd6","l1":"467","c1":"#b20b42"},"geometry":{"type":"Point","coordinates":[19.441986,50.27765]}},{"type":"Feature","properties":{"lines":"460, 467","arr":["460","467"],"mode":"bus","angle":28,"extra":1,"ei":1,"l0":"460, ","c0":"#e16cd6","l1":"467","c1":"#b20b42"},"geometry":{"type":"Point","coordinates":[19.439378,50.278537]}},{"type":"Feature","properties":{"lines":"460, 467","arr":["460","467"],"mode":"bus","angle":28.5,"extra":1,"ei":2,"l0":"460, ","c0":"#e16cd6","l1":"467","c1":"#b20b42"},"geometry":{"type":"Point","coordinates":[19.436772,50.279427]}},{"type":"Feature","properties":{"lines":"460, 467","arr":["460","467"],"mode":"bus","angle":28.2,"extra":1,"ei":3,"l0":"460, ","c0":"#e16cd6","l1":"467","c1":"#b20b42"},"geometry":{"type":"Point","coordinates":[19.434174,50.280325]}},{"type":"Feature","properties":{"lines":"460, 467","arr":["460","467"],"mode":"bus","angle":28.2,"extra":1,"ei":4,"l0":"460, ","c0":"#e16cd6","l1":"467","c1":"#b20b42"},"geometry":{"type":"Point","coordinates":[19.431572,50.281219]}},{"type":"Feature","properties":{"lines":"460, 467","arr":["460","467"],"mode":"bus","angle":28,"extra":1,"ei":5,"l0":"460, ","c0":"#e16cd6","l1":"467","c1":"#b20b42"},"geometry":{"type":"Point","coordinates":[19.428967,50.28211]}},{"type":"Feature","properties":{"lines":"460, 467","arr":["460","467"],"mode":"bus","angle":28.2,"extra":1,"ei":6,"l0":"460, ","c0":"#e16cd6","l1":"467","c1":"#b20b42"},"geometry":{"type":"Point","coordinates":[19.42636,50.282999]}},{"type":"Feature","properties":{"lines":"460, 467","arr":["460","467"],"mode":"bus","angle":12.9,"extra":1,"ei":7,"l0":"460, ","c0":"#e16cd6","l1":"467","c1":"#b20b42"},"geometry":{"type":"Point","coordinates":[19.418168,50.28503]}},{"type":"Feature","properties":{"lines":"460, 467","arr":["460","467"],"mode":"bus","angle":13.1,"extra":1,"ei":8,"l0":"460, ","c0":"#e16cd6","l1":"467","c1":"#b20b42"},"geometry":{"type":"Point","coordinates":[19.41529,50.285456]}},{"type":"Feature","properties":{"lines":"460, 467","arr":["460","467"],"mode":"bus","angle":14.6,"extra":1,"ei":9,"l0":"460, ","c0":"#e16cd6","l1":"467","c1":"#b20b42"},"geometry":{"type":"Point","coordinates":[19.412426,50.285919]}},{"type":"Feature","properties":{"lines":"460, 467","arr":["460","467"],"mode":"bus","angle":13.2,"extra":1,"ei":10,"l0":"460, ","c0":"#e16cd6","l1":"467","c1":"#b20b42"},"geometry":{"type":"Point","coordinates":[19.409562,50.286381]}},{"type":"Feature","properties":{"lines":"460, 467","arr":["460","467"],"mode":"bus","angle":14.4,"extra":1,"ei":11,"l0":"460, ","c0":"#e16cd6","l1":"467","c1":"#b20b42"},"geometry":{"type":"Point","coordinates":[19.406698,50.286842]}},{"type":"Feature","properties":{"lines":"460, 467","arr":["460","467"],"mode":"bus","angle":26.9,"extra":1,"ei":12,"l0":"460, ","c0":"#e16cd6","l1":"467","c1":"#b20b42"},"geometry":{"type":"Point","coordinates":[19.403837,50.287313]}},{"type":"Feature","properties":{"lines":"460, 467","arr":["460","467"],"mode":"bus","angle":-68.8,"extra":1,"ei":13,"l0":"460, ","c0":"#e16cd6","l1":"467","c1":"#b20b42"},"geometry":{"type":"Point","coordinates":[19.40444,50.288985]}},{"type":"Feature","properties":{"lines":"462, 463","arr":["462","463"],"mode":"bus","angle":10.3,"l0":"462, ","c0":"#02af5a","l1":"463","c1":"#4d4aba"},"geometry":{"type":"Point","coordinates":[19.428946,50.294435]}},{"type":"Feature","properties":{"lines":"462, 463","arr":["462","463"],"mode":"bus","angle":-67.1,"extra":1,"ei":0,"l0":"462, ","c0":"#02af5a","l1":"463","c1":"#4d4aba"},"geometry":{"type":"Point","coordinates":[19.407311,50.293734]}},{"type":"Feature","properties":{"lines":"462, 463","arr":["462","463"],"mode":"bus","angle":-68.8,"extra":1,"ei":1,"l0":"462, ","c0":"#02af5a","l1":"463","c1":"#4d4aba"},"geometry":{"type":"Point","coordinates":[19.40844,50.295479]}},{"type":"Feature","properties":{"lines":"462, 463","arr":["462","463"],"mode":"bus","angle":12,"extra":1,"ei":2,"l0":"462, ","c0":"#02af5a","l1":"463","c1":"#4d4aba"},"geometry":{"type":"Point","coordinates":[19.409907,50.296777]}},{"type":"Feature","properties":{"lines":"462, 463","arr":["462","463"],"mode":"bus","angle":10,"extra":1,"ei":3,"l0":"462, ","c0":"#02af5a","l1":"463","c1":"#4d4aba"},"geometry":{"type":"Point","coordinates":[19.412808,50.29642]}},{"type":"Feature","properties":{"lines":"462, 463","arr":["462","463"],"mode":"bus","angle":11.3,"extra":1,"ei":4,"l0":"462, ","c0":"#02af5a","l1":"463","c1":"#4d4aba"},"geometry":{"type":"Point","coordinates":[19.415712,50.296075]}},{"type":"Feature","properties":{"lines":"462, 463","arr":["462","463"],"mode":"bus","angle":10.9,"extra":1,"ei":5,"l0":"462, ","c0":"#02af5a","l1":"463","c1":"#4d4aba"},"geometry":{"type":"Point","coordinates":[19.418607,50.2957]}},{"type":"Feature","properties":{"lines":"462, 463","arr":["462","463"],"mode":"bus","angle":10.7,"extra":1,"ei":6,"l0":"462, ","c0":"#02af5a","l1":"463","c1":"#4d4aba"},"geometry":{"type":"Point","coordinates":[19.421509,50.295346]}},{"type":"Feature","properties":{"lines":"462, 463","arr":["462","463"],"mode":"bus","angle":10.8,"extra":1,"ei":7,"l0":"462, ","c0":"#02af5a","l1":"463","c1":"#4d4aba"},"geometry":{"type":"Point","coordinates":[19.424411,50.294992]}},{"type":"Feature","properties":{"lines":"462, 463","arr":["462","463"],"mode":"bus","angle":10.7,"extra":1,"ei":8,"l0":"462, ","c0":"#02af5a","l1":"463","c1":"#4d4aba"},"geometry":{"type":"Point","coordinates":[19.433119,50.29394]}},{"type":"Feature","properties":{"lines":"462, 463","arr":["462","463"],"mode":"bus","angle":9.9,"extra":1,"ei":9,"l0":"462, ","c0":"#02af5a","l1":"463","c1":"#4d4aba"},"geometry":{"type":"Point","coordinates":[19.43602,50.293584]}},{"type":"Feature","properties":{"lines":"462, 463","arr":["462","463"],"mode":"bus","angle":11.5,"extra":1,"ei":10,"l0":"462, ","c0":"#02af5a","l1":"463","c1":"#4d4aba"},"geometry":{"type":"Point","coordinates":[19.43892,50.293227]}},{"type":"Feature","properties":{"lines":"462, 463","arr":["462","463"],"mode":"bus","angle":10.7,"extra":1,"ei":11,"l0":"462, ","c0":"#02af5a","l1":"463","c1":"#4d4aba"},"geometry":{"type":"Point","coordinates":[19.441821,50.292871]}},{"type":"Feature","properties":{"lines":"462, 463","arr":["462","463"],"mode":"bus","angle":10.9,"extra":1,"ei":12,"l0":"462, ","c0":"#02af5a","l1":"463","c1":"#4d4aba"},"geometry":{"type":"Point","coordinates":[19.444723,50.292515]}},{"type":"Feature","properties":{"lines":"462, 463","arr":["462","463"],"mode":"bus","angle":10.9,"extra":1,"ei":13,"l0":"462, ","c0":"#02af5a","l1":"463","c1":"#4d4aba"},"geometry":{"type":"Point","coordinates":[19.447623,50.292158]}},{"type":"Feature","properties":{"lines":"462, 463","arr":["462","463"],"mode":"bus","angle":10.9,"extra":1,"ei":14,"l0":"462, ","c0":"#02af5a","l1":"463","c1":"#4d4aba"},"geometry":{"type":"Point","coordinates":[19.450525,50.291803]}},{"type":"Feature","properties":{"lines":"462, 463","arr":["462","463"],"mode":"bus","angle":38.3,"extra":1,"ei":15,"l0":"462, ","c0":"#02af5a","l1":"463","c1":"#4d4aba"},"geometry":{"type":"Point","coordinates":[19.453327,50.291266]}},{"type":"Feature","properties":{"lines":"460, 461, 462, 463, 464, 465, 466","arr":["460","461","462","463","464","465","466"],"mode":"bus","angle":26.2,"side":-1,"l0":"460, ","c0":"#e16cd6","l1":"461, ","c1":"#e47e2b","l2":"462, ","c2":"#02af5a","l3":"463, ","c3":"#4d4aba","l4":"464, ","c4":"#1da8b6","l5":"465, ","c5":"#ff627e","l6":"466","c6":"#6b5806"},"geometry":{"type":"Point","coordinates":[19.513149,50.289865]}},{"type":"Feature","properties":{"lines":"460, 461, 462, 463, 464, 465, 466","arr":["460","461","462","463","464","465","466"],"mode":"bus","angle":37.4,"side":-1,"extra":1,"ei":0,"l0":"460, ","c0":"#e16cd6","l1":"461, ","c1":"#e47e2b","l2":"462, ","c2":"#02af5a","l3":"463, ","c3":"#4d4aba","l4":"464, ","c4":"#1da8b6","l5":"465, ","c5":"#ff627e","l6":"466","c6":"#6b5806"},"geometry":{"type":"Point","coordinates":[19.500651,50.293988]}},{"type":"Feature","properties":{"lines":"460, 461, 462, 463, 464, 465, 466","arr":["460","461","462","463","464","465","466"],"mode":"bus","angle":26.8,"side":-1,"extra":1,"ei":1,"l0":"460, ","c0":"#e16cd6","l1":"461, ","c1":"#e47e2b","l2":"462, ","c2":"#02af5a","l3":"463, ","c3":"#4d4aba","l4":"464, ","c4":"#1da8b6","l5":"465, ","c5":"#ff627e","l6":"466","c6":"#6b5806"},"geometry":{"type":"Point","coordinates":[19.503169,50.293007]}},{"type":"Feature","properties":{"lines":"460, 461, 462, 463, 464, 465, 466","arr":["460","461","462","463","464","465","466"],"mode":"bus","angle":26.2,"side":-1,"extra":1,"ei":2,"l0":"460, ","c0":"#e16cd6","l1":"461, ","c1":"#e47e2b","l2":"462, ","c2":"#02af5a","l3":"463, ","c3":"#4d4aba","l4":"464, ","c4":"#1da8b6","l5":"465, ","c5":"#ff627e","l6":"466","c6":"#6b5806"},"geometry":{"type":"Point","coordinates":[19.505817,50.29217]}},{"type":"Feature","properties":{"lines":"460, 461, 462, 463, 464, 465, 466","arr":["460","461","462","463","464","465","466"],"mode":"bus","angle":26.2,"side":-1,"extra":1,"ei":3,"l0":"460, ","c0":"#e16cd6","l1":"461, ","c1":"#e47e2b","l2":"462, ","c2":"#02af5a","l3":"463, ","c3":"#4d4aba","l4":"464, ","c4":"#1da8b6","l5":"465, ","c5":"#ff627e","l6":"466","c6":"#6b5806"},"geometry":{"type":"Point","coordinates":[19.508467,50.291336]}},{"type":"Feature","properties":{"lines":"460, 461, 462, 463, 464, 465, 466","arr":["460","461","462","463","464","465","466"],"mode":"bus","angle":26.1,"side":-1,"extra":1,"ei":4,"l0":"460, ","c0":"#e16cd6","l1":"461, ","c1":"#e47e2b","l2":"462, ","c2":"#02af5a","l3":"463, ","c3":"#4d4aba","l4":"464, ","c4":"#1da8b6","l5":"465, ","c5":"#ff627e","l6":"466","c6":"#6b5806"},"geometry":{"type":"Point","coordinates":[19.511119,50.290504]}},{"type":"Feature","properties":{"lines":"460, 461, 462, 463, 464, 465, 466","arr":["460","461","462","463","464","465","466"],"mode":"bus","angle":26,"side":-1,"extra":1,"ei":5,"l0":"460, ","c0":"#e16cd6","l1":"461, ","c1":"#e47e2b","l2":"462, ","c2":"#02af5a","l3":"463, ","c3":"#4d4aba","l4":"464, ","c4":"#1da8b6","l5":"465, ","c5":"#ff627e","l6":"466","c6":"#6b5806"},"geometry":{"type":"Point","coordinates":[19.516423,50.288839]}},{"type":"Feature","properties":{"lines":"460, 461, 462, 463, 464, 465, 466","arr":["460","461","462","463","464","465","466"],"mode":"bus","angle":26,"side":-1,"extra":1,"ei":6,"l0":"460, ","c0":"#e16cd6","l1":"461, ","c1":"#e47e2b","l2":"462, ","c2":"#02af5a","l3":"463, ","c3":"#4d4aba","l4":"464, ","c4":"#1da8b6","l5":"465, ","c5":"#ff627e","l6":"466","c6":"#6b5806"},"geometry":{"type":"Point","coordinates":[19.519077,50.28801]}},{"type":"Feature","properties":{"lines":"460, 461, 462, 463, 464, 465, 466","arr":["460","461","462","463","464","465","466"],"mode":"bus","angle":20.4,"side":-1,"extra":1,"ei":7,"l0":"460, ","c0":"#e16cd6","l1":"461, ","c1":"#e47e2b","l2":"462, ","c2":"#02af5a","l3":"463, ","c3":"#4d4aba","l4":"464, ","c4":"#1da8b6","l5":"465, ","c5":"#ff627e","l6":"466","c6":"#6b5806"},"geometry":{"type":"Point","coordinates":[19.521751,50.287209]}},{"type":"Feature","properties":{"lines":"460, 461, 462, 463, 464, 465, 466","arr":["460","461","462","463","464","465","466"],"mode":"bus","angle":-2.6,"side":-1,"extra":1,"ei":8,"l0":"460, ","c0":"#e16cd6","l1":"461, ","c1":"#e47e2b","l2":"462, ","c2":"#02af5a","l3":"463, ","c3":"#4d4aba","l4":"464, ","c4":"#1da8b6","l5":"465, ","c5":"#ff627e","l6":"466","c6":"#6b5806"},"geometry":{"type":"Point","coordinates":[19.524651,50.286927]}},{"type":"Feature","properties":{"lines":"460, 461, 462, 463, 464, 465, 466","arr":["460","461","462","463","464","465","466"],"mode":"bus","angle":-5.4,"extra":1,"ei":9,"l0":"460, ","c0":"#e16cd6","l1":"461, ","c1":"#e47e2b","l2":"462, ","c2":"#02af5a","l3":"463, ","c3":"#4d4aba","l4":"464, ","c4":"#1da8b6","l5":"465, ","c5":"#ff627e","l6":"466","c6":"#6b5806"},"geometry":{"type":"Point","coordinates":[19.527592,50.287099]}},{"type":"Feature","properties":{"lines":"460, 461, 462, 463, 464, 465, 466, 470, 471, 472, 473, 474, 475, 476, 477, PSK","arr":["460","461","462","463","464","465","466","470","471","472","473","474","475","476","477","PSK"],"mode":"bus","angle":11.1,"side":-1,"l0":"460, ","c0":"#e16cd6","l1":"461, ","c1":"#e47e2b","l2":"462, ","c2":"#02af5a","l3":"463, ","c3":"#4d4aba","l4":"464, ","c4":"#1da8b6","l5":"465, ","c5":"#ff627e","l6":"466, ","c6":"#6b5806","l7":"470, ","c7":"#999f01","l8":"471, ","c8":"#07ad80","l9":"472, ","c9":"#119efc","l10":"473, ","c10":"#f57145","l11":"474, ","c11":"#4d4aba","l12":"475, ","c12":"#126804","l13":"476, ","c13":"#b0045c","l14":"477, ","c14":"#05617d","l15":"PSK","c15":"#a72d06"},"geometry":{"type":"Point","coordinates":[19.551558,50.283581]}},{"type":"Feature","properties":{"lines":"460, 461, 462, 463, 464, 465, 466, 470, 471, 472, 473, 474, 475, 476, 477, PSK","arr":["460","461","462","463","464","465","466","470","471","472","473","474","475","476","477","PSK"],"mode":"bus","angle":1,"extra":1,"ei":0,"l0":"460, ","c0":"#e16cd6","l1":"461, ","c1":"#e47e2b","l2":"462, ","c2":"#02af5a","l3":"463, ","c3":"#4d4aba","l4":"464, ","c4":"#1da8b6","l5":"465, ","c5":"#ff627e","l6":"466, ","c6":"#6b5806","l7":"470, ","c7":"#999f01","l8":"471, ","c8":"#07ad80","l9":"472, ","c9":"#119efc","l10":"473, ","c10":"#f57145","l11":"474, ","c11":"#4d4aba","l12":"475, ","c12":"#126804","l13":"476, ","c13":"#b0045c","l14":"477, ","c14":"#05617d","l15":"PSK","c15":"#a72d06"},"geometry":{"type":"Point","coordinates":[19.553663,50.283395]}},{"type":"Feature","properties":{"lines":"463","arr":["463"],"mode":"bus","angle":-65.4,"l0":"463","c0":"#4d4aba"},"geometry":{"type":"Point","coordinates":[19.387539,50.298483]}},{"type":"Feature","properties":{"lines":"460, 461, 463","arr":["460","461","463"],"mode":"bus","angle":-66.3,"mi":1,"l0":"460, ","c0":"#e16cd6","l1":"461, ","c1":"#e47e2b","l2":"463","c2":"#4d4aba"},"geometry":{"type":"Point","coordinates":[19.389158,50.298233]}},{"type":"Feature","properties":{"lines":"460, 461, 463","arr":["460","461","463"],"mode":"bus","angle":-46,"l0":"460, ","c0":"#e16cd6","l1":"461, ","c1":"#e47e2b","l2":"463","c2":"#4d4aba"},"geometry":{"type":"Point","coordinates":[19.391471,50.299577]}},{"type":"Feature","properties":{"lines":"460, 461, 463","arr":["460","461","463"],"mode":"bus","angle":17.2,"mi":2,"l0":"460, ","c0":"#e16cd6","l1":"461, ","c1":"#e47e2b","l2":"463","c2":"#4d4aba"},"geometry":{"type":"Point","coordinates":[19.39656,50.300336]}},{"type":"Feature","properties":{"lines":"461, 463","arr":["461","463"],"mode":"bus","angle":4.6,"mi":12,"l0":"461, ","c0":"#e47e2b","l1":"463","c1":"#4d4aba"},"geometry":{"type":"Point","coordinates":[19.403081,50.299703]}},{"type":"Feature","properties":{"lines":"461, 463","arr":["461","463"],"mode":"bus","angle":3.8,"extra":1,"ei":0,"l0":"461, ","c0":"#e47e2b","l1":"463","c1":"#4d4aba"},"geometry":{"type":"Point","coordinates":[19.401031,50.299794]}},{"type":"Feature","properties":{"lines":"460, 463","arr":["460","463"],"mode":"bus","angle":51,"l0":"460, ","c0":"#e16cd6","l1":"463","c1":"#4d4aba"},"geometry":{"type":"Point","coordinates":[19.400364,50.298236]}},{"type":"Feature","properties":{"lines":"460","arr":["460"],"mode":"bus","angle":65.8,"mi":1,"l0":"460","c0":"#e16cd6"},"geometry":{"type":"Point","coordinates":[19.403452,50.295463]}},{"type":"Feature","properties":{"lines":"460","arr":["460"],"mode":"bus","angle":78.4,"extra":1,"ei":0,"l0":"460","c0":"#e16cd6"},"geometry":{"type":"Point","coordinates":[19.404091,50.294341]}},{"type":"Feature","properties":{"lines":"460, 464, 465, 466, 470, 474, 475, M, PS, PSK","arr":["460","464","465","466","470","474","475","M","PS","PSK"],"mode":"bus","angle":65.8,"l0":"460, ","c0":"#e16cd6","l1":"464, ","c1":"#1da8b6","l2":"465, ","c2":"#ff627e","l3":"466, ","c3":"#6b5806","l4":"470, ","c4":"#999f01","l5":"474, ","c5":"#4d4aba","l6":"475, ","c6":"#126804","l7":"M, ","c7":"#05617d","l8":"PS, ","c8":"#02af5a","l9":"PSK","c9":"#a72d06"},"geometry":{"type":"Point","coordinates":[19.5629,50.260504]}},{"type":"Feature","properties":{"lines":"461, 463, 464, 466, 467","arr":["461","463","464","466","467"],"mode":"bus","angle":59.7,"l0":"461, ","c0":"#e47e2b","l1":"463, ","c1":"#4d4aba","l2":"464, ","c2":"#1da8b6","l3":"466, ","c3":"#6b5806","l4":"467","c4":"#b20b42"},"geometry":{"type":"Point","coordinates":[19.479379,50.298332]}},{"type":"Feature","properties":{"lines":"461, 463, 464, 466","arr":["461","463","464","466"],"mode":"bus","angle":-79.8,"l0":"461, ","c0":"#e47e2b","l1":"463, ","c1":"#4d4aba","l2":"464, ","c2":"#1da8b6","l3":"466","c3":"#6b5806"},"geometry":{"type":"Point","coordinates":[19.478656,50.302049]}},{"type":"Feature","properties":{"lines":"461, 463, 464, 466","arr":["461","463","464","466"],"mode":"bus","angle":-80,"extra":1,"ei":0,"l0":"461, ","c0":"#e47e2b","l1":"463, ","c1":"#4d4aba","l2":"464, ","c2":"#1da8b6","l3":"466","c3":"#6b5806"},"geometry":{"type":"Point","coordinates":[19.478312,50.3008]}},{"type":"Feature","properties":{"lines":"461, 463, 464, 466, 467","arr":["461","463","464","466","467"],"mode":"bus","angle":-80.1,"mi":1,"l0":"461, ","c0":"#e47e2b","l1":"463, ","c1":"#4d4aba","l2":"464, ","c2":"#1da8b6","l3":"466, ","c3":"#6b5806","l4":"467","c4":"#b20b42"},"geometry":{"type":"Point","coordinates":[19.479452,50.304922]}},{"type":"Feature","properties":{"lines":"461, 463, 464","arr":["461","463","464"],"mode":"bus","angle":22.1,"mi":3,"l0":"461, ","c0":"#e47e2b","l1":"463, ","c1":"#4d4aba","l2":"464","c2":"#1da8b6"},"geometry":{"type":"Point","coordinates":[19.47502,50.306931]}},{"type":"Feature","properties":{"lines":"461, 463, 464","arr":["461","463","464"],"mode":"bus","angle":21.9,"extra":1,"ei":0,"l0":"461, ","c0":"#e47e2b","l1":"463, ","c1":"#4d4aba","l2":"464","c2":"#1da8b6"},"geometry":{"type":"Point","coordinates":[19.478305,50.306083]}},{"type":"Feature","properties":{"lines":"461, 463, 464","arr":["461","463","464"],"mode":"bus","angle":20,"extra":1,"ei":1,"l0":"461, ","c0":"#e47e2b","l1":"463, ","c1":"#4d4aba","l2":"464","c2":"#1da8b6"},"geometry":{"type":"Point","coordinates":[19.472825,50.307495]}},{"type":"Feature","properties":{"lines":"461, 463, 464","arr":["461","463","464"],"mode":"bus","angle":58.4,"l0":"461, ","c0":"#e47e2b","l1":"463, ","c1":"#4d4aba","l2":"464","c2":"#1da8b6"},"geometry":{"type":"Point","coordinates":[19.466692,50.311712]}},{"type":"Feature","properties":{"lines":"461, 463, 464","arr":["461","463","464"],"mode":"bus","angle":58.4,"extra":1,"ei":0,"l0":"461, ","c0":"#e47e2b","l1":"463, ","c1":"#4d4aba","l2":"464","c2":"#1da8b6"},"geometry":{"type":"Point","coordinates":[19.463836,50.314684]}},{"type":"Feature","properties":{"lines":"461, 463, 464","arr":["461","463","464"],"mode":"bus","angle":58.4,"extra":1,"ei":1,"l0":"461, ","c0":"#e47e2b","l1":"463, ","c1":"#4d4aba","l2":"464","c2":"#1da8b6"},"geometry":{"type":"Point","coordinates":[19.465382,50.313074]}},{"type":"Feature","properties":{"lines":"461, 463, 464","arr":["461","463","464"],"mode":"bus","angle":57.9,"extra":1,"ei":2,"l0":"461, ","c0":"#e47e2b","l1":"463, ","c1":"#4d4aba","l2":"464","c2":"#1da8b6"},"geometry":{"type":"Point","coordinates":[19.468496,50.309864]}},{"type":"Feature","properties":{"lines":"461, 463, 464","arr":["461","463","464"],"mode":"bus","angle":60.6,"extra":1,"ei":3,"l0":"461, ","c0":"#e47e2b","l1":"463, ","c1":"#4d4aba","l2":"464","c2":"#1da8b6"},"geometry":{"type":"Point","coordinates":[19.470008,50.308242]}},{"type":"Feature","properties":{"lines":"461, 463, 464","arr":["461","463","464"],"mode":"bus","angle":67.1,"mi":1,"l0":"461, ","c0":"#e47e2b","l1":"463, ","c1":"#4d4aba","l2":"464","c2":"#1da8b6"},"geometry":{"type":"Point","coordinates":[19.462596,50.317073]}},{"type":"Feature","properties":{"lines":"461, 463, 464","arr":["461","463","464"],"mode":"bus","angle":26.7,"side":-1,"extra":1,"ei":0,"l0":"461, ","c0":"#e47e2b","l1":"463, ","c1":"#4d4aba","l2":"464","c2":"#1da8b6"},"geometry":{"type":"Point","coordinates":[19.461105,50.317803]}},{"type":"Feature","properties":{"lines":"461, 463, 464","arr":["461","463","464"],"mode":"bus","angle":13.9,"mi":2,"l0":"461, ","c0":"#e47e2b","l1":"463, ","c1":"#4d4aba","l2":"464","c2":"#1da8b6"},"geometry":{"type":"Point","coordinates":[19.460823,50.318119]}},{"type":"Feature","properties":{"lines":"461, 463, 464, 467","arr":["461","463","464","467"],"mode":"bus","angle":22.1,"side":-1,"l0":"461, ","c0":"#e47e2b","l1":"463, ","c1":"#4d4aba","l2":"464, ","c2":"#1da8b6","l3":"467","c3":"#b20b42"},"geometry":{"type":"Point","coordinates":[19.475129,50.30679]}},{"type":"Feature","properties":{"lines":"461, 463, 464, 467","arr":["461","463","464","467"],"mode":"bus","angle":16.5,"side":-1,"extra":1,"ei":0,"l0":"461, ","c0":"#e47e2b","l1":"463, ","c1":"#4d4aba","l2":"464, ","c2":"#1da8b6","l3":"467","c3":"#b20b42"},"geometry":{"type":"Point","coordinates":[19.471954,50.307566]}},{"type":"Feature","properties":{"lines":"461, 463, 464, 467","arr":["461","463","464","467"],"mode":"bus","angle":22,"side":-1,"extra":1,"ei":1,"l0":"461, ","c0":"#e47e2b","l1":"463, ","c1":"#4d4aba","l2":"464, ","c2":"#1da8b6","l3":"467","c3":"#b20b42"},"geometry":{"type":"Point","coordinates":[19.477452,50.306186]}},{"type":"Feature","properties":{"lines":"461, 463","arr":["461","463"],"mode":"bus","angle":23.9,"mi":15,"l0":"461, ","c0":"#e47e2b","l1":"463","c1":"#4d4aba"},"geometry":{"type":"Point","coordinates":[19.457143,50.298627]}},{"type":"Feature","properties":{"lines":"461, 463","arr":["461","463"],"mode":"bus","angle":-2.3,"l0":"461, ","c0":"#e47e2b","l1":"463","c1":"#4d4aba"},"geometry":{"type":"Point","coordinates":[19.43086,50.299941]}},{"type":"Feature","properties":{"lines":"461, 463","arr":["461","463"],"mode":"bus","angle":24.5,"extra":1,"ei":0,"l0":"461, ","c0":"#e47e2b","l1":"463","c1":"#4d4aba"},"geometry":{"type":"Point","coordinates":[19.464293,50.296566]}},{"type":"Feature","properties":{"lines":"461, 463","arr":["461","463"],"mode":"bus","angle":24.4,"extra":1,"ei":1,"l0":"461, ","c0":"#e47e2b","l1":"463","c1":"#4d4aba"},"geometry":{"type":"Point","coordinates":[19.461606,50.29735]}},{"type":"Feature","properties":{"lines":"461, 463","arr":["461","463"],"mode":"bus","angle":23.9,"extra":1,"ei":2,"l0":"461, ","c0":"#e47e2b","l1":"463","c1":"#4d4aba"},"geometry":{"type":"Point","coordinates":[19.458912,50.298125]}},{"type":"Feature","properties":{"lines":"461, 463","arr":["461","463"],"mode":"bus","angle":10.5,"extra":1,"ei":3,"l0":"461, ","c0":"#e47e2b","l1":"463","c1":"#4d4aba"},"geometry":{"type":"Point","coordinates":[19.453464,50.299559]}},{"type":"Feature","properties":{"lines":"461, 463","arr":["461","463"],"mode":"bus","angle":9.6,"extra":1,"ei":4,"l0":"461, ","c0":"#e47e2b","l1":"463","c1":"#4d4aba"},"geometry":{"type":"Point","coordinates":[19.450551,50.299873]}},{"type":"Feature","properties":{"lines":"461, 463","arr":["461","463"],"mode":"bus","angle":-2.5,"extra":1,"ei":0,"l0":"461, ","c0":"#e47e2b","l1":"463","c1":"#4d4aba"},"geometry":{"type":"Point","coordinates":[19.426847,50.299826]}},{"type":"Feature","properties":{"lines":"461, 463","arr":["461","463"],"mode":"bus","angle":-2.3,"extra":1,"ei":1,"l0":"461, ","c0":"#e47e2b","l1":"463","c1":"#4d4aba"},"geometry":{"type":"Point","coordinates":[19.43275,50.29999]}},{"type":"Feature","properties":{"lines":"461, 463","arr":["461","463"],"mode":"bus","angle":-2.3,"extra":1,"ei":2,"l0":"461, ","c0":"#e47e2b","l1":"463","c1":"#4d4aba"},"geometry":{"type":"Point","coordinates":[19.435702,50.300066]}},{"type":"Feature","properties":{"lines":"461, 463","arr":["461","463"],"mode":"bus","angle":-33.1,"mi":3,"l0":"461, ","c0":"#e47e2b","l1":"463","c1":"#4d4aba"},"geometry":{"type":"Point","coordinates":[19.437408,50.305632]}},{"type":"Feature","properties":{"lines":"461, 463","arr":["461","463"],"mode":"bus","angle":4.1,"mi":9,"l0":"461, ","c0":"#e47e2b","l1":"463","c1":"#4d4aba"},"geometry":{"type":"Point","coordinates":[19.446508,50.300309]}},{"type":"Feature","properties":{"lines":"461, 463","arr":["461","463"],"mode":"bus","angle":9.7,"mi":8,"l0":"461, ","c0":"#e47e2b","l1":"463","c1":"#4d4aba"},"geometry":{"type":"Point","coordinates":[19.444272,50.300271]}},{"type":"Feature","properties":{"lines":"461, 463","arr":["461","463"],"mode":"bus","angle":55.5,"mi":6,"l0":"461, ","c0":"#e47e2b","l1":"463","c1":"#4d4aba"},"geometry":{"type":"Point","coordinates":[19.44257,50.301559]}},{"type":"Feature","properties":{"lines":"461, 463","arr":["461","463"],"mode":"bus","angle":9.9,"extra":1,"ei":0,"l0":"461, ","c0":"#e47e2b","l1":"463","c1":"#4d4aba"},"geometry":{"type":"Point","coordinates":[19.442527,50.305733]}},{"type":"Feature","properties":{"lines":"461, 463","arr":["461","463"],"mode":"bus","angle":11.4,"extra":1,"ei":1,"l0":"461, ","c0":"#e47e2b","l1":"463","c1":"#4d4aba"},"geometry":{"type":"Point","coordinates":[19.439621,50.306074]}},{"type":"Feature","properties":{"lines":"461, 463","arr":["461","463"],"mode":"bus","angle":22.7,"extra":1,"ei":2,"l0":"461, ","c0":"#e47e2b","l1":"463","c1":"#4d4aba"},"geometry":{"type":"Point","coordinates":[19.434261,50.305817]}},{"type":"Feature","properties":{"lines":"461, 463","arr":["461","463"],"mode":"bus","angle":50.3,"extra":1,"ei":3,"l0":"461, ","c0":"#e47e2b","l1":"463","c1":"#4d4aba"},"geometry":{"type":"Point","coordinates":[19.431998,50.307008]}},{"type":"Feature","properties":{"lines":"461, 463","arr":["461","463"],"mode":"bus","angle":-65.6,"mi":7,"l0":"461, ","c0":"#e47e2b","l1":"463","c1":"#4d4aba"},"geometry":{"type":"Point","coordinates":[19.442836,50.303957]}},{"type":"Feature","properties":{"lines":"461, 463","arr":["461","463"],"mode":"bus","angle":28,"mi":5,"l0":"461, ","c0":"#e47e2b","l1":"463","c1":"#4d4aba"},"geometry":{"type":"Point","coordinates":[19.425578,50.309394]}},{"type":"Feature","properties":{"lines":"461, 463","arr":["461","463"],"mode":"bus","angle":27.8,"extra":1,"ei":0,"l0":"461, ","c0":"#e47e2b","l1":"463","c1":"#4d4aba"},"geometry":{"type":"Point","coordinates":[19.430119,50.307839]}},{"type":"Feature","properties":{"lines":"461, 463","arr":["461","463"],"mode":"bus","angle":28.2,"extra":1,"ei":1,"l0":"461, ","c0":"#e47e2b","l1":"463","c1":"#4d4aba"},"geometry":{"type":"Point","coordinates":[19.427515,50.308731]}},{"type":"Feature","properties":{"lines":"461, 463","arr":["461","463"],"mode":"bus","angle":28,"extra":1,"ei":2,"l0":"461, ","c0":"#e47e2b","l1":"463","c1":"#4d4aba"},"geometry":{"type":"Point","coordinates":[19.422301,50.310508]}},{"type":"Feature","properties":{"lines":"461, 463","arr":["461","463"],"mode":"bus","angle":-31,"side":-1,"mi":11,"l0":"461, ","c0":"#e47e2b","l1":"463","c1":"#4d4aba"},"geometry":{"type":"Point","coordinates":[19.40623,50.300317]}},{"type":"Feature","properties":{"lines":"461, 463","arr":["461","463"],"mode":"bus","angle":81.7,"mi":2,"l0":"461, ","c0":"#e47e2b","l1":"463","c1":"#4d4aba"},"geometry":{"type":"Point","coordinates":[19.436338,50.299576]}},{"type":"Feature","properties":{"lines":"461, 463","arr":["461","463"],"mode":"bus","angle":-56.4,"mi":14,"l0":"461, ","c0":"#e47e2b","l1":"463","c1":"#4d4aba"},"geometry":{"type":"Point","coordinates":[19.400339,50.302448]}},{"type":"Feature","properties":{"lines":"461, 463","arr":["461","463"],"mode":"bus","angle":0.8,"mi":1,"l0":"461, ","c0":"#e47e2b","l1":"463","c1":"#4d4aba"},"geometry":{"type":"Point","coordinates":[19.434701,50.29916]}},{"type":"Feature","properties":{"lines":"461, 463","arr":["461","463"],"mode":"bus","angle":20.3,"mi":10,"l0":"461, ","c0":"#e47e2b","l1":"463","c1":"#4d4aba"},"geometry":{"type":"Point","coordinates":[19.407294,50.300299]}},{"type":"Feature","properties":{"lines":"461, 463","arr":["461","463"],"mode":"bus","angle":9.2,"side":-1,"extra":1,"ei":0,"l0":"461, ","c0":"#e47e2b","l1":"463","c1":"#4d4aba"},"geometry":{"type":"Point","coordinates":[19.410977,50.299484]}},{"type":"Feature","properties":{"lines":"461, 463","arr":["461","463"],"mode":"bus","angle":-1.6,"side":-1,"extra":1,"ei":1,"l0":"461, ","c0":"#e47e2b","l1":"463","c1":"#4d4aba"},"geometry":{"type":"Point","coordinates":[19.41392,50.29936]}},{"type":"Feature","properties":{"lines":"461, 463","arr":["461","463"],"mode":"bus","angle":-26.1,"extra":1,"ei":0,"l0":"461, ","c0":"#e47e2b","l1":"463","c1":"#4d4aba"},"geometry":{"type":"Point","coordinates":[19.44201,50.300332]}},{"type":"Feature","properties":{"lines":"461, 463","arr":["461","463"],"mode":"bus","angle":-17.5,"extra":1,"ei":1,"l0":"461, ","c0":"#e47e2b","l1":"463","c1":"#4d4aba"},"geometry":{"type":"Point","coordinates":[19.439291,50.2996]}},{"type":"Feature","properties":{"lines":"461, 463","arr":["461","463"],"mode":"bus","angle":4.6,"extra":1,"ei":2,"l0":"461, ","c0":"#e47e2b","l1":"463","c1":"#4d4aba"},"geometry":{"type":"Point","coordinates":[19.430512,50.299362]}},{"type":"Feature","properties":{"lines":"461, 463","arr":["461","463"],"mode":"bus","angle":5,"extra":1,"ei":3,"l0":"461, ","c0":"#e47e2b","l1":"463","c1":"#4d4aba"},"geometry":{"type":"Point","coordinates":[19.427568,50.29952]}},{"type":"Feature","properties":{"lines":"461, 463","arr":["461","463"],"mode":"bus","angle":20.2,"extra":1,"ei":0,"l0":"461, ","c0":"#e47e2b","l1":"463","c1":"#4d4aba"},"geometry":{"type":"Point","coordinates":[19.404246,50.301027]}},{"type":"Feature","properties":{"lines":"461, 463","arr":["461","463"],"mode":"bus","angle":20.4,"side":-1,"extra":1,"ei":1,"l0":"461, ","c0":"#e47e2b","l1":"463","c1":"#4d4aba"},"geometry":{"type":"Point","coordinates":[19.401477,50.301685]}},{"type":"Feature","properties":{"lines":"461, 463","arr":["461","463"],"mode":"bus","angle":-57.7,"mi":4,"l0":"461, ","c0":"#e47e2b","l1":"463","c1":"#4d4aba"},"geometry":{"type":"Point","coordinates":[19.416686,50.305516]}},{"type":"Feature","properties":{"lines":"461, 463","arr":["461","463"],"mode":"bus","angle":-86.4,"extra":1,"ei":0,"l0":"461, ","c0":"#e47e2b","l1":"463","c1":"#4d4aba"},"geometry":{"type":"Point","coordinates":[19.414292,50.300419]}},{"type":"Feature","properties":{"lines":"461, 463","arr":["461","463"],"mode":"bus","angle":-85.5,"extra":1,"ei":1,"l0":"461, ","c0":"#e47e2b","l1":"463","c1":"#4d4aba"},"geometry":{"type":"Point","coordinates":[19.414519,50.302302]}},{"type":"Feature","properties":{"lines":"461, 463","arr":["461","463"],"mode":"bus","angle":-57.7,"extra":1,"ei":2,"l0":"461, ","c0":"#e47e2b","l1":"463","c1":"#4d4aba"},"geometry":{"type":"Point","coordinates":[19.415286,50.304087]}},{"type":"Feature","properties":{"lines":"461, 463","arr":["461","463"],"mode":"bus","angle":-61.5,"extra":1,"ei":3,"l0":"461, ","c0":"#e47e2b","l1":"463","c1":"#4d4aba"},"geometry":{"type":"Point","coordinates":[19.418454,50.307275]}},{"type":"Feature","properties":{"lines":"461, 463","arr":["461","463"],"mode":"bus","angle":86.8,"extra":1,"ei":4,"l0":"461, ","c0":"#e47e2b","l1":"463","c1":"#4d4aba"},"geometry":{"type":"Point","coordinates":[19.418837,50.309115]}},{"type":"Feature","properties":{"lines":"461, 463","arr":["461","463"],"mode":"bus","angle":-65.5,"extra":1,"ei":5,"l0":"461, ","c0":"#e47e2b","l1":"463","c1":"#4d4aba"},"geometry":{"type":"Point","coordinates":[19.419322,50.310941]}},{"type":"Feature","properties":{"lines":"463","arr":["463"],"mode":"bus","angle":32.8,"l0":"463","c0":"#4d4aba"},"geometry":{"type":"Point","coordinates":[19.48569,50.303971]}},{"type":"Feature","properties":{"lines":"463","arr":["463"],"mode":"bus","angle":47.1,"extra":1,"ei":0,"l0":"463","c0":"#4d4aba"},"geometry":{"type":"Point","coordinates":[19.48948,50.301759]}},{"type":"Feature","properties":{"lines":"463","arr":["463"],"mode":"bus","angle":42.3,"extra":1,"ei":1,"l0":"463","c0":"#4d4aba"},"geometry":{"type":"Point","coordinates":[19.48743,50.303118]}},{"type":"Feature","properties":{"lines":"463","arr":["463"],"mode":"bus","angle":22.2,"extra":1,"ei":2,"l0":"463","c0":"#4d4aba"},"geometry":{"type":"Point","coordinates":[19.482372,50.305026]}},{"type":"Feature","properties":{"lines":"461, 464, 465, 472, 475, 477, PS, PSK, Ż","arr":["461","464","465","472","475","477","PS","PSK","Ż"],"mode":"bus","angle":70.9,"l0":"461, ","c0":"#e47e2b","l1":"464, ","c1":"#1da8b6","l2":"465, ","c2":"#ff627e","l3":"472, ","c3":"#119efc","l4":"475, ","c4":"#126804","l5":"477, ","c5":"#05617d","l6":"PS, ","c6":"#02af5a","l7":"PSK, ","c7":"#a72d06","l8":"Ż","c8":"#4d4aba"},"geometry":{"type":"Point","coordinates":[19.566036,50.268435]}},{"type":"Feature","properties":{"lines":"464, 465, 475, BP, PS, PSK, SŁ","arr":["464","465","475","BP","PS","PSK","SŁ"],"mode":"bus","angle":7.3,"l0":"464, ","c0":"#1da8b6","l1":"465, ","c1":"#ff627e","l2":"475, ","c2":"#126804","l3":"BP, ","c3":"#999f01","l4":"PS, ","c4":"#02af5a","l5":"PSK, ","c5":"#a72d06","l6":"SŁ","c6":"#e16cd6"},"geometry":{"type":"Point","coordinates":[19.56971,50.265884]}},{"type":"Feature","properties":{"lines":"464, 465, 475, BP, PS, PSK, SŁ","arr":["464","465","475","BP","PS","PSK","SŁ"],"mode":"bus","angle":49.9,"extra":1,"ei":0,"l0":"464, ","c0":"#1da8b6","l1":"465, ","c1":"#ff627e","l2":"475, ","c2":"#126804","l3":"BP, ","c3":"#999f01","l4":"PS, ","c4":"#02af5a","l5":"PSK, ","c5":"#a72d06","l6":"SŁ","c6":"#e16cd6"},"geometry":{"type":"Point","coordinates":[19.568056,50.266726]}},{"type":"Feature","properties":{"lines":"464, 465, 475, BP, PS, PSK, SŁ","arr":["464","465","475","BP","PS","PSK","SŁ"],"mode":"bus","angle":-16.8,"extra":1,"ei":1,"l0":"464, ","c0":"#1da8b6","l1":"465, ","c1":"#ff627e","l2":"475, ","c2":"#126804","l3":"BP, ","c3":"#999f01","l4":"PS, ","c4":"#02af5a","l5":"PSK, ","c5":"#a72d06","l6":"SŁ","c6":"#e16cd6"},"geometry":{"type":"Point","coordinates":[19.573359,50.265772]}},{"type":"Feature","properties":{"lines":"461, 464, 465, 472, 475, 477, BP, PS, PSK, SŁ, Ż","arr":["461","464","465","472","475","477","BP","PS","PSK","SŁ","Ż"],"mode":"bus","angle":-45.2,"side":-1,"l0":"461, ","c0":"#e47e2b","l1":"464, ","c1":"#1da8b6","l2":"465, ","c2":"#ff627e","l3":"472, ","c3":"#119efc","l4":"475, ","c4":"#126804","l5":"477, ","c5":"#05617d","l6":"BP, ","c6":"#999f01","l7":"PS, ","c7":"#02af5a","l8":"PSK, ","c8":"#a72d06","l9":"SŁ, ","c9":"#e16cd6","l10":"Ż","c10":"#4d4aba"},"geometry":{"type":"Point","coordinates":[19.566939,50.267235]}},{"type":"Feature","properties":{"lines":"472, 475, PS, PSK, Ż","arr":["472","475","PS","PSK","Ż"],"mode":"bus","angle":-55.3,"l0":"472, ","c0":"#119efc","l1":"475, ","c1":"#126804","l2":"PS, ","c2":"#02af5a","l3":"PSK, ","c3":"#a72d06","l4":"Ż","c4":"#4d4aba"},"geometry":{"type":"Point","coordinates":[19.566729,50.267373]}},{"type":"Feature","properties":{"lines":"461, 463","arr":["461","463"],"mode":"bus","angle":82.5,"mi":13,"l0":"461, ","c0":"#e47e2b","l1":"463","c1":"#4d4aba"},"geometry":{"type":"Point","coordinates":[19.402051,50.301154]}},{"type":"Feature","properties":{"lines":"463","arr":["463"],"mode":"bus","angle":6.7,"mi":1,"l0":"463","c0":"#4d4aba"},"geometry":{"type":"Point","coordinates":[19.406668,50.297247]}},{"type":"Feature","properties":{"lines":"463","arr":["463"],"mode":"bus","angle":-74.6,"mi":3,"l0":"463","c0":"#4d4aba"},"geometry":{"type":"Point","coordinates":[19.399367,50.312814]}},{"type":"Feature","properties":{"lines":"463","arr":["463"],"mode":"bus","angle":-13.4,"extra":1,"ei":0,"l0":"463","c0":"#4d4aba"},"geometry":{"type":"Point","coordinates":[19.403986,50.314223]}},{"type":"Feature","properties":{"lines":"463","arr":["463"],"mode":"bus","angle":2.4,"extra":1,"ei":1,"l0":"463","c0":"#4d4aba"},"geometry":{"type":"Point","coordinates":[19.401116,50.313847]}},{"type":"Feature","properties":{"lines":"463","arr":["463"],"mode":"bus","angle":-80.4,"extra":1,"ei":2,"l0":"463","c0":"#4d4aba"},"geometry":{"type":"Point","coordinates":[19.3988,50.310764]}},{"type":"Feature","properties":{"lines":"463","arr":["463"],"mode":"bus","angle":-89.2,"extra":1,"ei":3,"l0":"463","c0":"#4d4aba"},"geometry":{"type":"Point","coordinates":[19.398714,50.308878]}},{"type":"Feature","properties":{"lines":"462","arr":["462"],"mode":"bus","angle":18.9,"l0":"462","c0":"#02af5a"},"geometry":{"type":"Point","coordinates":[19.491733,50.299331]}},{"type":"Feature","properties":{"lines":"462, 466","arr":["462","466"],"mode":"bus","angle":47.8,"side":-1,"l0":"462, ","c0":"#02af5a","l1":"466","c1":"#6b5806"},"geometry":{"type":"Point","coordinates":[19.496239,50.296861]}},{"type":"Feature","properties":{"lines":"462, 466","arr":["462","466"],"mode":"bus","angle":47.4,"side":-1,"extra":1,"ei":0,"l0":"462, ","c0":"#02af5a","l1":"466","c1":"#6b5806"},"geometry":{"type":"Point","coordinates":[19.493981,50.298446]}},{"type":"Feature","properties":{"lines":"462, 466","arr":["462","466"],"mode":"bus","angle":47.5,"side":-1,"extra":1,"ei":1,"l0":"462, ","c0":"#02af5a","l1":"466","c1":"#6b5806"},"geometry":{"type":"Point","coordinates":[19.497961,50.295654]}},{"type":"Feature","properties":{"lines":"463","arr":["463"],"mode":"bus","angle":-7,"mi":2,"l0":"463","c0":"#4d4aba"},"geometry":{"type":"Point","coordinates":[19.403158,50.296925]}},{"type":"Feature","properties":{"lines":"463","arr":["463"],"mode":"bus","angle":7.4,"mi":4,"l0":"463","c0":"#4d4aba"},"geometry":{"type":"Point","coordinates":[19.412512,50.312614]}},{"type":"Feature","properties":{"lines":"463","arr":["463"],"mode":"bus","angle":14.5,"extra":1,"ei":0,"l0":"463","c0":"#4d4aba"},"geometry":{"type":"Point","coordinates":[19.418363,50.311714]}},{"type":"Feature","properties":{"lines":"463","arr":["463"],"mode":"bus","angle":16.4,"extra":1,"ei":1,"l0":"463","c0":"#4d4aba"},"geometry":{"type":"Point","coordinates":[19.415543,50.312272]}},{"type":"Feature","properties":{"lines":"463","arr":["463"],"mode":"bus","angle":23.4,"extra":1,"ei":2,"l0":"463","c0":"#4d4aba"},"geometry":{"type":"Point","coordinates":[19.409767,50.313002]}},{"type":"Feature","properties":{"lines":"463","arr":["463"],"mode":"bus","angle":20.8,"extra":1,"ei":3,"l0":"463","c0":"#4d4aba"},"geometry":{"type":"Point","coordinates":[19.407064,50.313761]}},{"type":"Feature","properties":{"lines":"463","arr":["463"],"mode":"bus","angle":78.2,"l0":"463","c0":"#4d4aba"},"geometry":{"type":"Point","coordinates":[19.399343,50.305469]}},{"type":"Feature","properties":{"lines":"463","arr":["463"],"mode":"bus","angle":78.8,"extra":1,"ei":0,"l0":"463","c0":"#4d4aba"},"geometry":{"type":"Point","coordinates":[19.398679,50.307385]}},{"type":"Feature","properties":{"lines":"463","arr":["463"],"mode":"bus","angle":58.3,"extra":1,"ei":1,"l0":"463","c0":"#4d4aba"},"geometry":{"type":"Point","coordinates":[19.400164,50.303759]}},{"type":"Feature","properties":{"lines":"464, 465, 475, BP, M, PS, PSK, SŁ","arr":["464","465","475","BP","M","PS","PSK","SŁ"],"mode":"bus","angle":-18.1,"l0":"464, ","c0":"#1da8b6","l1":"465, ","c1":"#ff627e","l2":"475, ","c2":"#126804","l3":"BP, ","c3":"#999f01","l4":"M, ","c4":"#05617d","l5":"PS, ","c5":"#02af5a","l6":"PSK, ","c6":"#a72d06","l7":"SŁ","c7":"#e16cd6"},"geometry":{"type":"Point","coordinates":[19.57378,50.265863]}},{"type":"Feature","properties":{"lines":"465","arr":["465"],"mode":"bus","angle":26.1,"l0":"465","c0":"#ff627e"},"geometry":{"type":"Point","coordinates":[19.459589,50.271359]}},{"type":"Feature","properties":{"lines":"465","arr":["465"],"mode":"bus","angle":23.2,"extra":1,"ei":0,"l0":"465","c0":"#ff627e"},"geometry":{"type":"Point","coordinates":[19.463138,50.270334]}},{"type":"Feature","properties":{"lines":"465","arr":["465"],"mode":"bus","angle":28,"extra":1,"ei":1,"l0":"465","c0":"#ff627e"},"geometry":{"type":"Point","coordinates":[19.45778,50.271924]}},{"type":"Feature","properties":{"lines":"465","arr":["465"],"mode":"bus","angle":38.2,"extra":1,"ei":2,"l0":"465","c0":"#ff627e"},"geometry":{"type":"Point","coordinates":[19.455421,50.273056]}},{"type":"Feature","properties":{"lines":"466, PS, SŁ, Ż","arr":["466","PS","SŁ","Ż"],"mode":"bus","angle":16.7,"mi":1,"l0":"466, ","c0":"#6b5806","l1":"PS, ","c1":"#02af5a","l2":"SŁ, ","c2":"#e16cd6","l3":"Ż","c3":"#4d4aba"},"geometry":{"type":"Point","coordinates":[19.560626,50.280192]}},{"type":"Feature","properties":{"lines":"PS","arr":["PS"],"mode":"bus","angle":77.3,"mi":1,"l0":"PS","c0":"#02af5a"},"geometry":{"type":"Point","coordinates":[19.557516,50.281822]}},{"type":"Feature","properties":{"lines":"466, PS, SŁ, Ż","arr":["466","PS","SŁ","Ż"],"mode":"bus","angle":-75,"l0":"466, ","c0":"#6b5806","l1":"PS, ","c1":"#02af5a","l2":"SŁ, ","c2":"#e16cd6","l3":"Ż","c3":"#4d4aba"},"geometry":{"type":"Point","coordinates":[19.557567,50.27948]}},{"type":"Feature","properties":{"lines":"466, PS, Ż","arr":["466","PS","Ż"],"mode":"bus","angle":15.4,"l0":"466, ","c0":"#6b5806","l1":"PS, ","c1":"#02af5a","l2":"Ż","c2":"#4d4aba"},"geometry":{"type":"Point","coordinates":[19.559484,50.277934]}},{"type":"Feature","properties":{"lines":"466, PS, Ż","arr":["466","PS","Ż"],"mode":"bus","angle":14.2,"extra":1,"ei":0,"l0":"466, ","c0":"#6b5806","l1":"PS, ","c1":"#02af5a","l2":"Ż","c2":"#4d4aba"},"geometry":{"type":"Point","coordinates":[19.561336,50.277621]}},{"type":"Feature","properties":{"lines":"466, Ż","arr":["466","Ż"],"mode":"bus","angle":-60.6,"mi":1,"l0":"466, ","c0":"#6b5806","l1":"Ż","c1":"#4d4aba"},"geometry":{"type":"Point","coordinates":[19.558263,50.275119]}},{"type":"Feature","properties":{"lines":"466, Ż","arr":["466","Ż"],"mode":"bus","angle":-78.1,"extra":1,"ei":0,"l0":"466, ","c0":"#6b5806","l1":"Ż","c1":"#4d4aba"},"geometry":{"type":"Point","coordinates":[19.55947,50.276973]}},{"type":"Feature","properties":{"lines":"466, Ż","arr":["466","Ż"],"mode":"bus","angle":-51.9,"extra":1,"ei":1,"l0":"466, ","c0":"#6b5806","l1":"Ż","c1":"#4d4aba"},"geometry":{"type":"Point","coordinates":[19.55661,50.27371]}},{"type":"Feature","properties":{"lines":"466, Ż","arr":["466","Ż"],"mode":"bus","angle":48.1,"l0":"466, ","c0":"#6b5806","l1":"Ż","c1":"#4d4aba"},"geometry":{"type":"Point","coordinates":[19.55543,50.272778]}},{"type":"Feature","properties":{"lines":"466","arr":["466"],"mode":"bus","angle":-40.5,"l0":"466","c0":"#6b5806"},"geometry":{"type":"Point","coordinates":[19.528312,50.254429]}},{"type":"Feature","properties":{"lines":"466","arr":["466"],"mode":"bus","angle":-2.5,"extra":1,"ei":0,"l0":"466","c0":"#6b5806"},"geometry":{"type":"Point","coordinates":[19.511557,50.253112]}},{"type":"Feature","properties":{"lines":"466","arr":["466"],"mode":"bus","angle":-2.8,"extra":1,"ei":1,"l0":"466","c0":"#6b5806"},"geometry":{"type":"Point","coordinates":[19.514508,50.253198]}},{"type":"Feature","properties":{"lines":"466","arr":["466"],"mode":"bus","angle":-2.5,"extra":1,"ei":2,"l0":"466","c0":"#6b5806"},"geometry":{"type":"Point","coordinates":[19.517458,50.253298]}},{"type":"Feature","properties":{"lines":"466","arr":["466"],"mode":"bus","angle":-2.6,"extra":1,"ei":3,"l0":"466","c0":"#6b5806"},"geometry":{"type":"Point","coordinates":[19.520409,50.253371]}},{"type":"Feature","properties":{"lines":"466","arr":["466"],"mode":"bus","angle":-2.4,"extra":1,"ei":4,"l0":"466","c0":"#6b5806"},"geometry":{"type":"Point","coordinates":[19.52336,50.253457]}},{"type":"Feature","properties":{"lines":"466","arr":["466"],"mode":"bus","angle":-10.5,"extra":1,"ei":5,"l0":"466","c0":"#6b5806"},"geometry":{"type":"Point","coordinates":[19.526311,50.253543]}},{"type":"Feature","properties":{"lines":"466","arr":["466"],"mode":"bus","angle":-41.3,"extra":1,"ei":6,"l0":"466","c0":"#6b5806"},"geometry":{"type":"Point","coordinates":[19.530909,50.255876]}},{"type":"Feature","properties":{"lines":"466","arr":["466"],"mode":"bus","angle":-41.2,"extra":1,"ei":7,"l0":"466","c0":"#6b5806"},"geometry":{"type":"Point","coordinates":[19.53313,50.257122]}},{"type":"Feature","properties":{"lines":"466","arr":["466"],"mode":"bus","angle":-41.3,"extra":1,"ei":8,"l0":"466","c0":"#6b5806"},"geometry":{"type":"Point","coordinates":[19.535351,50.258367]}},{"type":"Feature","properties":{"lines":"466","arr":["466"],"mode":"bus","angle":-41.2,"extra":1,"ei":9,"l0":"466","c0":"#6b5806"},"geometry":{"type":"Point","coordinates":[19.537571,50.259613]}},{"type":"Feature","properties":{"lines":"466","arr":["466"],"mode":"bus","angle":-41.5,"extra":1,"ei":10,"l0":"466","c0":"#6b5806"},"geometry":{"type":"Point","coordinates":[19.539799,50.260853]}},{"type":"Feature","properties":{"lines":"466","arr":["466"],"mode":"bus","angle":-61.9,"extra":1,"ei":11,"l0":"466","c0":"#6b5806"},"geometry":{"type":"Point","coordinates":[19.541695,50.262284]}},{"type":"Feature","properties":{"lines":"466, Ż","arr":["466","Ż"],"mode":"bus","angle":-55.5,"mi":2,"l0":"466, ","c0":"#6b5806","l1":"Ż","c1":"#4d4aba"},"geometry":{"type":"Point","coordinates":[19.548078,50.267483]}},{"type":"Feature","properties":{"lines":"466, Ż","arr":["466","Ż"],"mode":"bus","angle":-50.9,"extra":1,"ei":0,"l0":"466, ","c0":"#6b5806","l1":"Ż","c1":"#4d4aba"},"geometry":{"type":"Point","coordinates":[19.553365,50.271696]}},{"type":"Feature","properties":{"lines":"466, Ż","arr":["466","Ż"],"mode":"bus","angle":-50.9,"extra":1,"ei":1,"l0":"466, ","c0":"#6b5806","l1":"Ż","c1":"#4d4aba"},"geometry":{"type":"Point","coordinates":[19.551496,50.270233]}},{"type":"Feature","properties":{"lines":"466, Ż","arr":["466","Ż"],"mode":"bus","angle":-51,"extra":1,"ei":2,"l0":"466, ","c0":"#6b5806","l1":"Ż","c1":"#4d4aba"},"geometry":{"type":"Point","coordinates":[19.549638,50.268765]}},{"type":"Feature","properties":{"lines":"466, Ż","arr":["466","Ż"],"mode":"bus","angle":-35.7,"extra":1,"ei":3,"l0":"466, ","c0":"#6b5806","l1":"Ż","c1":"#4d4aba"},"geometry":{"type":"Point","coordinates":[19.545916,50.265876]}},{"type":"Feature","properties":{"lines":"466, Ż","arr":["466","Ż"],"mode":"bus","angle":-55.4,"extra":1,"ei":4,"l0":"466, ","c0":"#6b5806","l1":"Ż","c1":"#4d4aba"},"geometry":{"type":"Point","coordinates":[19.543616,50.264746]}},{"type":"Feature","properties":{"lines":"466, Ż","arr":["466","Ż"],"mode":"bus","angle":-84.7,"extra":1,"ei":5,"l0":"466, ","c0":"#6b5806","l1":"Ż","c1":"#4d4aba"},"geometry":{"type":"Point","coordinates":[19.542172,50.263157]}},{"type":"Feature","properties":{"lines":"466","arr":["466"],"mode":"bus","angle":52,"l0":"466","c0":"#6b5806"},"geometry":{"type":"Point","coordinates":[19.491528,50.254249]}},{"type":"Feature","properties":{"lines":"466","arr":["466"],"mode":"bus","angle":-3.1,"extra":1,"ei":0,"l0":"466","c0":"#6b5806"},"geometry":{"type":"Point","coordinates":[19.508606,50.253023]}},{"type":"Feature","properties":{"lines":"466","arr":["466"],"mode":"bus","angle":-3.1,"extra":1,"ei":1,"l0":"466","c0":"#6b5806"},"geometry":{"type":"Point","coordinates":[19.505656,50.25292]}},{"type":"Feature","properties":{"lines":"466","arr":["466"],"mode":"bus","angle":-3.1,"extra":1,"ei":2,"l0":"466","c0":"#6b5806"},"geometry":{"type":"Point","coordinates":[19.502706,50.252816]}},{"type":"Feature","properties":{"lines":"466","arr":["466"],"mode":"bus","angle":-3.4,"extra":1,"ei":3,"l0":"466","c0":"#6b5806"},"geometry":{"type":"Point","coordinates":[19.499757,50.252708]}},{"type":"Feature","properties":{"lines":"466","arr":["466"],"mode":"bus","angle":-2.1,"extra":1,"ei":4,"l0":"466","c0":"#6b5806"},"geometry":{"type":"Point","coordinates":[19.496807,50.252608]}},{"type":"Feature","properties":{"lines":"466","arr":["466"],"mode":"bus","angle":9.1,"extra":1,"ei":5,"l0":"466","c0":"#6b5806"},"geometry":{"type":"Point","coordinates":[19.493857,50.252582]}},{"type":"Feature","properties":{"lines":"466","arr":["466"],"mode":"bus","angle":45.7,"extra":1,"ei":6,"l0":"466","c0":"#6b5806"},"geometry":{"type":"Point","coordinates":[19.489966,50.25527]}},{"type":"Feature","properties":{"lines":"466","arr":["466"],"mode":"bus","angle":45.7,"extra":1,"ei":7,"l0":"466","c0":"#6b5806"},"geometry":{"type":"Point","coordinates":[19.487902,50.256621]}},{"type":"Feature","properties":{"lines":"466","arr":["466"],"mode":"bus","angle":45.7,"extra":1,"ei":8,"l0":"466","c0":"#6b5806"},"geometry":{"type":"Point","coordinates":[19.485837,50.257972]}},{"type":"Feature","properties":{"lines":"466","arr":["466"],"mode":"bus","angle":45.6,"extra":1,"ei":9,"l0":"466","c0":"#6b5806"},"geometry":{"type":"Point","coordinates":[19.483772,50.259322]}},{"type":"Feature","properties":{"lines":"466","arr":["466"],"mode":"bus","angle":45.5,"extra":1,"ei":10,"l0":"466","c0":"#6b5806"},"geometry":{"type":"Point","coordinates":[19.481704,50.260671]}},{"type":"Feature","properties":{"lines":"466","arr":["466"],"mode":"bus","angle":45.8,"extra":1,"ei":11,"l0":"466","c0":"#6b5806"},"geometry":{"type":"Point","coordinates":[19.479639,50.262021]}},{"type":"Feature","properties":{"lines":"466, 467, 467A","arr":["466","467","467A"],"mode":"bus","angle":-38.8,"mi":1,"l0":"466, ","c0":"#6b5806","l1":"467, ","c1":"#b20b42","l2":"467A","c2":"#095d97"},"geometry":{"type":"Point","coordinates":[19.47948,50.265325]}},{"type":"Feature","properties":{"lines":"466, 467, 467A","arr":["466","467","467A"],"mode":"bus","angle":-7,"extra":1,"ei":0,"l0":"466, ","c0":"#6b5806","l1":"467, ","c1":"#b20b42","l2":"467A","c2":"#095d97"},"geometry":{"type":"Point","coordinates":[19.481499,50.265956]}},{"type":"Feature","properties":{"lines":"466, 467, 467A","arr":["466","467","467A"],"mode":"bus","angle":-79.8,"side":-1,"extra":1,"ei":1,"l0":"466, ","c0":"#6b5806","l1":"467, ","c1":"#b20b42","l2":"467A","c2":"#095d97"},"geometry":{"type":"Point","coordinates":[19.477674,50.263487]}},{"type":"Feature","properties":{"lines":"466, 467, 467A","arr":["466","467","467A"],"mode":"bus","angle":22.8,"l0":"466, ","c0":"#6b5806","l1":"467, ","c1":"#b20b42","l2":"467A","c2":"#095d97"},"geometry":{"type":"Point","coordinates":[19.483225,50.266313]}},{"type":"Feature","properties":{"lines":"466, 467, 467A","arr":["466","467","467A"],"mode":"bus","angle":1.4,"l0":"466, ","c0":"#6b5806","l1":"467, ","c1":"#b20b42","l2":"467A","c2":"#095d97"},"geometry":{"type":"Point","coordinates":[19.460597,50.262922]}},{"type":"Feature","properties":{"lines":"466, 467, 467A","arr":["466","467","467A"],"mode":"bus","angle":-9,"extra":1,"ei":0,"l0":"466, ","c0":"#6b5806","l1":"467, ","c1":"#b20b42","l2":"467A","c2":"#095d97"},"geometry":{"type":"Point","coordinates":[19.476314,50.263667]}},{"type":"Feature","properties":{"lines":"466, 467, 467A","arr":["466","467","467A"],"mode":"bus","angle":-13.8,"extra":1,"ei":1,"l0":"466, ","c0":"#6b5806","l1":"467, ","c1":"#b20b42","l2":"467A","c2":"#095d97"},"geometry":{"type":"Point","coordinates":[19.473445,50.263218]}},{"type":"Feature","properties":{"lines":"466, 467, 467A","arr":["466","467","467A"],"mode":"bus","angle":-6.8,"extra":1,"ei":2,"l0":"466, ","c0":"#6b5806","l1":"467, ","c1":"#b20b42","l2":"467A","c2":"#095d97"},"geometry":{"type":"Point","coordinates":[19.470533,50.262917]}},{"type":"Feature","properties":{"lines":"466, 467, 467A","arr":["466","467","467A"],"mode":"bus","angle":-0.8,"extra":1,"ei":3,"l0":"466, ","c0":"#6b5806","l1":"467, ","c1":"#b20b42","l2":"467A","c2":"#095d97"},"geometry":{"type":"Point","coordinates":[19.467583,50.262841]}},{"type":"Feature","properties":{"lines":"466, 467, 467A","arr":["466","467","467A"],"mode":"bus","angle":1.1,"extra":1,"ei":4,"l0":"466, ","c0":"#6b5806","l1":"467, ","c1":"#b20b42","l2":"467A","c2":"#095d97"},"geometry":{"type":"Point","coordinates":[19.464629,50.262868]}},{"type":"Feature","properties":{"lines":"466, 467, 467A","arr":["466","467","467A"],"mode":"bus","angle":1.7,"extra":1,"ei":5,"l0":"466, ","c0":"#6b5806","l1":"467, ","c1":"#b20b42","l2":"467A","c2":"#095d97"},"geometry":{"type":"Point","coordinates":[19.458723,50.26295]}},{"type":"Feature","properties":{"lines":"466, 467, 467A","arr":["466","467","467A"],"mode":"bus","angle":4.5,"extra":1,"ei":6,"l0":"466, ","c0":"#6b5806","l1":"467, ","c1":"#b20b42","l2":"467A","c2":"#095d97"},"geometry":{"type":"Point","coordinates":[19.455772,50.263039]}},{"type":"Feature","properties":{"lines":"466, 467, 467A","arr":["466","467","467A"],"mode":"bus","angle":6,"extra":1,"ei":7,"l0":"466, ","c0":"#6b5806","l1":"467, ","c1":"#b20b42","l2":"467A","c2":"#095d97"},"geometry":{"type":"Point","coordinates":[19.452828,50.26319]}},{"type":"Feature","properties":{"lines":"466, 467, 467A","arr":["466","467","467A"],"mode":"bus","angle":16.1,"extra":1,"ei":8,"l0":"466, ","c0":"#6b5806","l1":"467, ","c1":"#b20b42","l2":"467A","c2":"#095d97"},"geometry":{"type":"Point","coordinates":[19.449942,50.263576]}},{"type":"Feature","properties":{"lines":"466, 467, 467A","arr":["466","467","467A"],"mode":"bus","angle":-5.4,"extra":1,"ei":9,"l0":"466, ","c0":"#6b5806","l1":"467, ","c1":"#b20b42","l2":"467A","c2":"#095d97"},"geometry":{"type":"Point","coordinates":[19.447058,50.263855]}},{"type":"Feature","properties":{"lines":"466, 467, 467A","arr":["466","467","467A"],"mode":"bus","angle":9.6,"extra":1,"ei":10,"l0":"466, ","c0":"#6b5806","l1":"467, ","c1":"#b20b42","l2":"467A","c2":"#095d97"},"geometry":{"type":"Point","coordinates":[19.444116,50.263689]}},{"type":"Feature","properties":{"lines":"466, 467, 467A","arr":["466","467","467A"],"mode":"bus","angle":-66.4,"l0":"466, ","c0":"#6b5806","l1":"467, ","c1":"#b20b42","l2":"467A","c2":"#095d97"},"geometry":{"type":"Point","coordinates":[19.43546,50.253378]}},{"type":"Feature","properties":{"lines":"466, 467, 467A","arr":["466","467","467A"],"mode":"bus","angle":-47.8,"extra":1,"ei":0,"l0":"466, ","c0":"#6b5806","l1":"467, ","c1":"#b20b42","l2":"467A","c2":"#095d97"},"geometry":{"type":"Point","coordinates":[19.442443,50.263317]}},{"type":"Feature","properties":{"lines":"466, 467, 467A","arr":["466","467","467A"],"mode":"bus","angle":82.5,"extra":1,"ei":1,"l0":"466, ","c0":"#6b5806","l1":"467, ","c1":"#b20b42","l2":"467A","c2":"#095d97"},"geometry":{"type":"Point","coordinates":[19.441827,50.261529]}},{"type":"Feature","properties":{"lines":"466, 467, 467A","arr":["466","467","467A"],"mode":"bus","angle":-43.3,"extra":1,"ei":2,"l0":"466, ","c0":"#6b5806","l1":"467, ","c1":"#b20b42","l2":"467A","c2":"#095d97"},"geometry":{"type":"Point","coordinates":[19.440745,50.259866]}},{"type":"Feature","properties":{"lines":"466, 467, 467A","arr":["466","467","467A"],"mode":"bus","angle":-63,"extra":1,"ei":3,"l0":"466, ","c0":"#6b5806","l1":"467, ","c1":"#b20b42","l2":"467A","c2":"#095d97"},"geometry":{"type":"Point","coordinates":[19.438907,50.258401]}},{"type":"Feature","properties":{"lines":"466, 467, 467A","arr":["466","467","467A"],"mode":"bus","angle":-66.4,"extra":1,"ei":4,"l0":"466, ","c0":"#6b5806","l1":"467, ","c1":"#b20b42","l2":"467A","c2":"#095d97"},"geometry":{"type":"Point","coordinates":[19.437714,50.256673]}},{"type":"Feature","properties":{"lines":"466, 467, 467A","arr":["466","467","467A"],"mode":"bus","angle":-66.4,"extra":1,"ei":5,"l0":"466, ","c0":"#6b5806","l1":"467, ","c1":"#b20b42","l2":"467A","c2":"#095d97"},"geometry":{"type":"Point","coordinates":[19.436532,50.254943]}},{"type":"Feature","properties":{"lines":"466, 467, 467A","arr":["466","467","467A"],"mode":"bus","angle":-42.3,"extra":1,"ei":6,"l0":"466, ","c0":"#6b5806","l1":"467, ","c1":"#b20b42","l2":"467A","c2":"#095d97"},"geometry":{"type":"Point","coordinates":[19.433766,50.251651]}},{"type":"Feature","properties":{"lines":"466, 467, 467A","arr":["466","467","467A"],"mode":"bus","angle":-86.8,"extra":1,"ei":7,"l0":"466, ","c0":"#6b5806","l1":"467, ","c1":"#b20b42","l2":"467A","c2":"#095d97"},"geometry":{"type":"Point","coordinates":[19.432403,50.250049]}},{"type":"Feature","properties":{"lines":"466, 467, 467A","arr":["466","467","467A"],"mode":"bus","angle":-82.2,"extra":1,"ei":8,"l0":"466, ","c0":"#6b5806","l1":"467, ","c1":"#b20b42","l2":"467A","c2":"#095d97"},"geometry":{"type":"Point","coordinates":[19.432252,50.248165]}},{"type":"Feature","properties":{"lines":"466, 467, 467A","arr":["466","467","467A"],"mode":"bus","angle":-82.2,"extra":1,"ei":9,"l0":"466, ","c0":"#6b5806","l1":"467, ","c1":"#b20b42","l2":"467A","c2":"#095d97"},"geometry":{"type":"Point","coordinates":[19.43183,50.246295]}},{"type":"Feature","properties":{"lines":"466, 467, 467A","arr":["466","467","467A"],"mode":"bus","angle":-81.9,"extra":1,"ei":10,"l0":"466, ","c0":"#6b5806","l1":"467, ","c1":"#b20b42","l2":"467A","c2":"#095d97"},"geometry":{"type":"Point","coordinates":[19.431424,50.244425]}},{"type":"Feature","properties":{"lines":"466, 467, 467A","arr":["466","467","467A"],"mode":"bus","angle":-64,"extra":1,"ei":11,"l0":"466, ","c0":"#6b5806","l1":"467, ","c1":"#b20b42","l2":"467A","c2":"#095d97"},"geometry":{"type":"Point","coordinates":[19.430821,50.242585]}},{"type":"Feature","properties":{"lines":"466, 467, 467A","arr":["466","467","467A"],"mode":"bus","angle":88.6,"l0":"466, ","c0":"#6b5806","l1":"467, ","c1":"#b20b42","l2":"467A","c2":"#095d97"},"geometry":{"type":"Point","coordinates":[19.428179,50.237792]}},{"type":"Feature","properties":{"lines":"466, 467, 467A","arr":["466","467","467A"],"mode":"bus","angle":-58.5,"extra":1,"ei":0,"l0":"466, ","c0":"#6b5806","l1":"467, ","c1":"#b20b42","l2":"467A","c2":"#095d97"},"geometry":{"type":"Point","coordinates":[19.429373,50.241373]}},{"type":"Feature","properties":{"lines":"466, 467, 467A","arr":["466","467","467A"],"mode":"bus","angle":-82.4,"extra":1,"ei":1,"l0":"466, ","c0":"#6b5806","l1":"467, ","c1":"#b20b42","l2":"467A","c2":"#095d97"},"geometry":{"type":"Point","coordinates":[19.42847,50.239585]}},{"type":"Feature","properties":{"lines":"466, 467, 467A","arr":["466","467","467A"],"mode":"bus","angle":76.5,"extra":1,"ei":2,"l0":"466, ","c0":"#6b5806","l1":"467, ","c1":"#b20b42","l2":"467A","c2":"#095d97"},"geometry":{"type":"Point","coordinates":[19.428196,50.235839]}},{"type":"Feature","properties":{"lines":"466, 467, 467A","arr":["466","467","467A"],"mode":"bus","angle":-54.5,"extra":1,"ei":3,"l0":"466, ","c0":"#6b5806","l1":"467, ","c1":"#b20b42","l2":"467A","c2":"#095d97"},"geometry":{"type":"Point","coordinates":[19.427255,50.234136]}},{"type":"Feature","properties":{"lines":"466","arr":["466"],"mode":"bus","angle":32,"l0":"466","c0":"#6b5806"},"geometry":{"type":"Point","coordinates":[19.444153,50.266943]}},{"type":"Feature","properties":{"lines":"466","arr":["466"],"mode":"bus","angle":-55.9,"extra":1,"ei":0,"l0":"466","c0":"#6b5806"},"geometry":{"type":"Point","coordinates":[19.444484,50.264641]}},{"type":"Feature","properties":{"lines":"466","arr":["466"],"mode":"bus","angle":87.4,"extra":1,"ei":1,"l0":"466","c0":"#6b5806"},"geometry":{"type":"Point","coordinates":[19.444015,50.269447]}},{"type":"Feature","properties":{"lines":"466","arr":["466"],"mode":"bus","angle":2.8,"mi":1,"l0":"466","c0":"#6b5806"},"geometry":{"type":"Point","coordinates":[19.453594,50.26973]}},{"type":"Feature","properties":{"lines":"466","arr":["466"],"mode":"bus","angle":18.5,"extra":1,"ei":0,"l0":"466","c0":"#6b5806"},"geometry":{"type":"Point","coordinates":[19.445328,50.270378]}},{"type":"Feature","properties":{"lines":"466","arr":["466"],"mode":"bus","angle":3.7,"extra":1,"ei":1,"l0":"466","c0":"#6b5806"},"geometry":{"type":"Point","coordinates":[19.448165,50.269875]}},{"type":"Feature","properties":{"lines":"466","arr":["466"],"mode":"bus","angle":2.8,"extra":1,"ei":2,"l0":"466","c0":"#6b5806"},"geometry":{"type":"Point","coordinates":[19.451118,50.26981]}},{"type":"Feature","properties":{"lines":"466","arr":["466"],"mode":"bus","angle":24.4,"extra":1,"ei":3,"l0":"466","c0":"#6b5806"},"geometry":{"type":"Point","coordinates":[19.456888,50.269263]}},{"type":"Feature","properties":{"lines":"466","arr":["466"],"mode":"bus","angle":24.5,"extra":1,"ei":4,"l0":"466","c0":"#6b5806"},"geometry":{"type":"Point","coordinates":[19.459577,50.268481]}},{"type":"Feature","properties":{"lines":"466","arr":["466"],"mode":"bus","angle":22.5,"extra":1,"ei":5,"l0":"466","c0":"#6b5806"},"geometry":{"type":"Point","coordinates":[19.462267,50.267699]}},{"type":"Feature","properties":{"lines":"466, 467, 467A","arr":["466","467","467A"],"mode":"bus","angle":-48.7,"l0":"466, ","c0":"#6b5806","l1":"467, ","c1":"#b20b42","l2":"467A","c2":"#095d97"},"geometry":{"type":"Point","coordinates":[19.470632,50.245966]}},{"type":"Feature","properties":{"lines":"466, 467, 467A","arr":["466","467","467A"],"mode":"bus","angle":17.7,"extra":1,"ei":0,"l0":"466, ","c0":"#6b5806","l1":"467, ","c1":"#b20b42","l2":"467A","c2":"#095d97"},"geometry":{"type":"Point","coordinates":[19.47373,50.233519]}},{"type":"Feature","properties":{"lines":"466, 467, 467A","arr":["466","467","467A"],"mode":"bus","angle":17.9,"extra":1,"ei":1,"l0":"466, ","c0":"#6b5806","l1":"467, ","c1":"#b20b42","l2":"467A","c2":"#095d97"},"geometry":{"type":"Point","coordinates":[19.470923,50.234109]}},{"type":"Feature","properties":{"lines":"466, 467, 467A","arr":["466","467","467A"],"mode":"bus","angle":28.1,"extra":1,"ei":2,"l0":"466, ","c0":"#6b5806","l1":"467, ","c1":"#b20b42","l2":"467A","c2":"#095d97"},"geometry":{"type":"Point","coordinates":[19.468227,50.234862]}},{"type":"Feature","properties":{"lines":"466, 467, 467A","arr":["466","467","467A"],"mode":"bus","angle":28.4,"extra":1,"ei":3,"l0":"466, ","c0":"#6b5806","l1":"467, ","c1":"#b20b42","l2":"467A","c2":"#095d97"},"geometry":{"type":"Point","coordinates":[19.465658,50.235779]}},{"type":"Feature","properties":{"lines":"466, 467, 467A","arr":["466","467","467A"],"mode":"bus","angle":50.2,"extra":1,"ei":4,"l0":"466, ","c0":"#6b5806","l1":"467, ","c1":"#b20b42","l2":"467A","c2":"#095d97"},"geometry":{"type":"Point","coordinates":[19.463787,50.237118]}},{"type":"Feature","properties":{"lines":"466, 467, 467A","arr":["466","467","467A"],"mode":"bus","angle":-51.1,"extra":1,"ei":5,"l0":"466, ","c0":"#6b5806","l1":"467, ","c1":"#b20b42","l2":"467A","c2":"#095d97"},"geometry":{"type":"Point","coordinates":[19.464125,50.238795]}},{"type":"Feature","properties":{"lines":"466, 467, 467A","arr":["466","467","467A"],"mode":"bus","angle":-75,"extra":1,"ei":6,"l0":"466, ","c0":"#6b5806","l1":"467, ","c1":"#b20b42","l2":"467A","c2":"#095d97"},"geometry":{"type":"Point","coordinates":[19.465482,50.240422]}},{"type":"Feature","properties":{"lines":"466, 467, 467A","arr":["466","467","467A"],"mode":"bus","angle":-59,"extra":1,"ei":7,"l0":"466, ","c0":"#6b5806","l1":"467, ","c1":"#b20b42","l2":"467A","c2":"#095d97"},"geometry":{"type":"Point","coordinates":[19.466387,50.242215]}},{"type":"Feature","properties":{"lines":"466, 467, 467A","arr":["466","467","467A"],"mode":"bus","angle":-53.6,"extra":1,"ei":8,"l0":"466, ","c0":"#6b5806","l1":"467, ","c1":"#b20b42","l2":"467A","c2":"#095d97"},"geometry":{"type":"Point","coordinates":[19.468161,50.243725]}},{"type":"Feature","properties":{"lines":"466, 467, 467A","arr":["466","467","467A"],"mode":"bus","angle":-77.9,"extra":1,"ei":9,"l0":"466, ","c0":"#6b5806","l1":"467, ","c1":"#b20b42","l2":"467A","c2":"#095d97"},"geometry":{"type":"Point","coordinates":[19.472027,50.248684]}},{"type":"Feature","properties":{"lines":"466, 467, 467A","arr":["466","467","467A"],"mode":"bus","angle":85.8,"extra":1,"ei":10,"l0":"466, ","c0":"#6b5806","l1":"467, ","c1":"#b20b42","l2":"467A","c2":"#095d97"},"geometry":{"type":"Point","coordinates":[19.472461,50.250545]}},{"type":"Feature","properties":{"lines":"466, 467, 467A","arr":["466","467","467A"],"mode":"bus","angle":78.2,"extra":1,"ei":11,"l0":"466, ","c0":"#6b5806","l1":"467, ","c1":"#b20b42","l2":"467A","c2":"#095d97"},"geometry":{"type":"Point","coordinates":[19.471894,50.252397]}},{"type":"Feature","properties":{"lines":"466, 467, 467A","arr":["466","467","467A"],"mode":"bus","angle":78.1,"extra":1,"ei":12,"l0":"466, ","c0":"#6b5806","l1":"467, ","c1":"#b20b42","l2":"467A","c2":"#095d97"},"geometry":{"type":"Point","coordinates":[19.471284,50.254245]}},{"type":"Feature","properties":{"lines":"466, 467, 467A","arr":["466","467","467A"],"mode":"bus","angle":17.8,"extra":1,"ei":13,"l0":"466, ","c0":"#6b5806","l1":"467, ","c1":"#b20b42","l2":"467A","c2":"#095d97"},"geometry":{"type":"Point","coordinates":[19.470176,50.255876]}},{"type":"Feature","properties":{"lines":"466, 467, 467A","arr":["466","467","467A"],"mode":"bus","angle":9.2,"extra":1,"ei":14,"l0":"466, ","c0":"#6b5806","l1":"467, ","c1":"#b20b42","l2":"467A","c2":"#095d97"},"geometry":{"type":"Point","coordinates":[19.467265,50.256198]}},{"type":"Feature","properties":{"lines":"466, 467, 467A","arr":["466","467","467A"],"mode":"bus","angle":13,"extra":1,"ei":15,"l0":"466, ","c0":"#6b5806","l1":"467, ","c1":"#b20b42","l2":"467A","c2":"#095d97"},"geometry":{"type":"Point","coordinates":[19.464367,50.25656]}},{"type":"Feature","properties":{"lines":"466, 467, 467A","arr":["466","467","467A"],"mode":"bus","angle":8.4,"extra":1,"ei":16,"l0":"466, ","c0":"#6b5806","l1":"467, ","c1":"#b20b42","l2":"467A","c2":"#095d97"},"geometry":{"type":"Point","coordinates":[19.461483,50.256968]}},{"type":"Feature","properties":{"lines":"466, 467, 467A","arr":["466","467","467A"],"mode":"bus","angle":6.9,"extra":1,"ei":17,"l0":"466, ","c0":"#6b5806","l1":"467, ","c1":"#b20b42","l2":"467A","c2":"#095d97"},"geometry":{"type":"Point","coordinates":[19.458552,50.257205]}},{"type":"Feature","properties":{"lines":"466, 467, 467A","arr":["466","467","467A"],"mode":"bus","angle":-40.8,"mi":2,"l0":"466, ","c0":"#6b5806","l1":"467, ","c1":"#b20b42","l2":"467A","c2":"#095d97"},"geometry":{"type":"Point","coordinates":[19.458214,50.260619]}},{"type":"Feature","properties":{"lines":"466, 467, 467A","arr":["466","467","467A"],"mode":"bus","angle":-82.8,"extra":1,"ei":0,"l0":"466, ","c0":"#6b5806","l1":"467, ","c1":"#b20b42","l2":"467A","c2":"#095d97"},"geometry":{"type":"Point","coordinates":[19.457228,50.258512]}},{"type":"Feature","properties":{"lines":"466, 467, 467A","arr":["466","467","467A"],"mode":"bus","angle":-21.6,"extra":1,"ei":1,"l0":"466, ","c0":"#6b5806","l1":"467, ","c1":"#b20b42","l2":"467A","c2":"#095d97"},"geometry":{"type":"Point","coordinates":[19.460296,50.261316]}},{"type":"Feature","properties":{"lines":"466, 467, 467A","arr":["466","467","467A"],"mode":"bus","angle":-73,"mi":1,"l0":"466, ","c0":"#6b5806","l1":"467, ","c1":"#b20b42","l2":"467A","c2":"#095d97"},"geometry":{"type":"Point","coordinates":[19.463088,50.262305]}},{"type":"Feature","properties":{"lines":"466, 467","arr":["466","467"],"mode":"bus","angle":23.9,"l0":"466, ","c0":"#6b5806","l1":"467","c1":"#b20b42"},"geometry":{"type":"Point","coordinates":[19.473529,50.267383]}},{"type":"Feature","properties":{"lines":"466, 467","arr":["466","467"],"mode":"bus","angle":23.8,"extra":1,"ei":0,"l0":"466, ","c0":"#6b5806","l1":"467","c1":"#b20b42"},"geometry":{"type":"Point","coordinates":[19.465845,50.269578]}},{"type":"Feature","properties":{"lines":"466, 467","arr":["466","467"],"mode":"bus","angle":24.1,"extra":1,"ei":1,"l0":"466, ","c0":"#6b5806","l1":"467","c1":"#b20b42"},"geometry":{"type":"Point","coordinates":[19.468543,50.268809]}},{"type":"Feature","properties":{"lines":"466, 467","arr":["466","467"],"mode":"bus","angle":24.2,"extra":1,"ei":2,"l0":"466, ","c0":"#6b5806","l1":"467","c1":"#b20b42"},"geometry":{"type":"Point","coordinates":[19.471239,50.268037]}},{"type":"Feature","properties":{"lines":"466, 467","arr":["466","467"],"mode":"bus","angle":23.9,"extra":1,"ei":3,"l0":"466, ","c0":"#6b5806","l1":"467","c1":"#b20b42"},"geometry":{"type":"Point","coordinates":[19.476638,50.266503]}},{"type":"Feature","properties":{"lines":"466, 467","arr":["466","467"],"mode":"bus","angle":-36.4,"extra":1,"ei":4,"l0":"466, ","c0":"#6b5806","l1":"467","c1":"#b20b42"},"geometry":{"type":"Point","coordinates":[19.479281,50.266279]}},{"type":"Feature","properties":{"lines":"466, 467","arr":["466","467"],"mode":"bus","angle":18.5,"extra":1,"ei":5,"l0":"466, ","c0":"#6b5806","l1":"467","c1":"#b20b42"},"geometry":{"type":"Point","coordinates":[19.481854,50.266669]}},{"type":"Feature","properties":{"lines":"466, 475, BP, M, PS, SŁ, Ż","arr":["466","475","BP","M","PS","SŁ","Ż"],"mode":"bus","angle":-66.1,"l0":"466, ","c0":"#6b5806","l1":"475, ","c1":"#126804","l2":"BP, ","c2":"#999f01","l3":"M, ","c3":"#05617d","l4":"PS, ","c4":"#02af5a","l5":"SŁ, ","c5":"#e16cd6","l6":"Ż","c6":"#4d4aba"},"geometry":{"type":"Point","coordinates":[19.562133,50.277835]}},{"type":"Feature","properties":{"lines":"466","arr":["466"],"mode":"bus","angle":41.5,"side":-1,"l0":"466","c0":"#6b5806"},"geometry":{"type":"Point","coordinates":[19.487169,50.303123]}},{"type":"Feature","properties":{"lines":"466","arr":["466"],"mode":"bus","angle":22,"side":-1,"extra":1,"ei":0,"l0":"466","c0":"#6b5806"},"geometry":{"type":"Point","coordinates":[19.481017,50.305261]}},{"type":"Feature","properties":{"lines":"466","arr":["466"],"mode":"bus","angle":24.7,"side":-1,"extra":1,"ei":1,"l0":"466","c0":"#6b5806"},"geometry":{"type":"Point","coordinates":[19.483743,50.304534]}},{"type":"Feature","properties":{"lines":"466","arr":["466"],"mode":"bus","angle":47.7,"side":-1,"extra":1,"ei":2,"l0":"466","c0":"#6b5806"},"geometry":{"type":"Point","coordinates":[19.490457,50.300915]}},{"type":"Feature","properties":{"lines":"466","arr":["466"],"mode":"bus","angle":47.8,"extra":1,"ei":3,"l0":"466","c0":"#6b5806"},"geometry":{"type":"Point","coordinates":[19.492446,50.299519]}},{"type":"Feature","properties":{"lines":"466, 475, BP, M, SŁ","arr":["466","475","BP","M","SŁ"],"mode":"bus","angle":-84.7,"l0":"466, ","c0":"#6b5806","l1":"475, ","c1":"#126804","l2":"BP, ","c2":"#999f01","l3":"M, ","c3":"#05617d","l4":"SŁ","c4":"#e16cd6"},"geometry":{"type":"Point","coordinates":[19.561396,50.274426]}},{"type":"Feature","properties":{"lines":"466, 475, BP, M, SŁ","arr":["466","475","BP","M","SŁ"],"mode":"bus","angle":-84.7,"extra":1,"ei":0,"l0":"466, ","c0":"#6b5806","l1":"475, ","c1":"#126804","l2":"BP, ","c2":"#999f01","l3":"M, ","c3":"#05617d","l4":"SŁ","c4":"#e16cd6"},"geometry":{"type":"Point","coordinates":[19.561708,50.276591]}},{"type":"Feature","properties":{"lines":"466, 475, BP, M, SŁ","arr":["466","475","BP","M","SŁ"],"mode":"bus","angle":-83.9,"extra":1,"ei":1,"l0":"466, ","c0":"#6b5806","l1":"475, ","c1":"#126804","l2":"BP, ","c2":"#999f01","l3":"M, ","c3":"#05617d","l4":"SŁ","c4":"#e16cd6"},"geometry":{"type":"Point","coordinates":[19.561169,50.27283]}},{"type":"Feature","properties":{"lines":"467","arr":["467"],"mode":"bus","angle":58.7,"l0":"467","c0":"#b20b42"},"geometry":{"type":"Point","coordinates":[19.475666,50.302284]}},{"type":"Feature","properties":{"lines":"467","arr":["467"],"mode":"bus","angle":58.9,"extra":1,"ei":0,"l0":"467","c0":"#b20b42"},"geometry":{"type":"Point","coordinates":[19.477154,50.300715]}},{"type":"Feature","properties":{"lines":"467","arr":["467"],"mode":"bus","angle":58.8,"extra":1,"ei":1,"l0":"467","c0":"#b20b42"},"geometry":{"type":"Point","coordinates":[19.474094,50.303946]}},{"type":"Feature","properties":{"lines":"467","arr":["467"],"mode":"bus","angle":58.6,"mi":1,"l0":"467","c0":"#b20b42"},"geometry":{"type":"Point","coordinates":[19.471934,50.306213]}},{"type":"Feature","properties":{"lines":"467","arr":["467"],"mode":"bus","angle":6.6,"l0":"467","c0":"#b20b42"},"geometry":{"type":"Point","coordinates":[19.448504,50.258482]}},{"type":"Feature","properties":{"lines":"467","arr":["467"],"mode":"bus","angle":8.9,"extra":1,"ei":0,"l0":"467","c0":"#b20b42"},"geometry":{"type":"Point","coordinates":[19.455516,50.257579]}},{"type":"Feature","properties":{"lines":"467","arr":["467"],"mode":"bus","angle":20,"extra":1,"ei":1,"l0":"467","c0":"#b20b42"},"geometry":{"type":"Point","coordinates":[19.452647,50.257992]}},{"type":"Feature","properties":{"lines":"467","arr":["467"],"mode":"bus","angle":10,"extra":1,"ei":2,"l0":"467","c0":"#b20b42"},"geometry":{"type":"Point","coordinates":[19.443897,50.258782]}},{"type":"Feature","properties":{"lines":"467","arr":["467"],"mode":"bus","angle":14.3,"extra":1,"ei":3,"l0":"467","c0":"#b20b42"},"geometry":{"type":"Point","coordinates":[19.44099,50.259118]}},{"type":"Feature","properties":{"lines":"470, 471, 473, 474, 476","arr":["470","471","473","474","476"],"mode":"bus","angle":-61.4,"side":-1,"l0":"470, ","c0":"#999f01","l1":"471, ","c1":"#07ad80","l2":"473, ","c2":"#f57145","l3":"474, ","c3":"#4d4aba","l4":"476","c4":"#b0045c"},"geometry":{"type":"Point","coordinates":[19.548733,50.284836]}},{"type":"Feature","properties":{"lines":"470, 471, 473, 474, 476","arr":["470","471","473","474","476"],"mode":"bus","angle":-28.9,"l0":"470, ","c0":"#999f01","l1":"471, ","c1":"#07ad80","l2":"473, ","c2":"#f57145","l3":"474, ","c3":"#4d4aba","l4":"476","c4":"#b0045c"},"geometry":{"type":"Point","coordinates":[19.558987,50.315426]}},{"type":"Feature","properties":{"lines":"470, 471, 473, 474, 476","arr":["470","471","473","474","476"],"mode":"bus","angle":-41.9,"extra":1,"ei":0,"l0":"470, ","c0":"#999f01","l1":"471, ","c1":"#07ad80","l2":"473, ","c2":"#f57145","l3":"474, ","c3":"#4d4aba","l4":"476","c4":"#b0045c"},"geometry":{"type":"Point","coordinates":[19.561022,50.316258]}},{"type":"Feature","properties":{"lines":"470, 471, 473, 474, 476","arr":["470","471","473","474","476"],"mode":"bus","angle":-31.3,"extra":1,"ei":1,"l0":"470, ","c0":"#999f01","l1":"471, ","c1":"#07ad80","l2":"473, ","c2":"#f57145","l3":"474, ","c3":"#4d4aba","l4":"476","c4":"#b0045c"},"geometry":{"type":"Point","coordinates":[19.555937,50.31435]}},{"type":"Feature","properties":{"lines":"470, 471, 473, 474, 476","arr":["470","471","473","474","476"],"mode":"bus","angle":86,"l0":"470, ","c0":"#999f01","l1":"471, ","c1":"#07ad80","l2":"473, ","c2":"#f57145","l3":"474, ","c3":"#4d4aba","l4":"476","c4":"#b0045c"},"geometry":{"type":"Point","coordinates":[19.548047,50.299408]}},{"type":"Feature","properties":{"lines":"470, 471, 473, 474, 476","arr":["470","471","473","474","476"],"mode":"bus","angle":41.7,"extra":1,"ei":0,"l0":"470, ","c0":"#999f01","l1":"471, ","c1":"#07ad80","l2":"473, ","c2":"#f57145","l3":"474, ","c3":"#4d4aba","l4":"476","c4":"#b0045c"},"geometry":{"type":"Point","coordinates":[19.547784,50.285672]}},{"type":"Feature","properties":{"lines":"470, 471, 473, 474, 476","arr":["470","471","473","474","476"],"mode":"bus","angle":83.7,"extra":1,"ei":1,"l0":"470, ","c0":"#999f01","l1":"471, ","c1":"#07ad80","l2":"473, ","c2":"#f57145","l3":"474, ","c3":"#4d4aba","l4":"476","c4":"#b0045c"},"geometry":{"type":"Point","coordinates":[19.546376,50.287218]}},{"type":"Feature","properties":{"lines":"470, 471, 473, 474, 476","arr":["470","471","473","474","476"],"mode":"bus","angle":55.4,"extra":1,"ei":2,"l0":"470, ","c0":"#999f01","l1":"471, ","c1":"#07ad80","l2":"473, ","c2":"#f57145","l3":"474, ","c3":"#4d4aba","l4":"476","c4":"#b0045c"},"geometry":{"type":"Point","coordinates":[19.544973,50.288847]}},{"type":"Feature","properties":{"lines":"470, 471, 473, 474, 476","arr":["470","471","473","474","476"],"mode":"bus","angle":56.1,"extra":1,"ei":3,"l0":"470, ","c0":"#999f01","l1":"471, ","c1":"#07ad80","l2":"473, ","c2":"#f57145","l3":"474, ","c3":"#4d4aba","l4":"476","c4":"#b0045c"},"geometry":{"type":"Point","coordinates":[19.543303,50.290405]}},{"type":"Feature","properties":{"lines":"470, 471, 473, 474, 476","arr":["470","471","473","474","476"],"mode":"bus","angle":-62.8,"extra":1,"ei":4,"l0":"470, ","c0":"#999f01","l1":"471, ","c1":"#07ad80","l2":"473, ","c2":"#f57145","l3":"474, ","c3":"#4d4aba","l4":"476","c4":"#b0045c"},"geometry":{"type":"Point","coordinates":[19.543144,50.292076]}},{"type":"Feature","properties":{"lines":"470, 471, 473, 474, 476","arr":["470","471","473","474","476"],"mode":"bus","angle":-64.4,"extra":1,"ei":5,"l0":"470, ","c0":"#999f01","l1":"471, ","c1":"#07ad80","l2":"473, ","c2":"#f57145","l3":"474, ","c3":"#4d4aba","l4":"476","c4":"#b0045c"},"geometry":{"type":"Point","coordinates":[19.544408,50.293782]}},{"type":"Feature","properties":{"lines":"470, 471, 473, 474, 476","arr":["470","471","473","474","476"],"mode":"bus","angle":-64.6,"extra":1,"ei":6,"l0":"470, ","c0":"#999f01","l1":"471, ","c1":"#07ad80","l2":"473, ","c2":"#f57145","l3":"474, ","c3":"#4d4aba","l4":"476","c4":"#b0045c"},"geometry":{"type":"Point","coordinates":[19.545694,50.295483]}},{"type":"Feature","properties":{"lines":"470, 471, 473, 474, 476","arr":["470","471","473","474","476"],"mode":"bus","angle":-65,"extra":1,"ei":7,"l0":"470, ","c0":"#999f01","l1":"471, ","c1":"#07ad80","l2":"473, ","c2":"#f57145","l3":"474, ","c3":"#4d4aba","l4":"476","c4":"#b0045c"},"geometry":{"type":"Point","coordinates":[19.546942,50.297194]}},{"type":"Feature","properties":{"lines":"470, 471, 473, 474, 476","arr":["470","471","473","474","476"],"mode":"bus","angle":86.5,"extra":1,"ei":8,"l0":"470, ","c0":"#999f01","l1":"471, ","c1":"#07ad80","l2":"473, ","c2":"#f57145","l3":"474, ","c3":"#4d4aba","l4":"476","c4":"#b0045c"},"geometry":{"type":"Point","coordinates":[19.547901,50.300803]}},{"type":"Feature","properties":{"lines":"470, 471, 473, 474, 476","arr":["470","471","473","474","476"],"mode":"bus","angle":86.2,"extra":1,"ei":9,"l0":"470, ","c0":"#999f01","l1":"471, ","c1":"#07ad80","l2":"473, ","c2":"#f57145","l3":"474, ","c3":"#4d4aba","l4":"476","c4":"#b0045c"},"geometry":{"type":"Point","coordinates":[19.547717,50.302687]}},{"type":"Feature","properties":{"lines":"470, 471, 473, 474, 476","arr":["470","471","473","474","476"],"mode":"bus","angle":86.5,"extra":1,"ei":10,"l0":"470, ","c0":"#999f01","l1":"471, ","c1":"#07ad80","l2":"473, ","c2":"#f57145","l3":"474, ","c3":"#4d4aba","l4":"476","c4":"#b0045c"},"geometry":{"type":"Point","coordinates":[19.547525,50.304572]}},{"type":"Feature","properties":{"lines":"470, 471, 473, 474, 476","arr":["470","471","473","474","476"],"mode":"bus","angle":87.4,"extra":1,"ei":11,"l0":"470, ","c0":"#999f01","l1":"471, ","c1":"#07ad80","l2":"473, ","c2":"#f57145","l3":"474, ","c3":"#4d4aba","l4":"476","c4":"#b0045c"},"geometry":{"type":"Point","coordinates":[19.547347,50.306457]}},{"type":"Feature","properties":{"lines":"470, 471, 473, 474, 476","arr":["470","471","473","474","476"],"mode":"bus","angle":-56.5,"extra":1,"ei":12,"l0":"470, ","c0":"#999f01","l1":"471, ","c1":"#07ad80","l2":"473, ","c2":"#f57145","l3":"474, ","c3":"#4d4aba","l4":"476","c4":"#b0045c"},"geometry":{"type":"Point","coordinates":[19.548455,50.30814]}},{"type":"Feature","properties":{"lines":"470, 471, 473, 474, 476","arr":["470","471","473","474","476"],"mode":"bus","angle":-53.7,"extra":1,"ei":13,"l0":"470, ","c0":"#999f01","l1":"471, ","c1":"#07ad80","l2":"473, ","c2":"#f57145","l3":"474, ","c3":"#4d4aba","l4":"476","c4":"#b0045c"},"geometry":{"type":"Point","coordinates":[19.55023,50.309646]}},{"type":"Feature","properties":{"lines":"470, 471, 473, 474, 476","arr":["470","471","473","474","476"],"mode":"bus","angle":-52.8,"extra":1,"ei":14,"l0":"470, ","c0":"#999f01","l1":"471, ","c1":"#07ad80","l2":"473, ","c2":"#f57145","l3":"474, ","c3":"#4d4aba","l4":"476","c4":"#b0045c"},"geometry":{"type":"Point","coordinates":[19.552003,50.311156]}},{"type":"Feature","properties":{"lines":"470, 471, 473, 474, 476","arr":["470","471","473","474","476"],"mode":"bus","angle":-53.3,"extra":1,"ei":15,"l0":"470, ","c0":"#999f01","l1":"471, ","c1":"#07ad80","l2":"473, ","c2":"#f57145","l3":"474, ","c3":"#4d4aba","l4":"476","c4":"#b0045c"},"geometry":{"type":"Point","coordinates":[19.553783,50.312663]}},{"type":"Feature","properties":{"lines":"470, 471, 473, 474, 476","arr":["470","471","473","474","476"],"mode":"bus","angle":-51.4,"extra":1,"ei":16,"l0":"470, ","c0":"#999f01","l1":"471, ","c1":"#07ad80","l2":"473, ","c2":"#f57145","l3":"474, ","c3":"#4d4aba","l4":"476","c4":"#b0045c"},"geometry":{"type":"Point","coordinates":[19.555553,50.314174]}},{"type":"Feature","properties":{"lines":"470, 471, 472, 473, 474, 476, 477","arr":["470","471","472","473","474","476","477"],"mode":"bus","angle":-73.3,"l0":"470, ","c0":"#999f01","l1":"471, ","c1":"#07ad80","l2":"472, ","c2":"#119efc","l3":"473, ","c3":"#f57145","l4":"474, ","c4":"#4d4aba","l5":"476, ","c5":"#b0045c","l6":"477","c6":"#05617d"},"geometry":{"type":"Point","coordinates":[19.561162,50.323204]}},{"type":"Feature","properties":{"lines":"470, 471, 472, 473, 474, 476, 477","arr":["470","471","472","473","474","476","477"],"mode":"bus","angle":77.2,"extra":1,"ei":0,"l0":"470, ","c0":"#999f01","l1":"471, ","c1":"#07ad80","l2":"472, ","c2":"#119efc","l3":"473, ","c3":"#f57145","l4":"474, ","c4":"#4d4aba","l5":"476, ","c5":"#b0045c","l6":"477","c6":"#05617d"},"geometry":{"type":"Point","coordinates":[19.561794,50.31781]}},{"type":"Feature","properties":{"lines":"470, 471, 472, 473, 474, 476, 477","arr":["470","471","472","473","474","476","477"],"mode":"bus","angle":80.1,"extra":1,"ei":1,"l0":"470, ","c0":"#999f01","l1":"471, ","c1":"#07ad80","l2":"472, ","c2":"#119efc","l3":"473, ","c3":"#f57145","l4":"474, ","c4":"#4d4aba","l5":"476, ","c5":"#b0045c","l6":"477","c6":"#05617d"},"geometry":{"type":"Point","coordinates":[19.561143,50.319652]}},{"type":"Feature","properties":{"lines":"470, 471, 472, 473, 474, 476, 477","arr":["470","471","472","473","474","476","477"],"mode":"bus","angle":83.4,"extra":1,"ei":2,"l0":"470, ","c0":"#999f01","l1":"471, ","c1":"#07ad80","l2":"472, ","c2":"#119efc","l3":"473, ","c3":"#f57145","l4":"474, ","c4":"#4d4aba","l5":"476, ","c5":"#b0045c","l6":"477","c6":"#05617d"},"geometry":{"type":"Point","coordinates":[19.560768,50.321525]}},{"type":"Feature","properties":{"lines":"470, 471, 472, 473, 474, 476, 477","arr":["470","471","472","473","474","476","477"],"mode":"bus","angle":-87.1,"extra":1,"ei":3,"l0":"470, ","c0":"#999f01","l1":"471, ","c1":"#07ad80","l2":"472, ","c2":"#119efc","l3":"473, ","c3":"#f57145","l4":"474, ","c4":"#4d4aba","l5":"476, ","c5":"#b0045c","l6":"477","c6":"#05617d"},"geometry":{"type":"Point","coordinates":[19.561506,50.325241]}},{"type":"Feature","properties":{"lines":"470, 471, 472, 473, 474, 476, 477","arr":["470","471","472","473","474","476","477"],"mode":"bus","angle":72.4,"extra":1,"ei":4,"l0":"470, ","c0":"#999f01","l1":"471, ","c1":"#07ad80","l2":"472, ","c2":"#119efc","l3":"473, ","c3":"#f57145","l4":"474, ","c4":"#4d4aba","l5":"476, ","c5":"#b0045c","l6":"477","c6":"#05617d"},"geometry":{"type":"Point","coordinates":[19.561226,50.327107]}},{"type":"Feature","properties":{"lines":"470, 471, 472, 473, 474, 476, 477","arr":["470","471","472","473","474","476","477"],"mode":"bus","angle":75.2,"extra":1,"ei":5,"l0":"470, ","c0":"#999f01","l1":"471, ","c1":"#07ad80","l2":"472, ","c2":"#119efc","l3":"473, ","c3":"#f57145","l4":"474, ","c4":"#4d4aba","l5":"476, ","c5":"#b0045c","l6":"477","c6":"#05617d"},"geometry":{"type":"Point","coordinates":[19.560932,50.328775]}},{"type":"Feature","properties":{"lines":"470, 471, 472, 473, 474, 476, 477","arr":["470","471","472","473","474","476","477"],"mode":"bus","angle":-66.3,"l0":"470, ","c0":"#999f01","l1":"471, ","c1":"#07ad80","l2":"472, ","c2":"#119efc","l3":"473, ","c3":"#f57145","l4":"474, ","c4":"#4d4aba","l5":"476, ","c5":"#b0045c","l6":"477","c6":"#05617d"},"geometry":{"type":"Point","coordinates":[19.555091,50.331795]}},{"type":"Feature","properties":{"lines":"470, 471, 472, 473, 474, 476, 477","arr":["470","471","472","473","474","476","477"],"mode":"bus","angle":54.1,"extra":1,"ei":0,"l0":"470, ","c0":"#999f01","l1":"471, ","c1":"#07ad80","l2":"472, ","c2":"#119efc","l3":"473, ","c3":"#f57145","l4":"474, ","c4":"#4d4aba","l5":"476, ","c5":"#b0045c","l6":"477","c6":"#05617d"},"geometry":{"type":"Point","coordinates":[19.56022,50.328394]}},{"type":"Feature","properties":{"lines":"470, 471, 472, 473, 474, 476, 477","arr":["470","471","472","473","474","476","477"],"mode":"bus","angle":32.3,"extra":1,"ei":1,"l0":"470, ","c0":"#999f01","l1":"471, ","c1":"#07ad80","l2":"472, ","c2":"#119efc","l3":"473, ","c3":"#f57145","l4":"474, ","c4":"#4d4aba","l5":"476, ","c5":"#b0045c","l6":"477","c6":"#05617d"},"geometry":{"type":"Point","coordinates":[19.558054,50.329657]}},{"type":"Feature","properties":{"lines":"470, 471, 472, 473, 474, 476, 477","arr":["470","471","472","473","474","476","477"],"mode":"bus","angle":31.9,"extra":1,"ei":2,"l0":"470, ","c0":"#999f01","l1":"471, ","c1":"#07ad80","l2":"472, ","c2":"#119efc","l3":"473, ","c3":"#f57145","l4":"474, ","c4":"#4d4aba","l5":"476, ","c5":"#b0045c","l6":"477","c6":"#05617d"},"geometry":{"type":"Point","coordinates":[19.555542,50.330651]}},{"type":"Feature","properties":{"lines":"470, 471, 472, 473, 474, 476, 477","arr":["470","471","472","473","474","476","477"],"mode":"bus","angle":-30.6,"extra":1,"ei":3,"l0":"470, ","c0":"#999f01","l1":"471, ","c1":"#07ad80","l2":"472, ","c2":"#119efc","l3":"473, ","c3":"#f57145","l4":"474, ","c4":"#4d4aba","l5":"476, ","c5":"#b0045c","l6":"477","c6":"#05617d"},"geometry":{"type":"Point","coordinates":[19.557068,50.333567]}},{"type":"Feature","properties":{"lines":"470, 471, 472, 473, 474, 476, 477","arr":["470","471","472","473","474","476","477"],"mode":"bus","angle":-31.2,"extra":1,"ei":4,"l0":"470, ","c0":"#999f01","l1":"471, ","c1":"#07ad80","l2":"472, ","c2":"#119efc","l3":"473, ","c3":"#f57145","l4":"474, ","c4":"#4d4aba","l5":"476, ","c5":"#b0045c","l6":"477","c6":"#05617d"},"geometry":{"type":"Point","coordinates":[19.5596,50.33454]}},{"type":"Feature","properties":{"lines":"470, 471, 472, 473, 474, 476, 477","arr":["470","471","472","473","474","476","477"],"mode":"bus","angle":-41.5,"extra":1,"ei":5,"l0":"470, ","c0":"#999f01","l1":"471, ","c1":"#07ad80","l2":"472, ","c2":"#119efc","l3":"473, ","c3":"#f57145","l4":"474, ","c4":"#4d4aba","l5":"476, ","c5":"#b0045c","l6":"477","c6":"#05617d"},"geometry":{"type":"Point","coordinates":[19.562085,50.335556]}},{"type":"Feature","properties":{"lines":"470, 473, 474, 476","arr":["470","473","474","476"],"mode":"bus","angle":10.2,"l0":"470, ","c0":"#999f01","l1":"473, ","c1":"#f57145","l2":"474, ","c2":"#4d4aba","l3":"476","c3":"#b0045c"},"geometry":{"type":"Point","coordinates":[19.572558,50.336763]}},{"type":"Feature","properties":{"lines":"470, 473, 474, 476","arr":["470","473","474","476"],"mode":"bus","angle":0.3,"extra":1,"ei":0,"l0":"470, ","c0":"#999f01","l1":"473, ","c1":"#f57145","l2":"474, ","c2":"#4d4aba","l3":"476","c3":"#b0045c"},"geometry":{"type":"Point","coordinates":[19.564017,50.335568]}},{"type":"Feature","properties":{"lines":"470, 473, 474, 476","arr":["470","473","474","476"],"mode":"bus","angle":-12.1,"extra":1,"ei":1,"l0":"470, ","c0":"#999f01","l1":"473, ","c1":"#f57145","l2":"474, ","c2":"#4d4aba","l3":"476","c3":"#b0045c"},"geometry":{"type":"Point","coordinates":[19.566932,50.335854]}},{"type":"Feature","properties":{"lines":"470, 473, 474, 476","arr":["470","473","474","476"],"mode":"bus","angle":-22,"extra":1,"ei":2,"l0":"470, ","c0":"#999f01","l1":"473, ","c1":"#f57145","l2":"474, ","c2":"#4d4aba","l3":"476","c3":"#b0045c"},"geometry":{"type":"Point","coordinates":[19.569715,50.336476]}},{"type":"Feature","properties":{"lines":"470, 473, 474, 476","arr":["470","473","474","476"],"mode":"bus","angle":-3.5,"extra":1,"ei":3,"l0":"470, ","c0":"#999f01","l1":"473, ","c1":"#f57145","l2":"474, ","c2":"#4d4aba","l3":"476","c3":"#b0045c"},"geometry":{"type":"Point","coordinates":[19.575509,50.336673]}},{"type":"Feature","properties":{"lines":"470, 473, 474, 476","arr":["470","473","474","476"],"mode":"bus","angle":19.8,"extra":1,"ei":4,"l0":"470, ","c0":"#999f01","l1":"473, ","c1":"#f57145","l2":"474, ","c2":"#4d4aba","l3":"476","c3":"#b0045c"},"geometry":{"type":"Point","coordinates":[19.578389,50.336316]}},{"type":"Feature","properties":{"lines":"470, 473, 474, 476","arr":["470","473","474","476"],"mode":"bus","angle":18.5,"extra":1,"ei":5,"l0":"470, ","c0":"#999f01","l1":"473, ","c1":"#f57145","l2":"474, ","c2":"#4d4aba","l3":"476","c3":"#b0045c"},"geometry":{"type":"Point","coordinates":[19.581154,50.335651]}},{"type":"Feature","properties":{"lines":"470, 473, 474, 476","arr":["470","473","474","476"],"mode":"bus","angle":-17,"l0":"470, ","c0":"#999f01","l1":"473, ","c1":"#f57145","l2":"474, ","c2":"#4d4aba","l3":"476","c3":"#b0045c"},"geometry":{"type":"Point","coordinates":[19.601864,50.336173]}},{"type":"Feature","properties":{"lines":"470, 473, 474, 476","arr":["470","473","474","476"],"mode":"bus","angle":2.1,"extra":1,"ei":0,"l0":"470, ","c0":"#999f01","l1":"473, ","c1":"#f57145","l2":"474, ","c2":"#4d4aba","l3":"476","c3":"#b0045c"},"geometry":{"type":"Point","coordinates":[19.58398,50.335372]}},{"type":"Feature","properties":{"lines":"470, 473, 474, 476","arr":["470","473","474","476"],"mode":"bus","angle":2.1,"extra":1,"ei":1,"l0":"470, ","c0":"#999f01","l1":"473, ","c1":"#f57145","l2":"474, ","c2":"#4d4aba","l3":"476","c3":"#b0045c"},"geometry":{"type":"Point","coordinates":[19.586932,50.335303]}},{"type":"Feature","properties":{"lines":"470, 473, 474, 476","arr":["470","473","474","476"],"mode":"bus","angle":2.1,"extra":1,"ei":2,"l0":"470, ","c0":"#999f01","l1":"473, ","c1":"#f57145","l2":"474, ","c2":"#4d4aba","l3":"476","c3":"#b0045c"},"geometry":{"type":"Point","coordinates":[19.589884,50.335233]}},{"type":"Feature","properties":{"lines":"470, 473, 474, 476","arr":["470","473","474","476"],"mode":"bus","angle":2.1,"extra":1,"ei":3,"l0":"470, ","c0":"#999f01","l1":"473, ","c1":"#f57145","l2":"474, ","c2":"#4d4aba","l3":"476","c3":"#b0045c"},"geometry":{"type":"Point","coordinates":[19.592836,50.335162]}},{"type":"Feature","properties":{"lines":"470, 473, 474, 476","arr":["470","473","474","476"],"mode":"bus","angle":-9.8,"extra":1,"ei":4,"l0":"470, ","c0":"#999f01","l1":"473, ","c1":"#f57145","l2":"474, ","c2":"#4d4aba","l3":"476","c3":"#b0045c"},"geometry":{"type":"Point","coordinates":[19.595784,50.335124]}},{"type":"Feature","properties":{"lines":"470, 473, 474, 476","arr":["470","473","474","476"],"mode":"bus","angle":-15,"extra":1,"ei":5,"l0":"470, ","c0":"#999f01","l1":"473, ","c1":"#f57145","l2":"474, ","c2":"#4d4aba","l3":"476","c3":"#b0045c"},"geometry":{"type":"Point","coordinates":[19.59864,50.335606]}},{"type":"Feature","properties":{"lines":"470, 473, 474, 476","arr":["470","473","474","476"],"mode":"bus","angle":-17.7,"extra":1,"ei":6,"l0":"470, ","c0":"#999f01","l1":"473, ","c1":"#f57145","l2":"474, ","c2":"#4d4aba","l3":"476","c3":"#b0045c"},"geometry":{"type":"Point","coordinates":[19.604309,50.336667]}},{"type":"Feature","properties":{"lines":"470, 473, 474, 476","arr":["470","473","474","476"],"mode":"bus","angle":-17.9,"extra":1,"ei":7,"l0":"470, ","c0":"#999f01","l1":"473, ","c1":"#f57145","l2":"474, ","c2":"#4d4aba","l3":"476","c3":"#b0045c"},"geometry":{"type":"Point","coordinates":[19.607121,50.337246]}},{"type":"Feature","properties":{"lines":"470, 473, 474, 476","arr":["470","473","474","476"],"mode":"bus","angle":-17.7,"extra":1,"ei":8,"l0":"470, ","c0":"#999f01","l1":"473, ","c1":"#f57145","l2":"474, ","c2":"#4d4aba","l3":"476","c3":"#b0045c"},"geometry":{"type":"Point","coordinates":[19.609932,50.337826]}},{"type":"Feature","properties":{"lines":"470, 473, 474, 476","arr":["470","473","474","476"],"mode":"bus","angle":-30.6,"extra":1,"ei":9,"l0":"470, ","c0":"#999f01","l1":"473, ","c1":"#f57145","l2":"474, ","c2":"#4d4aba","l3":"476","c3":"#b0045c"},"geometry":{"type":"Point","coordinates":[19.612728,50.338428]}},{"type":"Feature","properties":{"lines":"470, 473, 474, 476","arr":["470","473","474","476"],"mode":"bus","angle":-39.8,"extra":1,"ei":10,"l0":"470, ","c0":"#999f01","l1":"473, ","c1":"#f57145","l2":"474, ","c2":"#4d4aba","l3":"476","c3":"#b0045c"},"geometry":{"type":"Point","coordinates":[19.615011,50.339625]}},{"type":"Feature","properties":{"lines":"470, 473, 474, 476","arr":["470","473","474","476"],"mode":"bus","angle":-38.7,"extra":1,"ei":11,"l0":"470, ","c0":"#999f01","l1":"473, ","c1":"#f57145","l2":"474, ","c2":"#4d4aba","l3":"476","c3":"#b0045c"},"geometry":{"type":"Point","coordinates":[19.617286,50.34083]}},{"type":"Feature","properties":{"lines":"470, 473, 474","arr":["470","473","474"],"mode":"bus","angle":76.2,"l0":"470, ","c0":"#999f01","l1":"473, ","c1":"#f57145","l2":"474","c2":"#4d4aba"},"geometry":{"type":"Point","coordinates":[19.618606,50.342337]}},{"type":"Feature","properties":{"lines":"470, 474","arr":["470","474"],"mode":"bus","angle":-43,"l0":"470, ","c0":"#999f01","l1":"474","c1":"#4d4aba"},"geometry":{"type":"Point","coordinates":[19.625467,50.34972]}},{"type":"Feature","properties":{"lines":"470, 474","arr":["470","474"],"mode":"bus","angle":-58.5,"extra":1,"ei":0,"l0":"470, ","c0":"#999f01","l1":"474","c1":"#4d4aba"},"geometry":{"type":"Point","coordinates":[19.619191,50.343728]}},{"type":"Feature","properties":{"lines":"470, 474","arr":["470","474"],"mode":"bus","angle":-59.2,"extra":1,"ei":1,"l0":"470, ","c0":"#999f01","l1":"474","c1":"#4d4aba"},"geometry":{"type":"Point","coordinates":[19.62071,50.345348]}},{"type":"Feature","properties":{"lines":"470, 474","arr":["470","474"],"mode":"bus","angle":-59.4,"extra":1,"ei":2,"l0":"470, ","c0":"#999f01","l1":"474","c1":"#4d4aba"},"geometry":{"type":"Point","coordinates":[19.62222,50.346971]}},{"type":"Feature","properties":{"lines":"470, 474","arr":["470","474"],"mode":"bus","angle":-57.3,"extra":1,"ei":3,"l0":"470, ","c0":"#999f01","l1":"474","c1":"#4d4aba"},"geometry":{"type":"Point","coordinates":[19.623738,50.348591]}},{"type":"Feature","properties":{"lines":"470, 474","arr":["470","474"],"mode":"bus","angle":-43,"extra":1,"ei":4,"l0":"470, ","c0":"#999f01","l1":"474","c1":"#4d4aba"},"geometry":{"type":"Point","coordinates":[19.627972,50.351215]}},{"type":"Feature","properties":{"lines":"470, 474","arr":["470","474"],"mode":"bus","angle":-43,"extra":1,"ei":5,"l0":"470, ","c0":"#999f01","l1":"474","c1":"#4d4aba"},"geometry":{"type":"Point","coordinates":[19.630131,50.352504]}},{"type":"Feature","properties":{"lines":"470, 474","arr":["470","474"],"mode":"bus","angle":-43,"extra":1,"ei":6,"l0":"470, ","c0":"#999f01","l1":"474","c1":"#4d4aba"},"geometry":{"type":"Point","coordinates":[19.63229,50.353793]}},{"type":"Feature","properties":{"lines":"470, 474","arr":["470","474"],"mode":"bus","angle":-43.3,"extra":1,"ei":7,"l0":"470, ","c0":"#999f01","l1":"474","c1":"#4d4aba"},"geometry":{"type":"Point","coordinates":[19.634449,50.355082]}},{"type":"Feature","properties":{"lines":"470, 474","arr":["470","474"],"mode":"bus","angle":-77.2,"l0":"470, ","c0":"#999f01","l1":"474","c1":"#4d4aba"},"geometry":{"type":"Point","coordinates":[19.642575,50.360141]}},{"type":"Feature","properties":{"lines":"470, 474","arr":["470","474"],"mode":"bus","angle":-42.5,"extra":1,"ei":0,"l0":"470, ","c0":"#999f01","l1":"474","c1":"#4d4aba"},"geometry":{"type":"Point","coordinates":[19.635918,50.355955]}},{"type":"Feature","properties":{"lines":"470, 474","arr":["470","474"],"mode":"bus","angle":-43.2,"extra":1,"ei":1,"l0":"470, ","c0":"#999f01","l1":"474","c1":"#4d4aba"},"geometry":{"type":"Point","coordinates":[19.638074,50.357247]}},{"type":"Feature","properties":{"lines":"470, 474","arr":["470","474"],"mode":"bus","angle":-42.6,"extra":1,"ei":2,"l0":"470, ","c0":"#999f01","l1":"474","c1":"#4d4aba"},"geometry":{"type":"Point","coordinates":[19.640236,50.358533]}},{"type":"Feature","properties":{"lines":"470, 474","arr":["470","474"],"mode":"bus","angle":75.3,"extra":1,"ei":3,"l0":"470, ","c0":"#999f01","l1":"474","c1":"#4d4aba"},"geometry":{"type":"Point","coordinates":[19.642123,50.361659]}},{"type":"Feature","properties":{"lines":"470, 474","arr":["470","474"],"mode":"bus","angle":75.4,"extra":1,"ei":4,"l0":"470, ","c0":"#999f01","l1":"474","c1":"#4d4aba"},"geometry":{"type":"Point","coordinates":[19.641377,50.363486]}},{"type":"Feature","properties":{"lines":"470, 474","arr":["470","474"],"mode":"bus","angle":81.5,"extra":1,"ei":5,"l0":"470, ","c0":"#999f01","l1":"474","c1":"#4d4aba"},"geometry":{"type":"Point","coordinates":[19.640654,50.365317]}},{"type":"Feature","properties":{"lines":"470, 474","arr":["470","474"],"mode":"bus","angle":-74.3,"mi":4,"l0":"470, ","c0":"#999f01","l1":"474","c1":"#4d4aba"},"geometry":{"type":"Point","coordinates":[19.643935,50.37382]}},{"type":"Feature","properties":{"lines":"470, 474","arr":["470","474"],"mode":"bus","angle":-74.5,"extra":1,"ei":0,"l0":"470, ","c0":"#999f01","l1":"474","c1":"#4d4aba"},"geometry":{"type":"Point","coordinates":[19.641326,50.367807]}},{"type":"Feature","properties":{"lines":"470, 474","arr":["470","474"],"mode":"bus","angle":-74.5,"extra":1,"ei":1,"l0":"470, ","c0":"#999f01","l1":"474","c1":"#4d4aba"},"geometry":{"type":"Point","coordinates":[19.642117,50.369626]}},{"type":"Feature","properties":{"lines":"470, 474","arr":["470","474"],"mode":"bus","angle":-73.9,"extra":1,"ei":2,"l0":"470, ","c0":"#999f01","l1":"474","c1":"#4d4aba"},"geometry":{"type":"Point","coordinates":[19.642909,50.371446]}},{"type":"Feature","properties":{"lines":"470, 474","arr":["470","474"],"mode":"bus","angle":-74.4,"extra":1,"ei":3,"l0":"470, ","c0":"#999f01","l1":"474","c1":"#4d4aba"},"geometry":{"type":"Point","coordinates":[19.644489,50.375085]}},{"type":"Feature","properties":{"lines":"470, 474","arr":["470","474"],"mode":"bus","angle":-74.7,"extra":1,"ei":4,"l0":"470, ","c0":"#999f01","l1":"474","c1":"#4d4aba"},"geometry":{"type":"Point","coordinates":[19.645286,50.376904]}},{"type":"Feature","properties":{"lines":"470, 474","arr":["470","474"],"mode":"bus","angle":-71.6,"extra":1,"ei":5,"l0":"470, ","c0":"#999f01","l1":"474","c1":"#4d4aba"},"geometry":{"type":"Point","coordinates":[19.646097,50.378719]}},{"type":"Feature","properties":{"lines":"470, 474","arr":["470","474"],"mode":"bus","angle":-80.7,"extra":1,"ei":6,"l0":"470, ","c0":"#999f01","l1":"474","c1":"#4d4aba"},"geometry":{"type":"Point","coordinates":[19.647068,50.380503]}},{"type":"Feature","properties":{"lines":"470, 474","arr":["470","474"],"mode":"bus","angle":72.3,"mi":1,"l0":"470, ","c0":"#999f01","l1":"474","c1":"#4d4aba"},"geometry":{"type":"Point","coordinates":[19.642666,50.382566]}},{"type":"Feature","properties":{"lines":"470, 474","arr":["470","474"],"mode":"bus","angle":18.3,"extra":1,"ei":0,"l0":"470, ","c0":"#999f01","l1":"474","c1":"#4d4aba"},"geometry":{"type":"Point","coordinates":[19.645612,50.380858]}},{"type":"Feature","properties":{"lines":"470, 474","arr":["470","474"],"mode":"bus","angle":-89.1,"extra":1,"ei":1,"l0":"470, ","c0":"#999f01","l1":"474","c1":"#4d4aba"},"geometry":{"type":"Point","coordinates":[19.641745,50.385551]}},{"type":"Feature","properties":{"lines":"470, 474","arr":["470","474"],"mode":"bus","angle":64.9,"mi":2,"l0":"470, ","c0":"#999f01","l1":"474","c1":"#4d4aba"},"geometry":{"type":"Point","coordinates":[19.645315,50.391475]}},{"type":"Feature","properties":{"lines":"470, 474","arr":["470","474"],"mode":"bus","angle":-19.4,"extra":1,"ei":0,"l0":"470, ","c0":"#999f01","l1":"474","c1":"#4d4aba"},"geometry":{"type":"Point","coordinates":[19.643325,50.386337]}},{"type":"Feature","properties":{"lines":"470, 474","arr":["470","474"],"mode":"bus","angle":-83.3,"extra":1,"ei":1,"l0":"470, ","c0":"#999f01","l1":"474","c1":"#4d4aba"},"geometry":{"type":"Point","coordinates":[19.645406,50.387445]}},{"type":"Feature","properties":{"lines":"470, 474","arr":["470","474"],"mode":"bus","angle":-85.3,"extra":1,"ei":2,"l0":"470, ","c0":"#999f01","l1":"474","c1":"#4d4aba"},"geometry":{"type":"Point","coordinates":[19.645581,50.38933]}},{"type":"Feature","properties":{"lines":"470, 474","arr":["470","474"],"mode":"bus","angle":83.5,"extra":1,"ei":3,"l0":"470, ","c0":"#999f01","l1":"474","c1":"#4d4aba"},"geometry":{"type":"Point","coordinates":[19.644299,50.392914]}},{"type":"Feature","properties":{"lines":"470, 474","arr":["470","474"],"mode":"bus","angle":-15.7,"extra":1,"ei":4,"l0":"470, ","c0":"#999f01","l1":"474","c1":"#4d4aba"},"geometry":{"type":"Point","coordinates":[19.642641,50.393538]}},{"type":"Feature","properties":{"lines":"470, 474","arr":["470","474"],"mode":"bus","angle":7.3,"extra":1,"ei":5,"l0":"470, ","c0":"#999f01","l1":"474","c1":"#4d4aba"},"geometry":{"type":"Point","coordinates":[19.639734,50.393422]}},{"type":"Feature","properties":{"lines":"470, 474","arr":["470","474"],"mode":"bus","angle":67.7,"mi":3,"l0":"470, ","c0":"#999f01","l1":"474","c1":"#4d4aba"},"geometry":{"type":"Point","coordinates":[19.630011,50.391319]}},{"type":"Feature","properties":{"lines":"470, 474","arr":["470","474"],"mode":"bus","angle":19.1,"extra":1,"ei":0,"l0":"470, ","c0":"#999f01","l1":"474","c1":"#4d4aba"},"geometry":{"type":"Point","coordinates":[19.636043,50.394023]}},{"type":"Feature","properties":{"lines":"470, 474","arr":["470","474"],"mode":"bus","angle":-23.6,"extra":1,"ei":1,"l0":"470, ","c0":"#999f01","l1":"474","c1":"#4d4aba"},"geometry":{"type":"Point","coordinates":[19.633219,50.394326]}},{"type":"Feature","properties":{"lines":"470, 474","arr":["470","474"],"mode":"bus","angle":-70.1,"extra":1,"ei":2,"l0":"470, ","c0":"#999f01","l1":"474","c1":"#4d4aba"},"geometry":{"type":"Point","coordinates":[19.631019,50.393238]}},{"type":"Feature","properties":{"lines":"470, 474","arr":["470","474"],"mode":"bus","angle":17.8,"extra":1,"ei":3,"l0":"470, ","c0":"#999f01","l1":"474","c1":"#4d4aba"},"geometry":{"type":"Point","coordinates":[19.631716,50.390363]}},{"type":"Feature","properties":{"lines":"470, 474","arr":["470","474"],"mode":"bus","angle":16.5,"extra":1,"ei":4,"l0":"470, ","c0":"#999f01","l1":"474","c1":"#4d4aba"},"geometry":{"type":"Point","coordinates":[19.634544,50.389817]}},{"type":"Feature","properties":{"lines":"470, 474","arr":["470","474"],"mode":"bus","angle":5.7,"extra":1,"ei":5,"l0":"470, ","c0":"#999f01","l1":"474","c1":"#4d4aba"},"geometry":{"type":"Point","coordinates":[19.63746,50.389549]}},{"type":"Feature","properties":{"lines":"470, 474","arr":["470","474"],"mode":"bus","angle":65.4,"l0":"470, ","c0":"#999f01","l1":"474","c1":"#4d4aba"},"geometry":{"type":"Point","coordinates":[19.641542,50.388085]}},{"type":"Feature","properties":{"lines":"470, 474","arr":["470","474"],"mode":"bus","angle":86.2,"extra":1,"ei":0,"l0":"470, ","c0":"#999f01","l1":"474","c1":"#4d4aba"},"geometry":{"type":"Point","coordinates":[19.641063,50.389219]}},{"type":"Feature","properties":{"lines":"470","arr":["470"],"mode":"bus","angle":-4,"l0":"470","c0":"#999f01"},"geometry":{"type":"Point","coordinates":[19.628955,50.371531]}},{"type":"Feature","properties":{"lines":"470","arr":["470"],"mode":"bus","angle":7.4,"extra":1,"ei":0,"l0":"470","c0":"#999f01"},"geometry":{"type":"Point","coordinates":[19.644291,50.378147]}},{"type":"Feature","properties":{"lines":"470","arr":["470"],"mode":"bus","angle":-36.8,"extra":1,"ei":1,"l0":"470","c0":"#999f01"},"geometry":{"type":"Point","coordinates":[19.641613,50.37755]}},{"type":"Feature","properties":{"lines":"470","arr":["470"],"mode":"bus","angle":-32.7,"extra":1,"ei":2,"l0":"470","c0":"#999f01"},"geometry":{"type":"Point","coordinates":[19.63917,50.37649]}},{"type":"Feature","properties":{"lines":"470","arr":["470"],"mode":"bus","angle":-78.3,"extra":1,"ei":3,"l0":"470","c0":"#999f01"},"geometry":{"type":"Point","coordinates":[19.637458,50.375087]}},{"type":"Feature","properties":{"lines":"470","arr":["470"],"mode":"bus","angle":-43.6,"extra":1,"ei":4,"l0":"470","c0":"#999f01"},"geometry":{"type":"Point","coordinates":[19.635824,50.373579]}},{"type":"Feature","properties":{"lines":"470","arr":["470"],"mode":"bus","angle":-30.3,"extra":1,"ei":5,"l0":"470","c0":"#999f01"},"geometry":{"type":"Point","coordinates":[19.633376,50.372538]}},{"type":"Feature","properties":{"lines":"470","arr":["470"],"mode":"bus","angle":-41.6,"extra":1,"ei":6,"l0":"470","c0":"#999f01"},"geometry":{"type":"Point","coordinates":[19.630812,50.371703]}},{"type":"Feature","properties":{"lines":"470","arr":["470"],"mode":"bus","angle":10,"extra":1,"ei":7,"l0":"470","c0":"#999f01"},"geometry":{"type":"Point","coordinates":[19.625336,50.371231]}},{"type":"Feature","properties":{"lines":"470","arr":["470"],"mode":"bus","angle":19,"extra":1,"ei":8,"l0":"470","c0":"#999f01"},"geometry":{"type":"Point","coordinates":[19.622554,50.371865]}},{"type":"Feature","properties":{"lines":"470","arr":["470"],"mode":"bus","angle":0.7,"extra":1,"ei":9,"l0":"470","c0":"#999f01"},"geometry":{"type":"Point","coordinates":[19.619677,50.372225]}},{"type":"Feature","properties":{"lines":"470","arr":["470"],"mode":"bus","angle":1.4,"extra":1,"ei":10,"l0":"470","c0":"#999f01"},"geometry":{"type":"Point","coordinates":[19.616723,50.372232]}},{"type":"Feature","properties":{"lines":"470","arr":["470"],"mode":"bus","angle":21.2,"extra":1,"ei":11,"l0":"470","c0":"#999f01"},"geometry":{"type":"Point","coordinates":[19.613993,50.372887]}},{"type":"Feature","properties":{"lines":"470","arr":["470"],"mode":"bus","angle":9.8,"extra":1,"ei":12,"l0":"470","c0":"#999f01"},"geometry":{"type":"Point","coordinates":[19.611108,50.373284]}},{"type":"Feature","properties":{"lines":"470","arr":["470"],"mode":"bus","angle":23.2,"extra":1,"ei":13,"l0":"470","c0":"#999f01"},"geometry":{"type":"Point","coordinates":[19.608276,50.373796]}},{"type":"Feature","properties":{"lines":"470","arr":["470"],"mode":"bus","angle":27.2,"l0":"470","c0":"#999f01"},"geometry":{"type":"Point","coordinates":[19.606008,50.374547]}},{"type":"Feature","properties":{"lines":"470","arr":["470"],"mode":"bus","angle":27.5,"extra":1,"ei":0,"l0":"470","c0":"#999f01"},"geometry":{"type":"Point","coordinates":[19.607715,50.373981]}},{"type":"Feature","properties":{"lines":"470","arr":["470"],"mode":"bus","angle":70.7,"l0":"470","c0":"#999f01"},"geometry":{"type":"Point","coordinates":[19.597568,50.40127]}},{"type":"Feature","properties":{"lines":"470","arr":["470"],"mode":"bus","angle":14.1,"extra":1,"ei":0,"l0":"470","c0":"#999f01"},"geometry":{"type":"Point","coordinates":[19.594009,50.403804]}},{"type":"Feature","properties":{"lines":"470","arr":["470"],"mode":"bus","angle":52.5,"extra":1,"ei":1,"l0":"470","c0":"#999f01"},"geometry":{"type":"Point","coordinates":[19.596235,50.402655]}},{"type":"Feature","properties":{"lines":"470","arr":["470"],"mode":"bus","angle":72.4,"extra":1,"ei":2,"l0":"470","c0":"#999f01"},"geometry":{"type":"Point","coordinates":[19.598577,50.399233]}},{"type":"Feature","properties":{"lines":"470","arr":["470"],"mode":"bus","angle":66.8,"extra":1,"ei":3,"l0":"470","c0":"#999f01"},"geometry":{"type":"Point","coordinates":[19.599543,50.397451]}},{"type":"Feature","properties":{"lines":"470","arr":["470"],"mode":"bus","angle":19.7,"mi":1,"l0":"470","c0":"#999f01"},"geometry":{"type":"Point","coordinates":[19.593965,50.376951]}},{"type":"Feature","properties":{"lines":"470","arr":["470"],"mode":"bus","angle":14.5,"extra":1,"ei":0,"l0":"470","c0":"#999f01"},"geometry":{"type":"Point","coordinates":[19.602351,50.375527]}},{"type":"Feature","properties":{"lines":"470","arr":["470"],"mode":"bus","angle":14.4,"extra":1,"ei":1,"l0":"470","c0":"#999f01"},"geometry":{"type":"Point","coordinates":[19.59949,50.375995]}},{"type":"Feature","properties":{"lines":"470","arr":["470"],"mode":"bus","angle":14.4,"extra":1,"ei":2,"l0":"470","c0":"#999f01"},"geometry":{"type":"Point","coordinates":[19.596628,50.376463]}},{"type":"Feature","properties":{"lines":"470","arr":["470"],"mode":"bus","angle":32.4,"extra":1,"ei":3,"l0":"470","c0":"#999f01"},"geometry":{"type":"Point","coordinates":[19.591279,50.377977]}},{"type":"Feature","properties":{"lines":"470","arr":["470"],"mode":"bus","angle":32.2,"extra":1,"ei":4,"l0":"470","c0":"#999f01"},"geometry":{"type":"Point","coordinates":[19.588785,50.378989]}},{"type":"Feature","properties":{"lines":"470","arr":["470"],"mode":"bus","angle":35.8,"extra":1,"ei":5,"l0":"470","c0":"#999f01"},"geometry":{"type":"Point","coordinates":[19.586358,50.380064]}},{"type":"Feature","properties":{"lines":"470, 476","arr":["470","476"],"mode":"bus","angle":-59.6,"l0":"470, ","c0":"#999f01","l1":"476","c1":"#b0045c"},"geometry":{"type":"Point","coordinates":[19.58723,50.382489]}},{"type":"Feature","properties":{"lines":"470, 476","arr":["470","476"],"mode":"bus","angle":-70,"extra":1,"ei":0,"l0":"470, ","c0":"#999f01","l1":"476","c1":"#b0045c"},"geometry":{"type":"Point","coordinates":[19.588111,50.38371]}},{"type":"Feature","properties":{"lines":"476","arr":["476"],"mode":"bus","angle":-62,"l0":"476","c0":"#b0045c"},"geometry":{"type":"Point","coordinates":[19.581939,50.37627]}},{"type":"Feature","properties":{"lines":"476","arr":["476"],"mode":"bus","angle":-61.9,"extra":1,"ei":0,"l0":"476","c0":"#b0045c"},"geometry":{"type":"Point","coordinates":[19.584777,50.379659]}},{"type":"Feature","properties":{"lines":"476","arr":["476"],"mode":"bus","angle":-61.2,"extra":1,"ei":1,"l0":"476","c0":"#b0045c"},"geometry":{"type":"Point","coordinates":[19.583375,50.377997]}},{"type":"Feature","properties":{"lines":"476","arr":["476"],"mode":"bus","angle":-62.1,"extra":1,"ei":2,"l0":"476","c0":"#b0045c"},"geometry":{"type":"Point","coordinates":[19.580605,50.37466]}},{"type":"Feature","properties":{"lines":"476","arr":["476"],"mode":"bus","angle":-62,"extra":1,"ei":3,"l0":"476","c0":"#b0045c"},"geometry":{"type":"Point","coordinates":[19.579221,50.372992]}},{"type":"Feature","properties":{"lines":"470","arr":["470"],"mode":"bus","angle":-60.6,"l0":"470","c0":"#999f01"},"geometry":{"type":"Point","coordinates":[19.594157,50.390816]}},{"type":"Feature","properties":{"lines":"470","arr":["470"],"mode":"bus","angle":-72.3,"extra":1,"ei":0,"l0":"470","c0":"#999f01"},"geometry":{"type":"Point","coordinates":[19.589051,50.3855]}},{"type":"Feature","properties":{"lines":"470","arr":["470"],"mode":"bus","angle":-60.6,"extra":1,"ei":1,"l0":"470","c0":"#999f01"},"geometry":{"type":"Point","coordinates":[19.590488,50.387141]}},{"type":"Feature","properties":{"lines":"470","arr":["470"],"mode":"bus","angle":-51.6,"extra":1,"ei":2,"l0":"470","c0":"#999f01"},"geometry":{"type":"Point","coordinates":[19.592018,50.388752]}},{"type":"Feature","properties":{"lines":"470","arr":["470"],"mode":"bus","angle":-60.7,"extra":1,"ei":3,"l0":"470","c0":"#999f01"},"geometry":{"type":"Point","coordinates":[19.595163,50.391939]}},{"type":"Feature","properties":{"lines":"470","arr":["470"],"mode":"bus","angle":-60.6,"extra":1,"ei":4,"l0":"470","c0":"#999f01"},"geometry":{"type":"Point","coordinates":[19.596602,50.393589]}},{"type":"Feature","properties":{"lines":"470","arr":["470"],"mode":"bus","angle":-60.9,"extra":1,"ei":5,"l0":"470","c0":"#999f01"},"geometry":{"type":"Point","coordinates":[19.598054,50.395234]}},{"type":"Feature","properties":{"lines":"470","arr":["470"],"mode":"bus","angle":-54.6,"extra":1,"ei":6,"l0":"470","c0":"#999f01"},"geometry":{"type":"Point","coordinates":[19.5996,50.39684]}},{"type":"Feature","properties":{"lines":"470","arr":["470"],"mode":"bus","angle":28.6,"mi":1,"l0":"470","c0":"#999f01"},"geometry":{"type":"Point","coordinates":[19.586113,50.405145]}},{"type":"Feature","properties":{"lines":"470","arr":["470"],"mode":"bus","angle":4.9,"extra":1,"ei":0,"l0":"470","c0":"#999f01"},"geometry":{"type":"Point","coordinates":[19.591066,50.403921]}},{"type":"Feature","properties":{"lines":"470","arr":["470"],"mode":"bus","angle":28,"extra":1,"ei":1,"l0":"470","c0":"#999f01"},"geometry":{"type":"Point","coordinates":[19.588232,50.404412]}},{"type":"Feature","properties":{"lines":"470","arr":["470"],"mode":"bus","angle":18.8,"extra":1,"ei":2,"l0":"470","c0":"#999f01"},"geometry":{"type":"Point","coordinates":[19.582875,50.405882]}},{"type":"Feature","properties":{"lines":"470","arr":["470"],"mode":"bus","angle":-3.3,"extra":1,"ei":3,"l0":"470","c0":"#999f01"},"geometry":{"type":"Point","coordinates":[19.580065,50.406428]}},{"type":"Feature","properties":{"lines":"470, 473, 474, 476","arr":["470","473","474","476"],"mode":"bus","angle":-49.2,"l0":"470, ","c0":"#999f01","l1":"473, ","c1":"#f57145","l2":"474, ","c2":"#4d4aba","l3":"476","c3":"#b0045c"},"geometry":{"type":"Point","coordinates":[19.548648,50.284874]}},{"type":"Feature","properties":{"lines":"471, 476, 477","arr":["471","476","477"],"mode":"bus","angle":-86.3,"mi":5,"l0":"471, ","c0":"#07ad80","l1":"476, ","c1":"#b0045c","l2":"477","c2":"#05617d"},"geometry":{"type":"Point","coordinates":[19.529054,50.397362]}},{"type":"Feature","properties":{"lines":"471, 476, 477","arr":["471","476","477"],"mode":"bus","angle":68.2,"extra":1,"ei":0,"l0":"471, ","c0":"#07ad80","l1":"476, ","c1":"#b0045c","l2":"477","c2":"#05617d"},"geometry":{"type":"Point","coordinates":[19.529256,50.394537]}},{"type":"Feature","properties":{"lines":"471, 476, 477","arr":["471","476","477"],"mode":"bus","angle":57.4,"extra":1,"ei":1,"l0":"471, ","c0":"#07ad80","l1":"476, ","c1":"#b0045c","l2":"477","c2":"#05617d"},"geometry":{"type":"Point","coordinates":[19.527211,50.39988]}},{"type":"Feature","properties":{"lines":"471, 476, 477","arr":["471","476","477"],"mode":"bus","angle":-4.4,"mi":2,"l0":"471, ","c0":"#07ad80","l1":"476, ","c1":"#b0045c","l2":"477","c2":"#05617d"},"geometry":{"type":"Point","coordinates":[19.535198,50.393572]}},{"type":"Feature","properties":{"lines":"471, 476, 477","arr":["471","476","477"],"mode":"bus","angle":3.9,"extra":1,"ei":0,"l0":"471, ","c0":"#07ad80","l1":"476, ","c1":"#b0045c","l2":"477","c2":"#05617d"},"geometry":{"type":"Point","coordinates":[19.531552,50.393478]}},{"type":"Feature","properties":{"lines":"471, 476, 477","arr":["471","476","477"],"mode":"bus","angle":-4.2,"extra":1,"ei":1,"l0":"471, ","c0":"#07ad80","l1":"476, ","c1":"#b0045c","l2":"477","c2":"#05617d"},"geometry":{"type":"Point","coordinates":[19.537449,50.393678]}},{"type":"Feature","properties":{"lines":"471, 476, 477","arr":["471","476","477"],"mode":"bus","angle":-6.5,"l0":"471, ","c0":"#07ad80","l1":"476, ","c1":"#b0045c","l2":"477","c2":"#05617d"},"geometry":{"type":"Point","coordinates":[19.542384,50.393963]}},{"type":"Feature","properties":{"lines":"476","arr":["476"],"mode":"bus","angle":18.4,"mi":2,"l0":"476","c0":"#b0045c"},"geometry":{"type":"Point","coordinates":[19.581644,50.385868]}},{"type":"Feature","properties":{"lines":"476","arr":["476"],"mode":"bus","angle":18.5,"mi":1,"l0":"476","c0":"#b0045c"},"geometry":{"type":"Point","coordinates":[19.561635,50.389768]}},{"type":"Feature","properties":{"lines":"476","arr":["476"],"mode":"bus","angle":16.4,"extra":1,"ei":0,"l0":"476","c0":"#b0045c"},"geometry":{"type":"Point","coordinates":[19.576108,50.386926]}},{"type":"Feature","properties":{"lines":"476","arr":["476"],"mode":"bus","angle":16.4,"extra":1,"ei":1,"l0":"476","c0":"#b0045c"},"geometry":{"type":"Point","coordinates":[19.578942,50.386393]}},{"type":"Feature","properties":{"lines":"476","arr":["476"],"mode":"bus","angle":15.5,"extra":1,"ei":2,"l0":"476","c0":"#b0045c"},"geometry":{"type":"Point","coordinates":[19.584586,50.385279]}},{"type":"Feature","properties":{"lines":"476","arr":["476"],"mode":"bus","angle":13.4,"extra":1,"ei":3,"l0":"476","c0":"#b0045c"},"geometry":{"type":"Point","coordinates":[19.587443,50.384799]}},{"type":"Feature","properties":{"lines":"471, 476, 477","arr":["471","476","477"],"mode":"bus","angle":21.5,"mi":1,"l0":"471, ","c0":"#07ad80","l1":"476, ","c1":"#b0045c","l2":"477","c2":"#05617d"},"geometry":{"type":"Point","coordinates":[19.552639,50.391889]}},{"type":"Feature","properties":{"lines":"471, 476, 477","arr":["471","476","477"],"mode":"bus","angle":18.5,"extra":1,"ei":0,"l0":"471, ","c0":"#07ad80","l1":"476, ","c1":"#b0045c","l2":"477","c2":"#05617d"},"geometry":{"type":"Point","coordinates":[19.559486,50.390207]}},{"type":"Feature","properties":{"lines":"471, 476, 477","arr":["471","476","477"],"mode":"bus","angle":21.5,"extra":1,"ei":1,"l0":"471, ","c0":"#07ad80","l1":"476, ","c1":"#b0045c","l2":"477","c2":"#05617d"},"geometry":{"type":"Point","coordinates":[19.556716,50.390863]}},{"type":"Feature","properties":{"lines":"471, 476, 477","arr":["471","476","477"],"mode":"bus","angle":21.8,"extra":1,"ei":2,"l0":"471, ","c0":"#07ad80","l1":"476, ","c1":"#b0045c","l2":"477","c2":"#05617d"},"geometry":{"type":"Point","coordinates":[19.548476,50.392948]}},{"type":"Feature","properties":{"lines":"471, 476, 477","arr":["471","476","477"],"mode":"bus","angle":21.8,"extra":1,"ei":3,"l0":"471, ","c0":"#07ad80","l1":"476, ","c1":"#b0045c","l2":"477","c2":"#05617d"},"geometry":{"type":"Point","coordinates":[19.545728,50.393641]}},{"type":"Feature","properties":{"lines":"471, 476, 477","arr":["471","476","477"],"mode":"bus","angle":-82.2,"mi":3,"l0":"471, ","c0":"#07ad80","l1":"476, ","c1":"#b0045c","l2":"477","c2":"#05617d"},"geometry":{"type":"Point","coordinates":[19.560837,50.385461]}},{"type":"Feature","properties":{"lines":"471, 476, 477","arr":["471","476","477"],"mode":"bus","angle":-85.3,"extra":1,"ei":0,"l0":"471, ","c0":"#07ad80","l1":"476, ","c1":"#b0045c","l2":"477","c2":"#05617d"},"geometry":{"type":"Point","coordinates":[19.560561,50.389011]}},{"type":"Feature","properties":{"lines":"471, 476, 477","arr":["471","476","477"],"mode":"bus","angle":81.6,"extra":1,"ei":1,"l0":"471, ","c0":"#07ad80","l1":"476, ","c1":"#b0045c","l2":"477","c2":"#05617d"},"geometry":{"type":"Point","coordinates":[19.560577,50.387126]}},{"type":"Feature","properties":{"lines":"471, 476, 477","arr":["471","476","477"],"mode":"bus","angle":-77.3,"extra":1,"ei":2,"l0":"471, ","c0":"#07ad80","l1":"476, ","c1":"#b0045c","l2":"477","c2":"#05617d"},"geometry":{"type":"Point","coordinates":[19.560089,50.383429]}},{"type":"Feature","properties":{"lines":"471, 476, 477","arr":["471","476","477"],"mode":"bus","angle":-75.8,"extra":1,"ei":3,"l0":"471, ","c0":"#07ad80","l1":"476, ","c1":"#b0045c","l2":"477","c2":"#05617d"},"geometry":{"type":"Point","coordinates":[19.559385,50.381594]}},{"type":"Feature","properties":{"lines":"471, 476, 477","arr":["471","476","477"],"mode":"bus","angle":-20.5,"mi":4,"l0":"471, ","c0":"#07ad80","l1":"476, ","c1":"#b0045c","l2":"477","c2":"#05617d"},"geometry":{"type":"Point","coordinates":[19.554107,50.381009]}},{"type":"Feature","properties":{"lines":"471, 476, 477","arr":["471","476","477"],"mode":"bus","angle":0.8,"extra":1,"ei":0,"l0":"471, ","c0":"#07ad80","l1":"476, ","c1":"#b0045c","l2":"477","c2":"#05617d"},"geometry":{"type":"Point","coordinates":[19.557665,50.381053]}},{"type":"Feature","properties":{"lines":"471, 476, 477","arr":["471","476","477"],"mode":"bus","angle":-70.2,"extra":1,"ei":1,"l0":"471, ","c0":"#07ad80","l1":"476, ","c1":"#b0045c","l2":"477","c2":"#05617d"},"geometry":{"type":"Point","coordinates":[19.552654,50.379926]}},{"type":"Feature","properties":{"lines":"471, 476, 477","arr":["471","476","477"],"mode":"bus","angle":-29.5,"l0":"471, ","c0":"#07ad80","l1":"476, ","c1":"#b0045c","l2":"477","c2":"#05617d"},"geometry":{"type":"Point","coordinates":[19.538594,50.374753]}},{"type":"Feature","properties":{"lines":"471, 476, 477","arr":["471","476","477"],"mode":"bus","angle":-10.9,"extra":1,"ei":0,"l0":"471, ","c0":"#07ad80","l1":"476, ","c1":"#b0045c","l2":"477","c2":"#05617d"},"geometry":{"type":"Point","coordinates":[19.526868,50.371352]}},{"type":"Feature","properties":{"lines":"471, 476, 477","arr":["471","476","477"],"mode":"bus","angle":-16.8,"extra":1,"ei":1,"l0":"471, ","c0":"#07ad80","l1":"476, ","c1":"#b0045c","l2":"477","c2":"#05617d"},"geometry":{"type":"Point","coordinates":[19.529762,50.371726]}},{"type":"Feature","properties":{"lines":"471, 476, 477","arr":["471","476","477"],"mode":"bus","angle":-27.6,"extra":1,"ei":2,"l0":"471, ","c0":"#07ad80","l1":"476, ","c1":"#b0045c","l2":"477","c2":"#05617d"},"geometry":{"type":"Point","coordinates":[19.53242,50.372544]}},{"type":"Feature","properties":{"lines":"471, 476, 477","arr":["471","476","477"],"mode":"bus","angle":-29.3,"extra":1,"ei":3,"l0":"471, ","c0":"#07ad80","l1":"476, ","c1":"#b0045c","l2":"477","c2":"#05617d"},"geometry":{"type":"Point","coordinates":[19.535001,50.373463]}},{"type":"Feature","properties":{"lines":"471, 476, 477","arr":["471","476","477"],"mode":"bus","angle":-1.8,"extra":1,"ei":4,"l0":"471, ","c0":"#07ad80","l1":"476, ","c1":"#b0045c","l2":"477","c2":"#05617d"},"geometry":{"type":"Point","coordinates":[19.542863,50.375945]}},{"type":"Feature","properties":{"lines":"471, 476, 477","arr":["471","476","477"],"mode":"bus","angle":-3.4,"extra":1,"ei":5,"l0":"471, ","c0":"#07ad80","l1":"476, ","c1":"#b0045c","l2":"477","c2":"#05617d"},"geometry":{"type":"Point","coordinates":[19.545815,50.376007]}},{"type":"Feature","properties":{"lines":"471, 476, 477","arr":["471","476","477"],"mode":"bus","angle":-48.2,"extra":1,"ei":6,"l0":"471, ","c0":"#07ad80","l1":"476, ","c1":"#b0045c","l2":"477","c2":"#05617d"},"geometry":{"type":"Point","coordinates":[19.548113,50.377063]}},{"type":"Feature","properties":{"lines":"471, 476, 477","arr":["471","476","477"],"mode":"bus","angle":-43.1,"extra":1,"ei":7,"l0":"471, ","c0":"#07ad80","l1":"476, ","c1":"#b0045c","l2":"477","c2":"#05617d"},"geometry":{"type":"Point","coordinates":[19.550169,50.378417]}},{"type":"Feature","properties":{"lines":"471, 476, 477","arr":["471","476","477"],"mode":"bus","angle":-28.2,"l0":"471, ","c0":"#07ad80","l1":"476, ","c1":"#b0045c","l2":"477","c2":"#05617d"},"geometry":{"type":"Point","coordinates":[19.5203,50.370466]}},{"type":"Feature","properties":{"lines":"471, 476, 477","arr":["471","476","477"],"mode":"bus","angle":-28.1,"extra":1,"ei":0,"l0":"471, ","c0":"#07ad80","l1":"476, ","c1":"#b0045c","l2":"477","c2":"#05617d"},"geometry":{"type":"Point","coordinates":[19.517151,50.369149]}},{"type":"Feature","properties":{"lines":"471, 476, 477","arr":["471","476","477"],"mode":"bus","angle":-9.5,"extra":1,"ei":1,"l0":"471, ","c0":"#07ad80","l1":"476, ","c1":"#b0045c","l2":"477","c2":"#05617d"},"geometry":{"type":"Point","coordinates":[19.522351,50.370797]}},{"type":"Feature","properties":{"lines":"471, 476, 477","arr":["471","476","477"],"mode":"bus","angle":-12.3,"extra":1,"ei":2,"l0":"471, ","c0":"#07ad80","l1":"476, ","c1":"#b0045c","l2":"477","c2":"#05617d"},"geometry":{"type":"Point","coordinates":[19.525252,50.371151]}},{"type":"Feature","properties":{"lines":"471, 472, 476, 477","arr":["471","472","476","477"],"mode":"bus","angle":-8.7,"l0":"471, ","c0":"#07ad80","l1":"472, ","c1":"#119efc","l2":"476, ","c2":"#b0045c","l3":"477","c3":"#05617d"},"geometry":{"type":"Point","coordinates":[19.535923,50.365969]}},{"type":"Feature","properties":{"lines":"471, 472, 476, 477","arr":["471","472","476","477"],"mode":"bus","angle":-28,"extra":1,"ei":0,"l0":"471, ","c0":"#07ad80","l1":"472, ","c1":"#119efc","l2":"476, ","c2":"#b0045c","l3":"477","c3":"#05617d"},"geometry":{"type":"Point","coordinates":[19.513787,50.368001]}},{"type":"Feature","properties":{"lines":"471, 472, 476, 477","arr":["471","472","476","477"],"mode":"bus","angle":23.9,"extra":1,"ei":1,"l0":"471, ","c0":"#07ad80","l1":"472, ","c1":"#119efc","l2":"476, ","c2":"#b0045c","l3":"477","c3":"#05617d"},"geometry":{"type":"Point","coordinates":[19.516424,50.368559]}},{"type":"Feature","properties":{"lines":"471, 472, 476, 477","arr":["471","472","476","477"],"mode":"bus","angle":25.1,"extra":1,"ei":2,"l0":"471, ","c0":"#07ad80","l1":"472, ","c1":"#119efc","l2":"476, ","c2":"#b0045c","l3":"477","c3":"#05617d"},"geometry":{"type":"Point","coordinates":[19.519094,50.367752]}},{"type":"Feature","properties":{"lines":"471, 472, 476, 477","arr":["471","472","476","477"],"mode":"bus","angle":19.2,"extra":1,"ei":3,"l0":"471, ","c0":"#07ad80","l1":"472, ","c1":"#119efc","l2":"476, ","c2":"#b0045c","l3":"477","c3":"#05617d"},"geometry":{"type":"Point","coordinates":[19.521793,50.366987]}},{"type":"Feature","properties":{"lines":"471, 472, 476, 477","arr":["471","472","476","477"],"mode":"bus","angle":-3.8,"extra":1,"ei":4,"l0":"471, ","c0":"#07ad80","l1":"472, ","c1":"#119efc","l2":"476, ","c2":"#b0045c","l3":"477","c3":"#05617d"},"geometry":{"type":"Point","coordinates":[19.524679,50.366671]}},{"type":"Feature","properties":{"lines":"471, 472, 476, 477","arr":["471","472","476","477"],"mode":"bus","angle":17.2,"extra":1,"ei":5,"l0":"471, ","c0":"#07ad80","l1":"472, ","c1":"#119efc","l2":"476, ","c2":"#b0045c","l3":"477","c3":"#05617d"},"geometry":{"type":"Point","coordinates":[19.527585,50.36651]}},{"type":"Feature","properties":{"lines":"471, 472, 476, 477","arr":["471","472","476","477"],"mode":"bus","angle":17.2,"extra":1,"ei":6,"l0":"471, ","c0":"#07ad80","l1":"472, ","c1":"#119efc","l2":"476, ","c2":"#b0045c","l3":"477","c3":"#05617d"},"geometry":{"type":"Point","coordinates":[19.530407,50.365953]}},{"type":"Feature","properties":{"lines":"471, 472, 476, 477","arr":["471","472","476","477"],"mode":"bus","angle":-8.7,"extra":1,"ei":7,"l0":"471, ","c0":"#07ad80","l1":"472, ","c1":"#119efc","l2":"476, ","c2":"#b0045c","l3":"477","c3":"#05617d"},"geometry":{"type":"Point","coordinates":[19.533276,50.365709]}},{"type":"Feature","properties":{"lines":"471, 472, 476, 477","arr":["471","472","476","477"],"mode":"bus","angle":14.9,"extra":1,"ei":8,"l0":"471, ","c0":"#07ad80","l1":"472, ","c1":"#119efc","l2":"476, ","c2":"#b0045c","l3":"477","c3":"#05617d"},"geometry":{"type":"Point","coordinates":[19.539095,50.365876]}},{"type":"Feature","properties":{"lines":"471, 472, 476, 477","arr":["471","472","476","477"],"mode":"bus","angle":14.9,"extra":1,"ei":9,"l0":"471, ","c0":"#07ad80","l1":"472, ","c1":"#119efc","l2":"476, ","c2":"#b0045c","l3":"477","c3":"#05617d"},"geometry":{"type":"Point","coordinates":[19.54195,50.365391]}},{"type":"Feature","properties":{"lines":"471, 472, 476, 477","arr":["471","472","476","477"],"mode":"bus","angle":18.3,"extra":1,"ei":10,"l0":"471, ","c0":"#07ad80","l1":"472, ","c1":"#119efc","l2":"476, ","c2":"#b0045c","l3":"477","c3":"#05617d"},"geometry":{"type":"Point","coordinates":[19.544805,50.364906]}},{"type":"Feature","properties":{"lines":"471, 472, 476, 477","arr":["471","472","476","477"],"mode":"bus","angle":30.2,"extra":1,"ei":11,"l0":"471, ","c0":"#07ad80","l1":"472, ","c1":"#119efc","l2":"476, ","c2":"#b0045c","l3":"477","c3":"#05617d"},"geometry":{"type":"Point","coordinates":[19.547381,50.363988]}},{"type":"Feature","properties":{"lines":"471, 472, 476, 477","arr":["471","472","476","477"],"mode":"bus","angle":29.8,"extra":1,"ei":12,"l0":"471, ","c0":"#07ad80","l1":"472, ","c1":"#119efc","l2":"476, ","c2":"#b0045c","l3":"477","c3":"#05617d"},"geometry":{"type":"Point","coordinates":[19.549941,50.363046]}},{"type":"Feature","properties":{"lines":"471, 472, 476, 477","arr":["471","472","476","477"],"mode":"bus","angle":29.8,"extra":1,"ei":13,"l0":"471, ","c0":"#07ad80","l1":"472, ","c1":"#119efc","l2":"476, ","c2":"#b0045c","l3":"477","c3":"#05617d"},"geometry":{"type":"Point","coordinates":[19.552504,50.362107]}},{"type":"Feature","properties":{"lines":"471, 472, 476, 477","arr":["471","472","476","477"],"mode":"bus","angle":16.9,"extra":1,"ei":14,"l0":"471, ","c0":"#07ad80","l1":"472, ","c1":"#119efc","l2":"476, ","c2":"#b0045c","l3":"477","c3":"#05617d"},"geometry":{"type":"Point","coordinates":[19.555208,50.361386]}},{"type":"Feature","properties":{"lines":"471, 472, 476, 477","arr":["471","472","476","477"],"mode":"bus","angle":21.3,"extra":1,"ei":15,"l0":"471, ","c0":"#07ad80","l1":"472, ","c1":"#119efc","l2":"476, ","c2":"#b0045c","l3":"477","c3":"#05617d"},"geometry":{"type":"Point","coordinates":[19.557968,50.360713]}},{"type":"Feature","properties":{"lines":"471, 472","arr":["471","472"],"mode":"bus","angle":-4.3,"l0":"471, ","c0":"#07ad80","l1":"472","c1":"#119efc"},"geometry":{"type":"Point","coordinates":[19.511245,50.367253]}},{"type":"Feature","properties":{"lines":"471, 472","arr":["471","472"],"mode":"bus","angle":-12.1,"mi":1,"l0":"471, ","c0":"#07ad80","l1":"472","c1":"#119efc"},"geometry":{"type":"Point","coordinates":[19.501969,50.366016]}},{"type":"Feature","properties":{"lines":"471, 472","arr":["471","472"],"mode":"bus","angle":-3.6,"extra":1,"ei":0,"l0":"471, ","c0":"#07ad80","l1":"472","c1":"#119efc"},"geometry":{"type":"Point","coordinates":[19.508975,50.367283]}},{"type":"Feature","properties":{"lines":"471, 472","arr":["471","472"],"mode":"bus","angle":-13.1,"extra":1,"ei":1,"l0":"471, ","c0":"#07ad80","l1":"472","c1":"#119efc"},"geometry":{"type":"Point","coordinates":[19.506239,50.366624]}},{"type":"Feature","properties":{"lines":"471, 472","arr":["471","472"],"mode":"bus","angle":-13.4,"extra":1,"ei":2,"l0":"471, ","c0":"#07ad80","l1":"472","c1":"#119efc"},"geometry":{"type":"Point","coordinates":[19.497593,50.36538]}},{"type":"Feature","properties":{"lines":"471, 472","arr":["471","472"],"mode":"bus","angle":-16.4,"extra":1,"ei":3,"l0":"471, ","c0":"#07ad80","l1":"472","c1":"#119efc"},"geometry":{"type":"Point","coordinates":[19.494733,50.364909]}},{"type":"Feature","properties":{"lines":"471","arr":["471"],"mode":"bus","angle":-53.5,"l0":"471","c0":"#07ad80"},"geometry":{"type":"Point","coordinates":[19.486766,50.361039]}},{"type":"Feature","properties":{"lines":"471","arr":["471"],"mode":"bus","angle":-34.4,"extra":1,"ei":0,"l0":"471","c0":"#07ad80"},"geometry":{"type":"Point","coordinates":[19.481586,50.35793]}},{"type":"Feature","properties":{"lines":"471","arr":["471"],"mode":"bus","angle":-28.7,"extra":1,"ei":1,"l0":"471","c0":"#07ad80"},"geometry":{"type":"Point","coordinates":[19.484124,50.358883]}},{"type":"Feature","properties":{"lines":"471","arr":["471"],"mode":"bus","angle":-32,"extra":1,"ei":2,"l0":"471","c0":"#07ad80"},"geometry":{"type":"Point","coordinates":[19.490416,50.362725]}},{"type":"Feature","properties":{"lines":"471","arr":["471"],"mode":"bus","angle":-48.7,"extra":1,"ei":3,"l0":"471","c0":"#07ad80"},"geometry":{"type":"Point","coordinates":[19.492639,50.363945]}},{"type":"Feature","properties":{"lines":"471","arr":["471"],"mode":"bus","angle":-70.7,"mi":1,"l0":"471","c0":"#07ad80"},"geometry":{"type":"Point","coordinates":[19.47809,50.354923]}},{"type":"Feature","properties":{"lines":"471","arr":["471"],"mode":"bus","angle":-53.3,"extra":1,"ei":0,"l0":"471","c0":"#07ad80"},"geometry":{"type":"Point","coordinates":[19.479332,50.356722]}},{"type":"Feature","properties":{"lines":"471","arr":["471"],"mode":"bus","angle":-68.9,"extra":1,"ei":1,"l0":"471","c0":"#07ad80"},"geometry":{"type":"Point","coordinates":[19.477106,50.353237]}},{"type":"Feature","properties":{"lines":"471, 472, 476, 477","arr":["471","472","476","477"],"mode":"bus","angle":67.5,"mi":1,"l0":"471, ","c0":"#07ad80","l1":"472, ","c1":"#119efc","l2":"476, ","c2":"#b0045c","l3":"477","c3":"#05617d"},"geometry":{"type":"Point","coordinates":[19.559421,50.359571]}},{"type":"Feature","properties":{"lines":"471, 472, 476, 477","arr":["471","472","476","477"],"mode":"bus","angle":87.1,"mi":2,"l0":"471, ","c0":"#07ad80","l1":"472, ","c1":"#119efc","l2":"476, ","c2":"#b0045c","l3":"477","c3":"#05617d"},"geometry":{"type":"Point","coordinates":[19.562511,50.353109]}},{"type":"Feature","properties":{"lines":"471, 472, 476, 477","arr":["471","472","476","477"],"mode":"bus","angle":70.4,"l0":"471, ","c0":"#07ad80","l1":"472, ","c1":"#119efc","l2":"476, ","c2":"#b0045c","l3":"477","c3":"#05617d"},"geometry":{"type":"Point","coordinates":[19.560819,50.357224]}},{"type":"Feature","properties":{"lines":"471, 472, 476, 477","arr":["471","472","476","477"],"mode":"bus","angle":65.7,"extra":1,"ei":0,"l0":"471, ","c0":"#07ad80","l1":"472, ","c1":"#119efc","l2":"476, ","c2":"#b0045c","l3":"477","c3":"#05617d"},"geometry":{"type":"Point","coordinates":[19.561596,50.356003]}},{"type":"Feature","properties":{"lines":"471, 472, 476, 477","arr":["471","472","476","477"],"mode":"bus","angle":83.8,"extra":1,"ei":0,"l0":"471, ","c0":"#07ad80","l1":"472, ","c1":"#119efc","l2":"476, ","c2":"#b0045c","l3":"477","c3":"#05617d"},"geometry":{"type":"Point","coordinates":[19.562346,50.354714]}},{"type":"Feature","properties":{"lines":"471, 472, 476, 477","arr":["471","472","476","477"],"mode":"bus","angle":89.8,"extra":1,"ei":1,"l0":"471, ","c0":"#07ad80","l1":"472, ","c1":"#119efc","l2":"476, ","c2":"#b0045c","l3":"477","c3":"#05617d"},"geometry":{"type":"Point","coordinates":[19.562562,50.350941]}},{"type":"Feature","properties":{"lines":"471, 472, 473, 476, 477","arr":["471","472","473","476","477"],"mode":"bus","angle":-88.6,"l0":"471, ","c0":"#07ad80","l1":"472, ","c1":"#119efc","l2":"473, ","c2":"#f57145","l3":"476, ","c3":"#b0045c","l4":"477","c4":"#05617d"},"geometry":{"type":"Point","coordinates":[19.562476,50.343224]}},{"type":"Feature","properties":{"lines":"471, 472, 473, 476, 477","arr":["471","472","473","476","477"],"mode":"bus","angle":-89.3,"extra":1,"ei":0,"l0":"471, ","c0":"#07ad80","l1":"472, ","c1":"#119efc","l2":"473, ","c2":"#f57145","l3":"476, ","c3":"#b0045c","l4":"477","c4":"#05617d"},"geometry":{"type":"Point","coordinates":[19.562553,50.349612]}},{"type":"Feature","properties":{"lines":"471, 472, 473, 476, 477","arr":["471","472","473","476","477"],"mode":"bus","angle":-89.5,"extra":1,"ei":1,"l0":"471, ","c0":"#07ad80","l1":"472, ","c1":"#119efc","l2":"473, ","c2":"#f57145","l3":"476, ","c3":"#b0045c","l4":"477","c4":"#05617d"},"geometry":{"type":"Point","coordinates":[19.562543,50.347723]}},{"type":"Feature","properties":{"lines":"471, 472, 473, 476, 477","arr":["471","472","473","476","477"],"mode":"bus","angle":-89.5,"extra":1,"ei":2,"l0":"471, ","c0":"#07ad80","l1":"472, ","c1":"#119efc","l2":"473, ","c2":"#f57145","l3":"476, ","c3":"#b0045c","l4":"477","c4":"#05617d"},"geometry":{"type":"Point","coordinates":[19.562533,50.345835]}},{"type":"Feature","properties":{"lines":"471, 472, 473, 476, 477","arr":["471","472","473","476","477"],"mode":"bus","angle":-85.2,"extra":1,"ei":3,"l0":"471, ","c0":"#07ad80","l1":"472, ","c1":"#119efc","l2":"473, ","c2":"#f57145","l3":"476, ","c3":"#b0045c","l4":"477","c4":"#05617d"},"geometry":{"type":"Point","coordinates":[19.562239,50.340174]}},{"type":"Feature","properties":{"lines":"471, 472, 473, 476, 477","arr":["471","472","473","476","477"],"mode":"bus","angle":-89.9,"extra":1,"ei":4,"l0":"471, ","c0":"#07ad80","l1":"472, ","c1":"#119efc","l2":"473, ","c2":"#f57145","l3":"476, ","c3":"#b0045c","l4":"477","c4":"#05617d"},"geometry":{"type":"Point","coordinates":[19.562066,50.338289]}},{"type":"Feature","properties":{"lines":"471, 472, 473, 476, 477","arr":["471","472","473","476","477"],"mode":"bus","angle":81.1,"extra":1,"ei":5,"l0":"471, ","c0":"#07ad80","l1":"472, ","c1":"#119efc","l2":"473, ","c2":"#f57145","l3":"476, ","c3":"#b0045c","l4":"477","c4":"#05617d"},"geometry":{"type":"Point","coordinates":[19.562105,50.336401]}},{"type":"Feature","properties":{"lines":"471, 472, 474, 475, 477","arr":["471","472","474","475","477"],"mode":"bus","angle":-87.7,"l0":"471, ","c0":"#07ad80","l1":"472, ","c1":"#119efc","l2":"474, ","c2":"#4d4aba","l3":"475, ","c3":"#126804","l4":"477","c4":"#05617d"},"geometry":{"type":"Point","coordinates":[19.563474,50.312091]}},{"type":"Feature","properties":{"lines":"471, 472, 474, 475, 477","arr":["471","472","474","475","477"],"mode":"bus","angle":76.2,"extra":1,"ei":0,"l0":"471, ","c0":"#07ad80","l1":"472, ","c1":"#119efc","l2":"474, ","c2":"#4d4aba","l3":"475, ","c3":"#126804","l4":"477","c4":"#05617d"},"geometry":{"type":"Point","coordinates":[19.563824,50.308171]}},{"type":"Feature","properties":{"lines":"471, 472, 474, 475, 477","arr":["471","472","474","475","477"],"mode":"bus","angle":-88.6,"extra":1,"ei":1,"l0":"471, ","c0":"#07ad80","l1":"472, ","c1":"#119efc","l2":"474, ","c2":"#4d4aba","l3":"475, ","c3":"#126804","l4":"477","c4":"#05617d"},"geometry":{"type":"Point","coordinates":[19.563351,50.310025]}},{"type":"Feature","properties":{"lines":"471, 472, 474, 475, 477","arr":["471","472","474","475","477"],"mode":"bus","angle":76.5,"extra":1,"ei":2,"l0":"471, ","c0":"#07ad80","l1":"472, ","c1":"#119efc","l2":"474, ","c2":"#4d4aba","l3":"475, ","c3":"#126804","l4":"477","c4":"#05617d"},"geometry":{"type":"Point","coordinates":[19.563271,50.313784]}},{"type":"Feature","properties":{"lines":"471, 472, 474, 475, 477","arr":["471","472","474","475","477"],"mode":"bus","angle":76.4,"extra":1,"ei":3,"l0":"471, ","c0":"#07ad80","l1":"472, ","c1":"#119efc","l2":"474, ","c2":"#4d4aba","l3":"475, ","c3":"#126804","l4":"477","c4":"#05617d"},"geometry":{"type":"Point","coordinates":[19.562579,50.31562]}},{"type":"Feature","properties":{"lines":"471, 472, 474, 475, 477","arr":["471","472","474","475","477"],"mode":"bus","angle":-70.4,"l0":"471, ","c0":"#07ad80","l1":"472, ","c1":"#119efc","l2":"474, ","c2":"#4d4aba","l3":"475, ","c3":"#126804","l4":"477","c4":"#05617d"},"geometry":{"type":"Point","coordinates":[19.559609,50.295409]}},{"type":"Feature","properties":{"lines":"471, 472, 474, 475, 477","arr":["471","472","474","475","477"],"mode":"bus","angle":79.2,"extra":1,"ei":0,"l0":"471, ","c0":"#07ad80","l1":"472, ","c1":"#119efc","l2":"474, ","c2":"#4d4aba","l3":"475, ","c3":"#126804","l4":"477","c4":"#05617d"},"geometry":{"type":"Point","coordinates":[19.564521,50.306336]}},{"type":"Feature","properties":{"lines":"471, 472, 474, 475, 477","arr":["471","472","474","475","477"],"mode":"bus","angle":-65.1,"extra":1,"ei":1,"l0":"471, ","c0":"#07ad80","l1":"472, ","c1":"#119efc","l2":"474, ","c2":"#4d4aba","l3":"475, ","c3":"#126804","l4":"477","c4":"#05617d"},"geometry":{"type":"Point","coordinates":[19.56419,50.304494]}},{"type":"Feature","properties":{"lines":"471, 472, 474, 475, 477","arr":["471","472","474","475","477"],"mode":"bus","angle":-71.7,"extra":1,"ei":2,"l0":"471, ","c0":"#07ad80","l1":"472, ","c1":"#119efc","l2":"474, ","c2":"#4d4aba","l3":"475, ","c3":"#126804","l4":"477","c4":"#05617d"},"geometry":{"type":"Point","coordinates":[19.562901,50.302796]}},{"type":"Feature","properties":{"lines":"471, 472, 474, 475, 477","arr":["471","472","474","475","477"],"mode":"bus","angle":87.2,"extra":1,"ei":3,"l0":"471, ","c0":"#07ad80","l1":"472, ","c1":"#119efc","l2":"474, ","c2":"#4d4aba","l3":"475, ","c3":"#126804","l4":"477","c4":"#05617d"},"geometry":{"type":"Point","coordinates":[19.562994,50.300936]}},{"type":"Feature","properties":{"lines":"471, 472, 474, 475, 477","arr":["471","472","474","475","477"],"mode":"bus","angle":-62.3,"extra":1,"ei":4,"l0":"471, ","c0":"#07ad80","l1":"472, ","c1":"#119efc","l2":"474, ","c2":"#4d4aba","l3":"475, ","c3":"#126804","l4":"477","c4":"#05617d"},"geometry":{"type":"Point","coordinates":[19.562209,50.299138]}},{"type":"Feature","properties":{"lines":"471, 472, 474, 475, 477","arr":["471","472","474","475","477"],"mode":"bus","angle":-64.7,"extra":1,"ei":5,"l0":"471, ","c0":"#07ad80","l1":"472, ","c1":"#119efc","l2":"474, ","c2":"#4d4aba","l3":"475, ","c3":"#126804","l4":"477","c4":"#05617d"},"geometry":{"type":"Point","coordinates":[19.560841,50.297464]}},{"type":"Feature","properties":{"lines":"471, 472, 474, 475, 477","arr":["471","472","474","475","477"],"mode":"bus","angle":89.2,"extra":1,"ei":6,"l0":"471, ","c0":"#07ad80","l1":"472, ","c1":"#119efc","l2":"474, ","c2":"#4d4aba","l3":"475, ","c3":"#126804","l4":"477","c4":"#05617d"},"geometry":{"type":"Point","coordinates":[19.559297,50.293861]}},{"type":"Feature","properties":{"lines":"471, 472, 474, 475, 477","arr":["471","472","474","475","477"],"mode":"bus","angle":-80.7,"extra":1,"ei":7,"l0":"471, ","c0":"#07ad80","l1":"472, ","c1":"#119efc","l2":"474, ","c2":"#4d4aba","l3":"475, ","c3":"#126804","l4":"477","c4":"#05617d"},"geometry":{"type":"Point","coordinates":[19.559035,50.291984]}},{"type":"Feature","properties":{"lines":"471, 472, 474, 475, 477","arr":["471","472","474","475","477"],"mode":"bus","angle":-77.3,"extra":1,"ei":8,"l0":"471, ","c0":"#07ad80","l1":"472, ","c1":"#119efc","l2":"474, ","c2":"#4d4aba","l3":"475, ","c3":"#126804","l4":"477","c4":"#05617d"},"geometry":{"type":"Point","coordinates":[19.558607,50.290119]}},{"type":"Feature","properties":{"lines":"471, 472, 474, 475, 477","arr":["471","472","474","475","477"],"mode":"bus","angle":-71.4,"extra":1,"ei":9,"l0":"471, ","c0":"#07ad80","l1":"472, ","c1":"#119efc","l2":"474, ","c2":"#4d4aba","l3":"475, ","c3":"#126804","l4":"477","c4":"#05617d"},"geometry":{"type":"Point","coordinates":[19.557902,50.288286]}},{"type":"Feature","properties":{"lines":"471, 472, 474, 475, 477","arr":["471","472","474","475","477"],"mode":"bus","angle":-71.5,"extra":1,"ei":10,"l0":"471, ","c0":"#07ad80","l1":"472, ","c1":"#119efc","l2":"474, ","c2":"#4d4aba","l3":"475, ","c3":"#126804","l4":"477","c4":"#05617d"},"geometry":{"type":"Point","coordinates":[19.556925,50.286504]}},{"type":"Feature","properties":{"lines":"471, 472, 474, 475, 477","arr":["471","472","474","475","477"],"mode":"bus","angle":85.5,"extra":1,"ei":11,"l0":"471, ","c0":"#07ad80","l1":"472, ","c1":"#119efc","l2":"474, ","c2":"#4d4aba","l3":"475, ","c3":"#126804","l4":"477","c4":"#05617d"},"geometry":{"type":"Point","coordinates":[19.55673,50.284647]}},{"type":"Feature","properties":{"lines":"472, 474, 475, 477","arr":["472","474","475","477"],"mode":"bus","angle":76.6,"l0":"472, ","c0":"#119efc","l1":"474, ","c1":"#4d4aba","l2":"475, ","c2":"#126804","l3":"477","c3":"#05617d"},"geometry":{"type":"Point","coordinates":[19.557026,50.28332]}},{"type":"Feature","properties":{"lines":"473, 474","arr":["473","474"],"mode":"bus","angle":50.8,"mi":2,"l0":"473, ","c0":"#f57145","l1":"474","c1":"#4d4aba"},"geometry":{"type":"Point","coordinates":[19.617243,50.344365]}},{"type":"Feature","properties":{"lines":"473, 474","arr":["473","474"],"mode":"bus","angle":36.4,"extra":1,"ei":0,"l0":"473, ","c0":"#f57145","l1":"474","c1":"#4d4aba"},"geometry":{"type":"Point","coordinates":[19.615749,50.3451]}},{"type":"Feature","properties":{"lines":"473, 474","arr":["473","474"],"mode":"bus","angle":37.9,"mi":1,"l0":"473, ","c0":"#f57145","l1":"474","c1":"#4d4aba"},"geometry":{"type":"Point","coordinates":[19.614888,50.345516]}},{"type":"Feature","properties":{"lines":"473","arr":["473"],"mode":"bus","angle":-54.8,"l0":"473","c0":"#f57145"},"geometry":{"type":"Point","coordinates":[19.618249,50.349049]}},{"type":"Feature","properties":{"lines":"473","arr":["473"],"mode":"bus","angle":-55,"extra":1,"ei":0,"l0":"473","c0":"#f57145"},"geometry":{"type":"Point","coordinates":[19.615402,50.346455]}},{"type":"Feature","properties":{"lines":"473","arr":["473"],"mode":"bus","angle":-55,"extra":1,"ei":1,"l0":"473","c0":"#f57145"},"geometry":{"type":"Point","coordinates":[19.617096,50.348002]}},{"type":"Feature","properties":{"lines":"473","arr":["473"],"mode":"bus","angle":86.9,"extra":1,"ei":2,"l0":"473","c0":"#f57145"},"geometry":{"type":"Point","coordinates":[19.619436,50.351297]}},{"type":"Feature","properties":{"lines":"473","arr":["473"],"mode":"bus","angle":-55.7,"mi":1,"l0":"473","c0":"#f57145"},"geometry":{"type":"Point","coordinates":[19.615799,50.35019]}},{"type":"Feature","properties":{"lines":"473","arr":["473"],"mode":"bus","angle":-55.4,"extra":1,"ei":0,"l0":"473","c0":"#f57145"},"geometry":{"type":"Point","coordinates":[19.618384,50.352587]}},{"type":"Feature","properties":{"lines":"473","arr":["473"],"mode":"bus","angle":-54.5,"extra":1,"ei":1,"l0":"473","c0":"#f57145"},"geometry":{"type":"Point","coordinates":[19.613363,50.347918]}},{"type":"Feature","properties":{"lines":"473, 474","arr":["473","474"],"mode":"bus","angle":47.9,"l0":"473, ","c0":"#f57145","l1":"474","c1":"#4d4aba"},"geometry":{"type":"Point","coordinates":[19.608464,50.349695]}},{"type":"Feature","properties":{"lines":"473, 474","arr":["473","474"],"mode":"bus","angle":69.6,"extra":1,"ei":0,"l0":"473, ","c0":"#f57145","l1":"474","c1":"#4d4aba"},"geometry":{"type":"Point","coordinates":[19.604707,50.35368]}},{"type":"Feature","properties":{"lines":"473, 474","arr":["473","474"],"mode":"bus","angle":60,"extra":1,"ei":1,"l0":"473, ","c0":"#f57145","l1":"474","c1":"#4d4aba"},"geometry":{"type":"Point","coordinates":[19.606179,50.352045]}},{"type":"Feature","properties":{"lines":"473, 474","arr":["473","474"],"mode":"bus","angle":48,"extra":1,"ei":2,"l0":"473, ","c0":"#f57145","l1":"474","c1":"#4d4aba"},"geometry":{"type":"Point","coordinates":[19.611543,50.347606]}},{"type":"Feature","properties":{"lines":"473, 474","arr":["473","474"],"mode":"bus","angle":36.2,"extra":1,"ei":3,"l0":"473, ","c0":"#f57145","l1":"474","c1":"#4d4aba"},"geometry":{"type":"Point","coordinates":[19.613463,50.346191]}},{"type":"Feature","properties":{"lines":"473, 474","arr":["473","474"],"mode":"bus","angle":82.1,"mi":3,"l0":"473, ","c0":"#f57145","l1":"474","c1":"#4d4aba"},"geometry":{"type":"Point","coordinates":[19.603745,50.357891]}},{"type":"Feature","properties":{"lines":"473, 474","arr":["473","474"],"mode":"bus","angle":82.1,"extra":1,"ei":0,"l0":"473, ","c0":"#f57145","l1":"474","c1":"#4d4aba"},"geometry":{"type":"Point","coordinates":[19.604254,50.355544]}},{"type":"Feature","properties":{"lines":"473, 474","arr":["473","474"],"mode":"bus","angle":81.6,"extra":1,"ei":1,"l0":"473, ","c0":"#f57145","l1":"474","c1":"#4d4aba"},"geometry":{"type":"Point","coordinates":[19.603431,50.359284]}},{"type":"Feature","properties":{"lines":"473, 474","arr":["473","474"],"mode":"bus","angle":74.4,"extra":1,"ei":2,"l0":"473, ","c0":"#f57145","l1":"474","c1":"#4d4aba"},"geometry":{"type":"Point","coordinates":[19.602816,50.361129]}},{"type":"Feature","properties":{"lines":"474, 475","arr":["474","475"],"mode":"bus","angle":-20.8,"l0":"474, ","c0":"#4d4aba","l1":"475","c1":"#126804"},"geometry":{"type":"Point","coordinates":[19.568044,50.319006]}},{"type":"Feature","properties":{"lines":"474, 475","arr":["474","475"],"mode":"bus","angle":-39.7,"extra":1,"ei":0,"l0":"474, ","c0":"#4d4aba","l1":"475","c1":"#126804"},"geometry":{"type":"Point","coordinates":[19.563257,50.317493]}},{"type":"Feature","properties":{"lines":"474, 475","arr":["474","475"],"mode":"bus","angle":-19.9,"extra":1,"ei":1,"l0":"474, ","c0":"#4d4aba","l1":"475","c1":"#126804"},"geometry":{"type":"Point","coordinates":[19.565759,50.318461]}},{"type":"Feature","properties":{"lines":"474, 475","arr":["474","475"],"mode":"bus","angle":-20.5,"extra":1,"ei":2,"l0":"474, ","c0":"#4d4aba","l1":"475","c1":"#126804"},"geometry":{"type":"Point","coordinates":[19.571289,50.319791]}},{"type":"Feature","properties":{"lines":"474, 475","arr":["474","475"],"mode":"bus","angle":-20.4,"extra":1,"ei":3,"l0":"474, ","c0":"#4d4aba","l1":"475","c1":"#126804"},"geometry":{"type":"Point","coordinates":[19.574057,50.32045]}},{"type":"Feature","properties":{"lines":"474","arr":["474"],"mode":"bus","angle":-53.4,"l0":"474","c0":"#4d4aba"},"geometry":{"type":"Point","coordinates":[19.584812,50.325994]}},{"type":"Feature","properties":{"lines":"474","arr":["474"],"mode":"bus","angle":-21.5,"extra":1,"ei":0,"l0":"474","c0":"#4d4aba"},"geometry":{"type":"Point","coordinates":[19.575849,50.320895]}},{"type":"Feature","properties":{"lines":"474","arr":["474"],"mode":"bus","angle":-20.2,"extra":1,"ei":1,"l0":"474","c0":"#4d4aba"},"geometry":{"type":"Point","coordinates":[19.578615,50.321558]}},{"type":"Feature","properties":{"lines":"474","arr":["474"],"mode":"bus","angle":-20.2,"extra":1,"ei":2,"l0":"474","c0":"#4d4aba"},"geometry":{"type":"Point","coordinates":[19.581388,50.32221]}},{"type":"Feature","properties":{"lines":"474","arr":["474"],"mode":"bus","angle":-20.7,"extra":1,"ei":3,"l0":"474","c0":"#4d4aba"},"geometry":{"type":"Point","coordinates":[19.584156,50.322869]}},{"type":"Feature","properties":{"lines":"474","arr":["474"],"mode":"bus","angle":71.3,"extra":1,"ei":4,"l0":"474","c0":"#4d4aba"},"geometry":{"type":"Point","coordinates":[19.584218,50.32434]}},{"type":"Feature","properties":{"lines":"474","arr":["474"],"mode":"bus","angle":-48.4,"extra":1,"ei":5,"l0":"474","c0":"#4d4aba"},"geometry":{"type":"Point","coordinates":[19.586803,50.32749]}},{"type":"Feature","properties":{"lines":"474","arr":["474"],"mode":"bus","angle":-62.1,"extra":1,"ei":6,"l0":"474","c0":"#4d4aba"},"geometry":{"type":"Point","coordinates":[19.588464,50.329041]}},{"type":"Feature","properties":{"lines":"474","arr":["474"],"mode":"bus","angle":-85.9,"extra":1,"ei":7,"l0":"474","c0":"#4d4aba"},"geometry":{"type":"Point","coordinates":[19.589439,50.330796]}},{"type":"Feature","properties":{"lines":"474","arr":["474"],"mode":"bus","angle":-74.6,"extra":1,"ei":8,"l0":"474","c0":"#4d4aba"},"geometry":{"type":"Point","coordinates":[19.589683,50.332677]}},{"type":"Feature","properties":{"lines":"474","arr":["474"],"mode":"bus","angle":-74.4,"extra":1,"ei":9,"l0":"474","c0":"#4d4aba"},"geometry":{"type":"Point","coordinates":[19.590627,50.334447]}},{"type":"Feature","properties":{"lines":"475","arr":["475"],"mode":"bus","angle":-40.8,"l0":"475","c0":"#126804"},"geometry":{"type":"Point","coordinates":[19.595575,50.298526]}},{"type":"Feature","properties":{"lines":"475","arr":["475"],"mode":"bus","angle":86.3,"l0":"475","c0":"#126804"},"geometry":{"type":"Point","coordinates":[19.576592,50.312578]}},{"type":"Feature","properties":{"lines":"475","arr":["475"],"mode":"bus","angle":86.5,"extra":1,"ei":0,"l0":"475","c0":"#126804"},"geometry":{"type":"Point","coordinates":[19.577293,50.305368]}},{"type":"Feature","properties":{"lines":"475","arr":["475"],"mode":"bus","angle":86.5,"extra":1,"ei":1,"l0":"475","c0":"#126804"},"geometry":{"type":"Point","coordinates":[19.577115,50.307253]}},{"type":"Feature","properties":{"lines":"475","arr":["475"],"mode":"bus","angle":86.6,"extra":1,"ei":2,"l0":"475","c0":"#126804"},"geometry":{"type":"Point","coordinates":[19.576937,50.309138]}},{"type":"Feature","properties":{"lines":"475","arr":["475"],"mode":"bus","angle":86.3,"extra":1,"ei":3,"l0":"475","c0":"#126804"},"geometry":{"type":"Point","coordinates":[19.57675,50.311023]}},{"type":"Feature","properties":{"lines":"475","arr":["475"],"mode":"bus","angle":87.2,"extra":1,"ei":4,"l0":"475","c0":"#126804"},"geometry":{"type":"Point","coordinates":[19.576405,50.314794]}},{"type":"Feature","properties":{"lines":"475","arr":["475"],"mode":"bus","angle":86,"extra":1,"ei":5,"l0":"475","c0":"#126804"},"geometry":{"type":"Point","coordinates":[19.576254,50.31668]}},{"type":"Feature","properties":{"lines":"475","arr":["475"],"mode":"bus","angle":69.8,"extra":1,"ei":6,"l0":"475","c0":"#126804"},"geometry":{"type":"Point","coordinates":[19.575645,50.31851]}},{"type":"Feature","properties":{"lines":"475","arr":["475"],"mode":"bus","angle":69.9,"extra":1,"ei":7,"l0":"475","c0":"#126804"},"geometry":{"type":"Point","coordinates":[19.574627,50.320283]}},{"type":"Feature","properties":{"lines":"475","arr":["475"],"mode":"bus","angle":-51,"mi":2,"l0":"475","c0":"#126804"},"geometry":{"type":"Point","coordinates":[19.582005,50.293672]}},{"type":"Feature","properties":{"lines":"475","arr":["475"],"mode":"bus","angle":-15.7,"extra":1,"ei":0,"l0":"475","c0":"#126804"},"geometry":{"type":"Point","coordinates":[19.592321,50.297767]}},{"type":"Feature","properties":{"lines":"475","arr":["475"],"mode":"bus","angle":-15.4,"extra":1,"ei":1,"l0":"475","c0":"#126804"},"geometry":{"type":"Point","coordinates":[19.589474,50.297262]}},{"type":"Feature","properties":{"lines":"475","arr":["475"],"mode":"bus","angle":-19.9,"extra":1,"ei":2,"l0":"475","c0":"#126804"},"geometry":{"type":"Point","coordinates":[19.586632,50.296748]}},{"type":"Feature","properties":{"lines":"475","arr":["475"],"mode":"bus","angle":-50.6,"extra":1,"ei":3,"l0":"475","c0":"#126804"},"geometry":{"type":"Point","coordinates":[19.584407,50.295557]}},{"type":"Feature","properties":{"lines":"475","arr":["475"],"mode":"bus","angle":-50.7,"extra":1,"ei":4,"l0":"475","c0":"#126804"},"geometry":{"type":"Point","coordinates":[19.580674,50.292629]}},{"type":"Feature","properties":{"lines":"475","arr":["475"],"mode":"bus","angle":-50.3,"extra":1,"ei":5,"l0":"475","c0":"#126804"},"geometry":{"type":"Point","coordinates":[19.578804,50.291167]}},{"type":"Feature","properties":{"lines":"475","arr":["475"],"mode":"bus","angle":-49.3,"extra":1,"ei":6,"l0":"475","c0":"#126804"},"geometry":{"type":"Point","coordinates":[19.576891,50.289728]}},{"type":"Feature","properties":{"lines":"475","arr":["475"],"mode":"bus","angle":-49.1,"extra":1,"ei":7,"l0":"475","c0":"#126804"},"geometry":{"type":"Point","coordinates":[19.574955,50.288302]}},{"type":"Feature","properties":{"lines":"475","arr":["475"],"mode":"bus","angle":-48.5,"side":-1,"extra":1,"ei":8,"l0":"475","c0":"#126804"},"geometry":{"type":"Point","coordinates":[19.573033,50.286867]}},{"type":"Feature","properties":{"lines":"475","arr":["475"],"mode":"bus","angle":45.9,"l0":"475","c0":"#126804"},"geometry":{"type":"Point","coordinates":[19.571849,50.287393]}},{"type":"Feature","properties":{"lines":"475","arr":["475"],"mode":"bus","angle":-84.9,"mi":1,"l0":"475","c0":"#126804"},"geometry":{"type":"Point","coordinates":[19.574125,50.296146]}},{"type":"Feature","properties":{"lines":"475","arr":["475"],"mode":"bus","angle":-79.9,"extra":1,"ei":0,"l0":"475","c0":"#126804"},"geometry":{"type":"Point","coordinates":[19.57083,50.288911]}},{"type":"Feature","properties":{"lines":"475","arr":["475"],"mode":"bus","angle":-53.2,"extra":1,"ei":1,"l0":"475","c0":"#126804"},"geometry":{"type":"Point","coordinates":[19.571978,50.290617]}},{"type":"Feature","properties":{"lines":"475","arr":["475"],"mode":"bus","angle":-63.7,"extra":1,"ei":2,"l0":"475","c0":"#126804"},"geometry":{"type":"Point","coordinates":[19.573261,50.292305]}},{"type":"Feature","properties":{"lines":"475","arr":["475"],"mode":"bus","angle":86.5,"extra":1,"ei":3,"l0":"475","c0":"#126804"},"geometry":{"type":"Point","coordinates":[19.573789,50.294083]}},{"type":"Feature","properties":{"lines":"475","arr":["475"],"mode":"bus","angle":-86.1,"extra":1,"ei":4,"l0":"475","c0":"#126804"},"geometry":{"type":"Point","coordinates":[19.574303,50.297825]}},{"type":"Feature","properties":{"lines":"475","arr":["475"],"mode":"bus","angle":-84,"extra":1,"ei":5,"l0":"475","c0":"#126804"},"geometry":{"type":"Point","coordinates":[19.574578,50.299705]}},{"type":"Feature","properties":{"lines":"475","arr":["475"],"mode":"bus","angle":-78.6,"extra":1,"ei":6,"l0":"475","c0":"#126804"},"geometry":{"type":"Point","coordinates":[19.574903,50.301582]}},{"type":"Feature","properties":{"lines":"475","arr":["475"],"mode":"bus","angle":-61.8,"extra":1,"ei":7,"l0":"475","c0":"#126804"},"geometry":{"type":"Point","coordinates":[19.576207,50.303269]}},{"type":"Feature","properties":{"lines":"475","arr":["475"],"mode":"bus","angle":-49.1,"mi":3,"l0":"475","c0":"#126804"},"geometry":{"type":"Point","coordinates":[19.571122,50.285459]}},{"type":"Feature","properties":{"lines":"476","arr":["476"],"mode":"bus","angle":58.1,"l0":"476","c0":"#b0045c"},"geometry":{"type":"Point","coordinates":[19.551275,50.371153]}},{"type":"Feature","properties":{"lines":"476","arr":["476"],"mode":"bus","angle":82.1,"mi":3,"l0":"476","c0":"#b0045c"},"geometry":{"type":"Point","coordinates":[19.551006,50.378288]}},{"type":"Feature","properties":{"lines":"476","arr":["476"],"mode":"bus","angle":-88.3,"extra":1,"ei":0,"l0":"476","c0":"#b0045c"},"geometry":{"type":"Point","coordinates":[19.550765,50.372702]}},{"type":"Feature","properties":{"lines":"476","arr":["476"],"mode":"bus","angle":64.4,"extra":1,"ei":1,"l0":"476","c0":"#b0045c"},"geometry":{"type":"Point","coordinates":[19.552846,50.369258]}},{"type":"Feature","properties":{"lines":"476","arr":["476"],"mode":"bus","angle":66.7,"mi":2,"l0":"476","c0":"#b0045c"},"geometry":{"type":"Point","coordinates":[19.556034,50.364698]}},{"type":"Feature","properties":{"lines":"476","arr":["476"],"mode":"bus","angle":-88.2,"mi":1,"l0":"476","c0":"#b0045c"},"geometry":{"type":"Point","coordinates":[19.550912,50.375709]}},{"type":"Feature","properties":{"lines":"476","arr":["476"],"mode":"bus","angle":67.9,"extra":1,"ei":0,"l0":"476","c0":"#b0045c"},"geometry":{"type":"Point","coordinates":[19.558271,50.361368]}},{"type":"Feature","properties":{"lines":"476","arr":["476"],"mode":"bus","angle":66.4,"extra":1,"ei":1,"l0":"476","c0":"#b0045c"},"geometry":{"type":"Point","coordinates":[19.557126,50.363109]}},{"type":"Feature","properties":{"lines":"476","arr":["476"],"mode":"bus","angle":66,"extra":1,"ei":2,"l0":"476","c0":"#b0045c"},"geometry":{"type":"Point","coordinates":[19.554811,50.366583]}},{"type":"Feature","properties":{"lines":"476","arr":["476"],"mode":"bus","angle":64.5,"extra":1,"ei":3,"l0":"476","c0":"#b0045c"},"geometry":{"type":"Point","coordinates":[19.553566,50.368295]}},{"type":"Feature","properties":{"lines":"476","arr":["476"],"mode":"bus","angle":16.8,"l0":"476","c0":"#b0045c"},"geometry":{"type":"Point","coordinates":[19.568525,50.388385]}},{"type":"Feature","properties":{"lines":"476","arr":["476"],"mode":"bus","angle":16.8,"extra":1,"ei":0,"l0":"476","c0":"#b0045c"},"geometry":{"type":"Point","coordinates":[19.573277,50.387466]}},{"type":"Feature","properties":{"lines":"476","arr":["476"],"mode":"bus","angle":16.8,"extra":1,"ei":1,"l0":"476","c0":"#b0045c"},"geometry":{"type":"Point","coordinates":[19.57045,50.388013]}},{"type":"Feature","properties":{"lines":"476","arr":["476"],"mode":"bus","angle":17.6,"extra":1,"ei":2,"l0":"476","c0":"#b0045c"},"geometry":{"type":"Point","coordinates":[19.5648,50.389118]}},{"type":"Feature","properties":{"lines":"476","arr":["476"],"mode":"bus","angle":-60.2,"mi":4,"l0":"476","c0":"#b0045c"},"geometry":{"type":"Point","coordinates":[19.567814,50.36623]}},{"type":"Feature","properties":{"lines":"476","arr":["476"],"mode":"bus","angle":-60.8,"extra":1,"ei":0,"l0":"476","c0":"#b0045c"},"geometry":{"type":"Point","coordinates":[19.577727,50.371209]}},{"type":"Feature","properties":{"lines":"476","arr":["476"],"mode":"bus","angle":-30.1,"extra":1,"ei":1,"l0":"476","c0":"#b0045c"},"geometry":{"type":"Point","coordinates":[19.575539,50.369994]}},{"type":"Feature","properties":{"lines":"476","arr":["476"],"mode":"bus","angle":-26.6,"extra":1,"ei":2,"l0":"476","c0":"#b0045c"},"geometry":{"type":"Point","coordinates":[19.572925,50.369114]}},{"type":"Feature","properties":{"lines":"476","arr":["476"],"mode":"bus","angle":-46,"extra":1,"ei":3,"l0":"476","c0":"#b0045c"},"geometry":{"type":"Point","coordinates":[19.570442,50.368118]}},{"type":"Feature","properties":{"lines":"476","arr":["476"],"mode":"bus","angle":-55.9,"extra":1,"ei":4,"l0":"476","c0":"#b0045c"},"geometry":{"type":"Point","coordinates":[19.566835,50.365158]}},{"type":"Feature","properties":{"lines":"476","arr":["476"],"mode":"bus","angle":-41.7,"extra":1,"ei":5,"l0":"476","c0":"#b0045c"},"geometry":{"type":"Point","coordinates":[19.564685,50.363873]}},{"type":"Feature","properties":{"lines":"476","arr":["476"],"mode":"bus","angle":-41.2,"extra":1,"ei":6,"l0":"476","c0":"#b0045c"},"geometry":{"type":"Point","coordinates":[19.562443,50.362643]}},{"type":"Feature","properties":{"lines":"476","arr":["476"],"mode":"bus","angle":-73.6,"extra":1,"ei":7,"l0":"476","c0":"#b0045c"},"geometry":{"type":"Point","coordinates":[19.560844,50.361122]}},{"type":"Feature","properties":{"lines":"476","arr":["476"],"mode":"bus","angle":-63.4,"extra":1,"ei":8,"l0":"476","c0":"#b0045c"},"geometry":{"type":"Point","coordinates":[19.560143,50.359288]}},{"type":"Feature","properties":{"lines":"BP, WK, ZP, ZZ","arr":["BP","WK","ZP","ZZ"],"mode":"bus","angle":19.6,"side":-1,"l0":"BP, ","c0":"#999f01","l1":"WK, ","c1":"#0357b2","l2":"ZP, ","c2":"#b11526","l3":"ZZ","c3":"#07ad80"},"geometry":{"type":"Point","coordinates":[19.591651,50.271392]}},{"type":"Feature","properties":{"lines":"BP, WK, ZP, ZZ","arr":["BP","WK","ZP","ZZ"],"mode":"bus","angle":23.4,"side":-1,"extra":1,"ei":0,"l0":"BP, ","c0":"#999f01","l1":"WK, ","c1":"#0357b2","l2":"ZP, ","c2":"#b11526","l3":"ZZ","c3":"#07ad80"},"geometry":{"type":"Point","coordinates":[19.593598,50.270884]}},{"type":"Feature","properties":{"lines":"BP, WK","arr":["BP","WK"],"mode":"bus","angle":-57.9,"mi":1,"l0":"BP, ","c0":"#999f01","l1":"WK","c1":"#0357b2"},"geometry":{"type":"Point","coordinates":[19.599104,50.276628]}},{"type":"Feature","properties":{"lines":"BP, WK","arr":["BP","WK"],"mode":"bus","angle":-64.9,"extra":1,"ei":0,"l0":"BP, ","c0":"#999f01","l1":"WK","c1":"#0357b2"},"geometry":{"type":"Point","coordinates":[19.594507,50.271791]}},{"type":"Feature","properties":{"lines":"BP, WK","arr":["BP","WK"],"mode":"bus","angle":-61.5,"extra":1,"ei":1,"l0":"BP, ","c0":"#999f01","l1":"WK","c1":"#0357b2"},"geometry":{"type":"Point","coordinates":[19.595789,50.273492]}},{"type":"Feature","properties":{"lines":"BP, WK","arr":["BP","WK"],"mode":"bus","angle":-54.9,"extra":1,"ei":2,"l0":"BP, ","c0":"#999f01","l1":"WK","c1":"#0357b2"},"geometry":{"type":"Point","coordinates":[19.597424,50.275063]}},{"type":"Feature","properties":{"lines":"BP, WK","arr":["BP","WK"],"mode":"bus","angle":-65.8,"extra":1,"ei":3,"l0":"BP, ","c0":"#999f01","l1":"WK","c1":"#0357b2"},"geometry":{"type":"Point","coordinates":[19.600354,50.278326]}},{"type":"Feature","properties":{"lines":"BP, WK","arr":["BP","WK"],"mode":"bus","angle":-66.2,"extra":1,"ei":4,"l0":"BP, ","c0":"#999f01","l1":"WK","c1":"#0357b2"},"geometry":{"type":"Point","coordinates":[19.601562,50.280049]}},{"type":"Feature","properties":{"lines":"BP, WK","arr":["BP","WK"],"mode":"bus","angle":-65.4,"extra":1,"ei":5,"l0":"BP, ","c0":"#999f01","l1":"WK","c1":"#0357b2"},"geometry":{"type":"Point","coordinates":[19.602773,50.281772]}},{"type":"Feature","properties":{"lines":"BP","arr":["BP"],"mode":"bus","angle":-48.4,"l0":"BP","c0":"#999f01"},"geometry":{"type":"Point","coordinates":[19.624764,50.324257]}},{"type":"Feature","properties":{"lines":"BP","arr":["BP"],"mode":"bus","angle":-83.9,"l0":"BP","c0":"#999f01"},"geometry":{"type":"Point","coordinates":[19.609101,50.295057]}},{"type":"Feature","properties":{"lines":"BP","arr":["BP"],"mode":"bus","angle":-78.5,"extra":1,"ei":0,"l0":"BP","c0":"#999f01"},"geometry":{"type":"Point","coordinates":[19.603681,50.283584]}},{"type":"Feature","properties":{"lines":"BP","arr":["BP"],"mode":"bus","angle":-85.7,"extra":1,"ei":1,"l0":"BP","c0":"#999f01"},"geometry":{"type":"Point","coordinates":[19.603977,50.285461]}},{"type":"Feature","properties":{"lines":"BP","arr":["BP"],"mode":"bus","angle":-74.1,"extra":1,"ei":2,"l0":"BP","c0":"#999f01"},"geometry":{"type":"Point","coordinates":[19.604472,50.287319]}},{"type":"Feature","properties":{"lines":"BP","arr":["BP"],"mode":"bus","angle":-63,"extra":1,"ei":3,"l0":"BP","c0":"#999f01"},"geometry":{"type":"Point","coordinates":[19.605587,50.289063]}},{"type":"Feature","properties":{"lines":"BP","arr":["BP"],"mode":"bus","angle":-62.5,"extra":1,"ei":4,"l0":"BP","c0":"#999f01"},"geometry":{"type":"Point","coordinates":[19.606944,50.29074]}},{"type":"Feature","properties":{"lines":"BP","arr":["BP"],"mode":"bus","angle":-70.1,"extra":1,"ei":5,"l0":"BP","c0":"#999f01"},"geometry":{"type":"Point","coordinates":[19.608163,50.292458]}},{"type":"Feature","properties":{"lines":"BP","arr":["BP"],"mode":"bus","angle":81.1,"extra":1,"ei":6,"l0":"BP","c0":"#999f01"},"geometry":{"type":"Point","coordinates":[19.608979,50.298037]}},{"type":"Feature","properties":{"lines":"BP","arr":["BP"],"mode":"bus","angle":73.1,"extra":1,"ei":7,"l0":"BP","c0":"#999f01"},"geometry":{"type":"Point","coordinates":[19.608291,50.299871]}},{"type":"Feature","properties":{"lines":"BP","arr":["BP"],"mode":"bus","angle":71.4,"extra":1,"ei":8,"l0":"BP","c0":"#999f01"},"geometry":{"type":"Point","coordinates":[19.607341,50.301659]}},{"type":"Feature","properties":{"lines":"BP","arr":["BP"],"mode":"bus","angle":70.9,"extra":1,"ei":9,"l0":"BP","c0":"#999f01"},"geometry":{"type":"Point","coordinates":[19.606389,50.303447]}},{"type":"Feature","properties":{"lines":"BP","arr":["BP"],"mode":"bus","angle":71.4,"extra":1,"ei":10,"l0":"BP","c0":"#999f01"},"geometry":{"type":"Point","coordinates":[19.605432,50.305234]}},{"type":"Feature","properties":{"lines":"BP","arr":["BP"],"mode":"bus","angle":-89.1,"extra":1,"ei":11,"l0":"BP","c0":"#999f01"},"geometry":{"type":"Point","coordinates":[19.604818,50.307068]}},{"type":"Feature","properties":{"lines":"BP","arr":["BP"],"mode":"bus","angle":-12.3,"extra":1,"ei":0,"l0":"BP","c0":"#999f01"},"geometry":{"type":"Point","coordinates":[19.647211,50.336699]}},{"type":"Feature","properties":{"lines":"BP","arr":["BP"],"mode":"bus","angle":-28.2,"extra":1,"ei":1,"l0":"BP","c0":"#999f01"},"geometry":{"type":"Point","coordinates":[19.644428,50.336081]}},{"type":"Feature","properties":{"lines":"BP","arr":["BP"],"mode":"bus","angle":-30.8,"extra":1,"ei":2,"l0":"BP","c0":"#999f01"},"geometry":{"type":"Point","coordinates":[19.641891,50.335114]}},{"type":"Feature","properties":{"lines":"BP","arr":["BP"],"mode":"bus","angle":-31.3,"extra":1,"ei":3,"l0":"BP","c0":"#999f01"},"geometry":{"type":"Point","coordinates":[19.639364,50.334136]}},{"type":"Feature","properties":{"lines":"BP","arr":["BP"],"mode":"bus","angle":-39.6,"extra":1,"ei":4,"l0":"BP","c0":"#999f01"},"geometry":{"type":"Point","coordinates":[19.636865,50.33313]}},{"type":"Feature","properties":{"lines":"BP","arr":["BP"],"mode":"bus","angle":-51,"extra":1,"ei":5,"l0":"BP","c0":"#999f01"},"geometry":{"type":"Point","coordinates":[19.634966,50.331688]}},{"type":"Feature","properties":{"lines":"BP","arr":["BP"],"mode":"bus","angle":-51.1,"extra":1,"ei":6,"l0":"BP","c0":"#999f01"},"geometry":{"type":"Point","coordinates":[19.633111,50.330218]}},{"type":"Feature","properties":{"lines":"BP","arr":["BP"],"mode":"bus","angle":-50.4,"extra":1,"ei":7,"l0":"BP","c0":"#999f01"},"geometry":{"type":"Point","coordinates":[19.631254,50.32875]}},{"type":"Feature","properties":{"lines":"BP","arr":["BP"],"mode":"bus","angle":-38.3,"extra":1,"ei":8,"l0":"BP","c0":"#999f01"},"geometry":{"type":"Point","coordinates":[19.629148,50.327436]}},{"type":"Feature","properties":{"lines":"BP","arr":["BP"],"mode":"bus","angle":-50.8,"extra":1,"ei":9,"l0":"BP","c0":"#999f01"},"geometry":{"type":"Point","coordinates":[19.626964,50.326174]}},{"type":"Feature","properties":{"lines":"BP","arr":["BP"],"mode":"bus","angle":-47.5,"extra":1,"ei":10,"l0":"BP","c0":"#999f01"},"geometry":{"type":"Point","coordinates":[19.623305,50.323221]}},{"type":"Feature","properties":{"lines":"BP","arr":["BP"],"mode":"bus","angle":-47.5,"extra":1,"ei":11,"l0":"BP","c0":"#999f01"},"geometry":{"type":"Point","coordinates":[19.62131,50.321828]}},{"type":"Feature","properties":{"lines":"BP","arr":["BP"],"mode":"bus","angle":-49.3,"extra":1,"ei":12,"l0":"BP","c0":"#999f01"},"geometry":{"type":"Point","coordinates":[19.619339,50.320421]}},{"type":"Feature","properties":{"lines":"BP","arr":["BP"],"mode":"bus","angle":-51.7,"extra":1,"ei":13,"l0":"BP","c0":"#999f01"},"geometry":{"type":"Point","coordinates":[19.617502,50.318943]}},{"type":"Feature","properties":{"lines":"BP","arr":["BP"],"mode":"bus","angle":-51.7,"extra":1,"ei":14,"l0":"BP","c0":"#999f01"},"geometry":{"type":"Point","coordinates":[19.615673,50.31746]}},{"type":"Feature","properties":{"lines":"BP","arr":["BP"],"mode":"bus","angle":-51.6,"extra":1,"ei":15,"l0":"BP","c0":"#999f01"},"geometry":{"type":"Point","coordinates":[19.613836,50.315981]}},{"type":"Feature","properties":{"lines":"BP","arr":["BP"],"mode":"bus","angle":-51.8,"extra":1,"ei":16,"l0":"BP","c0":"#999f01"},"geometry":{"type":"Point","coordinates":[19.612006,50.314498]}},{"type":"Feature","properties":{"lines":"BP","arr":["BP"],"mode":"bus","angle":-51.7,"extra":1,"ei":17,"l0":"BP","c0":"#999f01"},"geometry":{"type":"Point","coordinates":[19.610176,50.313015]}},{"type":"Feature","properties":{"lines":"BP","arr":["BP"],"mode":"bus","angle":-51.7,"extra":1,"ei":18,"l0":"BP","c0":"#999f01"},"geometry":{"type":"Point","coordinates":[19.608346,50.311533]}},{"type":"Feature","properties":{"lines":"BP","arr":["BP"],"mode":"bus","angle":-52.6,"extra":1,"ei":19,"l0":"BP","c0":"#999f01"},"geometry":{"type":"Point","coordinates":[19.606519,50.310049]}},{"type":"Feature","properties":{"lines":"BP","arr":["BP"],"mode":"bus","angle":-62.2,"extra":1,"ei":20,"l0":"BP","c0":"#999f01"},"geometry":{"type":"Point","coordinates":[19.605081,50.308411]}},{"type":"Feature","properties":{"lines":"BP","arr":["BP"],"mode":"bus","angle":-41.6,"l0":"BP","c0":"#999f01"},"geometry":{"type":"Point","coordinates":[19.636064,50.31829]}},{"type":"Feature","properties":{"lines":"BP","arr":["BP"],"mode":"bus","angle":38.7,"extra":1,"ei":0,"l0":"BP","c0":"#999f01"},"geometry":{"type":"Point","coordinates":[19.644328,50.335]}},{"type":"Feature","properties":{"lines":"BP","arr":["BP"],"mode":"bus","angle":55.4,"extra":1,"ei":1,"l0":"BP","c0":"#999f01"},"geometry":{"type":"Point","coordinates":[19.645954,50.333481]}},{"type":"Feature","properties":{"lines":"BP","arr":["BP"],"mode":"bus","angle":62.7,"extra":1,"ei":2,"l0":"BP","c0":"#999f01"},"geometry":{"type":"Point","coordinates":[19.647655,50.331954]}},{"type":"Feature","properties":{"lines":"BP","arr":["BP"],"mode":"bus","angle":65.1,"extra":1,"ei":3,"l0":"BP","c0":"#999f01"},"geometry":{"type":"Point","coordinates":[19.648991,50.33027]}},{"type":"Feature","properties":{"lines":"BP","arr":["BP"],"mode":"bus","angle":61.7,"extra":1,"ei":4,"l0":"BP","c0":"#999f01"},"geometry":{"type":"Point","coordinates":[19.650287,50.328575]}},{"type":"Feature","properties":{"lines":"BP","arr":["BP"],"mode":"bus","angle":-57.2,"extra":1,"ei":5,"l0":"BP","c0":"#999f01"},"geometry":{"type":"Point","coordinates":[19.649785,50.326858]}},{"type":"Feature","properties":{"lines":"BP","arr":["BP"],"mode":"bus","angle":-55.7,"extra":1,"ei":6,"l0":"BP","c0":"#999f01"},"geometry":{"type":"Point","coordinates":[19.648173,50.325275]}},{"type":"Feature","properties":{"lines":"BP","arr":["BP"],"mode":"bus","angle":-41.1,"extra":1,"ei":7,"l0":"BP","c0":"#999f01"},"geometry":{"type":"Point","coordinates":[19.646229,50.32387]}},{"type":"Feature","properties":{"lines":"BP","arr":["BP"],"mode":"bus","angle":-40.5,"extra":1,"ei":8,"l0":"BP","c0":"#999f01"},"geometry":{"type":"Point","coordinates":[19.643985,50.322642]}},{"type":"Feature","properties":{"lines":"BP","arr":["BP"],"mode":"bus","angle":-40.5,"extra":1,"ei":9,"l0":"BP","c0":"#999f01"},"geometry":{"type":"Point","coordinates":[19.641739,50.321415]}},{"type":"Feature","properties":{"lines":"BP","arr":["BP"],"mode":"bus","angle":-40.1,"extra":1,"ei":10,"l0":"BP","c0":"#999f01"},"geometry":{"type":"Point","coordinates":[19.639479,50.320199]}},{"type":"Feature","properties":{"lines":"BP","arr":["BP"],"mode":"bus","angle":-54.6,"extra":1,"ei":11,"l0":"BP","c0":"#999f01"},"geometry":{"type":"Point","coordinates":[19.633274,50.316188]}},{"type":"Feature","properties":{"lines":"BP","arr":["BP"],"mode":"bus","angle":-54.4,"extra":1,"ei":12,"l0":"BP","c0":"#999f01"},"geometry":{"type":"Point","coordinates":[19.631552,50.314653]}},{"type":"Feature","properties":{"lines":"BP","arr":["BP"],"mode":"bus","angle":-52.8,"extra":1,"ei":13,"l0":"BP","c0":"#999f01"},"geometry":{"type":"Point","coordinates":[19.629796,50.313135]}},{"type":"Feature","properties":{"lines":"BP","arr":["BP"],"mode":"bus","angle":-54.5,"extra":1,"ei":14,"l0":"BP","c0":"#999f01"},"geometry":{"type":"Point","coordinates":[19.628036,50.311619]}},{"type":"Feature","properties":{"lines":"BP","arr":["BP"],"mode":"bus","angle":-54.5,"extra":1,"ei":15,"l0":"BP","c0":"#999f01"},"geometry":{"type":"Point","coordinates":[19.626283,50.310099]}},{"type":"Feature","properties":{"lines":"BP","arr":["BP"],"mode":"bus","angle":-54.5,"extra":1,"ei":16,"l0":"BP","c0":"#999f01"},"geometry":{"type":"Point","coordinates":[19.624558,50.308566]}},{"type":"Feature","properties":{"lines":"BP","arr":["BP"],"mode":"bus","angle":-51.8,"extra":1,"ei":17,"l0":"BP","c0":"#999f01"},"geometry":{"type":"Point","coordinates":[19.622819,50.307039]}},{"type":"Feature","properties":{"lines":"BP","arr":["BP"],"mode":"bus","angle":-33.1,"extra":1,"ei":18,"l0":"BP","c0":"#999f01"},"geometry":{"type":"Point","coordinates":[19.621246,50.305478]}},{"type":"Feature","properties":{"lines":"BP","arr":["BP"],"mode":"bus","angle":-17.7,"extra":1,"ei":19,"l0":"BP","c0":"#999f01"},"geometry":{"type":"Point","coordinates":[19.618547,50.304718]}},{"type":"Feature","properties":{"lines":"BP","arr":["BP"],"mode":"bus","angle":14.7,"extra":1,"ei":20,"l0":"BP","c0":"#999f01"},"geometry":{"type":"Point","coordinates":[19.615657,50.304797]}},{"type":"Feature","properties":{"lines":"BP","arr":["BP"],"mode":"bus","angle":-11.7,"extra":1,"ei":21,"l0":"BP","c0":"#999f01"},"geometry":{"type":"Point","coordinates":[19.612764,50.304891]}},{"type":"Feature","properties":{"lines":"BP","arr":["BP"],"mode":"bus","angle":-9.4,"l0":"BP","c0":"#999f01"},"geometry":{"type":"Point","coordinates":[19.641878,50.302473]}},{"type":"Feature","properties":{"lines":"BP","arr":["BP"],"mode":"bus","angle":81.7,"extra":1,"ei":0,"l0":"BP","c0":"#999f01"},"geometry":{"type":"Point","coordinates":[19.663983,50.306971]}},{"type":"Feature","properties":{"lines":"BP","arr":["BP"],"mode":"bus","angle":2.5,"extra":1,"ei":1,"l0":"BP","c0":"#999f01"},"geometry":{"type":"Point","coordinates":[19.665153,50.305674]}},{"type":"Feature","properties":{"lines":"BP","arr":["BP"],"mode":"bus","angle":-36.2,"extra":1,"ei":2,"l0":"BP","c0":"#999f01"},"geometry":{"type":"Point","coordinates":[19.668035,50.305761]}},{"type":"Feature","properties":{"lines":"BP","arr":["BP"],"mode":"bus","angle":25.7,"extra":1,"ei":3,"l0":"BP","c0":"#999f01"},"geometry":{"type":"Point","coordinates":[19.66768,50.307053]}},{"type":"Feature","properties":{"lines":"BP","arr":["BP"],"mode":"bus","angle":7.7,"extra":1,"ei":4,"l0":"BP","c0":"#999f01"},"geometry":{"type":"Point","coordinates":[19.662075,50.307878]}},{"type":"Feature","properties":{"lines":"BP","arr":["BP"],"mode":"bus","angle":3.1,"extra":1,"ei":5,"l0":"BP","c0":"#999f01"},"geometry":{"type":"Point","coordinates":[19.659171,50.308128]}},{"type":"Feature","properties":{"lines":"BP","arr":["BP"],"mode":"bus","angle":-33.4,"extra":1,"ei":6,"l0":"BP","c0":"#999f01"},"geometry":{"type":"Point","coordinates":[19.656313,50.307951]}},{"type":"Feature","properties":{"lines":"BP","arr":["BP"],"mode":"bus","angle":-25.4,"extra":1,"ei":7,"l0":"BP","c0":"#999f01"},"geometry":{"type":"Point","coordinates":[19.653938,50.30686]}},{"type":"Feature","properties":{"lines":"BP","arr":["BP"],"mode":"bus","angle":-39.3,"extra":1,"ei":8,"l0":"BP","c0":"#999f01"},"geometry":{"type":"Point","coordinates":[19.651529,50.305801]}},{"type":"Feature","properties":{"lines":"BP","arr":["BP"],"mode":"bus","angle":-43.3,"extra":1,"ei":9,"l0":"BP","c0":"#999f01"},"geometry":{"type":"Point","coordinates":[19.649194,50.304647]}},{"type":"Feature","properties":{"lines":"BP","arr":["BP"],"mode":"bus","angle":-46.4,"extra":1,"ei":10,"l0":"BP","c0":"#999f01"},"geometry":{"type":"Point","coordinates":[19.647172,50.303271]}},{"type":"Feature","properties":{"lines":"BP","arr":["BP"],"mode":"bus","angle":-7.4,"extra":1,"ei":11,"l0":"BP","c0":"#999f01"},"geometry":{"type":"Point","coordinates":[19.64447,50.30274]}},{"type":"Feature","properties":{"lines":"BP","arr":["BP"],"mode":"bus","angle":-10.5,"extra":1,"ei":12,"l0":"BP","c0":"#999f01"},"geometry":{"type":"Point","coordinates":[19.638663,50.302053]}},{"type":"Feature","properties":{"lines":"BP","arr":["BP"],"mode":"bus","angle":-10.1,"extra":1,"ei":13,"l0":"BP","c0":"#999f01"},"geometry":{"type":"Point","coordinates":[19.635754,50.301725]}},{"type":"Feature","properties":{"lines":"BP","arr":["BP"],"mode":"bus","angle":-3.9,"extra":1,"ei":14,"l0":"BP","c0":"#999f01"},"geometry":{"type":"Point","coordinates":[19.632836,50.301443]}},{"type":"Feature","properties":{"lines":"BP","arr":["BP"],"mode":"bus","angle":-7.2,"extra":1,"ei":15,"l0":"BP","c0":"#999f01"},"geometry":{"type":"Point","coordinates":[19.629937,50.301102]}},{"type":"Feature","properties":{"lines":"BP","arr":["BP"],"mode":"bus","angle":1.1,"extra":1,"ei":16,"l0":"BP","c0":"#999f01"},"geometry":{"type":"Point","coordinates":[19.62699,50.301173]}},{"type":"Feature","properties":{"lines":"BP","arr":["BP"],"mode":"bus","angle":9.3,"extra":1,"ei":17,"l0":"BP","c0":"#999f01"},"geometry":{"type":"Point","coordinates":[19.62404,50.301216]}},{"type":"Feature","properties":{"lines":"BP","arr":["BP"],"mode":"bus","angle":18.4,"extra":1,"ei":18,"l0":"BP","c0":"#999f01"},"geometry":{"type":"Point","coordinates":[19.621226,50.301789]}},{"type":"Feature","properties":{"lines":"BP","arr":["BP"],"mode":"bus","angle":17.4,"extra":1,"ei":19,"l0":"BP","c0":"#999f01"},"geometry":{"type":"Point","coordinates":[19.618415,50.302369]}},{"type":"Feature","properties":{"lines":"BP","arr":["BP"],"mode":"bus","angle":19.3,"extra":1,"ei":20,"l0":"BP","c0":"#999f01"},"geometry":{"type":"Point","coordinates":[19.615602,50.302947]}},{"type":"Feature","properties":{"lines":"BP","arr":["BP"],"mode":"bus","angle":32.6,"extra":1,"ei":21,"l0":"BP","c0":"#999f01"},"geometry":{"type":"Point","coordinates":[19.613023,50.303849]}},{"type":"Feature","properties":{"lines":"BP","arr":["BP"],"mode":"bus","angle":31.3,"extra":1,"ei":22,"l0":"BP","c0":"#999f01"},"geometry":{"type":"Point","coordinates":[19.610535,50.304867]}},{"type":"Feature","properties":{"lines":"BP","arr":["BP"],"mode":"bus","angle":34.6,"extra":1,"ei":23,"l0":"BP","c0":"#999f01"},"geometry":{"type":"Point","coordinates":[19.608019,50.305856]}},{"type":"Feature","properties":{"lines":"BP","arr":["BP"],"mode":"bus","angle":65,"extra":1,"ei":24,"l0":"BP","c0":"#999f01"},"geometry":{"type":"Point","coordinates":[19.606045,50.30723]}},{"type":"Feature","properties":{"lines":"BP","arr":["BP"],"mode":"bus","angle":12.7,"l0":"BP","c0":"#999f01"},"geometry":{"type":"Point","coordinates":[19.605677,50.307788]}},{"type":"Feature","properties":{"lines":"BP, WK","arr":["BP","WK"],"mode":"bus","angle":19.3,"l0":"BP, ","c0":"#999f01","l1":"WK","c1":"#0357b2"},"geometry":{"type":"Point","coordinates":[19.59172,50.271496]}},{"type":"Feature","properties":{"lines":"BP, WK","arr":["BP","WK"],"mode":"bus","angle":18.9,"extra":1,"ei":0,"l0":"BP, ","c0":"#999f01","l1":"WK","c1":"#0357b2"},"geometry":{"type":"Point","coordinates":[19.589742,50.27193]}},{"type":"Feature","properties":{"lines":"BP","arr":["BP"],"mode":"bus","angle":10.5,"l0":"BP","c0":"#999f01"},"geometry":{"type":"Point","coordinates":[19.562667,50.277432]}},{"type":"Feature","properties":{"lines":"G","arr":["G"],"mode":"bus","angle":79.5,"l0":"G","c0":"#a72d06"},"geometry":{"type":"Point","coordinates":[19.576616,50.259936]}},{"type":"Feature","properties":{"lines":"G","arr":["G"],"mode":"bus","angle":75.8,"extra":1,"ei":0,"l0":"G","c0":"#a72d06"},"geometry":{"type":"Point","coordinates":[19.576148,50.261121]}},{"type":"Feature","properties":{"lines":"G","arr":["G"],"mode":"bus","angle":59.7,"l0":"G","c0":"#a72d06"},"geometry":{"type":"Point","coordinates":[19.582822,50.230574]}},{"type":"Feature","properties":{"lines":"G","arr":["G"],"mode":"bus","angle":89,"extra":1,"ei":0,"l0":"G","c0":"#a72d06"},"geometry":{"type":"Point","coordinates":[19.576778,50.257385]}},{"type":"Feature","properties":{"lines":"G","arr":["G"],"mode":"bus","angle":-87.9,"extra":1,"ei":1,"l0":"G","c0":"#a72d06"},"geometry":{"type":"Point","coordinates":[19.576776,50.255497]}},{"type":"Feature","properties":{"lines":"G","arr":["G"],"mode":"bus","angle":-86.6,"extra":1,"ei":2,"l0":"G","c0":"#a72d06"},"geometry":{"type":"Point","coordinates":[19.576665,50.25361]}},{"type":"Feature","properties":{"lines":"G","arr":["G"],"mode":"bus","angle":-86,"extra":1,"ei":3,"l0":"G","c0":"#a72d06"},"geometry":{"type":"Point","coordinates":[19.576361,50.251732]}},{"type":"Feature","properties":{"lines":"G","arr":["G"],"mode":"bus","angle":76.1,"extra":1,"ei":4,"l0":"G","c0":"#a72d06"},"geometry":{"type":"Point","coordinates":[19.57665,50.249856]}},{"type":"Feature","properties":{"lines":"G","arr":["G"],"mode":"bus","angle":62.4,"extra":1,"ei":5,"l0":"G","c0":"#a72d06"},"geometry":{"type":"Point","coordinates":[19.577903,50.248147]}},{"type":"Feature","properties":{"lines":"G","arr":["G"],"mode":"bus","angle":83.3,"extra":1,"ei":6,"l0":"G","c0":"#a72d06"},"geometry":{"type":"Point","coordinates":[19.57897,50.246408]}},{"type":"Feature","properties":{"lines":"G","arr":["G"],"mode":"bus","angle":86.2,"extra":1,"ei":7,"l0":"G","c0":"#a72d06"},"geometry":{"type":"Point","coordinates":[19.579184,50.244524]}},{"type":"Feature","properties":{"lines":"G","arr":["G"],"mode":"bus","angle":64.1,"extra":1,"ei":8,"l0":"G","c0":"#a72d06"},"geometry":{"type":"Point","coordinates":[19.57971,50.242688]}},{"type":"Feature","properties":{"lines":"G","arr":["G"],"mode":"bus","angle":89.3,"extra":1,"ei":9,"l0":"G","c0":"#a72d06"},"geometry":{"type":"Point","coordinates":[19.580352,50.240885]}},{"type":"Feature","properties":{"lines":"G","arr":["G"],"mode":"bus","angle":89.3,"extra":1,"ei":10,"l0":"G","c0":"#a72d06"},"geometry":{"type":"Point","coordinates":[19.580386,50.238996]}},{"type":"Feature","properties":{"lines":"G","arr":["G"],"mode":"bus","angle":86.8,"extra":1,"ei":11,"l0":"G","c0":"#a72d06"},"geometry":{"type":"Point","coordinates":[19.580534,50.23711]}},{"type":"Feature","properties":{"lines":"G","arr":["G"],"mode":"bus","angle":84.9,"extra":1,"ei":12,"l0":"G","c0":"#a72d06"},"geometry":{"type":"Point","coordinates":[19.580746,50.235227]}},{"type":"Feature","properties":{"lines":"G","arr":["G"],"mode":"bus","angle":76.4,"extra":1,"ei":13,"l0":"G","c0":"#a72d06"},"geometry":{"type":"Point","coordinates":[19.581234,50.233368]}},{"type":"Feature","properties":{"lines":"G","arr":["G"],"mode":"bus","angle":64.9,"extra":1,"ei":14,"l0":"G","c0":"#a72d06"},"geometry":{"type":"Point","coordinates":[19.584743,50.228209]}},{"type":"Feature","properties":{"lines":"G","arr":["G"],"mode":"bus","angle":60,"extra":1,"ei":15,"l0":"G","c0":"#a72d06"},"geometry":{"type":"Point","coordinates":[19.58614,50.226548]}},{"type":"Feature","properties":{"lines":"G","arr":["G"],"mode":"bus","angle":80.2,"extra":1,"ei":16,"l0":"G","c0":"#a72d06"},"geometry":{"type":"Point","coordinates":[19.586797,50.224728]}},{"type":"Feature","properties":{"lines":"G","arr":["G"],"mode":"bus","angle":83.1,"extra":1,"ei":17,"l0":"G","c0":"#a72d06"},"geometry":{"type":"Point","coordinates":[19.587166,50.222854]}},{"type":"Feature","properties":{"lines":"G","arr":["G"],"mode":"bus","angle":67.3,"extra":1,"ei":18,"l0":"G","c0":"#a72d06"},"geometry":{"type":"Point","coordinates":[19.587921,50.221033]}},{"type":"Feature","properties":{"lines":"G","arr":["G"],"mode":"bus","angle":63.5,"extra":1,"ei":19,"l0":"G","c0":"#a72d06"},"geometry":{"type":"Point","coordinates":[19.58924,50.219343]}},{"type":"Feature","properties":{"lines":"G","arr":["G"],"mode":"bus","angle":47.6,"extra":1,"ei":20,"l0":"G","c0":"#a72d06"},"geometry":{"type":"Point","coordinates":[19.591033,50.217856]}},{"type":"Feature","properties":{"lines":"G","arr":["G"],"mode":"bus","angle":47.3,"extra":1,"ei":21,"l0":"G","c0":"#a72d06"},"geometry":{"type":"Point","coordinates":[19.593023,50.21646]}},{"type":"Feature","properties":{"lines":"G","arr":["G"],"mode":"bus","angle":35.6,"extra":1,"ei":22,"l0":"G","c0":"#a72d06"},"geometry":{"type":"Point","coordinates":[19.595458,50.215444]}},{"type":"Feature","properties":{"lines":"G","arr":["G"],"mode":"bus","angle":49.5,"extra":1,"ei":23,"l0":"G","c0":"#a72d06"},"geometry":{"type":"Point","coordinates":[19.59746,50.214067]}},{"type":"Feature","properties":{"lines":"G","arr":["G"],"mode":"bus","angle":47.7,"extra":1,"ei":24,"l0":"G","c0":"#a72d06"},"geometry":{"type":"Point","coordinates":[19.599447,50.21267]}},{"type":"Feature","properties":{"lines":"G","arr":["G"],"mode":"bus","angle":-81.7,"extra":1,"ei":25,"l0":"G","c0":"#a72d06"},"geometry":{"type":"Point","coordinates":[19.600485,50.211089]}},{"type":"Feature","properties":{"lines":"G","arr":["G"],"mode":"bus","angle":85.6,"extra":1,"ei":26,"l0":"G","c0":"#a72d06"},"geometry":{"type":"Point","coordinates":[19.600441,50.209208]}},{"type":"Feature","properties":{"lines":"G","arr":["G"],"mode":"bus","angle":66.2,"extra":1,"ei":27,"l0":"G","c0":"#a72d06"},"geometry":{"type":"Point","coordinates":[19.602378,50.207906]}},{"type":"Feature","properties":{"lines":"G","arr":["G"],"mode":"bus","angle":78.5,"mi":2,"l0":"G","c0":"#a72d06"},"geometry":{"type":"Point","coordinates":[19.594997,50.206357]}},{"type":"Feature","properties":{"lines":"G","arr":["G"],"mode":"bus","angle":-40.9,"mi":1,"l0":"G","c0":"#a72d06"},"geometry":{"type":"Point","coordinates":[19.597569,50.207485]}},{"type":"Feature","properties":{"lines":"G","arr":["G"],"mode":"bus","angle":-54.8,"extra":1,"ei":0,"l0":"G","c0":"#a72d06"},"geometry":{"type":"Point","coordinates":[19.599985,50.20807]}},{"type":"Feature","properties":{"lines":"G","arr":["G"],"mode":"bus","angle":32.8,"extra":1,"ei":1,"l0":"G","c0":"#a72d06"},"geometry":{"type":"Point","coordinates":[19.594631,50.20735]}},{"type":"Feature","properties":{"lines":"G","arr":["G"],"mode":"bus","angle":-25.6,"l0":"G","c0":"#a72d06"},"geometry":{"type":"Point","coordinates":[19.59764,50.206315]}},{"type":"Feature","properties":{"lines":"G","arr":["G"],"mode":"bus","angle":-27.3,"extra":1,"ei":0,"l0":"G","c0":"#a72d06"},"geometry":{"type":"Point","coordinates":[19.594216,50.205213]}},{"type":"Feature","properties":{"lines":"G","arr":["G"],"mode":"bus","angle":-4.2,"extra":1,"ei":1,"l0":"G","c0":"#a72d06"},"geometry":{"type":"Point","coordinates":[19.599672,50.206488]}},{"type":"Feature","properties":{"lines":"G","arr":["G"],"mode":"bus","angle":-9.2,"extra":1,"ei":2,"l0":"G","c0":"#a72d06"},"geometry":{"type":"Point","coordinates":[19.602617,50.206631]}},{"type":"Feature","properties":{"lines":"G","arr":["G"],"mode":"bus","angle":13.1,"l0":"G","c0":"#a72d06"},"geometry":{"type":"Point","coordinates":[19.618953,50.207527]}},{"type":"Feature","properties":{"lines":"G","arr":["G"],"mode":"bus","angle":-41.9,"extra":1,"ei":0,"l0":"G","c0":"#a72d06"},"geometry":{"type":"Point","coordinates":[19.604195,50.20712]}},{"type":"Feature","properties":{"lines":"G","arr":["G"],"mode":"bus","angle":-12.3,"extra":1,"ei":1,"l0":"G","c0":"#a72d06"},"geometry":{"type":"Point","coordinates":[19.606694,50.20804]}},{"type":"Feature","properties":{"lines":"G","arr":["G"],"mode":"bus","angle":-11.7,"extra":1,"ei":2,"l0":"G","c0":"#a72d06"},"geometry":{"type":"Point","coordinates":[19.609616,50.208314]}},{"type":"Feature","properties":{"lines":"G","arr":["G"],"mode":"bus","angle":24.5,"extra":1,"ei":3,"l0":"G","c0":"#a72d06"},"geometry":{"type":"Point","coordinates":[19.612362,50.208458]}},{"type":"Feature","properties":{"lines":"G","arr":["G"],"mode":"bus","angle":7.6,"extra":1,"ei":4,"l0":"G","c0":"#a72d06"},"geometry":{"type":"Point","coordinates":[19.615175,50.207945]}},{"type":"Feature","properties":{"lines":"G","arr":["G"],"mode":"bus","angle":13,"extra":1,"ei":5,"l0":"G","c0":"#a72d06"},"geometry":{"type":"Point","coordinates":[19.620971,50.207226]}},{"type":"Feature","properties":{"lines":"G","arr":["G"],"mode":"bus","angle":13.2,"extra":1,"ei":6,"l0":"G","c0":"#a72d06"},"geometry":{"type":"Point","coordinates":[19.62387,50.206863]}},{"type":"Feature","properties":{"lines":"G","arr":["G"],"mode":"bus","angle":10.5,"extra":1,"ei":7,"l0":"G","c0":"#a72d06"},"geometry":{"type":"Point","coordinates":[19.626751,50.206448]}},{"type":"Feature","properties":{"lines":"G","arr":["G"],"mode":"bus","angle":4,"extra":1,"ei":8,"l0":"G","c0":"#a72d06"},"geometry":{"type":"Point","coordinates":[19.629676,50.206277]}},{"type":"Feature","properties":{"lines":"G","arr":["G"],"mode":"bus","angle":6.6,"extra":1,"ei":9,"l0":"G","c0":"#a72d06"},"geometry":{"type":"Point","coordinates":[19.63262,50.206128]}},{"type":"Feature","properties":{"lines":"G","arr":["G"],"mode":"bus","angle":17,"extra":1,"ei":10,"l0":"G","c0":"#a72d06"},"geometry":{"type":"Point","coordinates":[19.635532,50.205824]}},{"type":"Feature","properties":{"lines":"M","arr":["M"],"mode":"bus","angle":77.7,"l0":"M","c0":"#05617d"},"geometry":{"type":"Point","coordinates":[19.573253,50.263304]}},{"type":"Feature","properties":{"lines":"M","arr":["M"],"mode":"bus","angle":-88.2,"extra":1,"ei":0,"l0":"M","c0":"#05617d"},"geometry":{"type":"Point","coordinates":[19.573703,50.26181]}},{"type":"Feature","properties":{"lines":"M","arr":["M"],"mode":"bus","angle":-87,"extra":1,"ei":1,"l0":"M","c0":"#05617d"},"geometry":{"type":"Point","coordinates":[19.57334,50.265541]}},{"type":"Feature","properties":{"lines":"M, SŁ, ZP, ZZ","arr":["M","SŁ","ZP","ZZ"],"mode":"bus","angle":-11.2,"mi":1,"l0":"M, ","c0":"#05617d","l1":"SŁ, ","c1":"#e16cd6","l2":"ZP, ","c2":"#b11526","l3":"ZZ","c3":"#07ad80"},"geometry":{"type":"Point","coordinates":[19.576428,50.266215]}},{"type":"Feature","properties":{"lines":"M, SŁ, ZP, ZZ","arr":["M","SŁ","ZP","ZZ"],"mode":"bus","angle":-37.9,"extra":1,"ei":0,"l0":"M, ","c0":"#05617d","l1":"SŁ, ","c1":"#e16cd6","l2":"ZP, ","c2":"#b11526","l3":"ZZ","c3":"#07ad80"},"geometry":{"type":"Point","coordinates":[19.57835,50.266779]}},{"type":"Feature","properties":{"lines":"M, SŁ","arr":["M","SŁ"],"mode":"bus","angle":-38,"l0":"M, ","c0":"#05617d","l1":"SŁ","c1":"#e16cd6"},"geometry":{"type":"Point","coordinates":[19.57954,50.267385]}},{"type":"Feature","properties":{"lines":"M, SŁ, ZP, ZZ","arr":["M","SŁ","ZP","ZZ"],"mode":"bus","angle":70.3,"l0":"M, ","c0":"#05617d","l1":"SŁ, ","c1":"#e16cd6","l2":"ZP, ","c2":"#b11526","l3":"ZZ","c3":"#07ad80"},"geometry":{"type":"Point","coordinates":[19.579741,50.2694]}},{"type":"Feature","properties":{"lines":"M, SŁ","arr":["M","SŁ"],"mode":"bus","angle":70,"mi":1,"l0":"M, ","c0":"#05617d","l1":"SŁ","c1":"#e16cd6"},"geometry":{"type":"Point","coordinates":[19.580269,50.268473]}},{"type":"Feature","properties":{"lines":"PS, SŁ","arr":["PS","SŁ"],"mode":"bus","angle":11.2,"mi":3,"l0":"PS, ","c0":"#02af5a","l1":"SŁ","c1":"#e16cd6"},"geometry":{"type":"Point","coordinates":[19.55464,50.278474]}},{"type":"Feature","properties":{"lines":"PS, SŁ","arr":["PS","SŁ"],"mode":"bus","angle":11.2,"extra":1,"ei":0,"l0":"PS, ","c0":"#02af5a","l1":"SŁ","c1":"#e16cd6"},"geometry":{"type":"Point","coordinates":[19.55668,50.278216]}},{"type":"Feature","properties":{"lines":"PS, SŁ","arr":["PS","SŁ"],"mode":"bus","angle":-74,"mi":1,"l0":"PS, ","c0":"#02af5a","l1":"SŁ","c1":"#e16cd6"},"geometry":{"type":"Point","coordinates":[19.55266,50.279508]}},{"type":"Feature","properties":{"lines":"PS, SŁ","arr":["PS","SŁ"],"mode":"bus","angle":8.6,"l0":"PS, ","c0":"#02af5a","l1":"SŁ","c1":"#e16cd6"},"geometry":{"type":"Point","coordinates":[19.551967,50.280726]}},{"type":"Feature","properties":{"lines":"PS, SŁ","arr":["PS","SŁ"],"mode":"bus","angle":49.1,"mi":2,"l0":"PS, ","c0":"#02af5a","l1":"SŁ","c1":"#e16cd6"},"geometry":{"type":"Point","coordinates":[19.548757,50.282036]}},{"type":"Feature","properties":{"lines":"PS","arr":["PS"],"mode":"bus","angle":-38.6,"l0":"PS","c0":"#02af5a"},"geometry":{"type":"Point","coordinates":[19.547668,50.284166]}},{"type":"Feature","properties":{"lines":"PS, SŁ","arr":["PS","SŁ"],"mode":"bus","angle":-50.5,"mi":4,"l0":"PS, ","c0":"#02af5a","l1":"SŁ","c1":"#e16cd6"},"geometry":{"type":"Point","coordinates":[19.546971,50.28372]}},{"type":"Feature","properties":{"lines":"PSK","arr":["PSK"],"mode":"bus","angle":-88.6,"l0":"PSK","c0":"#a72d06"},"geometry":{"type":"Point","coordinates":[19.537136,50.286531]}},{"type":"Feature","properties":{"lines":"SŁ","arr":["SŁ"],"mode":"bus","angle":76.6,"mi":9,"l0":"SŁ","c0":"#e16cd6"},"geometry":{"type":"Point","coordinates":[19.588041,50.2836]}},{"type":"Feature","properties":{"lines":"SŁ","arr":["SŁ"],"mode":"bus","angle":-21,"mi":1,"l0":"SŁ","c0":"#e16cd6"},"geometry":{"type":"Point","coordinates":[19.583867,50.28207]}},{"type":"Feature","properties":{"lines":"SŁ","arr":["SŁ"],"mode":"bus","angle":-11.7,"extra":1,"ei":0,"l0":"SŁ","c0":"#e16cd6"},"geometry":{"type":"Point","coordinates":[19.586971,50.282525]}},{"type":"Feature","properties":{"lines":"SŁ","arr":["SŁ"],"mode":"bus","angle":-17.8,"extra":1,"ei":1,"l0":"SŁ","c0":"#e16cd6"},"geometry":{"type":"Point","coordinates":[19.58135,50.281422]}},{"type":"Feature","properties":{"lines":"SŁ","arr":["SŁ"],"mode":"bus","angle":-78.5,"mi":4,"l0":"SŁ","c0":"#e16cd6"},"geometry":{"type":"Point","coordinates":[19.579196,50.280246]}},{"type":"Feature","properties":{"lines":"SŁ","arr":["SŁ"],"mode":"bus","angle":-39.4,"mi":7,"l0":"SŁ","c0":"#e16cd6"},"geometry":{"type":"Point","coordinates":[19.583127,50.276052]}},{"type":"Feature","properties":{"lines":"SŁ","arr":["SŁ"],"mode":"bus","angle":51,"extra":1,"ei":0,"l0":"SŁ","c0":"#e16cd6"},"geometry":{"type":"Point","coordinates":[19.57977,50.277947]}},{"type":"Feature","properties":{"lines":"SŁ","arr":["SŁ"],"mode":"bus","angle":-65.9,"extra":1,"ei":1,"l0":"SŁ","c0":"#e16cd6"},"geometry":{"type":"Point","coordinates":[19.584409,50.27833]}},{"type":"Feature","properties":{"lines":"SŁ","arr":["SŁ"],"mode":"bus","angle":-66.6,"mi":2,"l0":"SŁ","c0":"#e16cd6"},"geometry":{"type":"Point","coordinates":[19.581107,50.278764]}},{"type":"Feature","properties":{"lines":"SŁ","arr":["SŁ"],"mode":"bus","angle":37.7,"mi":5,"l0":"SŁ","c0":"#e16cd6"},"geometry":{"type":"Point","coordinates":[19.588867,50.278121]}},{"type":"Feature","properties":{"lines":"SŁ","arr":["SŁ"],"mode":"bus","angle":67.4,"extra":1,"ei":0,"l0":"SŁ","c0":"#e16cd6"},"geometry":{"type":"Point","coordinates":[19.590799,50.277041]}},{"type":"Feature","properties":{"lines":"SŁ","arr":["SŁ"],"mode":"bus","angle":38.7,"extra":1,"ei":1,"l0":"SŁ","c0":"#e16cd6"},"geometry":{"type":"Point","coordinates":[19.586271,50.279444]}},{"type":"Feature","properties":{"lines":"SŁ","arr":["SŁ"],"mode":"bus","angle":-24,"mi":10,"l0":"SŁ","c0":"#e16cd6"},"geometry":{"type":"Point","coordinates":[19.587325,50.275055]}},{"type":"Feature","properties":{"lines":"SŁ","arr":["SŁ"],"mode":"bus","angle":-24.9,"extra":1,"ei":0,"l0":"SŁ","c0":"#e16cd6"},"geometry":{"type":"Point","coordinates":[19.589524,50.275696]}},{"type":"Feature","properties":{"lines":"SŁ","arr":["SŁ"],"mode":"bus","angle":-14.3,"extra":1,"ei":1,"l0":"SŁ","c0":"#e16cd6"},"geometry":{"type":"Point","coordinates":[19.584085,50.274233]}},{"type":"Feature","properties":{"lines":"SŁ","arr":["SŁ"],"mode":"bus","angle":4,"l0":"SŁ","c0":"#e16cd6"},"geometry":{"type":"Point","coordinates":[19.582851,50.278776]}},{"type":"Feature","properties":{"lines":"SŁ","arr":["SŁ"],"mode":"bus","angle":11.9,"mi":3,"l0":"SŁ","c0":"#e16cd6"},"geometry":{"type":"Point","coordinates":[19.58039,50.2801]}},{"type":"Feature","properties":{"lines":"SŁ","arr":["SŁ"],"mode":"bus","angle":-72.4,"mi":6,"l0":"SŁ","c0":"#e16cd6"},"geometry":{"type":"Point","coordinates":[19.580391,50.283481]}},{"type":"Feature","properties":{"lines":"SŁ","arr":["SŁ"],"mode":"bus","angle":-1.9,"mi":8,"l0":"SŁ","c0":"#e16cd6"},"geometry":{"type":"Point","coordinates":[19.584363,50.284235]}},{"type":"Feature","properties":{"lines":"SŁ","arr":["SŁ"],"mode":"bus","angle":18.3,"extra":1,"ei":0,"l0":"SŁ","c0":"#e16cd6"},"geometry":{"type":"Point","coordinates":[19.582438,50.284377]}},{"type":"Feature","properties":{"lines":"WK","arr":["WK"],"mode":"bus","angle":19.5,"mi":1,"l0":"WK","c0":"#0357b2"},"geometry":{"type":"Point","coordinates":[19.629809,50.273732]}},{"type":"Feature","properties":{"lines":"WK","arr":["WK"],"mode":"bus","angle":74.3,"extra":1,"ei":0,"l0":"WK","c0":"#0357b2"},"geometry":{"type":"Point","coordinates":[19.625392,50.270974]}},{"type":"Feature","properties":{"lines":"WK","arr":["WK"],"mode":"bus","angle":-31,"extra":1,"ei":1,"l0":"WK","c0":"#0357b2"},"geometry":{"type":"Point","coordinates":[19.625957,50.272624]}},{"type":"Feature","properties":{"lines":"WK","arr":["WK"],"mode":"bus","angle":20.7,"extra":1,"ei":2,"l0":"WK","c0":"#0357b2"},"geometry":{"type":"Point","coordinates":[19.633775,50.272874]}},{"type":"Feature","properties":{"lines":"WK","arr":["WK"],"mode":"bus","angle":13.1,"extra":1,"ei":3,"l0":"WK","c0":"#0357b2"},"geometry":{"type":"Point","coordinates":[19.636587,50.272302]}},{"type":"Feature","properties":{"lines":"WK","arr":["WK"],"mode":"bus","angle":-80.2,"mi":3,"l0":"WK","c0":"#0357b2"},"geometry":{"type":"Point","coordinates":[19.605529,50.27774]}},{"type":"Feature","properties":{"lines":"WK","arr":["WK"],"mode":"bus","angle":-3.8,"extra":1,"ei":0,"l0":"WK","c0":"#0357b2"},"geometry":{"type":"Point","coordinates":[19.603898,50.274512]}},{"type":"Feature","properties":{"lines":"WK","arr":["WK"],"mode":"bus","angle":84.1,"extra":1,"ei":1,"l0":"WK","c0":"#0357b2"},"geometry":{"type":"Point","coordinates":[19.605554,50.275412]}},{"type":"Feature","properties":{"lines":"WK","arr":["WK"],"mode":"bus","angle":-79.8,"extra":1,"ei":2,"l0":"WK","c0":"#0357b2"},"geometry":{"type":"Point","coordinates":[19.605921,50.279155]}},{"type":"Feature","properties":{"lines":"WK","arr":["WK"],"mode":"bus","angle":-80.5,"extra":1,"ei":3,"l0":"WK","c0":"#0357b2"},"geometry":{"type":"Point","coordinates":[19.60661,50.280984]}},{"type":"Feature","properties":{"lines":"WK","arr":["WK"],"mode":"bus","angle":72.6,"l0":"WK","c0":"#0357b2"},"geometry":{"type":"Point","coordinates":[19.66859,50.26071]}},{"type":"Feature","properties":{"lines":"WK","arr":["WK"],"mode":"bus","angle":4.3,"extra":1,"ei":0,"l0":"WK","c0":"#0357b2"},"geometry":{"type":"Point","coordinates":[19.682699,50.258195]}},{"type":"Feature","properties":{"lines":"WK","arr":["WK"],"mode":"bus","angle":14.3,"extra":1,"ei":1,"l0":"WK","c0":"#0357b2"},"geometry":{"type":"Point","coordinates":[19.679829,50.258626]}},{"type":"Feature","properties":{"lines":"WK","arr":["WK"],"mode":"bus","angle":14.7,"extra":1,"ei":2,"l0":"WK","c0":"#0357b2"},"geometry":{"type":"Point","coordinates":[19.676965,50.259088]}},{"type":"Feature","properties":{"lines":"WK","arr":["WK"],"mode":"bus","angle":14.8,"extra":1,"ei":3,"l0":"WK","c0":"#0357b2"},"geometry":{"type":"Point","coordinates":[19.674108,50.259567]}},{"type":"Feature","properties":{"lines":"WK","arr":["WK"],"mode":"bus","angle":14.8,"extra":1,"ei":4,"l0":"WK","c0":"#0357b2"},"geometry":{"type":"Point","coordinates":[19.671252,50.26005]}},{"type":"Feature","properties":{"lines":"WK","arr":["WK"],"mode":"bus","angle":85.3,"extra":1,"ei":5,"l0":"WK","c0":"#0357b2"},"geometry":{"type":"Point","coordinates":[19.668348,50.262576]}},{"type":"Feature","properties":{"lines":"WK","arr":["WK"],"mode":"bus","angle":85,"extra":1,"ei":6,"l0":"WK","c0":"#0357b2"},"geometry":{"type":"Point","coordinates":[19.668096,50.264458]}},{"type":"Feature","properties":{"lines":"WK","arr":["WK"],"mode":"bus","angle":85.2,"extra":1,"ei":7,"l0":"WK","c0":"#0357b2"},"geometry":{"type":"Point","coordinates":[19.66784,50.26634]}},{"type":"Feature","properties":{"lines":"WK","arr":["WK"],"mode":"bus","angle":85.2,"extra":1,"ei":8,"l0":"WK","c0":"#0357b2"},"geometry":{"type":"Point","coordinates":[19.667594,50.268222]}},{"type":"Feature","properties":{"lines":"WK","arr":["WK"],"mode":"bus","angle":86.3,"extra":1,"ei":9,"l0":"WK","c0":"#0357b2"},"geometry":{"type":"Point","coordinates":[19.667358,50.270104]}},{"type":"Feature","properties":{"lines":"WK","arr":["WK"],"mode":"bus","angle":8.9,"l0":"WK","c0":"#0357b2"},"geometry":{"type":"Point","coordinates":[19.66393,50.271415]}},{"type":"Feature","properties":{"lines":"WK","arr":["WK"],"mode":"bus","angle":9,"extra":1,"ei":0,"l0":"WK","c0":"#0357b2"},"geometry":{"type":"Point","coordinates":[19.665816,50.271224]}},{"type":"Feature","properties":{"lines":"WK","arr":["WK"],"mode":"bus","angle":-3,"l0":"WK","c0":"#0357b2"},"geometry":{"type":"Point","coordinates":[19.636202,50.271499]}},{"type":"Feature","properties":{"lines":"WK","arr":["WK"],"mode":"bus","angle":10.8,"mi":4,"l0":"WK","c0":"#0357b2"},"geometry":{"type":"Point","coordinates":[19.612911,50.267255]}},{"type":"Feature","properties":{"lines":"WK","arr":["WK"],"mode":"bus","angle":-0.1,"extra":1,"ei":0,"l0":"WK","c0":"#0357b2"},"geometry":{"type":"Point","coordinates":[19.659093,50.271645]}},{"type":"Feature","properties":{"lines":"WK","arr":["WK"],"mode":"bus","angle":0.1,"extra":1,"ei":1,"l0":"WK","c0":"#0357b2"},"geometry":{"type":"Point","coordinates":[19.656139,50.271648]}},{"type":"Feature","properties":{"lines":"WK","arr":["WK"],"mode":"bus","angle":0,"extra":1,"ei":2,"l0":"WK","c0":"#0357b2"},"geometry":{"type":"Point","coordinates":[19.653185,50.271647]}},{"type":"Feature","properties":{"lines":"WK","arr":["WK"],"mode":"bus","angle":-0.1,"extra":1,"ei":3,"l0":"WK","c0":"#0357b2"},"geometry":{"type":"Point","coordinates":[19.650231,50.271645]}},{"type":"Feature","properties":{"lines":"WK","arr":["WK"],"mode":"bus","angle":0,"extra":1,"ei":4,"l0":"WK","c0":"#0357b2"},"geometry":{"type":"Point","coordinates":[19.647277,50.271642]}},{"type":"Feature","properties":{"lines":"WK","arr":["WK"],"mode":"bus","angle":4.1,"extra":1,"ei":5,"l0":"WK","c0":"#0357b2"},"geometry":{"type":"Point","coordinates":[19.644323,50.271649]}},{"type":"Feature","properties":{"lines":"WK","arr":["WK"],"mode":"bus","angle":8.2,"extra":1,"ei":6,"l0":"WK","c0":"#0357b2"},"geometry":{"type":"Point","coordinates":[19.641397,50.271908]}},{"type":"Feature","properties":{"lines":"WK","arr":["WK"],"mode":"bus","angle":-23.1,"extra":1,"ei":7,"l0":"WK","c0":"#0357b2"},"geometry":{"type":"Point","coordinates":[19.638506,50.271914]}},{"type":"Feature","properties":{"lines":"WK","arr":["WK"],"mode":"bus","angle":-6,"extra":1,"ei":8,"l0":"WK","c0":"#0357b2"},"geometry":{"type":"Point","coordinates":[19.632726,50.271307]}},{"type":"Feature","properties":{"lines":"WK","arr":["WK"],"mode":"bus","angle":-6.5,"extra":1,"ei":9,"l0":"WK","c0":"#0357b2"},"geometry":{"type":"Point","coordinates":[19.629789,50.271106]}},{"type":"Feature","properties":{"lines":"WK","arr":["WK"],"mode":"bus","angle":-25.6,"extra":1,"ei":10,"l0":"WK","c0":"#0357b2"},"geometry":{"type":"Point","coordinates":[19.627038,50.270461]}},{"type":"Feature","properties":{"lines":"WK","arr":["WK"],"mode":"bus","angle":-38.3,"extra":1,"ei":11,"l0":"WK","c0":"#0357b2"},"geometry":{"type":"Point","coordinates":[19.624411,50.269603]}},{"type":"Feature","properties":{"lines":"WK","arr":["WK"],"mode":"bus","angle":-27.1,"extra":1,"ei":12,"l0":"WK","c0":"#0357b2"},"geometry":{"type":"Point","coordinates":[19.622223,50.268345]}},{"type":"Feature","properties":{"lines":"WK","arr":["WK"],"mode":"bus","angle":-9.6,"extra":1,"ei":13,"l0":"WK","c0":"#0357b2"},"geometry":{"type":"Point","coordinates":[19.619349,50.26794]}},{"type":"Feature","properties":{"lines":"WK","arr":["WK"],"mode":"bus","angle":-9.7,"extra":1,"ei":14,"l0":"WK","c0":"#0357b2"},"geometry":{"type":"Point","coordinates":[19.616437,50.267621]}},{"type":"Feature","properties":{"lines":"WK","arr":["WK"],"mode":"bus","angle":14.6,"mi":2,"l0":"WK","c0":"#0357b2"},"geometry":{"type":"Point","coordinates":[19.610003,50.267725]}},{"type":"Feature","properties":{"lines":"WK","arr":["WK"],"mode":"bus","angle":-88.8,"mi":1,"l0":"WK","c0":"#0357b2"},"geometry":{"type":"Point","coordinates":[19.606897,50.26847]}},{"type":"Feature","properties":{"lines":"WK","arr":["WK"],"mode":"bus","angle":64.7,"l0":"WK","c0":"#0357b2"},"geometry":{"type":"Point","coordinates":[19.604681,50.271496]}},{"type":"Feature","properties":{"lines":"WK","arr":["WK"],"mode":"bus","angle":65.9,"extra":1,"ei":0,"l0":"WK","c0":"#0357b2"},"geometry":{"type":"Point","coordinates":[19.60628,50.269272]}},{"type":"Feature","properties":{"lines":"WK","arr":["WK"],"mode":"bus","angle":64.8,"extra":1,"ei":1,"l0":"WK","c0":"#0357b2"},"geometry":{"type":"Point","coordinates":[19.603792,50.272698]}},{"type":"Feature","properties":{"lines":"WK","arr":["WK"],"mode":"bus","angle":64.9,"side":-1,"extra":1,"ei":2,"l0":"WK","c0":"#0357b2"},"geometry":{"type":"Point","coordinates":[19.602539,50.274408]}},{"type":"Feature","properties":{"lines":"WK","arr":["WK"],"mode":"bus","angle":-11.2,"mi":5,"l0":"WK","c0":"#0357b2"},"geometry":{"type":"Point","coordinates":[19.604921,50.282737]}},{"type":"Feature","properties":{"lines":"ZP, ZZ","arr":["ZP","ZZ"],"mode":"bus","angle":-53.3,"l0":"ZP, ","c0":"#b11526","l1":"ZZ","c1":"#07ad80"},"geometry":{"type":"Point","coordinates":[19.585805,50.265301]}},{"type":"Feature","properties":{"lines":"ZP, ZZ","arr":["ZP","ZZ"],"mode":"bus","angle":-56.5,"extra":1,"ei":0,"l0":"ZP, ","c0":"#b11526","l1":"ZZ","c1":"#07ad80"},"geometry":{"type":"Point","coordinates":[19.593106,50.269995]}},{"type":"Feature","properties":{"lines":"ZP, ZZ","arr":["ZP","ZZ"],"mode":"bus","angle":-38.3,"extra":1,"ei":1,"l0":"ZP, ","c0":"#b11526","l1":"ZZ","c1":"#07ad80"},"geometry":{"type":"Point","coordinates":[19.590974,50.268709]}},{"type":"Feature","properties":{"lines":"ZP, ZZ","arr":["ZP","ZZ"],"mode":"bus","angle":-44.8,"extra":1,"ei":2,"l0":"ZP, ","c0":"#b11526","l1":"ZZ","c1":"#07ad80"},"geometry":{"type":"Point","coordinates":[19.588716,50.267492]}},{"type":"Feature","properties":{"lines":"ZP, ZZ","arr":["ZP","ZZ"],"mode":"bus","angle":-38.7,"extra":1,"ei":3,"l0":"ZP, ","c0":"#b11526","l1":"ZZ","c1":"#07ad80"},"geometry":{"type":"Point","coordinates":[19.582983,50.26319]}},{"type":"Feature","properties":{"lines":"ZP, ZZ","arr":["ZP","ZZ"],"mode":"bus","angle":-18,"extra":1,"ei":4,"l0":"ZP, ","c0":"#b11526","l1":"ZZ","c1":"#07ad80"},"geometry":{"type":"Point","coordinates":[19.580397,50.262301]}},{"type":"Feature","properties":{"lines":"ZP, ZZ","arr":["ZP","ZZ"],"mode":"bus","angle":-15.7,"extra":1,"ei":5,"l0":"ZP, ","c0":"#b11526","l1":"ZZ","c1":"#07ad80"},"geometry":{"type":"Point","coordinates":[19.57755,50.2618]}},{"type":"Feature","properties":{"lines":"ZP, ZZ","arr":["ZP","ZZ"],"mode":"bus","angle":46.3,"mi":1,"l0":"ZP, ","c0":"#b11526","l1":"ZZ","c1":"#07ad80"},"geometry":{"type":"Point","coordinates":[19.589702,50.262652]}},{"type":"Feature","properties":{"lines":"ZP, ZZ","arr":["ZP","ZZ"],"mode":"bus","angle":41.6,"extra":1,"ei":0,"l0":"ZP, ","c0":"#b11526","l1":"ZZ","c1":"#07ad80"},"geometry":{"type":"Point","coordinates":[19.592684,50.260784]}},{"type":"Feature","properties":{"lines":"ZP, ZZ","arr":["ZP","ZZ"],"mode":"bus","angle":42.7,"extra":1,"ei":1,"l0":"ZP, ","c0":"#b11526","l1":"ZZ","c1":"#07ad80"},"geometry":{"type":"Point","coordinates":[19.586308,50.264712]}},{"type":"Feature","properties":{"lines":"ZP, ZZ","arr":["ZP","ZZ"],"mode":"bus","angle":85.5,"l0":"ZP, ","c0":"#b11526","l1":"ZZ","c1":"#07ad80"},"geometry":{"type":"Point","coordinates":[19.600352,50.240611]}},{"type":"Feature","properties":{"lines":"ZP, ZZ","arr":["ZP","ZZ"],"mode":"bus","angle":45.6,"extra":1,"ei":0,"l0":"ZP, ","c0":"#b11526","l1":"ZZ","c1":"#07ad80"},"geometry":{"type":"Point","coordinates":[19.594824,50.259484]}},{"type":"Feature","properties":{"lines":"ZP, ZZ","arr":["ZP","ZZ"],"mode":"bus","angle":45.6,"extra":1,"ei":1,"l0":"ZP, ","c0":"#b11526","l1":"ZZ","c1":"#07ad80"},"geometry":{"type":"Point","coordinates":[19.596893,50.258135]}},{"type":"Feature","properties":{"lines":"ZP, ZZ","arr":["ZP","ZZ"],"mode":"bus","angle":86.9,"extra":1,"ei":2,"l0":"ZP, ","c0":"#b11526","l1":"ZZ","c1":"#07ad80"},"geometry":{"type":"Point","coordinates":[19.598304,50.25658]}},{"type":"Feature","properties":{"lines":"ZP, ZZ","arr":["ZP","ZZ"],"mode":"bus","angle":84.9,"extra":1,"ei":3,"l0":"ZP, ","c0":"#b11526","l1":"ZZ","c1":"#07ad80"},"geometry":{"type":"Point","coordinates":[19.598508,50.254697]}},{"type":"Feature","properties":{"lines":"ZP, ZZ","arr":["ZP","ZZ"],"mode":"bus","angle":84.5,"extra":1,"ei":4,"l0":"ZP, ","c0":"#b11526","l1":"ZZ","c1":"#07ad80"},"geometry":{"type":"Point","coordinates":[19.598783,50.252816]}},{"type":"Feature","properties":{"lines":"ZP, ZZ","arr":["ZP","ZZ"],"mode":"bus","angle":85.2,"extra":1,"ei":5,"l0":"ZP, ","c0":"#b11526","l1":"ZZ","c1":"#07ad80"},"geometry":{"type":"Point","coordinates":[19.599016,50.250934]}},{"type":"Feature","properties":{"lines":"ZP, ZZ","arr":["ZP","ZZ"],"mode":"bus","angle":85.2,"extra":1,"ei":6,"l0":"ZP, ","c0":"#b11526","l1":"ZZ","c1":"#07ad80"},"geometry":{"type":"Point","coordinates":[19.59926,50.249052]}},{"type":"Feature","properties":{"lines":"ZP, ZZ","arr":["ZP","ZZ"],"mode":"bus","angle":85.1,"extra":1,"ei":7,"l0":"ZP, ","c0":"#b11526","l1":"ZZ","c1":"#07ad80"},"geometry":{"type":"Point","coordinates":[19.599508,50.24717]}},{"type":"Feature","properties":{"lines":"ZP, ZZ","arr":["ZP","ZZ"],"mode":"bus","angle":86.4,"extra":1,"ei":8,"l0":"ZP, ","c0":"#b11526","l1":"ZZ","c1":"#07ad80"},"geometry":{"type":"Point","coordinates":[19.599701,50.245286]}},{"type":"Feature","properties":{"lines":"ZP, ZZ","arr":["ZP","ZZ"],"mode":"bus","angle":84.3,"side":-1,"extra":1,"ei":9,"l0":"ZP, ","c0":"#b11526","l1":"ZZ","c1":"#07ad80"},"geometry":{"type":"Point","coordinates":[19.599973,50.243414]}},{"type":"Feature","properties":{"lines":"ZP, ZZ","arr":["ZP","ZZ"],"mode":"bus","angle":85.8,"extra":1,"ei":10,"l0":"ZP, ","c0":"#b11526","l1":"ZZ","c1":"#07ad80"},"geometry":{"type":"Point","coordinates":[19.600702,50.237768]}},{"type":"Feature","properties":{"lines":"ZP, ZZ","arr":["ZP","ZZ"],"mode":"bus","angle":85.3,"extra":1,"ei":11,"l0":"ZP, ","c0":"#b11526","l1":"ZZ","c1":"#07ad80"},"geometry":{"type":"Point","coordinates":[19.600938,50.235885]}},{"type":"Feature","properties":{"lines":"ZP, ZZ","arr":["ZP","ZZ"],"mode":"bus","angle":84.7,"extra":1,"ei":12,"l0":"ZP, ","c0":"#b11526","l1":"ZZ","c1":"#07ad80"},"geometry":{"type":"Point","coordinates":[19.60121,50.234005]}},{"type":"Feature","properties":{"lines":"ZP, ZZ","arr":["ZP","ZZ"],"mode":"bus","angle":85.9,"extra":1,"ei":13,"l0":"ZP, ","c0":"#b11526","l1":"ZZ","c1":"#07ad80"},"geometry":{"type":"Point","coordinates":[19.601467,50.232123]}},{"type":"Feature","properties":{"lines":"ZP, ZZ","arr":["ZP","ZZ"],"mode":"bus","angle":85.7,"extra":1,"ei":14,"l0":"ZP, ","c0":"#b11526","l1":"ZZ","c1":"#07ad80"},"geometry":{"type":"Point","coordinates":[19.601708,50.230241]}},{"type":"Feature","properties":{"lines":"ZP, ZZ","arr":["ZP","ZZ"],"mode":"bus","angle":85.7,"extra":1,"ei":15,"l0":"ZP, ","c0":"#b11526","l1":"ZZ","c1":"#07ad80"},"geometry":{"type":"Point","coordinates":[19.60193,50.228358]}},{"type":"Feature","properties":{"lines":"ZP, ZZ","arr":["ZP","ZZ"],"mode":"bus","angle":85.5,"extra":1,"ei":16,"l0":"ZP, ","c0":"#b11526","l1":"ZZ","c1":"#07ad80"},"geometry":{"type":"Point","coordinates":[19.60216,50.226475]}},{"type":"Feature","properties":{"lines":"ZP, ZZ","arr":["ZP","ZZ"],"mode":"bus","angle":85.6,"extra":1,"ei":17,"l0":"ZP, ","c0":"#b11526","l1":"ZZ","c1":"#07ad80"},"geometry":{"type":"Point","coordinates":[19.602414,50.224594]}},{"type":"Feature","properties":{"lines":"ZP, ZZ","arr":["ZP","ZZ"],"mode":"bus","angle":84.7,"extra":1,"ei":18,"l0":"ZP, ","c0":"#b11526","l1":"ZZ","c1":"#07ad80"},"geometry":{"type":"Point","coordinates":[19.602648,50.222711]}},{"type":"Feature","properties":{"lines":"ZP, ZZ","arr":["ZP","ZZ"],"mode":"bus","angle":84.8,"extra":1,"ei":19,"l0":"ZP, ","c0":"#b11526","l1":"ZZ","c1":"#07ad80"},"geometry":{"type":"Point","coordinates":[19.602751,50.220825]}},{"type":"Feature","properties":{"lines":"ZP, ZZ","arr":["ZP","ZZ"],"mode":"bus","angle":-2.9,"l0":"ZP, ","c0":"#b11526","l1":"ZZ","c1":"#07ad80"},"geometry":{"type":"Point","coordinates":[19.637274,50.247064]}},{"type":"Feature","properties":{"lines":"ZP, ZZ","arr":["ZP","ZZ"],"mode":"bus","angle":-26.2,"extra":1,"ei":0,"l0":"ZP, ","c0":"#b11526","l1":"ZZ","c1":"#07ad80"},"geometry":{"type":"Point","coordinates":[19.60948,50.244386]}},{"type":"Feature","properties":{"lines":"ZP, ZZ","arr":["ZP","ZZ"],"mode":"bus","angle":-26.2,"extra":1,"ei":1,"l0":"ZP, ","c0":"#b11526","l1":"ZZ","c1":"#07ad80"},"geometry":{"type":"Point","coordinates":[19.61213,50.245221]}},{"type":"Feature","properties":{"lines":"ZP, ZZ","arr":["ZP","ZZ"],"mode":"bus","angle":-26.2,"extra":1,"ei":2,"l0":"ZP, ","c0":"#b11526","l1":"ZZ","c1":"#07ad80"},"geometry":{"type":"Point","coordinates":[19.61478,50.246056]}},{"type":"Feature","properties":{"lines":"ZP, ZZ","arr":["ZP","ZZ"],"mode":"bus","angle":-26.4,"extra":1,"ei":3,"l0":"ZP, ","c0":"#b11526","l1":"ZZ","c1":"#07ad80"},"geometry":{"type":"Point","coordinates":[19.61743,50.24689]}},{"type":"Feature","properties":{"lines":"ZP, ZZ","arr":["ZP","ZZ"],"mode":"bus","angle":-26.6,"extra":1,"ei":4,"l0":"ZP, ","c0":"#b11526","l1":"ZZ","c1":"#07ad80"},"geometry":{"type":"Point","coordinates":[19.620072,50.247736]}},{"type":"Feature","properties":{"lines":"ZP, ZZ","arr":["ZP","ZZ"],"mode":"bus","angle":-26.3,"extra":1,"ei":5,"l0":"ZP, ","c0":"#b11526","l1":"ZZ","c1":"#07ad80"},"geometry":{"type":"Point","coordinates":[19.622719,50.248574]}},{"type":"Feature","properties":{"lines":"ZP, ZZ","arr":["ZP","ZZ"],"mode":"bus","angle":55.1,"extra":1,"ei":6,"l0":"ZP, ","c0":"#b11526","l1":"ZZ","c1":"#07ad80"},"geometry":{"type":"Point","coordinates":[19.625317,50.249063]}},{"type":"Feature","properties":{"lines":"ZP, ZZ","arr":["ZP","ZZ"],"mode":"bus","angle":25.6,"extra":1,"ei":7,"l0":"ZP, ","c0":"#b11526","l1":"ZZ","c1":"#07ad80"},"geometry":{"type":"Point","coordinates":[19.62724,50.247785]}},{"type":"Feature","properties":{"lines":"ZP, ZZ","arr":["ZP","ZZ"],"mode":"bus","angle":1.2,"extra":1,"ei":8,"l0":"ZP, ","c0":"#b11526","l1":"ZZ","c1":"#07ad80"},"geometry":{"type":"Point","coordinates":[19.63008,50.247379]}},{"type":"Feature","properties":{"lines":"ZP, ZZ","arr":["ZP","ZZ"],"mode":"bus","angle":6.4,"extra":1,"ei":9,"l0":"ZP, ","c0":"#b11526","l1":"ZZ","c1":"#07ad80"},"geometry":{"type":"Point","coordinates":[19.633022,50.247224]}},{"type":"Feature","properties":{"lines":"ZP, ZZ","arr":["ZP","ZZ"],"mode":"bus","angle":-4.5,"extra":1,"ei":10,"l0":"ZP, ","c0":"#b11526","l1":"ZZ","c1":"#07ad80"},"geometry":{"type":"Point","coordinates":[19.641854,50.247266]}},{"type":"Feature","properties":{"lines":"ZP, ZZ","arr":["ZP","ZZ"],"mode":"bus","angle":-3.5,"extra":1,"ei":11,"l0":"ZP, ","c0":"#b11526","l1":"ZZ","c1":"#07ad80"},"geometry":{"type":"Point","coordinates":[19.644803,50.247349]}},{"type":"Feature","properties":{"lines":"ZP, ZZ","arr":["ZP","ZZ"],"mode":"bus","angle":-3.4,"extra":1,"ei":12,"l0":"ZP, ","c0":"#b11526","l1":"ZZ","c1":"#07ad80"},"geometry":{"type":"Point","coordinates":[19.647737,50.24754]}},{"type":"Feature","properties":{"lines":"ZP, ZZ","arr":["ZP","ZZ"],"mode":"bus","angle":-1.1,"extra":1,"ei":13,"l0":"ZP, ","c0":"#b11526","l1":"ZZ","c1":"#07ad80"},"geometry":{"type":"Point","coordinates":[19.650674,50.247731]}},{"type":"Feature","properties":{"lines":"ZP, ZZ","arr":["ZP","ZZ"],"mode":"bus","angle":5.6,"extra":1,"ei":14,"l0":"ZP, ","c0":"#b11526","l1":"ZZ","c1":"#07ad80"},"geometry":{"type":"Point","coordinates":[19.653613,50.247555]}},{"type":"Feature","properties":{"lines":"ZP, ZZ","arr":["ZP","ZZ"],"mode":"bus","angle":6.3,"extra":1,"ei":15,"l0":"ZP, ","c0":"#b11526","l1":"ZZ","c1":"#07ad80"},"geometry":{"type":"Point","coordinates":[19.656554,50.247381]}},{"type":"Feature","properties":{"lines":"ZP, ZZ","arr":["ZP","ZZ"],"mode":"bus","angle":6.3,"extra":1,"ei":16,"l0":"ZP, ","c0":"#b11526","l1":"ZZ","c1":"#07ad80"},"geometry":{"type":"Point","coordinates":[19.659489,50.24717]}},{"type":"Feature","properties":{"lines":"ZP, ZZ","arr":["ZP","ZZ"],"mode":"bus","angle":6.1,"extra":1,"ei":17,"l0":"ZP, ","c0":"#b11526","l1":"ZZ","c1":"#07ad80"},"geometry":{"type":"Point","coordinates":[19.662426,50.246969]}},{"type":"Feature","properties":{"lines":"ZP, ZZ","arr":["ZP","ZZ"],"mode":"bus","angle":5.8,"extra":1,"ei":18,"l0":"ZP, ","c0":"#b11526","l1":"ZZ","c1":"#07ad80"},"geometry":{"type":"Point","coordinates":[19.665364,50.246773]}},{"type":"Feature","properties":{"lines":"ZP, ZZ","arr":["ZP","ZZ"],"mode":"bus","angle":5.7,"extra":1,"ei":19,"l0":"ZP, ","c0":"#b11526","l1":"ZZ","c1":"#07ad80"},"geometry":{"type":"Point","coordinates":[19.668303,50.246582]}},{"type":"Feature","properties":{"lines":"ZP, ZZ","arr":["ZP","ZZ"],"mode":"bus","angle":-4.3,"mi":1,"l0":"ZP, ","c0":"#b11526","l1":"ZZ","c1":"#07ad80"},"geometry":{"type":"Point","coordinates":[19.604061,50.243751]}},{"type":"Feature","properties":{"lines":"ZP, ZZ","arr":["ZP","ZZ"],"mode":"bus","angle":-5,"extra":1,"ei":0,"l0":"ZP, ","c0":"#b11526","l1":"ZZ","c1":"#07ad80"},"geometry":{"type":"Point","coordinates":[19.606666,50.243866]}},{"type":"Feature","properties":{"lines":"ZP, ZZ","arr":["ZP","ZZ"],"mode":"bus","angle":-4.4,"extra":1,"ei":1,"l0":"ZP, ","c0":"#b11526","l1":"ZZ","c1":"#07ad80"},"geometry":{"type":"Point","coordinates":[19.600774,50.243589]}},{"type":"Feature","properties":{"lines":"ZP, ZZ","arr":["ZP","ZZ"],"mode":"bus","angle":23.2,"l0":"ZP, ","c0":"#b11526","l1":"ZZ","c1":"#07ad80"},"geometry":{"type":"Point","coordinates":[19.657683,50.251335]}},{"type":"Feature","properties":{"lines":"ZP, ZZ","arr":["ZP","ZZ"],"mode":"bus","angle":36.4,"extra":1,"ei":0,"l0":"ZP, ","c0":"#b11526","l1":"ZZ","c1":"#07ad80"},"geometry":{"type":"Point","coordinates":[19.668194,50.247271]}},{"type":"Feature","properties":{"lines":"ZP, ZZ","arr":["ZP","ZZ"],"mode":"bus","angle":37.1,"extra":1,"ei":1,"l0":"ZP, ","c0":"#b11526","l1":"ZZ","c1":"#07ad80"},"geometry":{"type":"Point","coordinates":[19.66586,50.248428]}},{"type":"Feature","properties":{"lines":"ZP, ZZ","arr":["ZP","ZZ"],"mode":"bus","angle":36.9,"extra":1,"ei":2,"l0":"ZP, ","c0":"#b11526","l1":"ZZ","c1":"#07ad80"},"geometry":{"type":"Point","coordinates":[19.6635,50.249564]}},{"type":"Feature","properties":{"lines":"ZP, ZZ","arr":["ZP","ZZ"],"mode":"bus","angle":23,"extra":1,"ei":3,"l0":"ZP, ","c0":"#b11526","l1":"ZZ","c1":"#07ad80"},"geometry":{"type":"Point","coordinates":[19.660912,50.250462]}},{"type":"Feature","properties":{"lines":"ZP, ZZ","arr":["ZP","ZZ"],"mode":"bus","angle":21.6,"extra":1,"ei":4,"l0":"ZP, ","c0":"#b11526","l1":"ZZ","c1":"#07ad80"},"geometry":{"type":"Point","coordinates":[19.655474,50.251938]}},{"type":"Feature","properties":{"lines":"ZP, ZZ","arr":["ZP","ZZ"],"mode":"bus","angle":23.1,"extra":1,"ei":5,"l0":"ZP, ","c0":"#b11526","l1":"ZZ","c1":"#07ad80"},"geometry":{"type":"Point","coordinates":[19.652751,50.25267]}},{"type":"Feature","properties":{"lines":"ZP, ZZ","arr":["ZP","ZZ"],"mode":"bus","angle":22.9,"extra":1,"ei":6,"l0":"ZP, ","c0":"#b11526","l1":"ZZ","c1":"#07ad80"},"geometry":{"type":"Point","coordinates":[19.650032,50.253408]}},{"type":"Feature","properties":{"lines":"ZP, ZZ","arr":["ZP","ZZ"],"mode":"bus","angle":22.9,"extra":1,"ei":7,"l0":"ZP, ","c0":"#b11526","l1":"ZZ","c1":"#07ad80"},"geometry":{"type":"Point","coordinates":[19.64731,50.254143]}},{"type":"Feature","properties":{"lines":"ZZ","arr":["ZZ"],"mode":"bus","angle":71.8,"l0":"ZZ","c0":"#07ad80"},"geometry":{"type":"Point","coordinates":[19.637042,50.232847]}},{"type":"Feature","properties":{"lines":"ZZ","arr":["ZZ"],"mode":"bus","angle":53.3,"extra":1,"ei":0,"l0":"ZZ","c0":"#07ad80"},"geometry":{"type":"Point","coordinates":[19.628326,50.246968]}},{"type":"Feature","properties":{"lines":"ZZ","arr":["ZZ"],"mode":"bus","angle":56.7,"extra":1,"ei":1,"l0":"ZZ","c0":"#07ad80"},"geometry":{"type":"Point","coordinates":[19.629994,50.245409]}},{"type":"Feature","properties":{"lines":"ZZ","arr":["ZZ"],"mode":"bus","angle":62.5,"extra":1,"ei":2,"l0":"ZZ","c0":"#07ad80"},"geometry":{"type":"Point","coordinates":[19.631611,50.24383]}},{"type":"Feature","properties":{"lines":"ZZ","arr":["ZZ"],"mode":"bus","angle":71,"extra":1,"ei":3,"l0":"ZZ","c0":"#07ad80"},"geometry":{"type":"Point","coordinates":[19.632593,50.242051]}},{"type":"Feature","properties":{"lines":"ZZ","arr":["ZZ"],"mode":"bus","angle":72.2,"extra":1,"ei":4,"l0":"ZZ","c0":"#07ad80"},"geometry":{"type":"Point","coordinates":[19.633504,50.240254]}},{"type":"Feature","properties":{"lines":"ZZ","arr":["ZZ"],"mode":"bus","angle":70.7,"extra":1,"ei":5,"l0":"ZZ","c0":"#07ad80"},"geometry":{"type":"Point","coordinates":[19.634435,50.238462]}},{"type":"Feature","properties":{"lines":"ZZ","arr":["ZZ"],"mode":"bus","angle":73.3,"extra":1,"ei":6,"l0":"ZZ","c0":"#07ad80"},"geometry":{"type":"Point","coordinates":[19.635333,50.236663]}},{"type":"Feature","properties":{"lines":"ZZ","arr":["ZZ"],"mode":"bus","angle":74.5,"extra":1,"ei":7,"l0":"ZZ","c0":"#07ad80"},"geometry":{"type":"Point","coordinates":[19.636184,50.234855]}},{"type":"Feature","properties":{"lines":"ZZ","arr":["ZZ"],"mode":"bus","angle":85.1,"extra":1,"ei":8,"l0":"ZZ","c0":"#07ad80"},"geometry":{"type":"Point","coordinates":[19.638305,50.231389]}},{"type":"Feature","properties":{"lines":"ZZ","arr":["ZZ"],"mode":"bus","angle":80.2,"extra":1,"ei":9,"l0":"ZZ","c0":"#07ad80"},"geometry":{"type":"Point","coordinates":[19.63886,50.229556]}},{"type":"Feature","properties":{"lines":"ZZ","arr":["ZZ"],"mode":"bus","angle":80.3,"extra":1,"ei":10,"l0":"ZZ","c0":"#07ad80"},"geometry":{"type":"Point","coordinates":[19.63937,50.227696]}},{"type":"Feature","properties":{"lines":"ZZ","arr":["ZZ"],"mode":"bus","angle":80.4,"extra":1,"ei":11,"l0":"ZZ","c0":"#07ad80"},"geometry":{"type":"Point","coordinates":[19.639859,50.225833]}},{"type":"Feature","properties":{"lines":"ZZ","arr":["ZZ"],"mode":"bus","angle":80.1,"extra":1,"ei":12,"l0":"ZZ","c0":"#07ad80"},"geometry":{"type":"Point","coordinates":[19.640362,50.223972]}},{"type":"Feature","properties":{"lines":"ZZ","arr":["ZZ"],"mode":"bus","angle":73.7,"extra":1,"ei":13,"l0":"ZZ","c0":"#07ad80"},"geometry":{"type":"Point","coordinates":[19.64095,50.222123]}},{"type":"Feature","properties":{"lines":"ZZ","arr":["ZZ"],"mode":"bus","angle":-66.1,"extra":1,"ei":14,"l0":"ZZ","c0":"#07ad80"},"geometry":{"type":"Point","coordinates":[19.640459,50.220333]}},{"type":"Feature","properties":{"lines":"ZZ","arr":["ZZ"],"mode":"bus","angle":-45.9,"extra":1,"ei":15,"l0":"ZZ","c0":"#07ad80"},"geometry":{"type":"Point","coordinates":[19.638705,50.218835]}},{"type":"Feature","properties":{"lines":"Ż","arr":["Ż"],"mode":"bus","angle":-85.3,"l0":"Ż","c0":"#4d4aba"},"geometry":{"type":"Point","coordinates":[19.541065,50.251873]}},{"type":"Feature","properties":{"lines":"Ż","arr":["Ż"],"mode":"bus","angle":-86.7,"extra":1,"ei":0,"l0":"Ż","c0":"#4d4aba"},"geometry":{"type":"Point","coordinates":[19.539977,50.242131]}},{"type":"Feature","properties":{"lines":"Ż","arr":["Ż"],"mode":"bus","angle":-85.8,"extra":1,"ei":1,"l0":"Ż","c0":"#4d4aba"},"geometry":{"type":"Point","coordinates":[19.540141,50.244016]}},{"type":"Feature","properties":{"lines":"Ż","arr":["Ż"],"mode":"bus","angle":-85.7,"extra":1,"ei":2,"l0":"Ż","c0":"#4d4aba"},"geometry":{"type":"Point","coordinates":[19.540368,50.245899]}},{"type":"Feature","properties":{"lines":"Ż","arr":["Ż"],"mode":"bus","angle":-85.7,"extra":1,"ei":3,"l0":"Ż","c0":"#4d4aba"},"geometry":{"type":"Point","coordinates":[19.540588,50.247783]}},{"type":"Feature","properties":{"lines":"Ż","arr":["Ż"],"mode":"bus","angle":-85.8,"extra":1,"ei":4,"l0":"Ż","c0":"#4d4aba"},"geometry":{"type":"Point","coordinates":[19.540805,50.249666]}},{"type":"Feature","properties":{"lines":"Ż","arr":["Ż"],"mode":"bus","angle":-85.3,"extra":1,"ei":5,"l0":"Ż","c0":"#4d4aba"},"geometry":{"type":"Point","coordinates":[19.541267,50.253432]}},{"type":"Feature","properties":{"lines":"Ż","arr":["Ż"],"mode":"bus","angle":-86,"extra":1,"ei":6,"l0":"Ż","c0":"#4d4aba"},"geometry":{"type":"Point","coordinates":[19.541481,50.255315]}},{"type":"Feature","properties":{"lines":"Ż","arr":["Ż"],"mode":"bus","angle":-86.4,"extra":1,"ei":7,"l0":"Ż","c0":"#4d4aba"},"geometry":{"type":"Point","coordinates":[19.541687,50.257199]}},{"type":"Feature","properties":{"lines":"Ż","arr":["Ż"],"mode":"bus","angle":-86.9,"extra":1,"ei":8,"l0":"Ż","c0":"#4d4aba"},"geometry":{"type":"Point","coordinates":[19.54185,50.259085]}},{"type":"Feature","properties":{"lines":"Ż","arr":["Ż"],"mode":"bus","angle":-82.9,"extra":1,"ei":9,"l0":"Ż","c0":"#4d4aba"},"geometry":{"type":"Point","coordinates":[19.541972,50.26097]}},{"type":"Feature","properties":{"lines":"Ż","arr":["Ż"],"mode":"bus","angle":13.1,"mi":1,"l0":"Ż","c0":"#4d4aba"},"geometry":{"type":"Point","coordinates":[19.551714,50.253723]}},{"type":"Feature","properties":{"lines":"Ż","arr":["Ż"],"mode":"bus","angle":6.5,"extra":1,"ei":0,"l0":"Ż","c0":"#4d4aba"},"geometry":{"type":"Point","coordinates":[19.542855,50.254399]}},{"type":"Feature","properties":{"lines":"Ż","arr":["Ż"],"mode":"bus","angle":6,"extra":1,"ei":1,"l0":"Ż","c0":"#4d4aba"},"geometry":{"type":"Point","coordinates":[19.545787,50.254169]}},{"type":"Feature","properties":{"lines":"Ż","arr":["Ż"],"mode":"bus","angle":6.6,"extra":1,"ei":2,"l0":"Ż","c0":"#4d4aba"},"geometry":{"type":"Point","coordinates":[19.548724,50.253965]}},{"type":"Feature","properties":{"lines":"Ż","arr":["Ż"],"mode":"bus","angle":27.1,"extra":1,"ei":3,"l0":"Ż","c0":"#4d4aba"},"geometry":{"type":"Point","coordinates":[19.554368,50.252996]}},{"type":"Feature","properties":{"lines":"Ż","arr":["Ż"],"mode":"bus","angle":24.9,"extra":1,"ei":4,"l0":"Ż","c0":"#4d4aba"},"geometry":{"type":"Point","coordinates":[19.557064,50.252229]}},{"type":"Feature","properties":{"lines":"Ż","arr":["Ż"],"mode":"bus","angle":24.5,"extra":1,"ei":5,"l0":"Ż","c0":"#4d4aba"},"geometry":{"type":"Point","coordinates":[19.559752,50.251444]}},{"type":"Feature","properties":{"lines":"Ż","arr":["Ż"],"mode":"bus","angle":4.7,"l0":"Ż","c0":"#4d4aba"},"geometry":{"type":"Point","coordinates":[19.546478,50.265421]}},{"type":"Feature","properties":{"lines":"Ż","arr":["Ż"],"mode":"bus","angle":-56.8,"mi":1,"l0":"Ż","c0":"#4d4aba"},"geometry":{"type":"Point","coordinates":[19.551474,50.268847]}},{"type":"Feature","properties":{"lines":"Ż","arr":["Ż"],"mode":"bus","angle":-57.4,"extra":1,"ei":0,"l0":"Ż","c0":"#4d4aba"},"geometry":{"type":"Point","coordinates":[19.54871,50.266141]}},{"type":"Feature","properties":{"lines":"Ż","arr":["Ż"],"mode":"bus","angle":-56.5,"extra":1,"ei":1,"l0":"Ż","c0":"#4d4aba"},"geometry":{"type":"Point","coordinates":[19.550326,50.267722]}},{"type":"Feature","properties":{"lines":"Ż","arr":["Ż"],"mode":"bus","angle":-54,"extra":1,"ei":2,"l0":"Ż","c0":"#4d4aba"},"geometry":{"type":"Point","coordinates":[19.553613,50.270861]}},{"type":"Feature","properties":{"lines":"460, 461, 463","arr":["460","461","463"],"mode":"bus","angle":16.8,"l0":"460, ","c0":"#e16cd6","l1":"461, ","c1":"#e47e2b","l2":"463","c2":"#4d4aba"},"geometry":{"type":"Point","coordinates":[19.393708,50.300884]}}]}