{"type":"FeatureCollection","features":[{"type":"Feature","geometry":{"type":"Point","coordinates":[19.555635,50.206885]},"properties":{"name":"Lgota II","lines":"457","arr":["457"],"terminus":1,"mode":"bus","color":"#0059a9","colorDark":"#00294f","angle":113.8,"snapDist":5,"label":1}},{"type":"Feature","geometry":{"type":"Point","coordinates":[19.55797,50.213624]},"properties":{"name":"Niesułowice II","lines":"457","arr":["457"],"terminus":0,"mode":"bus","color":"#0059a9","colorDark":"#00294f","angle":122.3,"snapDist":6,"label":1}},{"type":"Feature","geometry":{"type":"Point","coordinates":[19.556944,50.220981]},"properties":{"name":"Niesułowice I","lines":"457","arr":["457"],"terminus":0,"mode":"bus","color":"#0059a9","colorDark":"#00294f","angle":97.1,"snapDist":7,"label":1}},{"type":"Feature","geometry":{"type":"Point","coordinates":[19.561182,50.251405]},"properties":{"name":"Żurada","lines":"457, Ż","arr":["457","Ż"],"terminus":0,"mode":"bus","color":"#0059a9","colorDark":"#00294f","angle":87.4,"snapDist":7,"label":1}},{"type":"Feature","geometry":{"type":"Point","coordinates":[19.569603,50.260497]},"properties":{"name":"Olkusz Kochanowskiego","lines":"457, 460, 464, 466, 470, 474, M, PS, PSK","arr":["457","460","464","466","470","474","M","PS","PSK"],"terminus":0,"mode":"bus","color":"#0059a9","colorDark":"#00294f","angle":179.7,"snapDist":11,"label":1}},{"type":"Feature","geometry":{"type":"Point","coordinates":[19.575575,50.262546]},"properties":{"name":"Olkusz \"Ks. Gajewskiego\"","lines":"457, 460, 464, 466, 470, 474, G, PS, PSK","arr":["457","460","464","466","470","474","G","PS","PSK"],"terminus":0,"mode":"bus","color":"#0059a9","colorDark":"#00294f","angle":75.6,"snapDist":3,"label":1}},{"type":"Feature","geometry":{"type":"Point","coordinates":[19.573935,50.266626]},"properties":{"name":"Olkusz Kościół","lines":"457, 460, 464, 466, 470, 474, G, ZP, ZZ","arr":["457","460","464","466","470","474","G","ZP","ZZ"],"terminus":0,"mode":"bus","color":"#0059a9","colorDark":"#00294f","angle":76.9,"snapDist":9,"label":1}},{"type":"Feature","geometry":{"type":"Point","coordinates":[19.573485,50.269348]},"properties":{"name":"Olkusz Biema","lines":"457, 460, 464, 465, 466, 470, 474, 475, BP, G, ZP, ZZ","arr":["457","460","464","465","466","470","474","475","BP","G","ZP","ZZ"],"terminus":0,"mode":"bus","color":"#0059a9","colorDark":"#00294f","angle":70,"snapDist":4,"label":1}},{"type":"Feature","geometry":{"type":"Point","coordinates":[19.576684,50.2698]},"properties":{"name":"Olkusz Os. 1000 lecia","lines":"457, 460, 464, 465, 466, 470, 472, 474, 475, G, M, PS, PSK, SŁ, ZP, ZZ, Ż","arr":["457","460","464","465","466","470","472","474","475","G","M","PS","PSK","SŁ","ZP","ZZ","Ż"],"terminus":0,"mode":"bus","color":"#0059a9","colorDark":"#00294f","angle":191.8,"snapDist":10,"label":1}},{"type":"Feature","geometry":{"type":"Point","coordinates":[19.583989,50.270505]},"properties":{"name":"Olkusz Owent","lines":"457, 460, 464, 465, 466, 470, 472, 474, 475, G, PS, PSK, ZP, ZZ, Ż","arr":["457","460","464","465","466","470","472","474","475","G","PS","PSK","ZP","ZZ","Ż"],"terminus":0,"mode":"bus","color":"#0059a9","colorDark":"#00294f","angle":182.1,"snapDist":5,"label":1}},{"type":"Feature","geometry":{"type":"Point","coordinates":[19.588508,50.272342]},"properties":{"name":"Olkusz al.Tysiąclecia","lines":"457, 460, 464, 465, 466, 470, 472, 474, 475, BP, G, PS, PSK, WK, ZP, ZZ, Ż","arr":["457","460","464","465","466","470","472","474","475","BP","G","PS","PSK","WK","ZP","ZZ","Ż"],"terminus":0,"mode":"bus","color":"#0059a9","colorDark":"#00294f","angle":19.4,"snapDist":6,"label":1}},{"type":"Feature","geometry":{"type":"Point","coordinates":[19.580811,50.274168]},"properties":{"name":"Olkusz Wiadukt","lines":"457, 460, 464, 465, 466, 470, 472, 474, 475, BP, G, PS, PSK, SŁ, WK, ZP, ZZ, Ż","arr":["457","460","464","465","466","470","472","474","475","BP","G","PS","PSK","SŁ","WK","ZP","ZZ","Ż"],"terminus":0,"mode":"bus","color":"#0059a9","colorDark":"#00294f","angle":3.5,"snapDist":5,"label":1}},{"type":"Feature","geometry":{"type":"Point","coordinates":[19.575305,50.27492]},"properties":{"name":"Olkusz Dworzec PKP","lines":"457, 460, 464, 465, 466, 470, 472, 474, 475, BP, G, PS, PSK, SŁ, WK, ZP, ZZ, Ż","arr":["457","460","464","465","466","470","472","474","475","BP","G","PS","PSK","SŁ","WK","ZP","ZZ","Ż"],"terminus":0,"mode":"bus","color":"#0059a9","colorDark":"#00294f","angle":12.6,"snapDist":5,"label":1}},{"type":"Feature","geometry":{"type":"Point","coordinates":[19.564663,50.277356]},"properties":{"name":"Olkusz Skarbek","lines":"457, 460, 461, 464, 465, 466, 470, 472, 474, 475, BP, G, M, PS, PSK, SŁ, WK, ZP, ZZ, Ż","arr":["457","460","461","464","465","466","470","472","474","475","BP","G","M","PS","PSK","SŁ","WK","ZP","ZZ","Ż"],"terminus":0,"mode":"bus","color":"#0059a9","colorDark":"#00294f","angle":18.8,"snapDist":8,"label":1}},{"type":"Feature","geometry":{"type":"Point","coordinates":[19.551882,50.283604]},"properties":{"name":"Olkusz Skrzyżowanie Stacja \"Statoil\"","lines":"457, 460, 461, 462, 463, 464, 465, 466, 470, 471, 472, 473, 474, 475, 476, 477, PSK","arr":["457","460","461","462","463","464","465","466","470","471","472","473","474","475","476","477","PSK"],"terminus":0,"mode":"bus","color":"#0059a9","colorDark":"#00294f","angle":10,"snapDist":15,"label":1}},{"type":"Feature","geometry":{"type":"Point","coordinates":[19.534953,50.287724]},"properties":{"name":"Olkusz \"Stary\"","lines":"457, 460, 461, 462, 463, 464, 465, 466","arr":["457","460","461","462","463","464","465","466"],"terminus":0,"mode":"bus","color":"#0059a9","colorDark":"#00294f","angle":-179,"snapDist":11,"label":1}},{"type":"Feature","geometry":{"type":"Point","coordinates":[19.497971,50.293697]},"properties":{"name":"Bolesław Szyb","lines":"457, 460, 461, 462, 463, 464, 465, 466","arr":["457","460","461","462","463","464","465","466"],"terminus":0,"mode":"bus","color":"#0059a9","colorDark":"#00294f","angle":16.1,"snapDist":2,"label":1}},{"type":"Feature","geometry":{"type":"Point","coordinates":[19.488317,50.295452]},"properties":{"name":"Bolesław Dąbrówka","lines":"457, 460, 461, 462, 463, 464, 465, 466","arr":["457","460","461","462","463","464","465","466"],"terminus":0,"mode":"bus","color":"#0059a9","colorDark":"#00294f","angle":16,"snapDist":4,"label":1}},{"type":"Feature","geometry":{"type":"Point","coordinates":[19.477182,50.295078]},"properties":{"name":"Bolesław Centrum","lines":"457, 460, 461, 462, 463, 464, 465, 466","arr":["457","460","461","462","463","464","465","466"],"terminus":0,"mode":"bus","color":"#0059a9","colorDark":"#00294f","angle":332.2,"snapDist":4,"label":1}},{"type":"Feature","geometry":{"type":"Point","coordinates":[19.468608,50.295345]},"properties":{"name":"Bolesław Szkoła","lines":"457, 460, 461, 462, 463, 464, 465, 466","arr":["457","460","461","462","463","464","465","466"],"terminus":0,"mode":"bus","color":"#0059a9","colorDark":"#00294f","angle":23.7,"snapDist":8,"label":1}},{"type":"Feature","geometry":{"type":"Point","coordinates":[19.46414,50.294104]},"properties":{"name":"Bolesław Cmentarz n/ż","lines":"457, 460, 462, 464, 465, 466","arr":["457","460","462","464","465","466"],"terminus":0,"mode":"bus","color":"#0059a9","colorDark":"#00294f","angle":294.2,"snapDist":6,"label":1}},{"type":"Feature","geometry":{"type":"Point","coordinates":[19.460388,50.292016]},"properties":{"name":"Krążek I","lines":"457, 460, 462, 464, 465, 466","arr":["457","460","462","464","465","466"],"terminus":0,"mode":"bus","color":"#0059a9","colorDark":"#00294f","angle":337.3,"snapDist":3,"label":1}},{"type":"Feature","geometry":{"type":"Point","coordinates":[19.46917,50.283483]},"properties":{"name":"Bukowno Diana","lines":"457, 460, 463, 464, 465, 466, 467","arr":["457","460","463","464","465","466","467"],"terminus":0,"mode":"bus","color":"#0059a9","colorDark":"#00294f","angle":269.1,"snapDist":3,"label":1}},{"type":"Feature","geometry":{"type":"Point","coordinates":[19.469905,50.278365]},"properties":{"name":"Bukowno ZGH","lines":"457, 460, 463, 464, 465, 466, 467","arr":["457","460","463","464","465","466","467"],"terminus":0,"mode":"bus","color":"#0059a9","colorDark":"#00294f","angle":260,"snapDist":6,"label":1}},{"type":"Feature","geometry":{"type":"Point","coordinates":[19.466836,50.273032]},"properties":{"name":"Bukowno Skałka","lines":"457, 460, 463, 464, 465, 466, 467","arr":["457","460","463","464","465","466","467"],"terminus":0,"mode":"bus","color":"#0059a9","colorDark":"#00294f","angle":294.9,"snapDist":7,"label":1}},{"type":"Feature","geometry":{"type":"Point","coordinates":[19.462662,50.267017]},"properties":{"name":"Bukowno UM","lines":"457, 460, 463, 464, 465, 466, 467","arr":["457","460","463","464","465","466","467"],"terminus":0,"mode":"bus","color":"#0059a9","colorDark":"#00294f","angle":270.8,"snapDist":5,"label":1}},{"type":"Feature","geometry":{"type":"Point","coordinates":[19.462015,50.264812]},"properties":{"name":"Bukowno Dworzec PKP","lines":"457, 460, 463, 464, 465, 466, 467","arr":["457","460","463","464","465","466","467"],"terminus":1,"mode":"bus","color":"#0059a9","colorDark":"#00294f","angle":351.6,"snapDist":5,"label":1}},{"type":"Feature","geometry":{"type":"Point","coordinates":[19.563542,50.280809]},"properties":{"name":"Olkusz Supersam ZKGKM","lines":"457, 460, 461, 462, 463, 464, 465, 466, 470, 471, 473, 474, 476, 477, BP, G, M, PSK, SŁ, WK, ZP, ZZ, Ż","arr":["457","460","461","462","463","464","465","466","470","471","473","474","476","477","BP","G","M","PSK","SŁ","WK","ZP","ZZ","Ż"],"terminus":1,"mode":"bus","color":"#0059a9","colorDark":"#00294f","angle":18.1,"snapDist":7,"label":1}},{"type":"Feature","geometry":{"type":"Point","coordinates":[19.564067,50.280271]},"properties":{"name":"Olkusz Supersam","lines":"457, 460, 461, 462, 464, 465, 470, 472, 474, 475, 476, 477, BP, G, M, PSK, SŁ, WK, ZP, ZZ","arr":["457","460","461","462","464","465","470","472","474","475","476","477","BP","G","M","PSK","SŁ","WK","ZP","ZZ"],"terminus":0,"mode":"bus","color":"#0059a9","colorDark":"#00294f","angle":308.7,"snapDist":2,"label":1}},{"type":"Feature","geometry":{"type":"Point","coordinates":[19.566423,50.276809]},"properties":{"name":"Olkusz Skarbek","lines":"457, 460, 461, 462, 464, 465, 466, 470, 472, 474, 475, 476, 477, BP, G, M, PS, PSK, SŁ, WK, ZP, ZZ, Ż","arr":["457","460","461","462","464","465","466","470","472","474","475","476","477","BP","G","M","PS","PSK","SŁ","WK","ZP","ZZ","Ż"],"terminus":0,"mode":"bus","color":"#0059a9","colorDark":"#00294f","angle":209.2,"snapDist":11,"label":0}},{"type":"Feature","geometry":{"type":"Point","coordinates":[19.574143,50.275021]},"properties":{"name":"Olkusz Dworzec PKP","lines":"457, 460, 461, 464, 465, 470, 472, 474, 475, 477, BP, G, PS, PSK, SŁ, WK, ZP, ZZ, Ż","arr":["457","460","461","464","465","470","472","474","475","477","BP","G","PS","PSK","SŁ","WK","ZP","ZZ","Ż"],"terminus":0,"mode":"bus","color":"#0059a9","colorDark":"#00294f","angle":187.3,"snapDist":6,"label":0}},{"type":"Feature","geometry":{"type":"Point","coordinates":[19.582183,50.274119]},"properties":{"name":"Olkusz Wiadukt","lines":"457, 460, 461, 464, 465, 470, 472, 474, 475, 477, BP, G, PS, PSK, SŁ, WK, ZP, ZZ, Ż","arr":["457","460","461","464","465","470","472","474","475","477","BP","G","PS","PSK","SŁ","WK","ZP","ZZ","Ż"],"terminus":0,"mode":"bus","color":"#0059a9","colorDark":"#00294f","angle":183.6,"snapDist":5,"label":0}},{"type":"Feature","geometry":{"type":"Point","coordinates":[19.589088,50.271257]},"properties":{"name":"Olkusz Baza PKS","lines":"457, 460, 461, 464, 465, 470, 472, 474, 475, 477, G, PS, PSK, ZP, ZZ, Ż","arr":["457","460","461","464","465","470","472","474","475","477","G","PS","PSK","ZP","ZZ","Ż"],"terminus":0,"mode":"bus","color":"#0059a9","colorDark":"#00294f","angle":290.4,"snapDist":5,"label":1}},{"type":"Feature","geometry":{"type":"Point","coordinates":[19.584504,50.270493]},"properties":{"name":"Olkusz Owent","lines":"457, 460, 461, 464, 465, 470, 472, 474, 475, 477, G, PS, PSK, ZP, ZZ, Ż","arr":["457","460","461","464","465","470","472","474","475","477","G","PS","PSK","ZP","ZZ","Ż"],"terminus":0,"mode":"bus","color":"#0059a9","colorDark":"#00294f","angle":2.1,"snapDist":4,"label":0}},{"type":"Feature","geometry":{"type":"Point","coordinates":[19.577863,50.269645]},"properties":{"name":"Olkusz Os. 1000 lecia","lines":"457, 460, 461, 464, 465, 470, 472, 474, 475, 477, G, M, PS, PSK, SŁ, Ż","arr":["457","460","461","464","465","470","472","474","475","477","G","M","PS","PSK","SŁ","Ż"],"terminus":0,"mode":"bus","color":"#0059a9","colorDark":"#00294f","angle":10.1,"snapDist":8,"label":0}},{"type":"Feature","geometry":{"type":"Point","coordinates":[19.569593,50.269758]},"properties":{"name":"Olkusz Szpital","lines":"457, 461, 464, 465, 472, 475, 477, BP, M, PS, PSK, SŁ, Ż","arr":["457","461","464","465","472","475","477","BP","M","PS","PSK","SŁ","Ż"],"terminus":0,"mode":"bus","color":"#0059a9","colorDark":"#00294f","angle":353.2,"snapDist":6,"label":0}},{"type":"Feature","geometry":{"type":"Point","coordinates":[19.560299,50.264098]},"properties":{"name":"Olkusz Kamyk","lines":"457","arr":["457"],"terminus":0,"mode":"bus","color":"#0059a9","colorDark":"#00294f","angle":267.3,"snapDist":8,"label":1}},{"type":"Feature","geometry":{"type":"Point","coordinates":[19.561269,50.250138]},"properties":{"name":"Żurada","lines":"457","arr":["457"],"terminus":0,"mode":"bus","color":"#0059a9","colorDark":"#00294f","angle":267.3,"snapDist":7,"label":0}},{"type":"Feature","geometry":{"type":"Point","coordinates":[19.556767,50.22002]},"properties":{"name":"Niesułowice I","lines":"457","arr":["457"],"terminus":0,"mode":"bus","color":"#0059a9","colorDark":"#00294f","angle":276.7,"snapDist":8,"label":0}},{"type":"Feature","geometry":{"type":"Point","coordinates":[19.557441,50.212967]},"properties":{"name":"Niesułowice II","lines":"457","arr":["457"],"terminus":0,"mode":"bus","color":"#0059a9","colorDark":"#00294f","angle":294.4,"snapDist":5,"label":0}},{"type":"Feature","geometry":{"type":"Point","coordinates":[19.560364,50.26317]},"properties":{"name":"Olkusz Kamyk","lines":"457, Ż","arr":["457","Ż"],"terminus":0,"mode":"bus","color":"#0059a9","colorDark":"#00294f","angle":87.3,"snapDist":9,"label":0}},{"type":"Feature","geometry":{"type":"Point","coordinates":[19.568704,50.269703]},"properties":{"name":"Olkusz Szpital","lines":"457, 466, 472, 475, BP, M, PS, PSK, SŁ, Ż","arr":["457","466","472","475","BP","M","PS","PSK","SŁ","Ż"],"terminus":1,"mode":"bus","color":"#0059a9","colorDark":"#00294f","angle":174.8,"snapDist":4,"label":1}},{"type":"Feature","geometry":{"type":"Point","coordinates":[19.573984,50.274629]},"properties":{"name":"Olkusz Dworzec PKS","lines":"460, 461, 462, 464, 465, 466, 472, 475, 476, BP, M, Ż","arr":["460","461","462","464","465","466","472","475","476","BP","M","Ż"],"terminus":1,"mode":"bus","color":"#0059a9","colorDark":"#00294f","angle":16.4,"snapDist":3,"label":1}},{"type":"Feature","geometry":{"type":"Point","coordinates":[19.498885,50.307561]},"properties":{"name":"Hutki Pętla","lines":"460, 462","arr":["460","462"],"terminus":0,"mode":"bus","color":"#0059a9","colorDark":"#00294f","angle":208.6,"snapDist":7,"label":1}},{"type":"Feature","geometry":{"type":"Point","coordinates":[19.488589,50.297471]},"properties":{"name":"Bolesław Kluczewska","lines":"460, 462","arr":["460","462"],"terminus":0,"mode":"bus","color":"#0059a9","colorDark":"#00294f","angle":296.1,"snapDist":1,"label":1}},{"type":"Feature","geometry":{"type":"Point","coordinates":[19.462679,50.267206]},"properties":{"name":"Bukowno UM","lines":"460, 463, 464, 465, 466, 467","arr":["460","463","464","465","466","467"],"terminus":0,"mode":"bus","color":"#0059a9","colorDark":"#00294f","angle":94.7,"snapDist":8,"label":0}},{"type":"Feature","geometry":{"type":"Point","coordinates":[19.466914,50.27314]},"properties":{"name":"Bukowno Skałka","lines":"460, 463, 464, 465, 466, 467","arr":["460","463","464","465","466","467"],"terminus":0,"mode":"bus","color":"#0059a9","colorDark":"#00294f","angle":114.9,"snapDist":9,"label":0}},{"type":"Feature","geometry":{"type":"Point","coordinates":[19.469705,50.278954]},"properties":{"name":"Bukowno ZGH","lines":"460, 463, 464, 465, 466, 467","arr":["460","463","464","465","466","467"],"terminus":0,"mode":"bus","color":"#0059a9","colorDark":"#00294f","angle":74.4,"snapDist":3,"label":0}},{"type":"Feature","geometry":{"type":"Point","coordinates":[19.469167,50.283609]},"properties":{"name":"Bukowno Diana","lines":"460, 463, 464, 465, 466, 467","arr":["460","463","464","465","466","467"],"terminus":0,"mode":"bus","color":"#0059a9","colorDark":"#00294f","angle":89.3,"snapDist":8,"label":0}},{"type":"Feature","geometry":{"type":"Point","coordinates":[19.460442,50.291602]},"properties":{"name":"Krążek","lines":"460, 463, 464, 465, 466, 467","arr":["460","463","464","465","466","467"],"terminus":0,"mode":"bus","color":"#0059a9","colorDark":"#00294f","angle":43.8,"snapDist":10,"label":1}},{"type":"Feature","geometry":{"type":"Point","coordinates":[19.453746,50.290157]},"properties":{"name":"Krążek II","lines":"460, 467","arr":["460","467"],"terminus":0,"mode":"bus","color":"#0059a9","colorDark":"#00294f","angle":335.8,"snapDist":3,"label":1}},{"type":"Feature","geometry":{"type":"Point","coordinates":[19.44891,50.286387]},"properties":{"name":"Bukowno ul. Wodąca I","lines":"460, 467","arr":["460","467"],"terminus":0,"mode":"bus","color":"#0059a9","colorDark":"#00294f","angle":291.3,"snapDist":4,"label":1}},{"type":"Feature","geometry":{"type":"Point","coordinates":[19.446116,50.281819]},"properties":{"name":"Bukowno ul. Wodąca II","lines":"460, 467","arr":["460","467"],"terminus":0,"mode":"bus","color":"#0059a9","colorDark":"#00294f","angle":291.1,"snapDist":6,"label":1}},{"type":"Feature","geometry":{"type":"Point","coordinates":[19.442881,50.27734]},"properties":{"name":"Bukowno Stare I Remiza","lines":"460, 467","arr":["460","467"],"terminus":0,"mode":"bus","color":"#0059a9","colorDark":"#00294f","angle":28.8,"snapDist":3,"label":1}},{"type":"Feature","geometry":{"type":"Point","coordinates":[19.435554,50.279849]},"properties":{"name":"Bukowno Stare II","lines":"460, 467","arr":["460","467"],"terminus":0,"mode":"bus","color":"#0059a9","colorDark":"#00294f","angle":28.1,"snapDist":3,"label":1}},{"type":"Feature","geometry":{"type":"Point","coordinates":[19.428466,50.28228]},"properties":{"name":"Bukowno Stare III Sklep","lines":"460, 467","arr":["460","467"],"terminus":0,"mode":"bus","color":"#0059a9","colorDark":"#00294f","angle":28,"snapDist":5,"label":1}},{"type":"Feature","geometry":{"type":"Point","coordinates":[19.419419,50.284846]},"properties":{"name":"Bukowno Stare IV","lines":"460, 467","arr":["460","467"],"terminus":0,"mode":"bus","color":"#0059a9","colorDark":"#00294f","angle":13,"snapDist":7,"label":1}},{"type":"Feature","geometry":{"type":"Point","coordinates":[19.410036,50.28631]},"properties":{"name":"Bukowno Stare V","lines":"460, 467","arr":["460","467"],"terminus":0,"mode":"bus","color":"#0059a9","colorDark":"#00294f","angle":13.2,"snapDist":5,"label":1}},{"type":"Feature","geometry":{"type":"Point","coordinates":[19.406194,50.29193]},"properties":{"name":"Międzygórze","lines":"460, 467","arr":["460","467"],"terminus":1,"mode":"bus","color":"#0059a9","colorDark":"#00294f","angle":292.5,"snapDist":7,"label":1}},{"type":"Feature","geometry":{"type":"Point","coordinates":[19.403077,50.287188]},"properties":{"name":"Bukowno Sławkowska Pętla","lines":"460, 467","arr":["460","467"],"terminus":1,"mode":"bus","color":"#0059a9","colorDark":"#00294f","angle":195.5,"snapDist":11,"label":1}},{"type":"Feature","geometry":{"type":"Point","coordinates":[19.406137,50.291844]},"properties":{"name":"Międzygórze","lines":"460, 467","arr":["460","467"],"terminus":1,"mode":"bus","color":"#0059a9","colorDark":"#00294f","angle":112.5,"snapDist":11,"label":0}},{"type":"Feature","geometry":{"type":"Point","coordinates":[19.410026,50.286312]},"properties":{"name":"Bukowno Stare V","lines":"460, 467","arr":["460","467"],"terminus":0,"mode":"bus","color":"#0059a9","colorDark":"#00294f","angle":193.2,"snapDist":9,"label":0}},{"type":"Feature","geometry":{"type":"Point","coordinates":[19.419428,50.284845]},"properties":{"name":"Bukowno Stare IV","lines":"460, 467","arr":["460","467"],"terminus":0,"mode":"bus","color":"#0059a9","colorDark":"#00294f","angle":193,"snapDist":8,"label":0}},{"type":"Feature","geometry":{"type":"Point","coordinates":[19.428406,50.282301]},"properties":{"name":"Bukowno Stare III Sklep","lines":"460, 467","arr":["460","467"],"terminus":0,"mode":"bus","color":"#0059a9","colorDark":"#00294f","angle":208,"snapDist":4,"label":0}},{"type":"Feature","geometry":{"type":"Point","coordinates":[19.435471,50.279878]},"properties":{"name":"Bukowno Stare II","lines":"460, 467","arr":["460","467"],"terminus":0,"mode":"bus","color":"#0059a9","colorDark":"#00294f","angle":208.1,"snapDist":6,"label":0}},{"type":"Feature","geometry":{"type":"Point","coordinates":[19.443526,50.277488]},"properties":{"name":"Bukowno Stare II Remiza","lines":"460, 467","arr":["460","467"],"terminus":0,"mode":"bus","color":"#0059a9","colorDark":"#00294f","angle":26.3,"snapDist":12,"label":1}},{"type":"Feature","geometry":{"type":"Point","coordinates":[19.446094,50.281782]},"properties":{"name":"Bukowno ul. Wodąca II","lines":"460, 467","arr":["460","467"],"terminus":0,"mode":"bus","color":"#0059a9","colorDark":"#00294f","angle":111.1,"snapDist":8,"label":0}},{"type":"Feature","geometry":{"type":"Point","coordinates":[19.449085,50.286672]},"properties":{"name":"Bukowno ul. Wodąca I","lines":"460, 467","arr":["460","467"],"terminus":0,"mode":"bus","color":"#0059a9","colorDark":"#00294f","angle":111.4,"snapDist":12,"label":0}},{"type":"Feature","geometry":{"type":"Point","coordinates":[19.453546,50.290101]},"properties":{"name":"Krążek II","lines":"460, 467","arr":["460","467"],"terminus":0,"mode":"bus","color":"#0059a9","colorDark":"#00294f","angle":157,"snapDist":10,"label":0}},{"type":"Feature","geometry":{"type":"Point","coordinates":[19.45968,50.291828]},"properties":{"name":"Krążek I","lines":"460, 462, 463, 467","arr":["460","462","463","467"],"terminus":0,"mode":"bus","color":"#0059a9","colorDark":"#00294f","angle":157.4,"snapDist":7,"label":0}},{"type":"Feature","geometry":{"type":"Point","coordinates":[19.464323,50.294364]},"properties":{"name":"Bolesław Cmentarz n/ż","lines":"460, 462, 464, 465, 466, 467","arr":["460","462","464","465","466","467"],"terminus":0,"mode":"bus","color":"#0059a9","colorDark":"#00294f","angle":114.2,"snapDist":8,"label":0}},{"type":"Feature","geometry":{"type":"Point","coordinates":[19.470064,50.294931]},"properties":{"name":"Bolesław Szkoła","lines":"460, 461, 462, 463, 464, 465, 466, 467","arr":["460","461","462","463","464","465","466","467"],"terminus":0,"mode":"bus","color":"#0059a9","colorDark":"#00294f","angle":204.3,"snapDist":8,"label":0}},{"type":"Feature","geometry":{"type":"Point","coordinates":[19.478229,50.295522]},"properties":{"name":"Bolesław Centrum","lines":"460, 461, 462, 463, 464, 465, 466, 467","arr":["460","461","462","463","464","465","466","467"],"terminus":0,"mode":"bus","color":"#0059a9","colorDark":"#00294f","angle":143.5,"snapDist":13,"label":0}},{"type":"Feature","geometry":{"type":"Point","coordinates":[19.486009,50.295872]},"properties":{"name":"Bolesław Dąbrówka","lines":"460, 461, 462, 463, 464, 465","arr":["460","461","462","463","464","465"],"terminus":0,"mode":"bus","color":"#0059a9","colorDark":"#00294f","angle":196.1,"snapDist":8,"label":0}},{"type":"Feature","geometry":{"type":"Point","coordinates":[19.497783,50.293732]},"properties":{"name":"Bolesław Szyb","lines":"460, 461, 462, 463, 464, 465","arr":["460","461","462","463","464","465"],"terminus":0,"mode":"bus","color":"#0059a9","colorDark":"#00294f","angle":196.1,"snapDist":7,"label":0}},{"type":"Feature","geometry":{"type":"Point","coordinates":[19.538675,50.287627]},"properties":{"name":"Olkusz \"Stary\"","lines":"460, 461, 462, 463, 464, 465, 466, PSK","arr":["460","461","462","463","464","465","466","PSK"],"terminus":0,"mode":"bus","color":"#0059a9","colorDark":"#00294f","angle":176.3,"snapDist":9,"label":1}},{"type":"Feature","geometry":{"type":"Point","coordinates":[19.551452,50.283594]},"properties":{"name":"Olkusz Skrzyżowanie Stacja \"Statoil\"","lines":"460, 461, 462, 463, 464, 465, 466, 470, 471, 472, 473, 474, 475, 476, 477, PSK","arr":["460","461","462","463","464","465","466","470","471","472","473","474","475","476","477","PSK"],"terminus":0,"mode":"bus","color":"#0059a9","colorDark":"#00294f","angle":191.3,"snapDist":0,"label":0}},{"type":"Feature","geometry":{"type":"Point","coordinates":[19.388612,50.297884]},"properties":{"name":"Sławków Rynek","lines":"460, 461, 463","arr":["460","461","463"],"terminus":1,"mode":"bus","color":"#0059a9","colorDark":"#00294f","angle":135.2,"snapDist":11,"label":1}},{"type":"Feature","geometry":{"type":"Point","coordinates":[19.399543,50.299481]},"properties":{"name":"Sławków Walcownia","lines":"460, 463","arr":["460","463"],"terminus":0,"mode":"bus","color":"#0059a9","colorDark":"#00294f","angle":272,"snapDist":3,"label":0}},{"type":"Feature","geometry":{"type":"Point","coordinates":[19.573245,50.269761]},"properties":{"name":"Olkusz Biema","lines":"460, 465, 470, 474, BP, G","arr":["460","465","470","474","BP","G"],"terminus":0,"mode":"bus","color":"#0059a9","colorDark":"#00294f","angle":247.7,"snapDist":8,"label":0}},{"type":"Feature","geometry":{"type":"Point","coordinates":[19.574412,50.265433]},"properties":{"name":"Olkusz Kościół..","lines":"460, 464, 465, 470, 474, 475, G, PS, PSK","arr":["460","464","465","470","474","475","G","PS","PSK"],"terminus":0,"mode":"bus","color":"#0059a9","colorDark":"#00294f","angle":254.8,"snapDist":12,"label":1}},{"type":"Feature","geometry":{"type":"Point","coordinates":[19.575743,50.262115]},"properties":{"name":"Olkusz \"Ks. Gajewskiego\"","lines":"460, 464, 465, 470, 474, 475, G, PS, PSK","arr":["460","464","465","470","474","475","G","PS","PSK"],"terminus":0,"mode":"bus","color":"#0059a9","colorDark":"#00294f","angle":255.8,"snapDist":3,"label":0}},{"type":"Feature","geometry":{"type":"Point","coordinates":[19.567738,50.260444]},"properties":{"name":"Olkusz Kochanowskiego","lines":"460, 464, 465, 470, 474, 475, M, PS, PSK","arr":["460","464","465","470","474","475","M","PS","PSK"],"terminus":0,"mode":"bus","color":"#0059a9","colorDark":"#00294f","angle":355.6,"snapDist":3,"label":0}},{"type":"Feature","geometry":{"type":"Point","coordinates":[19.562894,50.260759]},"properties":{"name":"Olkusz Os. Młodych Pętla","lines":"460, 464, 465, 466, 470, 474, 475, M, PS, PSK","arr":["460","464","465","466","470","474","475","M","PS","PSK"],"terminus":1,"mode":"bus","color":"#0059a9","colorDark":"#00294f","angle":89.1,"snapDist":1,"label":1}},{"type":"Feature","geometry":{"type":"Point","coordinates":[19.399543,50.299486]},"properties":{"name":"Sławków Walcownia","lines":"460, 463","arr":["460","463"],"terminus":1,"mode":"bus","color":"#0059a9","colorDark":"#00294f","angle":92,"snapDist":4,"label":1}},{"type":"Feature","geometry":{"type":"Point","coordinates":[19.388976,50.298576]},"properties":{"name":"Sławków Rynek","lines":"460, 461, 463","arr":["460","461","463"],"terminus":1,"mode":"bus","color":"#0059a9","colorDark":"#00294f","angle":46.3,"snapDist":10,"label":0}},{"type":"Feature","geometry":{"type":"Point","coordinates":[19.480228,50.297378]},"properties":{"name":"Bolesław Remiza","lines":"461, 463, 464, 466, 467","arr":["461","463","464","466","467"],"terminus":0,"mode":"bus","color":"#0059a9","colorDark":"#00294f","angle":60.7,"snapDist":4,"label":1}},{"type":"Feature","geometry":{"type":"Point","coordinates":[19.478238,50.300532]},"properties":{"name":"Bolesław Wyzwolenia Biedronka","lines":"461, 463, 464, 466","arr":["461","463","464","466"],"terminus":0,"mode":"bus","color":"#0059a9","colorDark":"#00294f","angle":99.9,"snapDist":8,"label":1}},{"type":"Feature","geometry":{"type":"Point","coordinates":[19.479397,50.304721]},"properties":{"name":"Bolesław Wyzwolenia I","lines":"461, 463, 464, 466, 467","arr":["461","463","464","466","467"],"terminus":1,"mode":"bus","color":"#0059a9","colorDark":"#00294f","angle":99.9,"snapDist":11,"label":1}},{"type":"Feature","geometry":{"type":"Point","coordinates":[19.46978,50.308489]},"properties":{"name":"Kolonia I","lines":"461, 463, 464","arr":["461","463","464"],"terminus":0,"mode":"bus","color":"#0059a9","colorDark":"#00294f","angle":59.5,"snapDist":6,"label":1}},{"type":"Feature","geometry":{"type":"Point","coordinates":[19.46468,50.313806]},"properties":{"name":"Kolonia II","lines":"461, 463, 464","arr":["461","463","464"],"terminus":0,"mode":"bus","color":"#0059a9","colorDark":"#00294f","angle":58.5,"snapDist":3,"label":1}},{"type":"Feature","geometry":{"type":"Point","coordinates":[19.460797,50.318124]},"properties":{"name":"Laski Pętla","lines":"461, 463, 464","arr":["461","463","464"],"terminus":1,"mode":"bus","color":"#0059a9","colorDark":"#00294f","angle":17.3,"snapDist":6,"label":1}},{"type":"Feature","geometry":{"type":"Point","coordinates":[19.464651,50.313836]},"properties":{"name":"Kolonia II","lines":"461, 463, 464","arr":["461","463","464"],"terminus":0,"mode":"bus","color":"#0059a9","colorDark":"#00294f","angle":-121.5,"snapDist":5,"label":0}},{"type":"Feature","geometry":{"type":"Point","coordinates":[19.469698,50.308577]},"properties":{"name":"Kolonia I","lines":"461, 463, 464","arr":["461","463","464"],"terminus":0,"mode":"bus","color":"#0059a9","colorDark":"#00294f","angle":-120.5,"snapDist":10,"label":0}},{"type":"Feature","geometry":{"type":"Point","coordinates":[19.479335,50.304494]},"properties":{"name":"Bolesław Wyzwolenia I","lines":"461, 463, 464","arr":["461","463","464"],"terminus":0,"mode":"bus","color":"#0059a9","colorDark":"#00294f","angle":-80.1,"snapDist":5,"label":0}},{"type":"Feature","geometry":{"type":"Point","coordinates":[19.478269,50.300643]},"properties":{"name":"Bolesław Wyzwolenia Biedronka","lines":"461, 463, 464","arr":["461","463","464"],"terminus":0,"mode":"bus","color":"#0059a9","colorDark":"#00294f","angle":-80.1,"snapDist":4,"label":0}},{"type":"Feature","geometry":{"type":"Point","coordinates":[19.480043,50.297588]},"properties":{"name":"Bolesław Remiza","lines":"461, 463, 464","arr":["461","463","464"],"terminus":0,"mode":"bus","color":"#0059a9","colorDark":"#00294f","angle":-119.3,"snapDist":8,"label":0}},{"type":"Feature","geometry":{"type":"Point","coordinates":[19.45967,50.29791]},"properties":{"name":"Bolesław Ćmielówka I","lines":"461, 463","arr":["461","463"],"terminus":0,"mode":"bus","color":"#0059a9","colorDark":"#00294f","angle":23.9,"snapDist":4,"label":1}},{"type":"Feature","geometry":{"type":"Point","coordinates":[19.455005,50.299261]},"properties":{"name":"Bolesław Ćmielówka II","lines":"461, 463","arr":["461","463"],"terminus":0,"mode":"bus","color":"#0059a9","colorDark":"#00294f","angle":25,"snapDist":9,"label":1}},{"type":"Feature","geometry":{"type":"Point","coordinates":[19.445669,50.30032]},"properties":{"name":"Bolesław Ćmielówka III","lines":"461, 463","arr":["461","463"],"terminus":0,"mode":"bus","color":"#0059a9","colorDark":"#00294f","angle":359.7,"snapDist":3,"label":1}},{"type":"Feature","geometry":{"type":"Point","coordinates":[19.442211,50.301882]},"properties":{"name":"Krze","lines":"461, 463","arr":["461","463"],"terminus":0,"mode":"bus","color":"#0059a9","colorDark":"#00294f","angle":53.8,"snapDist":1,"label":1}},{"type":"Feature","geometry":{"type":"Point","coordinates":[19.443833,50.30536]},"properties":{"name":"Ujków Nowy Górna","lines":"461, 463","arr":["461","463"],"terminus":0,"mode":"bus","color":"#0059a9","colorDark":"#00294f","angle":114.3,"snapDist":6,"label":1}},{"type":"Feature","geometry":{"type":"Point","coordinates":[19.436545,50.30559]},"properties":{"name":"Małobądz","lines":"461, 463","arr":["461","463"],"terminus":0,"mode":"bus","color":"#0059a9","colorDark":"#00294f","angle":5,"snapDist":1,"label":1}},{"type":"Feature","geometry":{"type":"Point","coordinates":[19.432288,50.306784]},"properties":{"name":"Małobądz DINO","lines":"461, 463","arr":["461","463"],"terminus":0,"mode":"bus","color":"#0059a9","colorDark":"#00294f","angle":48.1,"snapDist":5,"label":1}},{"type":"Feature","geometry":{"type":"Point","coordinates":[19.425684,50.309358]},"properties":{"name":"Krzykawa Szkoła","lines":"461, 463","arr":["461","463"],"terminus":0,"mode":"bus","color":"#0059a9","colorDark":"#00294f","angle":28,"snapDist":5,"label":1}},{"type":"Feature","geometry":{"type":"Point","coordinates":[19.420173,50.311245]},"properties":{"name":"Krzykawa Remiza","lines":"461, 463","arr":["461","463"],"terminus":1,"mode":"bus","color":"#0059a9","colorDark":"#00294f","angle":29.8,"snapDist":3,"label":1}},{"type":"Feature","geometry":{"type":"Point","coordinates":[19.40098,50.299796]},"properties":{"name":"Sławków Olkuska","lines":"461, 463","arr":["461","463"],"terminus":0,"mode":"bus","color":"#0059a9","colorDark":"#00294f","angle":184,"snapDist":8,"label":1}},{"type":"Feature","geometry":{"type":"Point","coordinates":[19.414552,50.302565]},"properties":{"name":"Krzykawa Skrzyż.","lines":"461, 463","arr":["461","463"],"terminus":1,"mode":"bus","color":"#0059a9","colorDark":"#00294f","angle":94.5,"snapDist":5,"label":1}},{"type":"Feature","geometry":{"type":"Point","coordinates":[19.420101,50.311271]},"properties":{"name":"Krzykawa Remiza","lines":"461, 463","arr":["461","463"],"terminus":0,"mode":"bus","color":"#0059a9","colorDark":"#00294f","angle":209.3,"snapDist":6,"label":0}},{"type":"Feature","geometry":{"type":"Point","coordinates":[19.425553,50.309402]},"properties":{"name":"Krzykawa Szkoła","lines":"461, 463","arr":["461","463"],"terminus":0,"mode":"bus","color":"#0059a9","colorDark":"#00294f","angle":208,"snapDist":8,"label":0}},{"type":"Feature","geometry":{"type":"Point","coordinates":[19.43258,50.306593]},"properties":{"name":"Małobądz DINO","lines":"461, 463","arr":["461","463"],"terminus":0,"mode":"bus","color":"#0059a9","colorDark":"#00294f","angle":223.5,"snapDist":7,"label":0}},{"type":"Feature","geometry":{"type":"Point","coordinates":[19.436432,50.305596]},"properties":{"name":"Małobądz","lines":"461, 463","arr":["461","463"],"terminus":0,"mode":"bus","color":"#0059a9","colorDark":"#00294f","angle":185,"snapDist":8,"label":0}},{"type":"Feature","geometry":{"type":"Point","coordinates":[19.443776,50.30528]},"properties":{"name":"Ujków Nowy Górna","lines":"461, 463","arr":["461","463"],"terminus":0,"mode":"bus","color":"#0059a9","colorDark":"#00294f","angle":294.3,"snapDist":3,"label":0}},{"type":"Feature","geometry":{"type":"Point","coordinates":[19.442348,50.301762]},"properties":{"name":"Krze","lines":"461, 463","arr":["461","463"],"terminus":0,"mode":"bus","color":"#0059a9","colorDark":"#00294f","angle":233.8,"snapDist":4,"label":0}},{"type":"Feature","geometry":{"type":"Point","coordinates":[19.429743,50.29991]},"properties":{"name":"Krze II","lines":"461, 463","arr":["461","463"],"terminus":0,"mode":"bus","color":"#0059a9","colorDark":"#00294f","angle":177,"snapDist":3,"label":1}},{"type":"Feature","geometry":{"type":"Point","coordinates":[19.435462,50.30006]},"properties":{"name":"Krze I","lines":"461, 463","arr":["461","463"],"terminus":0,"mode":"bus","color":"#0059a9","colorDark":"#00294f","angle":177.7,"snapDist":6,"label":1}},{"type":"Feature","geometry":{"type":"Point","coordinates":[19.446082,50.30032]},"properties":{"name":"Bolesław Ćmielówka III","lines":"461, 463","arr":["461","463"],"terminus":0,"mode":"bus","color":"#0059a9","colorDark":"#00294f","angle":180.9,"snapDist":6,"label":0}},{"type":"Feature","geometry":{"type":"Point","coordinates":[19.45521,50.299202]},"properties":{"name":"Bolesław Ćmielówka II","lines":"461, 463","arr":["461","463"],"terminus":0,"mode":"bus","color":"#0059a9","colorDark":"#00294f","angle":204.2,"snapDist":17,"label":0}},{"type":"Feature","geometry":{"type":"Point","coordinates":[19.461789,50.297296]},"properties":{"name":"Bolesław Ćmielówka I","lines":"461, 463","arr":["461","463"],"terminus":0,"mode":"bus","color":"#0059a9","colorDark":"#00294f","angle":204.9,"snapDist":10,"label":0}},{"type":"Feature","geometry":{"type":"Point","coordinates":[19.566647,50.267176]},"properties":{"name":"Olkusz E. Orzeszkowej","lines":"461, 464, 465, 472, 475, 477, BP, PS, PSK, SŁ, Ż","arr":["461","464","465","472","475","477","BP","PS","PSK","SŁ","Ż"],"terminus":1,"mode":"bus","color":"#0059a9","colorDark":"#00294f","angle":49.1,"snapDist":6,"label":1}},{"type":"Feature","geometry":{"type":"Point","coordinates":[19.414544,50.302503]},"properties":{"name":"Krzykawa Skrzyż.","lines":"461, 463","arr":["461","463"],"terminus":0,"mode":"bus","color":"#0059a9","colorDark":"#00294f","angle":274.5,"snapDist":5,"label":0}},{"type":"Feature","geometry":{"type":"Point","coordinates":[19.401561,50.30206]},"properties":{"name":"Sławków ZWM","lines":"461, 463","arr":["461","463"],"terminus":0,"mode":"bus","color":"#0059a9","colorDark":"#00294f","angle":244.6,"snapDist":4,"label":1}},{"type":"Feature","geometry":{"type":"Point","coordinates":[19.401231,50.299786]},"properties":{"name":"Sławków Olkuska","lines":"461, 463","arr":["461","463"],"terminus":0,"mode":"bus","color":"#0059a9","colorDark":"#00294f","angle":3.5,"snapDist":5,"label":0}},{"type":"Feature","geometry":{"type":"Point","coordinates":[19.454313,50.290604]},"properties":{"name":"Krążek III","lines":"462, 463","arr":["462","463"],"terminus":0,"mode":"bus","color":"#0059a9","colorDark":"#00294f","angle":49.3,"snapDist":7,"label":1}},{"type":"Feature","geometry":{"type":"Point","coordinates":[19.446703,50.292271]},"properties":{"name":"Podlipie Remiza","lines":"462, 463","arr":["462","463"],"terminus":0,"mode":"bus","color":"#0059a9","colorDark":"#00294f","angle":10.9,"snapDist":2,"label":1}},{"type":"Feature","geometry":{"type":"Point","coordinates":[19.440342,50.293049]},"properties":{"name":"Podlipie Sklep","lines":"462, 463","arr":["462","463"],"terminus":0,"mode":"bus","color":"#0059a9","colorDark":"#00294f","angle":10.7,"snapDist":6,"label":1}},{"type":"Feature","geometry":{"type":"Point","coordinates":[19.433971,50.293836]},"properties":{"name":"Podlipie Szkoła","lines":"462, 463","arr":["462","463"],"terminus":0,"mode":"bus","color":"#0059a9","colorDark":"#00294f","angle":10.7,"snapDist":4,"label":1}},{"type":"Feature","geometry":{"type":"Point","coordinates":[19.425565,50.294851]},"properties":{"name":"Podlipie PKS","lines":"462, 463","arr":["462","463"],"terminus":0,"mode":"bus","color":"#0059a9","colorDark":"#00294f","angle":11.1,"snapDist":5,"label":1}},{"type":"Feature","geometry":{"type":"Point","coordinates":[19.419504,50.29559]},"properties":{"name":"Podlipie V","lines":"462, 463","arr":["462","463"],"terminus":0,"mode":"bus","color":"#0059a9","colorDark":"#00294f","angle":10.9,"snapDist":4,"label":1}},{"type":"Feature","geometry":{"type":"Point","coordinates":[19.406736,50.292864]},"properties":{"name":"Międzygórze I","lines":"462, 463","arr":["462","463"],"terminus":1,"mode":"bus","color":"#0059a9","colorDark":"#00294f","angle":292.9,"snapDist":6,"label":1}},{"type":"Feature","geometry":{"type":"Point","coordinates":[19.406737,50.292866]},"properties":{"name":"Międzygórze I","lines":"462, 463","arr":["462","463"],"terminus":1,"mode":"bus","color":"#0059a9","colorDark":"#00294f","angle":112.9,"snapDist":7,"label":0}},{"type":"Feature","geometry":{"type":"Point","coordinates":[19.419414,50.295601]},"properties":{"name":"Podlipie V","lines":"462, 463","arr":["462","463"],"terminus":0,"mode":"bus","color":"#0059a9","colorDark":"#00294f","angle":190.9,"snapDist":6,"label":0}},{"type":"Feature","geometry":{"type":"Point","coordinates":[19.425457,50.294864]},"properties":{"name":"Podlipie PKS","lines":"462, 463","arr":["462","463"],"terminus":0,"mode":"bus","color":"#0059a9","colorDark":"#00294f","angle":190.8,"snapDist":7,"label":0}},{"type":"Feature","geometry":{"type":"Point","coordinates":[19.433736,50.293865]},"properties":{"name":"Podlipie Szkoła","lines":"462, 463","arr":["462","463"],"terminus":0,"mode":"bus","color":"#0059a9","colorDark":"#00294f","angle":190.7,"snapDist":7,"label":0}},{"type":"Feature","geometry":{"type":"Point","coordinates":[19.440188,50.293068]},"properties":{"name":"Podlipie Sklep","lines":"462, 463","arr":["462","463"],"terminus":0,"mode":"bus","color":"#0059a9","colorDark":"#00294f","angle":190.7,"snapDist":9,"label":0}},{"type":"Feature","geometry":{"type":"Point","coordinates":[19.447143,50.292217]},"properties":{"name":"Podlipie Remiza","lines":"462, 463","arr":["462","463"],"terminus":0,"mode":"bus","color":"#0059a9","colorDark":"#00294f","angle":190.9,"snapDist":6,"label":0}},{"type":"Feature","geometry":{"type":"Point","coordinates":[19.454184,50.290699]},"properties":{"name":"Krążek III","lines":"462, 463","arr":["462","463"],"terminus":0,"mode":"bus","color":"#0059a9","colorDark":"#00294f","angle":228.6,"snapDist":12,"label":0}},{"type":"Feature","geometry":{"type":"Point","coordinates":[19.488607,50.297494]},"properties":{"name":"Bolesław Kluczewska","lines":"462","arr":["462"],"terminus":0,"mode":"bus","color":"#0059a9","colorDark":"#00294f","angle":116.1,"snapDist":10,"label":0}},{"type":"Feature","geometry":{"type":"Point","coordinates":[19.415901,50.312201]},"properties":{"name":"Krzykawka III","lines":"463","arr":["463"],"terminus":0,"mode":"bus","color":"#0059a9","colorDark":"#00294f","angle":20.1,"snapDist":2,"label":1}},{"type":"Feature","geometry":{"type":"Point","coordinates":[19.410014,50.312936]},"properties":{"name":"Krzykawka II","lines":"463","arr":["463"],"terminus":0,"mode":"bus","color":"#0059a9","colorDark":"#00294f","angle":22.5,"snapDist":3,"label":1}},{"type":"Feature","geometry":{"type":"Point","coordinates":[19.405764,50.314073]},"properties":{"name":"Krzykawka I","lines":"463","arr":["463"],"terminus":0,"mode":"bus","color":"#0059a9","colorDark":"#00294f","angle":20.5,"snapDist":4,"label":1}},{"type":"Feature","geometry":{"type":"Point","coordinates":[19.399499,50.31309]},"properties":{"name":"Sławków Chwaliboskie","lines":"463","arr":["463"],"terminus":0,"mode":"bus","color":"#0059a9","colorDark":"#00294f","angle":291.5,"snapDist":3,"label":1}},{"type":"Feature","geometry":{"type":"Point","coordinates":[19.569531,50.265899]},"properties":{"name":"Olkusz Nałkowskiej","lines":"464, 465, 475, BP, PS, PSK, SŁ","arr":["464","465","475","BP","PS","PSK","SŁ"],"terminus":0,"mode":"bus","color":"#0059a9","colorDark":"#00294f","angle":187.4,"snapDist":5,"label":1}},{"type":"Feature","geometry":{"type":"Point","coordinates":[19.573602,50.265825]},"properties":{"name":"Olkusz Jana Pawła II","lines":"464, 465, 475, BP, M, PS, PSK, SŁ","arr":["464","465","475","BP","M","PS","PSK","SŁ"],"terminus":0,"mode":"bus","color":"#0059a9","colorDark":"#00294f","angle":161.3,"snapDist":10,"label":1}},{"type":"Feature","geometry":{"type":"Point","coordinates":[19.460209,50.271166]},"properties":{"name":"Bukowno Starczynowska","lines":"465","arr":["465"],"terminus":0,"mode":"bus","color":"#0059a9","colorDark":"#00294f","angle":25.1,"snapDist":3,"label":1}},{"type":"Feature","geometry":{"type":"Point","coordinates":[19.455057,50.273201]},"properties":{"name":"Bukowno Wygiełza Pętla","lines":"465","arr":["465"],"terminus":0,"mode":"bus","color":"#0059a9","colorDark":"#00294f","angle":152.2,"snapDist":9,"label":1}},{"type":"Feature","geometry":{"type":"Point","coordinates":[19.460129,50.271189]},"properties":{"name":"Bukowno Starczynowska","lines":"465","arr":["465"],"terminus":0,"mode":"bus","color":"#0059a9","colorDark":"#00294f","angle":-153.9,"snapDist":6,"label":0}},{"type":"Feature","geometry":{"type":"Point","coordinates":[19.561591,50.280002]},"properties":{"name":"Olkusz ul. Górnicza","lines":"466, PS, SŁ, Ż","arr":["466","PS","SŁ","Ż"],"terminus":0,"mode":"bus","color":"#0059a9","colorDark":"#00294f","angle":16.7,"snapDist":1,"label":1}},{"type":"Feature","geometry":{"type":"Point","coordinates":[19.557597,50.279553]},"properties":{"name":"Olkusz ul. Mickiewicza","lines":"466, PS, SŁ, Ż","arr":["466","PS","SŁ","Ż"],"terminus":0,"mode":"bus","color":"#0059a9","colorDark":"#00294f","angle":284.5,"snapDist":5,"label":1}},{"type":"Feature","geometry":{"type":"Point","coordinates":[19.55955,50.277684]},"properties":{"name":"Olkusz Szpitalna","lines":"466, Ż","arr":["466","Ż"],"terminus":0,"mode":"bus","color":"#0059a9","colorDark":"#00294f","angle":274.1,"snapDist":5,"label":1}},{"type":"Feature","geometry":{"type":"Point","coordinates":[19.556602,50.273703]},"properties":{"name":"Olkusz Żuradzka","lines":"466, Ż","arr":["466","Ż"],"terminus":0,"mode":"bus","color":"#0059a9","colorDark":"#00294f","angle":308.1,"snapDist":7,"label":1}},{"type":"Feature","geometry":{"type":"Point","coordinates":[19.548616,50.267957]},"properties":{"name":"Olkusz Mazaniec I","lines":"466","arr":["466"],"terminus":0,"mode":"bus","color":"#0059a9","colorDark":"#00294f","angle":308.9,"snapDist":6,"label":1}},{"type":"Feature","geometry":{"type":"Point","coordinates":[19.543641,50.264769]},"properties":{"name":"Olkusz Mazaniec II","lines":"466, Ż","arr":["466","Ż"],"terminus":0,"mode":"bus","color":"#0059a9","colorDark":"#00294f","angle":305.2,"snapDist":7,"label":1}},{"type":"Feature","geometry":{"type":"Point","coordinates":[19.506651,50.252954]},"properties":{"name":"Bukowno Leśniczówka","lines":"466","arr":["466"],"terminus":0,"mode":"bus","color":"#0059a9","colorDark":"#00294f","angle":356.9,"snapDist":2,"label":1}},{"type":"Feature","geometry":{"type":"Point","coordinates":[19.495415,50.252575]},"properties":{"name":"Bukowno Polis","lines":"466","arr":["466"],"terminus":0,"mode":"bus","color":"#0059a9","colorDark":"#00294f","angle":357.9,"snapDist":6,"label":1}},{"type":"Feature","geometry":{"type":"Point","coordinates":[19.478055,50.26305]},"properties":{"name":"Bukowno Parking","lines":"466","arr":["466"],"terminus":0,"mode":"bus","color":"#0059a9","colorDark":"#00294f","angle":45,"snapDist":5,"label":1}},{"type":"Feature","geometry":{"type":"Point","coordinates":[19.484088,50.266139]},"properties":{"name":"Bukowno Leśna Pętla","lines":"466, 467, 467A","arr":["466","467","467A"],"terminus":1,"mode":"bus","color":"#0059a9","colorDark":"#00294f","angle":225.8,"snapDist":1,"label":1}},{"type":"Feature","geometry":{"type":"Point","coordinates":[19.473962,50.263298]},"properties":{"name":"Bukowno Stadion","lines":"466, 467, 467A","arr":["466","467","467A"],"terminus":0,"mode":"bus","color":"#0059a9","colorDark":"#00294f","angle":346.2,"snapDist":4,"label":1}},{"type":"Feature","geometry":{"type":"Point","coordinates":[19.46624,50.262847]},"properties":{"name":"Bukowno 1 Maja","lines":"466, 467, 467A","arr":["466","467","467A"],"terminus":0,"mode":"bus","color":"#0059a9","colorDark":"#00294f","angle":1.1,"snapDist":4,"label":1}},{"type":"Feature","geometry":{"type":"Point","coordinates":[19.461187,50.262913]},"properties":{"name":"Bukowno Tunel","lines":"466, 467, 467A","arr":["466","467","467A"],"terminus":0,"mode":"bus","color":"#0059a9","colorDark":"#00294f","angle":1.1,"snapDist":5,"label":1}},{"type":"Feature","geometry":{"type":"Point","coordinates":[19.451655,50.263296]},"properties":{"name":"Bukowno Kościół","lines":"466, 467A","arr":["466","467A"],"terminus":0,"mode":"bus","color":"#0059a9","colorDark":"#00294f","angle":10.7,"snapDist":3,"label":1}},{"type":"Feature","geometry":{"type":"Point","coordinates":[19.445913,50.263787]},"properties":{"name":"Bukowno Skrzyżowanie","lines":"466, 467A","arr":["466","467A"],"terminus":0,"mode":"bus","color":"#0059a9","colorDark":"#00294f","angle":354.2,"snapDist":3,"label":1}},{"type":"Feature","geometry":{"type":"Point","coordinates":[19.443217,50.263757]},"properties":{"name":"Bukowno Borowska","lines":"466, 467A","arr":["466","467A"],"terminus":0,"mode":"bus","color":"#0059a9","colorDark":"#00294f","angle":317.2,"snapDist":5,"label":1}},{"type":"Feature","geometry":{"type":"Point","coordinates":[19.430093,50.241955]},"properties":{"name":"Bór Biskupi Przeń","lines":"466, 467, 467A","arr":["466","467","467A"],"terminus":0,"mode":"bus","color":"#0059a9","colorDark":"#00294f","angle":311.9,"snapDist":4,"label":1}},{"type":"Feature","geometry":{"type":"Point","coordinates":[19.428399,50.239131]},"properties":{"name":"Bór Biskupi","lines":"466, 467, 467A","arr":["466","467","467A"],"terminus":0,"mode":"bus","color":"#0059a9","colorDark":"#00294f","angle":276.3,"snapDist":3,"label":1}},{"type":"Feature","geometry":{"type":"Point","coordinates":[19.427258,50.23629]},"properties":{"name":"Bór Biskupi Wiejska","lines":"466, 467, 467A","arr":["466","467","467A"],"terminus":1,"mode":"bus","color":"#0059a9","colorDark":"#00294f","angle":190.2,"snapDist":3,"label":1}},{"type":"Feature","geometry":{"type":"Point","coordinates":[19.426446,50.233559]},"properties":{"name":"Bór Biskupi Pętla","lines":"466, 467, 467A","arr":["466","467","467A"],"terminus":1,"mode":"bus","color":"#0059a9","colorDark":"#00294f","angle":322.4,"snapDist":5,"label":1}},{"type":"Feature","geometry":{"type":"Point","coordinates":[19.428387,50.239062]},"properties":{"name":"Bór Biskupi","lines":"466, 467, 467A","arr":["466","467","467A"],"terminus":0,"mode":"bus","color":"#0059a9","colorDark":"#00294f","angle":96.3,"snapDist":6,"label":0}},{"type":"Feature","geometry":{"type":"Point","coordinates":[19.430434,50.242211]},"properties":{"name":"Bór Biskupi Przeń","lines":"466, 467, 467A","arr":["466","467","467A"],"terminus":0,"mode":"bus","color":"#0059a9","colorDark":"#00294f","angle":128.6,"snapDist":5,"label":0}},{"type":"Feature","geometry":{"type":"Point","coordinates":[19.443247,50.263775]},"properties":{"name":"Bukowno Borowska","lines":"466, 467, 467A","arr":["466","467","467A"],"terminus":0,"mode":"bus","color":"#0059a9","colorDark":"#00294f","angle":137.2,"snapDist":7,"label":0}},{"type":"Feature","geometry":{"type":"Point","coordinates":[19.451324,50.269802]},"properties":{"name":"Bukowno Nowa II","lines":"466","arr":["466"],"terminus":0,"mode":"bus","color":"#0059a9","colorDark":"#00294f","angle":183.3,"snapDist":9,"label":1}},{"type":"Feature","geometry":{"type":"Point","coordinates":[19.4601,50.268329]},"properties":{"name":"Bukowno Nowa I","lines":"466","arr":["466"],"terminus":0,"mode":"bus","color":"#0059a9","colorDark":"#00294f","angle":204.5,"snapDist":8,"label":1}},{"type":"Feature","geometry":{"type":"Point","coordinates":[19.475126,50.233212]},"properties":{"name":"Podlesie Ogrodowa Pętla","lines":"466, 467, 467A","arr":["466","467","467A"],"terminus":1,"mode":"bus","color":"#0059a9","colorDark":"#00294f","angle":19.6,"snapDist":3,"label":1}},{"type":"Feature","geometry":{"type":"Point","coordinates":[19.472751,50.233719]},"properties":{"name":"Podlesie Ogrodowa NŻ","lines":"466, 467, 467A","arr":["466","467","467A"],"terminus":0,"mode":"bus","color":"#0059a9","colorDark":"#00294f","angle":17.7,"snapDist":0,"label":1}},{"type":"Feature","geometry":{"type":"Point","coordinates":[19.467056,50.235241]},"properties":{"name":"Podlesie Ogrodowa","lines":"466, 467, 467A","arr":["466","467","467A"],"terminus":0,"mode":"bus","color":"#0059a9","colorDark":"#00294f","angle":25.5,"snapDist":5,"label":1}},{"type":"Feature","geometry":{"type":"Point","coordinates":[19.464563,50.236385]},"properties":{"name":"Bukowno Ogrodowa II","lines":"466, 467, 467A","arr":["466","467","467A"],"terminus":0,"mode":"bus","color":"#0059a9","colorDark":"#00294f","angle":65.1,"snapDist":4,"label":1}},{"type":"Feature","geometry":{"type":"Point","coordinates":[19.468891,50.244287]},"properties":{"name":"Bukowno Ogrodowa NŻ","lines":"466, 467, 467A","arr":["466","467","467A"],"terminus":0,"mode":"bus","color":"#0059a9","colorDark":"#00294f","angle":198.9,"snapDist":4,"label":1}},{"type":"Feature","geometry":{"type":"Point","coordinates":[19.471685,50.247583]},"properties":{"name":"Bukowno Ogrodowa I","lines":"466, 467, 467A","arr":["466","467","467A"],"terminus":0,"mode":"bus","color":"#0059a9","colorDark":"#00294f","angle":98.6,"snapDist":6,"label":1}},{"type":"Feature","geometry":{"type":"Point","coordinates":[19.457289,50.258819]},"properties":{"name":"Bukowno Mostowa","lines":"466, 467, 467A","arr":["466","467","467A"],"terminus":0,"mode":"bus","color":"#0059a9","colorDark":"#00294f","angle":97.3,"snapDist":7,"label":1}},{"type":"Feature","geometry":{"type":"Point","coordinates":[19.463137,50.262406]},"properties":{"name":"Bukowno Pocztowa","lines":"466, 467, 467A","arr":["466","467","467A"],"terminus":0,"mode":"bus","color":"#0059a9","colorDark":"#00294f","angle":107,"snapDist":7,"label":1}},{"type":"Feature","geometry":{"type":"Point","coordinates":[19.467506,50.262841]},"properties":{"name":"Bukowno 1 Maja","lines":"466, 467, 467A","arr":["466","467","467A"],"terminus":0,"mode":"bus","color":"#0059a9","colorDark":"#00294f","angle":179.4,"snapDist":6,"label":0}},{"type":"Feature","geometry":{"type":"Point","coordinates":[19.474143,50.263327]},"properties":{"name":"Bukowno Stadion","lines":"466, 467, 467A","arr":["466","467","467A"],"terminus":0,"mode":"bus","color":"#0059a9","colorDark":"#00294f","angle":166.2,"snapDist":10,"label":0}},{"type":"Feature","geometry":{"type":"Point","coordinates":[19.563744,50.280766]},"properties":{"name":"Olkusz Supersam ZKG KM","lines":"466, 470, 472, 474, 475, SŁ, WK","arr":["466","470","472","474","475","SŁ","WK"],"terminus":1,"mode":"bus","color":"#0059a9","colorDark":"#00294f","angle":198.7,"snapDist":5,"label":1}},{"type":"Feature","geometry":{"type":"Point","coordinates":[19.467056,50.269234]},"properties":{"name":"Bukowno Leśna I","lines":"466, 467","arr":["466","467"],"terminus":0,"mode":"bus","color":"#0059a9","colorDark":"#00294f","angle":204,"snapDist":14,"label":1}},{"type":"Feature","geometry":{"type":"Point","coordinates":[19.470958,50.268118]},"properties":{"name":"Bukowno Leśna II","lines":"466, 467","arr":["466","467"],"terminus":0,"mode":"bus","color":"#0059a9","colorDark":"#00294f","angle":204.2,"snapDist":8,"label":1}},{"type":"Feature","geometry":{"type":"Point","coordinates":[19.460347,50.268258]},"properties":{"name":"Bukowno Nowa I","lines":"466","arr":["466"],"terminus":0,"mode":"bus","color":"#0059a9","colorDark":"#00294f","angle":24.5,"snapDist":4,"label":0}},{"type":"Feature","geometry":{"type":"Point","coordinates":[19.451212,50.269806]},"properties":{"name":"Bukowno Nowa II","lines":"466","arr":["466"],"terminus":0,"mode":"bus","color":"#0059a9","colorDark":"#00294f","angle":3.3,"snapDist":5,"label":0}},{"type":"Feature","geometry":{"type":"Point","coordinates":[19.446067,50.263796]},"properties":{"name":"Bukowno Skrzyżowanie","lines":"466, 467, 467A","arr":["466","467","467A"],"terminus":0,"mode":"bus","color":"#0059a9","colorDark":"#00294f","angle":175.1,"snapDist":10,"label":0}},{"type":"Feature","geometry":{"type":"Point","coordinates":[19.452114,50.263247]},"properties":{"name":"Bukowno Kościół","lines":"466, 467, 467A","arr":["466","467","467A"],"terminus":0,"mode":"bus","color":"#0059a9","colorDark":"#00294f","angle":187.3,"snapDist":5,"label":0}},{"type":"Feature","geometry":{"type":"Point","coordinates":[19.478016,50.263075]},"properties":{"name":"Bukowno Parking","lines":"466","arr":["466"],"terminus":0,"mode":"bus","color":"#0059a9","colorDark":"#00294f","angle":225,"snapDist":8,"label":0}},{"type":"Feature","geometry":{"type":"Point","coordinates":[19.495212,50.25257]},"properties":{"name":"Bukowno Polis","lines":"466","arr":["466"],"terminus":0,"mode":"bus","color":"#0059a9","colorDark":"#00294f","angle":177.9,"snapDist":9,"label":0}},{"type":"Feature","geometry":{"type":"Point","coordinates":[19.506535,50.25295]},"properties":{"name":"Bukowno Leśniczówka","lines":"466","arr":["466"],"terminus":0,"mode":"bus","color":"#0059a9","colorDark":"#00294f","angle":176.9,"snapDist":9,"label":0}},{"type":"Feature","geometry":{"type":"Point","coordinates":[19.543743,50.26487]},"properties":{"name":"Olkusz Mazaniec II","lines":"466, Ż","arr":["466","Ż"],"terminus":0,"mode":"bus","color":"#0059a9","colorDark":"#00294f","angle":122.1,"snapDist":8,"label":0}},{"type":"Feature","geometry":{"type":"Point","coordinates":[19.548762,50.268072]},"properties":{"name":"Olkusz Mazaniec I","lines":"466, Ż","arr":["466","Ż"],"terminus":0,"mode":"bus","color":"#0059a9","colorDark":"#00294f","angle":128.9,"snapDist":7,"label":0}},{"type":"Feature","geometry":{"type":"Point","coordinates":[19.556714,50.273795]},"properties":{"name":"Olkusz Żuradzka","lines":"466, Ż","arr":["466","Ż"],"terminus":0,"mode":"bus","color":"#0059a9","colorDark":"#00294f","angle":128.1,"snapDist":7,"label":0}},{"type":"Feature","geometry":{"type":"Point","coordinates":[19.560012,50.277839]},"properties":{"name":"Olkusz Szpitalna","lines":"466, PS, Ż","arr":["466","PS","Ż"],"terminus":0,"mode":"bus","color":"#0059a9","colorDark":"#00294f","angle":194.3,"snapDist":5,"label":0}},{"type":"Feature","geometry":{"type":"Point","coordinates":[19.470877,50.268142]},"properties":{"name":"Bukowno Leśna II","lines":"466, 467","arr":["466","467"],"terminus":0,"mode":"bus","color":"#0059a9","colorDark":"#00294f","angle":24.2,"snapDist":5,"label":0}},{"type":"Feature","geometry":{"type":"Point","coordinates":[19.466226,50.26947]},"properties":{"name":"Bukowno Leśna I","lines":"466, 467","arr":["466","467"],"terminus":0,"mode":"bus","color":"#0059a9","colorDark":"#00294f","angle":24,"snapDist":11,"label":0}},{"type":"Feature","geometry":{"type":"Point","coordinates":[19.561778,50.277075]},"properties":{"name":"Olkusz Dworek Machnickich","lines":"466, BP, M, SŁ","arr":["466","BP","M","SŁ"],"terminus":0,"mode":"bus","color":"#0059a9","colorDark":"#00294f","angle":275.9,"snapDist":7,"label":1}},{"type":"Feature","geometry":{"type":"Point","coordinates":[19.561334,50.27402]},"properties":{"name":"Olkusz Basen","lines":"466, BP, M, SŁ","arr":["466","BP","M","SŁ"],"terminus":0,"mode":"bus","color":"#0059a9","colorDark":"#00294f","angle":276.5,"snapDist":7,"label":1}},{"type":"Feature","geometry":{"type":"Point","coordinates":[19.463091,50.262311]},"properties":{"name":"Bukowno Pocztowa","lines":"467, 467A","arr":["467","467A"],"terminus":0,"mode":"bus","color":"#0059a9","colorDark":"#00294f","angle":287,"snapDist":6,"label":0}},{"type":"Feature","geometry":{"type":"Point","coordinates":[19.45721,50.258423]},"properties":{"name":"Bukowno Mostowa","lines":"467, 467A","arr":["467","467A"],"terminus":0,"mode":"bus","color":"#0059a9","colorDark":"#00294f","angle":277.3,"snapDist":6,"label":0}},{"type":"Feature","geometry":{"type":"Point","coordinates":[19.471654,50.247464]},"properties":{"name":"Bukowno Ogrodowa I","lines":"467, 467A","arr":["467","467A"],"terminus":0,"mode":"bus","color":"#0059a9","colorDark":"#00294f","angle":281.8,"snapDist":6,"label":0}},{"type":"Feature","geometry":{"type":"Point","coordinates":[19.468493,50.24402]},"properties":{"name":"Bukowno Ogrodowa NŻ","lines":"467, 467A","arr":["467","467A"],"terminus":0,"mode":"bus","color":"#0059a9","colorDark":"#00294f","angle":125.1,"snapDist":2,"label":0}},{"type":"Feature","geometry":{"type":"Point","coordinates":[19.464661,50.23625]},"properties":{"name":"Bukowno Ogrodowa II","lines":"467, 467A","arr":["467","467A"],"terminus":0,"mode":"bus","color":"#0059a9","colorDark":"#00294f","angle":245.1,"snapDist":5,"label":0}},{"type":"Feature","geometry":{"type":"Point","coordinates":[19.467898,50.234974]},"properties":{"name":"Podlesie Ogrodowa","lines":"467, 467A","arr":["467","467A"],"terminus":0,"mode":"bus","color":"#0059a9","colorDark":"#00294f","angle":208.7,"snapDist":5,"label":0}},{"type":"Feature","geometry":{"type":"Point","coordinates":[19.472683,50.233733]},"properties":{"name":"Podlesie Ogrodowa NŻ","lines":"467, 467A","arr":["467","467A"],"terminus":0,"mode":"bus","color":"#0059a9","colorDark":"#00294f","angle":197.7,"snapDist":5,"label":0}},{"type":"Feature","geometry":{"type":"Point","coordinates":[19.453851,50.257735]},"properties":{"name":"Bukowno Obwodnica","lines":"467","arr":["467"],"terminus":0,"mode":"bus","color":"#0059a9","colorDark":"#00294f","angle":13.2,"snapDist":8,"label":1}},{"type":"Feature","geometry":{"type":"Point","coordinates":[19.546383,50.287168]},"properties":{"name":"Olkusz Skatepark","lines":"470, 471, 473, 474, 476","arr":["470","471","473","474","476"],"terminus":0,"mode":"bus","color":"#0059a9","colorDark":"#00294f","angle":84.6,"snapDist":6,"label":1}},{"type":"Feature","geometry":{"type":"Point","coordinates":[19.54398,50.289766]},"properties":{"name":"Olkusz Pomorzany Stadion","lines":"470, 471, 473, 474, 476","arr":["470","471","473","474","476"],"terminus":0,"mode":"bus","color":"#0059a9","colorDark":"#00294f","angle":54.2,"snapDist":7,"label":1}},{"type":"Feature","geometry":{"type":"Point","coordinates":[19.5443,50.293639]},"properties":{"name":"Olkusz Pomorzany Remiza","lines":"470, 471, 473, 474, 476","arr":["470","471","473","474","476"],"terminus":0,"mode":"bus","color":"#0059a9","colorDark":"#00294f","angle":115.8,"snapDist":5,"label":1}},{"type":"Feature","geometry":{"type":"Point","coordinates":[19.547731,50.302547]},"properties":{"name":"Olkusz Pomorzany Szkoła","lines":"470, 471, 473, 474, 476","arr":["470","471","473","474","476"],"terminus":0,"mode":"bus","color":"#0059a9","colorDark":"#00294f","angle":86.2,"snapDist":6,"label":1}},{"type":"Feature","geometry":{"type":"Point","coordinates":[19.548234,50.307927]},"properties":{"name":"Olkusz Pomorzany Wzniesienie","lines":"470, 471, 473, 474, 476","arr":["470","471","473","474","476"],"terminus":0,"mode":"bus","color":"#0059a9","colorDark":"#00294f","angle":123.5,"snapDist":5,"label":1}},{"type":"Feature","geometry":{"type":"Point","coordinates":[19.553421,50.312353]},"properties":{"name":"Olkusz Pomorzany Las","lines":"470, 471, 473, 474, 476","arr":["470","471","473","474","476"],"terminus":0,"mode":"bus","color":"#0059a9","colorDark":"#00294f","angle":126.7,"snapDist":7,"label":1}},{"type":"Feature","geometry":{"type":"Point","coordinates":[19.561863,50.317615]},"properties":{"name":"Bogucin (skrzyż.)","lines":"470, 471, 472, 473, 474, 476, 477","arr":["470","471","472","473","474","476","477"],"terminus":0,"mode":"bus","color":"#0059a9","colorDark":"#00294f","angle":77.2,"snapDist":8,"label":1}},{"type":"Feature","geometry":{"type":"Point","coordinates":[19.56079,50.329378]},"properties":{"name":"Klucze Kościół","lines":"470, 471, 472, 474, 477","arr":["470","471","472","474","477"],"terminus":0,"mode":"bus","color":"#0059a9","colorDark":"#00294f","angle":99.9,"snapDist":7,"label":1}},{"type":"Feature","geometry":{"type":"Point","coordinates":[19.563864,50.33557]},"properties":{"name":"Klucze Skrzyżowanie","lines":"470, 473, 474, 476","arr":["470","473","474","476"],"terminus":0,"mode":"bus","color":"#0059a9","colorDark":"#00294f","angle":180.9,"snapDist":8,"label":1}},{"type":"Feature","geometry":{"type":"Point","coordinates":[19.577771,50.336453]},"properties":{"name":"Klucze PKS","lines":"470, 473, 474, 476","arr":["470","473","474","476"],"terminus":0,"mode":"bus","color":"#0059a9","colorDark":"#00294f","angle":198.9,"snapDist":5,"label":1}},{"type":"Feature","geometry":{"type":"Point","coordinates":[19.59716,50.335353]},"properties":{"name":"Jaroszowiec Szkoła","lines":"470, 473, 474, 476","arr":["470","473","474","476"],"terminus":0,"mode":"bus","color":"#0059a9","colorDark":"#00294f","angle":165,"snapDist":6,"label":1}},{"type":"Feature","geometry":{"type":"Point","coordinates":[19.60401,50.336605]},"properties":{"name":"Jaroszowiec Huta Szkłomasz","lines":"470, 473, 474, 476","arr":["470","473","474","476"],"terminus":0,"mode":"bus","color":"#0059a9","colorDark":"#00294f","angle":162.2,"snapDist":10,"label":1}},{"type":"Feature","geometry":{"type":"Point","coordinates":[19.618746,50.341971]},"properties":{"name":"Jaroszowiec PKP","lines":"470, 473, 474, 476","arr":["470","473","474","476"],"terminus":1,"mode":"bus","color":"#0059a9","colorDark":"#00294f","angle":76.2,"snapDist":7,"label":1}},{"type":"Feature","geometry":{"type":"Point","coordinates":[19.624718,50.349273]},"properties":{"name":"Jaroszowiec Porąbka","lines":"470, 474","arr":["470","474"],"terminus":0,"mode":"bus","color":"#0059a9","colorDark":"#00294f","angle":136.9,"snapDist":8,"label":1}},{"type":"Feature","geometry":{"type":"Point","coordinates":[19.634491,50.355107]},"properties":{"name":"Jaroszowiec Kobylica","lines":"470, 474","arr":["470","474"],"terminus":0,"mode":"bus","color":"#0059a9","colorDark":"#00294f","angle":136.9,"snapDist":8,"label":1}},{"type":"Feature","geometry":{"type":"Point","coordinates":[19.640697,50.366338]},"properties":{"name":"Kolbark","lines":"470, 474","arr":["470","474"],"terminus":0,"mode":"bus","color":"#0059a9","colorDark":"#00294f","angle":102,"snapDist":8,"label":1}},{"type":"Feature","geometry":{"type":"Point","coordinates":[19.645381,50.377132]},"properties":{"name":"Bydlin Ośrodek Zdrowia","lines":"470, 474","arr":["470","474"],"terminus":0,"mode":"bus","color":"#0059a9","colorDark":"#00294f","angle":105.4,"snapDist":8,"label":1}},{"type":"Feature","geometry":{"type":"Point","coordinates":[19.646538,50.380694]},"properties":{"name":"Bydlin Kościół","lines":"470, 474","arr":["470","474"],"terminus":0,"mode":"bus","color":"#0059a9","colorDark":"#00294f","angle":3.5,"snapDist":2,"label":1}},{"type":"Feature","geometry":{"type":"Point","coordinates":[19.641879,50.384966]},"properties":{"name":"Bydlin Szkoła","lines":"470, 474","arr":["470","474"],"terminus":0,"mode":"bus","color":"#0059a9","colorDark":"#00294f","angle":81,"snapDist":3,"label":1}},{"type":"Feature","geometry":{"type":"Point","coordinates":[19.645452,50.387894]},"properties":{"name":"Bydlin Cmentarz","lines":"470, 474","arr":["470","474"],"terminus":0,"mode":"bus","color":"#0059a9","colorDark":"#00294f","angle":93,"snapDist":4,"label":1}},{"type":"Feature","geometry":{"type":"Point","coordinates":[19.640585,50.393352]},"properties":{"name":"Zawadka","lines":"470, 474","arr":["470","474"],"terminus":0,"mode":"bus","color":"#0059a9","colorDark":"#00294f","angle":7.3,"snapDist":5,"label":1}},{"type":"Feature","geometry":{"type":"Point","coordinates":[19.631837,50.393889]},"properties":{"name":"Krzywopłoty I","lines":"470, 474","arr":["470","474"],"terminus":0,"mode":"bus","color":"#0059a9","colorDark":"#00294f","angle":332.1,"snapDist":6,"label":1}},{"type":"Feature","geometry":{"type":"Point","coordinates":[19.630049,50.39126]},"properties":{"name":"Krzywopłoty","lines":"470, 474","arr":["470","474"],"terminus":0,"mode":"bus","color":"#0059a9","colorDark":"#00294f","angle":247.7,"snapDist":5,"label":1}},{"type":"Feature","geometry":{"type":"Point","coordinates":[19.635126,50.389714]},"properties":{"name":"Krzywopłoty Paderewskiego","lines":"470, 474","arr":["470","474"],"terminus":1,"mode":"bus","color":"#0059a9","colorDark":"#00294f","angle":192.5,"snapDist":6,"label":1}},{"type":"Feature","geometry":{"type":"Point","coordinates":[19.641877,50.384971]},"properties":{"name":"Bydlin Szkoła","lines":"470, 474","arr":["470","474"],"terminus":0,"mode":"bus","color":"#0059a9","colorDark":"#00294f","angle":-99,"snapDist":3,"label":0}},{"type":"Feature","geometry":{"type":"Point","coordinates":[19.646356,50.380715]},"properties":{"name":"Bydlin Kościół","lines":"470, 474","arr":["470","474"],"terminus":0,"mode":"bus","color":"#0059a9","colorDark":"#00294f","angle":-164.4,"snapDist":5,"label":0}},{"type":"Feature","geometry":{"type":"Point","coordinates":[19.645367,50.378015]},"properties":{"name":"Cieślin","lines":"470","arr":["470"],"terminus":0,"mode":"bus","color":"#0059a9","colorDark":"#00294f","angle":11.5,"snapDist":8,"label":1}},{"type":"Feature","geometry":{"type":"Point","coordinates":[19.635339,50.373293]},"properties":{"name":"Cieślin I","lines":"470","arr":["470"],"terminus":0,"mode":"bus","color":"#0059a9","colorDark":"#00294f","angle":322.7,"snapDist":5,"label":1}},{"type":"Feature","geometry":{"type":"Point","coordinates":[19.628253,50.3715]},"properties":{"name":"Cieślin Młyn","lines":"470","arr":["470"],"terminus":0,"mode":"bus","color":"#0059a9","colorDark":"#00294f","angle":356.2,"snapDist":5,"label":1}},{"type":"Feature","geometry":{"type":"Point","coordinates":[19.621722,50.372045]},"properties":{"name":"Cieślin Dom Ludowy","lines":"470","arr":["470"],"terminus":1,"mode":"bus","color":"#0059a9","colorDark":"#00294f","angle":18.5,"snapDist":5,"label":1}},{"type":"Feature","geometry":{"type":"Point","coordinates":[19.608402,50.373762]},"properties":{"name":"Cieślin II","lines":"470","arr":["470"],"terminus":0,"mode":"bus","color":"#0059a9","colorDark":"#00294f","angle":23.2,"snapDist":4,"label":1}},{"type":"Feature","geometry":{"type":"Point","coordinates":[19.585831,50.380306]},"properties":{"name":"Cieślin III","lines":"470","arr":["470"],"terminus":0,"mode":"bus","color":"#0059a9","colorDark":"#00294f","angle":35.5,"snapDist":5,"label":1}},{"type":"Feature","geometry":{"type":"Point","coordinates":[19.588491,50.384376]},"properties":{"name":"Kwaśniów Górny","lines":"470","arr":["470"],"terminus":0,"mode":"bus","color":"#0059a9","colorDark":"#00294f","angle":110,"snapDist":10,"label":1}},{"type":"Feature","geometry":{"type":"Point","coordinates":[19.59491,50.391654]},"properties":{"name":"Kwaśniów Górny II","lines":"470","arr":["470"],"terminus":0,"mode":"bus","color":"#0059a9","colorDark":"#00294f","angle":119.9,"snapDist":20,"label":1}},{"type":"Feature","geometry":{"type":"Point","coordinates":[19.599239,50.396519]},"properties":{"name":"Kwaśniów Górny Glinianki","lines":"470","arr":["470"],"terminus":0,"mode":"bus","color":"#0059a9","colorDark":"#00294f","angle":126.6,"snapDist":35,"label":1}},{"type":"Feature","geometry":{"type":"Point","coordinates":[19.590765,50.403947]},"properties":{"name":"Hucisko I","lines":"470","arr":["470"],"terminus":0,"mode":"bus","color":"#0059a9","colorDark":"#00294f","angle":11.6,"snapDist":10,"label":1}},{"type":"Feature","geometry":{"type":"Point","coordinates":[19.579688,50.406374]},"properties":{"name":"Hucisko Pętla","lines":"470","arr":["470"],"terminus":1,"mode":"bus","color":"#0059a9","colorDark":"#00294f","angle":164.2,"snapDist":7,"label":1}},{"type":"Feature","geometry":{"type":"Point","coordinates":[19.621671,50.372056]},"properties":{"name":"Cieślin Dom Ludowy","lines":"470","arr":["470"],"terminus":1,"mode":"bus","color":"#0059a9","colorDark":"#00294f","angle":198.5,"snapDist":10,"label":0}},{"type":"Feature","geometry":{"type":"Point","coordinates":[19.628354,50.371505]},"properties":{"name":"Cieślin Młyn","lines":"470","arr":["470"],"terminus":0,"mode":"bus","color":"#0059a9","colorDark":"#00294f","angle":176.2,"snapDist":6,"label":0}},{"type":"Feature","geometry":{"type":"Point","coordinates":[19.635176,50.373213]},"properties":{"name":"Cieślin I","lines":"470","arr":["470"],"terminus":0,"mode":"bus","color":"#0059a9","colorDark":"#00294f","angle":142.7,"snapDist":10,"label":0}},{"type":"Feature","geometry":{"type":"Point","coordinates":[19.645371,50.378015]},"properties":{"name":"Cieślin","lines":"470","arr":["470"],"terminus":0,"mode":"bus","color":"#0059a9","colorDark":"#00294f","angle":191.5,"snapDist":10,"label":0}},{"type":"Feature","geometry":{"type":"Point","coordinates":[19.645383,50.377137]},"properties":{"name":"Bydlin Ośrodek Zdrowia","lines":"470, 474","arr":["470","474"],"terminus":0,"mode":"bus","color":"#0059a9","colorDark":"#00294f","angle":285.4,"snapDist":7,"label":0}},{"type":"Feature","geometry":{"type":"Point","coordinates":[19.640726,50.366425]},"properties":{"name":"Kolbark","lines":"470, 474","arr":["470","474"],"terminus":0,"mode":"bus","color":"#0059a9","colorDark":"#00294f","angle":282,"snapDist":7,"label":0}},{"type":"Feature","geometry":{"type":"Point","coordinates":[19.634287,50.354985]},"properties":{"name":"Jaroszowiec Kobylica","lines":"470, 474","arr":["470","474"],"terminus":0,"mode":"bus","color":"#0059a9","colorDark":"#00294f","angle":316.9,"snapDist":6,"label":0}},{"type":"Feature","geometry":{"type":"Point","coordinates":[19.624658,50.349237]},"properties":{"name":"Jaroszowiec Porąbka","lines":"470, 474","arr":["470","474"],"terminus":0,"mode":"bus","color":"#0059a9","colorDark":"#00294f","angle":316.9,"snapDist":6,"label":0}},{"type":"Feature","geometry":{"type":"Point","coordinates":[19.618766,50.341919]},"properties":{"name":"Jaroszowiec PKP","lines":"470, 473, 474","arr":["470","473","474"],"terminus":0,"mode":"bus","color":"#0059a9","colorDark":"#00294f","angle":256.2,"snapDist":8,"label":0}},{"type":"Feature","geometry":{"type":"Point","coordinates":[19.602055,50.336211]},"properties":{"name":"Jaroszowiec Huta Szkłomasz","lines":"470, 473, 474","arr":["470","473","474"],"terminus":0,"mode":"bus","color":"#0059a9","colorDark":"#00294f","angle":342.7,"snapDist":10,"label":0}},{"type":"Feature","geometry":{"type":"Point","coordinates":[19.596646,50.335265]},"properties":{"name":"Jaroszowiec Szkoła","lines":"470, 473, 474","arr":["470","473","474"],"terminus":0,"mode":"bus","color":"#0059a9","colorDark":"#00294f","angle":345,"snapDist":3,"label":0}},{"type":"Feature","geometry":{"type":"Point","coordinates":[19.57757,50.336492]},"properties":{"name":"Klucze PKS","lines":"470, 473, 474","arr":["470","473","474"],"terminus":0,"mode":"bus","color":"#0059a9","colorDark":"#00294f","angle":15.1,"snapDist":7,"label":0}},{"type":"Feature","geometry":{"type":"Point","coordinates":[19.564186,50.335568]},"properties":{"name":"Klucze Skrzyżowanie","lines":"470, 473, 474","arr":["470","473","474"],"terminus":0,"mode":"bus","color":"#0059a9","colorDark":"#00294f","angle":358,"snapDist":5,"label":0}},{"type":"Feature","geometry":{"type":"Point","coordinates":[19.560788,50.329371]},"properties":{"name":"Klucze Kościół","lines":"470, 471, 472, 473, 476, 477","arr":["470","471","472","473","476","477"],"terminus":0,"mode":"bus","color":"#0059a9","colorDark":"#00294f","angle":-80.1,"snapDist":2,"label":0}},{"type":"Feature","geometry":{"type":"Point","coordinates":[19.561953,50.317362]},"properties":{"name":"Bogucin (skrzyż.)","lines":"470, 471, 472, 473, 474, 476, 477","arr":["470","471","472","473","474","476","477"],"terminus":0,"mode":"bus","color":"#0059a9","colorDark":"#00294f","angle":257.2,"snapDist":10,"label":0}},{"type":"Feature","geometry":{"type":"Point","coordinates":[19.553226,50.312187]},"properties":{"name":"Olkusz Pomorzany Las","lines":"470, 473, 474, 476","arr":["470","473","474","476"],"terminus":0,"mode":"bus","color":"#0059a9","colorDark":"#00294f","angle":307.2,"snapDist":6,"label":0}},{"type":"Feature","geometry":{"type":"Point","coordinates":[19.547978,50.307679]},"properties":{"name":"Olkusz Pomorzany Wzniesienie","lines":"470, 473, 474, 476","arr":["470","473","474","476"],"terminus":0,"mode":"bus","color":"#0059a9","colorDark":"#00294f","angle":303.5,"snapDist":6,"label":0}},{"type":"Feature","geometry":{"type":"Point","coordinates":[19.547738,50.302481]},"properties":{"name":"Olkusz Pomorzany Szkoła","lines":"470, 473, 474, 476","arr":["470","473","474","476"],"terminus":0,"mode":"bus","color":"#0059a9","colorDark":"#00294f","angle":266.2,"snapDist":8,"label":0}},{"type":"Feature","geometry":{"type":"Point","coordinates":[19.544163,50.293448]},"properties":{"name":"Olkusz Pomorzany Remiza","lines":"470, 473, 474, 476","arr":["470","473","474","476"],"terminus":0,"mode":"bus","color":"#0059a9","colorDark":"#00294f","angle":294.4,"snapDist":7,"label":0}},{"type":"Feature","geometry":{"type":"Point","coordinates":[19.543977,50.289769]},"properties":{"name":"Olkusz Pomorzany Stadion","lines":"470, 473, 474, 476","arr":["470","473","474","476"],"terminus":0,"mode":"bus","color":"#0059a9","colorDark":"#00294f","angle":234.2,"snapDist":7,"label":0}},{"type":"Feature","geometry":{"type":"Point","coordinates":[19.546398,50.287069]},"properties":{"name":"Olkusz Skatepark","lines":"470, 473, 474, 476","arr":["470","473","474","476"],"terminus":0,"mode":"bus","color":"#0059a9","colorDark":"#00294f","angle":264.6,"snapDist":5,"label":0}},{"type":"Feature","geometry":{"type":"Point","coordinates":[19.526609,50.400751]},"properties":{"name":"Rodaki Pętla","lines":"471, 476, 477","arr":["471","476","477"],"terminus":1,"mode":"bus","color":"#0059a9","colorDark":"#00294f","angle":264.2,"snapDist":10,"label":1}},{"type":"Feature","geometry":{"type":"Point","coordinates":[19.529009,50.397071]},"properties":{"name":"Rodaki I","lines":"471, 476, 477","arr":["471","476","477"],"terminus":0,"mode":"bus","color":"#0059a9","colorDark":"#00294f","angle":275.6,"snapDist":7,"label":1}},{"type":"Feature","geometry":{"type":"Point","coordinates":[19.531865,50.393479]},"properties":{"name":"Rodaki II","lines":"471, 476, 477","arr":["471","476","477"],"terminus":0,"mode":"bus","color":"#0059a9","colorDark":"#00294f","angle":179.9,"snapDist":4,"label":1}},{"type":"Feature","geometry":{"type":"Point","coordinates":[19.538979,50.393752]},"properties":{"name":"Rodaki Kościół","lines":"471, 476, 477","arr":["471","476","477"],"terminus":0,"mode":"bus","color":"#0059a9","colorDark":"#00294f","angle":175.5,"snapDist":6,"label":1}},{"type":"Feature","geometry":{"type":"Point","coordinates":[19.547494,50.393195]},"properties":{"name":"Rodaki Laski","lines":"471, 476, 477","arr":["471","476","477"],"terminus":0,"mode":"bus","color":"#0059a9","colorDark":"#00294f","angle":201.3,"snapDist":4,"label":1}},{"type":"Feature","geometry":{"type":"Point","coordinates":[19.556831,50.390835]},"properties":{"name":"Ryczówek Kąty","lines":"471, 476, 477","arr":["471","476","477"],"terminus":0,"mode":"bus","color":"#0059a9","colorDark":"#00294f","angle":201.5,"snapDist":2,"label":1}},{"type":"Feature","geometry":{"type":"Point","coordinates":[19.560519,50.388308]},"properties":{"name":"Ryczówek Szkoła","lines":"471, 476, 477","arr":["471","476","477"],"terminus":0,"mode":"bus","color":"#0059a9","colorDark":"#00294f","angle":270.5,"snapDist":4,"label":1}},{"type":"Feature","geometry":{"type":"Point","coordinates":[19.560244,50.383874]},"properties":{"name":"Ryczówek Pętla","lines":"471, 476, 477","arr":["471","476","477"],"terminus":0,"mode":"bus","color":"#0059a9","colorDark":"#00294f","angle":282.5,"snapDist":7,"label":1}},{"type":"Feature","geometry":{"type":"Point","coordinates":[19.55702,50.381059]},"properties":{"name":"Ryczówek Kluczewska","lines":"471, 476, 477","arr":["471","476","477"],"terminus":0,"mode":"bus","color":"#0059a9","colorDark":"#00294f","angle":0.8,"snapDist":5,"label":1}},{"type":"Feature","geometry":{"type":"Point","coordinates":[19.551024,50.378882]},"properties":{"name":"Ryczówek I","lines":"471, 476, 477","arr":["471","476","477"],"terminus":0,"mode":"bus","color":"#0059a9","colorDark":"#00294f","angle":331.8,"snapDist":4,"label":1}},{"type":"Feature","geometry":{"type":"Point","coordinates":[19.520897,50.370632]},"properties":{"name":"Chechło","lines":"471, 477","arr":["471","477"],"terminus":0,"mode":"bus","color":"#0059a9","colorDark":"#00294f","angle":345.8,"snapDist":5,"label":1}},{"type":"Feature","geometry":{"type":"Point","coordinates":[19.512097,50.367424]},"properties":{"name":"Chechło Kościół","lines":"471, 472, 476, 477","arr":["471","472","476","477"],"terminus":0,"mode":"bus","color":"#0059a9","colorDark":"#00294f","angle":151.6,"snapDist":5,"label":1}},{"type":"Feature","geometry":{"type":"Point","coordinates":[19.505955,50.366581]},"properties":{"name":"Chechło Hutnicza I","lines":"471, 472","arr":["471","472"],"terminus":0,"mode":"bus","color":"#0059a9","colorDark":"#00294f","angle":346.9,"snapDist":2,"label":1}},{"type":"Feature","geometry":{"type":"Point","coordinates":[19.500897,50.365863]},"properties":{"name":"Chechło Hutnicza","lines":"471, 472","arr":["471","472"],"terminus":0,"mode":"bus","color":"#0059a9","colorDark":"#00294f","angle":347.1,"snapDist":4,"label":1}},{"type":"Feature","geometry":{"type":"Point","coordinates":[19.493441,50.364511]},"properties":{"name":"Chechło Pętla","lines":"471, 472","arr":["471","472"],"terminus":1,"mode":"bus","color":"#0059a9","colorDark":"#00294f","angle":315.2,"snapDist":12,"label":1}},{"type":"Feature","geometry":{"type":"Point","coordinates":[19.476481,50.352189]},"properties":{"name":"Kuźnica Błędowska Pętla","lines":"471","arr":["471"],"terminus":0,"mode":"bus","color":"#0059a9","colorDark":"#00294f","angle":288.6,"snapDist":8,"label":1}},{"type":"Feature","geometry":{"type":"Point","coordinates":[19.501042,50.365884]},"properties":{"name":"Chechło Hutnicza","lines":"471, 472","arr":["471","472"],"terminus":0,"mode":"bus","color":"#0059a9","colorDark":"#00294f","angle":167.1,"snapDist":10,"label":0}},{"type":"Feature","geometry":{"type":"Point","coordinates":[19.506452,50.366655]},"properties":{"name":"Chechło Hutnicza I","lines":"471, 472","arr":["471","472"],"terminus":0,"mode":"bus","color":"#0059a9","colorDark":"#00294f","angle":166.9,"snapDist":5,"label":0}},{"type":"Feature","geometry":{"type":"Point","coordinates":[19.520321,50.367386]},"properties":{"name":"Chechło Szkoła","lines":"471, 472, 477","arr":["471","472","477"],"terminus":0,"mode":"bus","color":"#0059a9","colorDark":"#00294f","angle":204.1,"snapDist":6,"label":1}},{"type":"Feature","geometry":{"type":"Point","coordinates":[19.529677,50.366097]},"properties":{"name":"Chechło Kluczewska","lines":"471, 472, 477","arr":["471","472","477"],"terminus":0,"mode":"bus","color":"#0059a9","colorDark":"#00294f","angle":197.2,"snapDist":3,"label":1}},{"type":"Feature","geometry":{"type":"Point","coordinates":[19.535749,50.365952]},"properties":{"name":"Chechło Kluczewska I","lines":"471, 472, 477","arr":["471","472","477"],"terminus":0,"mode":"bus","color":"#0059a9","colorDark":"#00294f","angle":171.2,"snapDist":5,"label":1}},{"type":"Feature","geometry":{"type":"Point","coordinates":[19.545635,50.364641]},"properties":{"name":"Chechło Las","lines":"471, 472, 477","arr":["471","472","477"],"terminus":0,"mode":"bus","color":"#0059a9","colorDark":"#00294f","angle":210.5,"snapDist":6,"label":1}},{"type":"Feature","geometry":{"type":"Point","coordinates":[19.56018,50.358371]},"properties":{"name":"Chechło Malina","lines":"471, 472, 476, 477","arr":["471","472","476","477"],"terminus":0,"mode":"bus","color":"#0059a9","colorDark":"#00294f","angle":249.3,"snapDist":6,"label":1}},{"type":"Feature","geometry":{"type":"Point","coordinates":[19.562551,50.349541]},"properties":{"name":"Klucze Osada.","lines":"471, 472, 473, 476, 477","arr":["471","472","473","476","477"],"terminus":0,"mode":"bus","color":"#0059a9","colorDark":"#00294f","angle":270.7,"snapDist":6,"label":1}},{"type":"Feature","geometry":{"type":"Point","coordinates":[19.562356,50.341233]},"properties":{"name":"Klucze Osiedle 30-lecia.","lines":"471, 472, 473, 476, 477","arr":["471","472","473","476","477"],"terminus":0,"mode":"bus","color":"#0059a9","colorDark":"#00294f","angle":273.4,"snapDist":8,"label":1}},{"type":"Feature","geometry":{"type":"Point","coordinates":[19.562077,50.337084]},"properties":{"name":"Klucze Park","lines":"471, 472, 473, 476, 477","arr":["471","472","473","476","477"],"terminus":0,"mode":"bus","color":"#0059a9","colorDark":"#00294f","angle":269.5,"snapDist":5,"label":1}},{"type":"Feature","geometry":{"type":"Point","coordinates":[19.563413,50.311105]},"properties":{"name":"Bogucin Mały (las)","lines":"471, 472, 474, 475, 477","arr":["471","472","474","475","477"],"terminus":0,"mode":"bus","color":"#0059a9","colorDark":"#00294f","angle":272.3,"snapDist":4,"label":1}},{"type":"Feature","geometry":{"type":"Point","coordinates":[19.558925,50.291594]},"properties":{"name":"Olkusz 20 Straconych II","lines":"471, 472, 474, 475, 477","arr":["471","472","474","475","477"],"terminus":0,"mode":"bus","color":"#0059a9","colorDark":"#00294f","angle":278.2,"snapDist":4,"label":1}},{"type":"Feature","geometry":{"type":"Point","coordinates":[19.55673,50.284642]},"properties":{"name":"Olkusz 20 Straconych I","lines":"471, 472, 474, 475, 477","arr":["471","472","474","475","477"],"terminus":0,"mode":"bus","color":"#0059a9","colorDark":"#00294f","angle":265.6,"snapDist":6,"label":1}},{"type":"Feature","geometry":{"type":"Point","coordinates":[19.562092,50.336601]},"properties":{"name":"Klucze Park","lines":"471, 472, 473, 476, 477","arr":["471","472","473","476","477"],"terminus":0,"mode":"bus","color":"#0059a9","colorDark":"#00294f","angle":86.6,"snapDist":7,"label":0}},{"type":"Feature","geometry":{"type":"Point","coordinates":[19.56242,50.342001]},"properties":{"name":"Klucze Osiedle 30-lecia.","lines":"471, 472, 473, 476, 477","arr":["471","472","473","476","477"],"terminus":0,"mode":"bus","color":"#0059a9","colorDark":"#00294f","angle":92,"snapDist":8,"label":0}},{"type":"Feature","geometry":{"type":"Point","coordinates":[19.56256,50.350479]},"properties":{"name":"Klucze Osada.","lines":"471, 472, 473, 476, 477","arr":["471","472","473","476","477"],"terminus":0,"mode":"bus","color":"#0059a9","colorDark":"#00294f","angle":90.2,"snapDist":5,"label":0}},{"type":"Feature","geometry":{"type":"Point","coordinates":[19.559385,50.359627]},"properties":{"name":"Chechło Malina","lines":"471, 472, 476, 477","arr":["471","472","476","477"],"terminus":0,"mode":"bus","color":"#0059a9","colorDark":"#00294f","angle":67.6,"snapDist":6,"label":0}},{"type":"Feature","geometry":{"type":"Point","coordinates":[19.545719,50.36461]},"properties":{"name":"Chechło Las","lines":"471, 472, 476, 477","arr":["471","472","476","477"],"terminus":0,"mode":"bus","color":"#0059a9","colorDark":"#00294f","angle":30.5,"snapDist":3,"label":0}},{"type":"Feature","geometry":{"type":"Point","coordinates":[19.535283,50.365906]},"properties":{"name":"Chechło Kluczewska I","lines":"471, 472, 476, 477","arr":["471","472","476","477"],"terminus":0,"mode":"bus","color":"#0059a9","colorDark":"#00294f","angle":351.2,"snapDist":3,"label":0}},{"type":"Feature","geometry":{"type":"Point","coordinates":[19.52921,50.366189]},"properties":{"name":"Chechło Kluczewska","lines":"471, 472, 476, 477","arr":["471","472","476","477"],"terminus":0,"mode":"bus","color":"#0059a9","colorDark":"#00294f","angle":17.2,"snapDist":2,"label":0}},{"type":"Feature","geometry":{"type":"Point","coordinates":[19.520433,50.367354]},"properties":{"name":"Chechło Szkoła","lines":"471, 472, 476, 477","arr":["471","472","476","477"],"terminus":0,"mode":"bus","color":"#0059a9","colorDark":"#00294f","angle":24.1,"snapDist":4,"label":0}},{"type":"Feature","geometry":{"type":"Point","coordinates":[19.521058,50.370651]},"properties":{"name":"Chechło","lines":"471, 476, 477","arr":["471","476","477"],"terminus":0,"mode":"bus","color":"#0059a9","colorDark":"#00294f","angle":169.1,"snapDist":10,"label":0}},{"type":"Feature","geometry":{"type":"Point","coordinates":[19.551095,50.378906]},"properties":{"name":"Ryczówek I","lines":"471, 476, 477","arr":["471","476","477"],"terminus":0,"mode":"bus","color":"#0059a9","colorDark":"#00294f","angle":151.8,"snapDist":10,"label":0}},{"type":"Feature","geometry":{"type":"Point","coordinates":[19.557124,50.381058]},"properties":{"name":"Ryczówek Kluczewska","lines":"471, 476, 477","arr":["471","476","477"],"terminus":0,"mode":"bus","color":"#0059a9","colorDark":"#00294f","angle":180.8,"snapDist":7,"label":0}},{"type":"Feature","geometry":{"type":"Point","coordinates":[19.560262,50.383926]},"properties":{"name":"Ryczówek Pętla","lines":"471, 476, 477","arr":["471","476","477"],"terminus":0,"mode":"bus","color":"#0059a9","colorDark":"#00294f","angle":102.5,"snapDist":6,"label":0}},{"type":"Feature","geometry":{"type":"Point","coordinates":[19.560523,50.388554]},"properties":{"name":"Ryczówek Szkoła","lines":"471, 476, 477","arr":["471","476","477"],"terminus":0,"mode":"bus","color":"#0059a9","colorDark":"#00294f","angle":90.5,"snapDist":3,"label":0}},{"type":"Feature","geometry":{"type":"Point","coordinates":[19.560234,50.390056]},"properties":{"name":"Ryczówek II","lines":"471, 476, 477","arr":["471","476","477"],"terminus":0,"mode":"bus","color":"#0059a9","colorDark":"#00294f","angle":17.2,"snapDist":4,"label":1}},{"type":"Feature","geometry":{"type":"Point","coordinates":[19.556734,50.390859]},"properties":{"name":"Ryczówek Kąty","lines":"471, 476, 477","arr":["471","476","477"],"terminus":0,"mode":"bus","color":"#0059a9","colorDark":"#00294f","angle":21.5,"snapDist":9,"label":0}},{"type":"Feature","geometry":{"type":"Point","coordinates":[19.547444,50.393207]},"properties":{"name":"Rodaki Laski","lines":"471, 476, 477","arr":["471","476","477"],"terminus":0,"mode":"bus","color":"#0059a9","colorDark":"#00294f","angle":21.3,"snapDist":3,"label":0}},{"type":"Feature","geometry":{"type":"Point","coordinates":[19.537407,50.393676]},"properties":{"name":"Rodaki Kościół","lines":"471, 476, 477","arr":["471","476","477"],"terminus":0,"mode":"bus","color":"#0059a9","colorDark":"#00294f","angle":355.8,"snapDist":3,"label":0}},{"type":"Feature","geometry":{"type":"Point","coordinates":[19.531817,50.393479]},"properties":{"name":"Rodaki II","lines":"471, 476, 477","arr":["471","476","477"],"terminus":0,"mode":"bus","color":"#0059a9","colorDark":"#00294f","angle":359.9,"snapDist":5,"label":0}},{"type":"Feature","geometry":{"type":"Point","coordinates":[19.529077,50.397558]},"properties":{"name":"Rodaki I","lines":"471, 476, 477","arr":["471","476","477"],"terminus":0,"mode":"bus","color":"#0059a9","colorDark":"#00294f","angle":86.9,"snapDist":7,"label":0}},{"type":"Feature","geometry":{"type":"Point","coordinates":[19.556683,50.285026]},"properties":{"name":"Olkusz 20 STR.(tym.)","lines":"472, 474, 475, 477","arr":["472","474","475","477"],"terminus":0,"mode":"bus","color":"#0059a9","colorDark":"#00294f","angle":85.6,"snapDist":6,"label":1}},{"type":"Feature","geometry":{"type":"Point","coordinates":[19.558925,50.291596]},"properties":{"name":"Olkusz 20 Straconych II","lines":"472, 474, 475, 477","arr":["472","474","475","477"],"terminus":0,"mode":"bus","color":"#0059a9","colorDark":"#00294f","angle":98.2,"snapDist":9,"label":0}},{"type":"Feature","geometry":{"type":"Point","coordinates":[19.563416,50.311166]},"properties":{"name":"Bogucin Mały (las)","lines":"472, 474, 475, 477","arr":["472","474","475","477"],"terminus":0,"mode":"bus","color":"#0059a9","colorDark":"#00294f","angle":92.3,"snapDist":3,"label":0}},{"type":"Feature","geometry":{"type":"Point","coordinates":[19.512205,50.367462]},"properties":{"name":"Chechło Kościół","lines":"472","arr":["472"],"terminus":0,"mode":"bus","color":"#0059a9","colorDark":"#00294f","angle":331.6,"snapDist":2,"label":0}},{"type":"Feature","geometry":{"type":"Point","coordinates":[19.554931,50.33156]},"properties":{"name":"Klucze Ul. Bolesławska","lines":"473, 476","arr":["473","476"],"terminus":0,"mode":"bus","color":"#0059a9","colorDark":"#00294f","angle":112,"snapDist":7,"label":1}},{"type":"Feature","geometry":{"type":"Point","coordinates":[19.61577,50.34509]},"properties":{"name":"Jaroszowiec Szpital","lines":"473, 474","arr":["473","474"],"terminus":0,"mode":"bus","color":"#0059a9","colorDark":"#00294f","angle":36.5,"snapDist":7,"label":1}},{"type":"Feature","geometry":{"type":"Point","coordinates":[19.619076,50.349801]},"properties":{"name":"Zalesie HOTEL","lines":"473","arr":["473"],"terminus":0,"mode":"bus","color":"#0059a9","colorDark":"#00294f","angle":123,"snapDist":7,"label":1}},{"type":"Feature","geometry":{"type":"Point","coordinates":[19.61933,50.352837]},"properties":{"name":"Zalesie Golczowskie Dolna","lines":"473","arr":["473"],"terminus":0,"mode":"bus","color":"#0059a9","colorDark":"#00294f","angle":87.9,"snapDist":7,"label":1}},{"type":"Feature","geometry":{"type":"Point","coordinates":[19.614864,50.349314]},"properties":{"name":"Zalesie Golczowskie Górna","lines":"473","arr":["473"],"terminus":0,"mode":"bus","color":"#0059a9","colorDark":"#00294f","angle":304.3,"snapDist":1,"label":1}},{"type":"Feature","geometry":{"type":"Point","coordinates":[19.612074,50.347228]},"properties":{"name":"Zalesie Golczowskie","lines":"473, 474","arr":["473","474"],"terminus":0,"mode":"bus","color":"#0059a9","colorDark":"#00294f","angle":48.1,"snapDist":4,"label":1}},{"type":"Feature","geometry":{"type":"Point","coordinates":[19.605896,50.352359]},"properties":{"name":"Zalesie Kamieniołomy","lines":"473, 474","arr":["473","474"],"terminus":0,"mode":"bus","color":"#0059a9","colorDark":"#00294f","angle":59.3,"snapDist":5,"label":1}},{"type":"Feature","geometry":{"type":"Point","coordinates":[19.6026,50.361117]},"properties":{"name":"Golczowice Pętla","lines":"473, 474","arr":["473","474"],"terminus":1,"mode":"bus","color":"#0059a9","colorDark":"#00294f","angle":-12,"snapDist":7,"label":1}},{"type":"Feature","geometry":{"type":"Point","coordinates":[19.605974,50.352273]},"properties":{"name":"Zalesie Kamieniołomy","lines":"473, 474","arr":["473","474"],"terminus":0,"mode":"bus","color":"#0059a9","colorDark":"#00294f","angle":240,"snapDist":4,"label":0}},{"type":"Feature","geometry":{"type":"Point","coordinates":[19.61199,50.347288]},"properties":{"name":"Zalesie Golczowskie","lines":"473, 474","arr":["473","474"],"terminus":0,"mode":"bus","color":"#0059a9","colorDark":"#00294f","angle":-131.9,"snapDist":11,"label":0}},{"type":"Feature","geometry":{"type":"Point","coordinates":[19.615676,50.345134]},"properties":{"name":"Jaroszowiec Szpital","lines":"473, 474","arr":["473","474"],"terminus":0,"mode":"bus","color":"#0059a9","colorDark":"#00294f","angle":216.5,"snapDist":5,"label":0}},{"type":"Feature","geometry":{"type":"Point","coordinates":[19.566748,50.318691]},"properties":{"name":"Bogucin Duży I","lines":"474, 475","arr":["474","475"],"terminus":0,"mode":"bus","color":"#0059a9","colorDark":"#00294f","angle":159.2,"snapDist":11,"label":1}},{"type":"Feature","geometry":{"type":"Point","coordinates":[19.574098,50.32046]},"properties":{"name":"Bogucin Duży II Kiosk","lines":"474, 475","arr":["474","475"],"terminus":0,"mode":"bus","color":"#0059a9","colorDark":"#00294f","angle":159.6,"snapDist":7,"label":1}},{"type":"Feature","geometry":{"type":"Point","coordinates":[19.584425,50.322934]},"properties":{"name":"Bogucin Duży III","lines":"474","arr":["474"],"terminus":0,"mode":"bus","color":"#0059a9","colorDark":"#00294f","angle":159.3,"snapDist":5,"label":1}},{"type":"Feature","geometry":{"type":"Point","coordinates":[19.554873,50.331468]},"properties":{"name":"Klucze Ul. Bolesławska","lines":"474","arr":["474"],"terminus":0,"mode":"bus","color":"#0059a9","colorDark":"#00294f","angle":292,"snapDist":5,"label":0}},{"type":"Feature","geometry":{"type":"Point","coordinates":[19.584284,50.3229]},"properties":{"name":"Bogucin Duży III","lines":"474","arr":["474"],"terminus":0,"mode":"bus","color":"#0059a9","colorDark":"#00294f","angle":339.3,"snapDist":7,"label":0}},{"type":"Feature","geometry":{"type":"Point","coordinates":[19.574236,50.320493]},"properties":{"name":"Bogucin Duży II Kiosk","lines":"474, 475","arr":["474","475"],"terminus":0,"mode":"bus","color":"#0059a9","colorDark":"#00294f","angle":339.6,"snapDist":6,"label":0}},{"type":"Feature","geometry":{"type":"Point","coordinates":[19.566135,50.318549]},"properties":{"name":"Bogucin Duży I","lines":"474, 475","arr":["474","475"],"terminus":0,"mode":"bus","color":"#0059a9","colorDark":"#00294f","angle":340.1,"snapDist":3,"label":0}},{"type":"Feature","geometry":{"type":"Point","coordinates":[19.596123,50.298871]},"properties":{"name":"Rabsztyn","lines":"475","arr":["475"],"terminus":1,"mode":"bus","color":"#0059a9","colorDark":"#00294f","angle":314.8,"snapDist":6,"label":1}},{"type":"Feature","geometry":{"type":"Point","coordinates":[19.588123,50.297027]},"properties":{"name":"Rabsztyn Ogródki Działkowe","lines":"475","arr":["475"],"terminus":0,"mode":"bus","color":"#0059a9","colorDark":"#00294f","angle":344.2,"snapDist":5,"label":1}},{"type":"Feature","geometry":{"type":"Point","coordinates":[19.577125,50.289901]},"properties":{"name":"Sikorka Wzgórze","lines":"475","arr":["475"],"terminus":0,"mode":"bus","color":"#0059a9","colorDark":"#00294f","angle":311.2,"snapDist":5,"label":1}},{"type":"Feature","geometry":{"type":"Point","coordinates":[19.571866,50.287382]},"properties":{"name":"Olkusz Jasna","lines":"475","arr":["475"],"terminus":0,"mode":"bus","color":"#0059a9","colorDark":"#00294f","angle":46.4,"snapDist":3,"label":1}},{"type":"Feature","geometry":{"type":"Point","coordinates":[19.572295,50.290888]},"properties":{"name":"Olkusz Podgrabie","lines":"475","arr":["475"],"terminus":0,"mode":"bus","color":"#0059a9","colorDark":"#00294f","angle":126.8,"snapDist":7,"label":1}},{"type":"Feature","geometry":{"type":"Point","coordinates":[19.57409,50.295927]},"properties":{"name":"Olkusz Podgrabie I","lines":"475","arr":["475"],"terminus":0,"mode":"bus","color":"#0059a9","colorDark":"#00294f","angle":98.1,"snapDist":3,"label":1}},{"type":"Feature","geometry":{"type":"Point","coordinates":[19.57472,50.300562]},"properties":{"name":"Olkusz Podgrabie II","lines":"475","arr":["475"],"terminus":0,"mode":"bus","color":"#0059a9","colorDark":"#00294f","angle":96,"snapDist":3,"label":1}},{"type":"Feature","geometry":{"type":"Point","coordinates":[19.577326,50.305011]},"properties":{"name":"Bogucin Mały I","lines":"475","arr":["475"],"terminus":0,"mode":"bus","color":"#0059a9","colorDark":"#00294f","angle":86.5,"snapDist":3,"label":1}},{"type":"Feature","geometry":{"type":"Point","coordinates":[19.576873,50.309806]},"properties":{"name":"Bogucin Mały Sklep","lines":"475","arr":["475"],"terminus":0,"mode":"bus","color":"#0059a9","colorDark":"#00294f","angle":86.5,"snapDist":2,"label":1}},{"type":"Feature","geometry":{"type":"Point","coordinates":[19.576422,50.314581]},"properties":{"name":"Bogucin Mały","lines":"475","arr":["475"],"terminus":0,"mode":"bus","color":"#0059a9","colorDark":"#00294f","angle":87.2,"snapDist":3,"label":1}},{"type":"Feature","geometry":{"type":"Point","coordinates":[19.569757,50.28445]},"properties":{"name":"Olkusz Rabsztyńska Wulkanizacja","lines":"475","arr":["475"],"terminus":1,"mode":"bus","color":"#0059a9","colorDark":"#00294f","angle":131.1,"snapDist":8,"label":1}},{"type":"Feature","geometry":{"type":"Point","coordinates":[19.561338,50.274045]},"properties":{"name":"Olkusz Basen","lines":"475, BP, M, SŁ","arr":["475","BP","M","SŁ"],"terminus":0,"mode":"bus","color":"#0059a9","colorDark":"#00294f","angle":96.5,"snapDist":7,"label":0}},{"type":"Feature","geometry":{"type":"Point","coordinates":[19.561797,50.277171]},"properties":{"name":"Olkusz Dworek Machnickich","lines":"475, BP, M, SŁ","arr":["475","BP","M","SŁ"],"terminus":0,"mode":"bus","color":"#0059a9","colorDark":"#00294f","angle":97.1,"snapDist":6,"label":0}},{"type":"Feature","geometry":{"type":"Point","coordinates":[19.576409,50.314747]},"properties":{"name":"Bogucin Mały","lines":"475","arr":["475"],"terminus":0,"mode":"bus","color":"#0059a9","colorDark":"#00294f","angle":267.2,"snapDist":3,"label":0}},{"type":"Feature","geometry":{"type":"Point","coordinates":[19.5769,50.309527]},"properties":{"name":"Bogucin Mały Sklep","lines":"475","arr":["475"],"terminus":0,"mode":"bus","color":"#0059a9","colorDark":"#00294f","angle":266.5,"snapDist":1,"label":0}},{"type":"Feature","geometry":{"type":"Point","coordinates":[19.577352,50.304742]},"properties":{"name":"Bogucin Mały I","lines":"475","arr":["475"],"terminus":0,"mode":"bus","color":"#0059a9","colorDark":"#00294f","angle":266.5,"snapDist":3,"label":0}},{"type":"Feature","geometry":{"type":"Point","coordinates":[19.574683,50.300339]},"properties":{"name":"Olkusz Podgrabie II","lines":"475","arr":["475"],"terminus":0,"mode":"bus","color":"#0059a9","colorDark":"#00294f","angle":276,"snapDist":1,"label":0}},{"type":"Feature","geometry":{"type":"Point","coordinates":[19.574003,50.295675]},"properties":{"name":"Olkusz Podgrabie I","lines":"475","arr":["475"],"terminus":0,"mode":"bus","color":"#0059a9","colorDark":"#00294f","angle":286.1,"snapDist":4,"label":0}},{"type":"Feature","geometry":{"type":"Point","coordinates":[19.572105,50.290726]},"properties":{"name":"Olkusz Podgrabie","lines":"475","arr":["475"],"terminus":0,"mode":"bus","color":"#0059a9","colorDark":"#00294f","angle":306.8,"snapDist":2,"label":0}},{"type":"Feature","geometry":{"type":"Point","coordinates":[19.571789,50.287433]},"properties":{"name":"Olkusz Jasna","lines":"475","arr":["475"],"terminus":0,"mode":"bus","color":"#0059a9","colorDark":"#00294f","angle":226.4,"snapDist":4,"label":0}},{"type":"Feature","geometry":{"type":"Point","coordinates":[19.569305,50.284123]},"properties":{"name":"Olkusz Rabsztyńska Wulkanizacja","lines":"475","arr":["475"],"terminus":1,"mode":"bus","color":"#0059a9","colorDark":"#00294f","angle":311.3,"snapDist":8,"label":0}},{"type":"Feature","geometry":{"type":"Point","coordinates":[19.577683,50.290321]},"properties":{"name":"Sikorka Wzgórze","lines":"475","arr":["475"],"terminus":0,"mode":"bus","color":"#0059a9","colorDark":"#00294f","angle":130,"snapDist":6,"label":0}},{"type":"Feature","geometry":{"type":"Point","coordinates":[19.589068,50.29719]},"properties":{"name":"Rabsztyn Ogródki Działkowe","lines":"475","arr":["475"],"terminus":0,"mode":"bus","color":"#0059a9","colorDark":"#00294f","angle":164.6,"snapDist":6,"label":0}},{"type":"Feature","geometry":{"type":"Point","coordinates":[19.597004,50.299436]},"properties":{"name":"Rabsztyn","lines":"475","arr":["475"],"terminus":1,"mode":"bus","color":"#0059a9","colorDark":"#00294f","angle":134.7,"snapDist":6,"label":0}},{"type":"Feature","geometry":{"type":"Point","coordinates":[19.552491,50.369735]},"properties":{"name":"Ryczówek Kolonia Godawica","lines":"476","arr":["476"],"terminus":0,"mode":"bus","color":"#0059a9","colorDark":"#00294f","angle":244.8,"snapDist":14,"label":1}},{"type":"Feature","geometry":{"type":"Point","coordinates":[19.562051,50.389679]},"properties":{"name":"Ryczówek II","lines":"476","arr":["476"],"terminus":0,"mode":"bus","color":"#0059a9","colorDark":"#00294f","angle":198.5,"snapDist":4,"label":0}},{"type":"Feature","geometry":{"type":"Point","coordinates":[19.570554,50.387993]},"properties":{"name":"Ryczówek","lines":"476","arr":["476"],"terminus":0,"mode":"bus","color":"#0059a9","colorDark":"#00294f","angle":196.8,"snapDist":7,"label":1}},{"type":"Feature","geometry":{"type":"Point","coordinates":[19.588491,50.384377]},"properties":{"name":"Kwaśniów Górny","lines":"476","arr":["476"],"terminus":0,"mode":"bus","color":"#0059a9","colorDark":"#00294f","angle":290,"snapDist":5,"label":0}},{"type":"Feature","geometry":{"type":"Point","coordinates":[19.583014,50.377571]},"properties":{"name":"Kwaśniów Dolny","lines":"476","arr":["476"],"terminus":0,"mode":"bus","color":"#0059a9","colorDark":"#00294f","angle":297.8,"snapDist":5,"label":1}},{"type":"Feature","geometry":{"type":"Point","coordinates":[19.590148,50.271722]},"properties":{"name":"Olkusz al.Tysiąclecia","lines":"BP, WK","arr":["BP","WK"],"terminus":0,"mode":"bus","color":"#0059a9","colorDark":"#00294f","angle":199.1,"snapDist":6,"label":0}},{"type":"Feature","geometry":{"type":"Point","coordinates":[19.597416,50.275055]},"properties":{"name":"Olkusz Zagaje","lines":"BP, WK","arr":["BP","WK"],"terminus":0,"mode":"bus","color":"#0059a9","colorDark":"#00294f","angle":125.1,"snapDist":5,"label":1}},{"type":"Feature","geometry":{"type":"Point","coordinates":[19.601324,50.279705]},"properties":{"name":"Olkusz Zagaje II","lines":"BP, WK","arr":["BP","WK"],"terminus":0,"mode":"bus","color":"#0059a9","colorDark":"#00294f","angle":113.8,"snapDist":4,"label":1}},{"type":"Feature","geometry":{"type":"Point","coordinates":[19.648677,50.336783]},"properties":{"name":"Pazurek Kapliczka","lines":"BP","arr":["BP"],"terminus":0,"mode":"bus","color":"#0059a9","colorDark":"#00294f","angle":181.9,"snapDist":11,"label":1}},{"type":"Feature","geometry":{"type":"Point","coordinates":[19.643538,50.335423]},"properties":{"name":"Pazurek","lines":"BP","arr":["BP"],"terminus":0,"mode":"bus","color":"#0059a9","colorDark":"#00294f","angle":220.7,"snapDist":8,"label":0}},{"type":"Feature","geometry":{"type":"Point","coordinates":[19.647523,50.332111]},"properties":{"name":"Pazurek Ziemkówka","lines":"BP","arr":["BP"],"terminus":0,"mode":"bus","color":"#0059a9","colorDark":"#00294f","angle":241.7,"snapDist":7,"label":1}},{"type":"Feature","geometry":{"type":"Point","coordinates":[19.648813,50.325888]},"properties":{"name":"Podlesie","lines":"BP","arr":["BP"],"terminus":0,"mode":"bus","color":"#0059a9","colorDark":"#00294f","angle":302.7,"snapDist":8,"label":1}},{"type":"Feature","geometry":{"type":"Point","coordinates":[19.644708,50.323037]},"properties":{"name":"Podlesie Pętla","lines":"BP","arr":["BP"],"terminus":0,"mode":"bus","color":"#0059a9","colorDark":"#00294f","angle":319.5,"snapDist":6,"label":1}},{"type":"Feature","geometry":{"type":"Point","coordinates":[19.638915,50.319893]},"properties":{"name":"Podlesie Kiosk","lines":"BP","arr":["BP"],"terminus":0,"mode":"bus","color":"#0059a9","colorDark":"#00294f","angle":319.5,"snapDist":4,"label":1}},{"type":"Feature","geometry":{"type":"Point","coordinates":[19.629947,50.313262]},"properties":{"name":"Podlesie II","lines":"BP","arr":["BP"],"terminus":0,"mode":"bus","color":"#0059a9","colorDark":"#00294f","angle":307.2,"snapDist":7,"label":0}},{"type":"Feature","geometry":{"type":"Point","coordinates":[19.62475,50.308738]},"properties":{"name":"Podlesie I","lines":"BP","arr":["BP"],"terminus":0,"mode":"bus","color":"#0059a9","colorDark":"#00294f","angle":305.3,"snapDist":6,"label":1}},{"type":"Feature","geometry":{"type":"Point","coordinates":[19.611219,50.304591]},"properties":{"name":"Troks Las","lines":"BP","arr":["BP"],"terminus":0,"mode":"bus","color":"#0059a9","colorDark":"#00294f","angle":-146.5,"snapDist":5,"label":1}},{"type":"Feature","geometry":{"type":"Point","coordinates":[19.631392,50.301319]},"properties":{"name":"Troks","lines":"BP","arr":["BP"],"terminus":0,"mode":"bus","color":"#0059a9","colorDark":"#00294f","angle":166.7,"snapDist":5,"label":1}},{"type":"Feature","geometry":{"type":"Point","coordinates":[19.645114,50.302773]},"properties":{"name":"Troks Szkoła","lines":"BP","arr":["BP"],"terminus":0,"mode":"bus","color":"#0059a9","colorDark":"#00294f","angle":177.4,"snapDist":7,"label":1}},{"type":"Feature","geometry":{"type":"Point","coordinates":[19.65147,50.305772]},"properties":{"name":"Troks III","lines":"BP","arr":["BP"],"terminus":0,"mode":"bus","color":"#0059a9","colorDark":"#00294f","angle":142.8,"snapDist":8,"label":1}},{"type":"Feature","geometry":{"type":"Point","coordinates":[19.65562,50.307594]},"properties":{"name":"Braciejówka Cmentarz","lines":"BP","arr":["BP"],"terminus":0,"mode":"bus","color":"#0059a9","colorDark":"#00294f","angle":136.1,"snapDist":9,"label":1}},{"type":"Feature","geometry":{"type":"Point","coordinates":[19.66283,50.307844]},"properties":{"name":"Braciejówka","lines":"BP","arr":["BP"],"terminus":0,"mode":"bus","color":"#0059a9","colorDark":"#00294f","angle":180.9,"snapDist":5,"label":1}},{"type":"Feature","geometry":{"type":"Point","coordinates":[19.66866,50.30652]},"properties":{"name":"Braciejówka Pętla","lines":"BP","arr":["BP"],"terminus":1,"mode":"bus","color":"#0059a9","colorDark":"#00294f","angle":225.8,"snapDist":5,"label":1}},{"type":"Feature","geometry":{"type":"Point","coordinates":[19.665112,50.305675]},"properties":{"name":"Braciejówka Szkoła Południe","lines":"BP","arr":["BP"],"terminus":0,"mode":"bus","color":"#0059a9","colorDark":"#00294f","angle":2.4,"snapDist":3,"label":1}},{"type":"Feature","geometry":{"type":"Point","coordinates":[19.660629,50.308095]},"properties":{"name":"Braciejówka","lines":"BP","arr":["BP"],"terminus":0,"mode":"bus","color":"#0059a9","colorDark":"#00294f","angle":1.9,"snapDist":2,"label":0}},{"type":"Feature","geometry":{"type":"Point","coordinates":[19.655568,50.307562]},"properties":{"name":"Braciejówka Cmentarz","lines":"BP","arr":["BP"],"terminus":0,"mode":"bus","color":"#0059a9","colorDark":"#00294f","angle":316.1,"snapDist":4,"label":0}},{"type":"Feature","geometry":{"type":"Point","coordinates":[19.651053,50.30557]},"properties":{"name":"Troks III","lines":"BP","arr":["BP"],"terminus":0,"mode":"bus","color":"#0059a9","colorDark":"#00294f","angle":322.8,"snapDist":1,"label":0}},{"type":"Feature","geometry":{"type":"Point","coordinates":[19.645318,50.302779]},"properties":{"name":"Troks Szkoła","lines":"BP","arr":["BP"],"terminus":0,"mode":"bus","color":"#0059a9","colorDark":"#00294f","angle":-1.7,"snapDist":4,"label":0}},{"type":"Feature","geometry":{"type":"Point","coordinates":[19.630874,50.301242]},"properties":{"name":"Troks","lines":"BP","arr":["BP"],"terminus":0,"mode":"bus","color":"#0059a9","colorDark":"#00294f","angle":346.9,"snapDist":4,"label":0}},{"type":"Feature","geometry":{"type":"Point","coordinates":[19.611048,50.30466]},"properties":{"name":"Troks Las","lines":"BP","arr":["BP"],"terminus":0,"mode":"bus","color":"#0059a9","colorDark":"#00294f","angle":31.6,"snapDist":5,"label":0}},{"type":"Feature","geometry":{"type":"Point","coordinates":[19.600775,50.278923]},"properties":{"name":"Olkusz Zagaje II","lines":"BP, WK","arr":["BP","WK"],"terminus":0,"mode":"bus","color":"#0059a9","colorDark":"#00294f","angle":294.2,"snapDist":7,"label":0}},{"type":"Feature","geometry":{"type":"Point","coordinates":[19.596648,50.274336]},"properties":{"name":"Olkusz Zagaje","lines":"BP, WK","arr":["BP","WK"],"terminus":0,"mode":"bus","color":"#0059a9","colorDark":"#00294f","angle":304.6,"snapDist":7,"label":0}},{"type":"Feature","geometry":{"type":"Point","coordinates":[19.573563,50.265816]},"properties":{"name":"Olkusz Jana Pawła II","lines":"BP, M, PS, PSK, SŁ","arr":["BP","M","PS","PSK","SŁ"],"terminus":0,"mode":"bus","color":"#0059a9","colorDark":"#00294f","angle":341.3,"snapDist":4,"label":0}},{"type":"Feature","geometry":{"type":"Point","coordinates":[19.570246,50.265843]},"properties":{"name":"Olkusz Nałkowskiej","lines":"BP, PS, PSK, SŁ","arr":["BP","PS","PSK","SŁ"],"terminus":0,"mode":"bus","color":"#0059a9","colorDark":"#00294f","angle":6.7,"snapDist":4,"label":0}},{"type":"Feature","geometry":{"type":"Point","coordinates":[19.624632,50.308632]},"properties":{"name":"Podlesie I","lines":"BP","arr":["BP"],"terminus":0,"mode":"bus","color":"#0059a9","colorDark":"#00294f","angle":125.3,"snapDist":3,"label":0}},{"type":"Feature","geometry":{"type":"Point","coordinates":[19.629812,50.313149]},"properties":{"name":"Podlesie II","lines":"BP","arr":["BP"],"terminus":1,"mode":"bus","color":"#0059a9","colorDark":"#00294f","angle":127.2,"snapDist":5,"label":1}},{"type":"Feature","geometry":{"type":"Point","coordinates":[19.638766,50.319806]},"properties":{"name":"Podlesie Kiosk","lines":"BP","arr":["BP"],"terminus":0,"mode":"bus","color":"#0059a9","colorDark":"#00294f","angle":138.7,"snapDist":7,"label":0}},{"type":"Feature","geometry":{"type":"Point","coordinates":[19.644509,50.322928]},"properties":{"name":"Podlesie Pętla","lines":"BP","arr":["BP"],"terminus":0,"mode":"bus","color":"#0059a9","colorDark":"#00294f","angle":139.4,"snapDist":7,"label":0}},{"type":"Feature","geometry":{"type":"Point","coordinates":[19.648855,50.32593]},"properties":{"name":"Podlesie","lines":"BP","arr":["BP"],"terminus":0,"mode":"bus","color":"#0059a9","colorDark":"#00294f","angle":122.7,"snapDist":5,"label":0}},{"type":"Feature","geometry":{"type":"Point","coordinates":[19.647602,50.332016]},"properties":{"name":"Pazurek Ziemkówka","lines":"BP","arr":["BP"],"terminus":0,"mode":"bus","color":"#0059a9","colorDark":"#00294f","angle":61.7,"snapDist":9,"label":0}},{"type":"Feature","geometry":{"type":"Point","coordinates":[19.642633,50.335396]},"properties":{"name":"Pazurek","lines":"BP","arr":["BP"],"terminus":1,"mode":"bus","color":"#0059a9","colorDark":"#00294f","angle":329.2,"snapDist":7,"label":1}},{"type":"Feature","geometry":{"type":"Point","coordinates":[19.576745,50.258056]},"properties":{"name":"Witeradów I","lines":"G","arr":["G"],"terminus":0,"mode":"bus","color":"#0059a9","colorDark":"#00294f","angle":268.5,"snapDist":5,"label":1}},{"type":"Feature","geometry":{"type":"Point","coordinates":[19.576646,50.253439]},"properties":{"name":"Witeradów II","lines":"G","arr":["G"],"terminus":0,"mode":"bus","color":"#0059a9","colorDark":"#00294f","angle":274.1,"snapDist":5,"label":1}},{"type":"Feature","geometry":{"type":"Point","coordinates":[19.578059,50.247961]},"properties":{"name":"Witeradów III","lines":"G","arr":["G"],"terminus":0,"mode":"bus","color":"#0059a9","colorDark":"#00294f","angle":241.8,"snapDist":3,"label":1}},{"type":"Feature","geometry":{"type":"Point","coordinates":[19.579075,50.245587]},"properties":{"name":"Witeradów","lines":"G","arr":["G"],"terminus":0,"mode":"bus","color":"#0059a9","colorDark":"#00294f","angle":266.3,"snapDist":2,"label":1}},{"type":"Feature","geometry":{"type":"Point","coordinates":[19.580091,50.242175]},"properties":{"name":"Witeradów IV","lines":"G","arr":["G"],"terminus":1,"mode":"bus","color":"#0059a9","colorDark":"#00294f","angle":245.3,"snapDist":10,"label":1}},{"type":"Feature","geometry":{"type":"Point","coordinates":[19.586887,50.224366]},"properties":{"name":"Gorenice Wilcze Doły","lines":"G","arr":["G"],"terminus":0,"mode":"bus","color":"#0059a9","colorDark":"#00294f","angle":262.5,"snapDist":20,"label":1}},{"type":"Feature","geometry":{"type":"Point","coordinates":[19.597751,50.207594]},"properties":{"name":"Gorenice Leśna I","lines":"G","arr":["G"],"terminus":0,"mode":"bus","color":"#0059a9","colorDark":"#00294f","angle":324.2,"snapDist":3,"label":1}},{"type":"Feature","geometry":{"type":"Point","coordinates":[19.593888,50.207693]},"properties":{"name":"Gorenice Leśna","lines":"G","arr":["G"],"terminus":0,"mode":"bus","color":"#0059a9","colorDark":"#00294f","angle":25.2,"snapDist":4,"label":1}},{"type":"Feature","geometry":{"type":"Point","coordinates":[19.59287,50.204831]},"properties":{"name":"Gorenice Kąty II","lines":"G","arr":["G"],"terminus":0,"mode":"bus","color":"#0059a9","colorDark":"#00294f","angle":161.9,"snapDist":11,"label":1}},{"type":"Feature","geometry":{"type":"Point","coordinates":[19.598449,50.206442]},"properties":{"name":"Gorenice Kąty I","lines":"G","arr":["G"],"terminus":0,"mode":"bus","color":"#0059a9","colorDark":"#00294f","angle":176.8,"snapDist":6,"label":1}},{"type":"Feature","geometry":{"type":"Point","coordinates":[19.608211,50.208174]},"properties":{"name":"Gorenice Remiza","lines":"G","arr":["G"],"terminus":0,"mode":"bus","color":"#0059a9","colorDark":"#00294f","angle":172.4,"snapDist":6,"label":1}},{"type":"Feature","geometry":{"type":"Point","coordinates":[19.612318,50.208471]},"properties":{"name":"Gorenice Szkoła","lines":"G","arr":["G"],"terminus":0,"mode":"bus","color":"#0059a9","colorDark":"#00294f","angle":204.1,"snapDist":9,"label":1}},{"type":"Feature","geometry":{"type":"Point","coordinates":[19.618201,50.207639]},"properties":{"name":"Gorenice Dołek","lines":"G","arr":["G"],"terminus":0,"mode":"bus","color":"#0059a9","colorDark":"#00294f","angle":189.8,"snapDist":6,"label":1}},{"type":"Feature","geometry":{"type":"Point","coordinates":[19.625098,50.206673]},"properties":{"name":"Gorenice Wzniesienie","lines":"G","arr":["G"],"terminus":0,"mode":"bus","color":"#0059a9","colorDark":"#00294f","angle":194,"snapDist":8,"label":1}},{"type":"Feature","geometry":{"type":"Point","coordinates":[19.634075,50.205992]},"properties":{"name":"Gorenice","lines":"G","arr":["G"],"terminus":0,"mode":"bus","color":"#0059a9","colorDark":"#00294f","angle":190,"snapDist":8,"label":1}},{"type":"Feature","geometry":{"type":"Point","coordinates":[19.636152,50.205609]},"properties":{"name":"Gorenice Pętla","lines":"G","arr":["G"],"terminus":1,"mode":"bus","color":"#0059a9","colorDark":"#00294f","angle":220.2,"snapDist":3,"label":1}},{"type":"Feature","geometry":{"type":"Point","coordinates":[19.6242,50.206813]},"properties":{"name":"Gorenice Wzniesienie","lines":"G","arr":["G"],"terminus":0,"mode":"bus","color":"#0059a9","colorDark":"#00294f","angle":13.3,"snapDist":3,"label":0}},{"type":"Feature","geometry":{"type":"Point","coordinates":[19.61764,50.207701]},"properties":{"name":"Gorenice Dołek","lines":"G","arr":["G"],"terminus":0,"mode":"bus","color":"#0059a9","colorDark":"#00294f","angle":9.8,"snapDist":3,"label":0}},{"type":"Feature","geometry":{"type":"Point","coordinates":[19.61221,50.208502]},"properties":{"name":"Gorenice Szkoła","lines":"G","arr":["G"],"terminus":0,"mode":"bus","color":"#0059a9","colorDark":"#00294f","angle":24.1,"snapDist":2,"label":0}},{"type":"Feature","geometry":{"type":"Point","coordinates":[19.608119,50.208166]},"properties":{"name":"Gorenice Remiza","lines":"G","arr":["G"],"terminus":0,"mode":"bus","color":"#0059a9","colorDark":"#00294f","angle":352.4,"snapDist":4,"label":0}},{"type":"Feature","geometry":{"type":"Point","coordinates":[19.602838,50.206797]},"properties":{"name":"Gorenice Kościół","lines":"G","arr":["G"],"terminus":0,"mode":"bus","color":"#0059a9","colorDark":"#00294f","angle":76.8,"snapDist":6,"label":1}},{"type":"Feature","geometry":{"type":"Point","coordinates":[19.586856,50.22451]},"properties":{"name":"Gorenice Wilcze Doły","lines":"G","arr":["G"],"terminus":0,"mode":"bus","color":"#0059a9","colorDark":"#00294f","angle":80.2,"snapDist":8,"label":0}},{"type":"Feature","geometry":{"type":"Point","coordinates":[19.580097,50.242168]},"properties":{"name":"Witeradów IV","lines":"G","arr":["G"],"terminus":0,"mode":"bus","color":"#0059a9","colorDark":"#00294f","angle":65.3,"snapDist":4,"label":0}},{"type":"Feature","geometry":{"type":"Point","coordinates":[19.578989,50.246298]},"properties":{"name":"Witeradów","lines":"G","arr":["G"],"terminus":0,"mode":"bus","color":"#0059a9","colorDark":"#00294f","angle":84.2,"snapDist":8,"label":0}},{"type":"Feature","geometry":{"type":"Point","coordinates":[19.578084,50.247932]},"properties":{"name":"Witeradów III","lines":"G","arr":["G"],"terminus":0,"mode":"bus","color":"#0059a9","colorDark":"#00294f","angle":61.8,"snapDist":10,"label":0}},{"type":"Feature","geometry":{"type":"Point","coordinates":[19.576637,50.253356]},"properties":{"name":"Witeradów II","lines":"G","arr":["G"],"terminus":0,"mode":"bus","color":"#0059a9","colorDark":"#00294f","angle":94.1,"snapDist":6,"label":0}},{"type":"Feature","geometry":{"type":"Point","coordinates":[19.576725,50.258907]},"properties":{"name":"Witeradów I","lines":"G","arr":["G"],"terminus":0,"mode":"bus","color":"#0059a9","colorDark":"#00294f","angle":88.5,"snapDist":5,"label":0}},{"type":"Feature","geometry":{"type":"Point","coordinates":[19.573501,50.262724]},"properties":{"name":"Olkusz Sosnowa","lines":"M","arr":["M"],"terminus":0,"mode":"bus","color":"#0059a9","colorDark":"#00294f","angle":75,"snapDist":5,"label":1}},{"type":"Feature","geometry":{"type":"Point","coordinates":[19.57948,50.267355]},"properties":{"name":"Olkusz Klub \"Przyjaźń\"","lines":"M, SŁ","arr":["M","SŁ"],"terminus":0,"mode":"bus","color":"#0059a9","colorDark":"#00294f","angle":142.3,"snapDist":7,"label":1}},{"type":"Feature","geometry":{"type":"Point","coordinates":[19.579967,50.269003]},"properties":{"name":"Olkusz Osiecka","lines":"M, SŁ, ZP, ZZ","arr":["M","SŁ","ZP","ZZ"],"terminus":0,"mode":"bus","color":"#0059a9","colorDark":"#00294f","angle":250,"snapDist":7,"label":1}},{"type":"Feature","geometry":{"type":"Point","coordinates":[19.57848,50.266844]},"properties":{"name":"Olkusz Klub \"Przyjaźń\"","lines":"M, SŁ, ZP, ZZ","arr":["M","SŁ","ZP","ZZ"],"terminus":0,"mode":"bus","color":"#0059a9","colorDark":"#00294f","angle":321.3,"snapDist":5,"label":0}},{"type":"Feature","geometry":{"type":"Point","coordinates":[19.573508,50.262706]},"properties":{"name":"Olkusz Sosnowa","lines":"M","arr":["M"],"terminus":0,"mode":"bus","color":"#0059a9","colorDark":"#00294f","angle":255,"snapDist":4,"label":0}},{"type":"Feature","geometry":{"type":"Point","coordinates":[19.554937,50.278436]},"properties":{"name":"Olkusz \"Jana Kantego\"","lines":"PS, SŁ","arr":["PS","SŁ"],"terminus":0,"mode":"bus","color":"#0059a9","colorDark":"#00294f","angle":11.2,"snapDist":2,"label":1}},{"type":"Feature","geometry":{"type":"Point","coordinates":[19.55273,50.280346]},"properties":{"name":"Olkusz Urząd Skarbowy","lines":"PS, SŁ","arr":["PS","SŁ"],"terminus":0,"mode":"bus","color":"#0059a9","colorDark":"#00294f","angle":51.3,"snapDist":1,"label":1}},{"type":"Feature","geometry":{"type":"Point","coordinates":[19.549666,50.281345]},"properties":{"name":"Olkusz \"Powstańców Śląskich\"","lines":"PS, SŁ","arr":["PS","SŁ"],"terminus":0,"mode":"bus","color":"#0059a9","colorDark":"#00294f","angle":49.8,"snapDist":3,"label":1}},{"type":"Feature","geometry":{"type":"Point","coordinates":[19.547214,50.283908]},"properties":{"name":"Olkusz Cmentarz","lines":"PS, SŁ","arr":["PS","SŁ"],"terminus":1,"mode":"bus","color":"#0059a9","colorDark":"#00294f","angle":130.7,"snapDist":6,"label":1}},{"type":"Feature","geometry":{"type":"Point","coordinates":[19.554393,50.278505]},"properties":{"name":"Olkusz \"Jana Kantego\"","lines":"PS","arr":["PS"],"terminus":0,"mode":"bus","color":"#0059a9","colorDark":"#00294f","angle":-168.8,"snapDist":13,"label":0}},{"type":"Feature","geometry":{"type":"Point","coordinates":[19.537107,50.285501]},"properties":{"name":"Olkusz Kopalnia Pomorzany","lines":"PSK","arr":["PSK"],"terminus":1,"mode":"bus","color":"#0059a9","colorDark":"#00294f","angle":271,"snapDist":6,"label":1}},{"type":"Feature","geometry":{"type":"Point","coordinates":[19.587991,50.283734]},"properties":{"name":"Olkusz Jasna II","lines":"SŁ","arr":["SŁ"],"terminus":1,"mode":"bus","color":"#0059a9","colorDark":"#00294f","angle":256.6,"snapDist":3,"label":1}},{"type":"Feature","geometry":{"type":"Point","coordinates":[19.581082,50.27873]},"properties":{"name":"Olkusz Kolberga","lines":"SŁ","arr":["SŁ"],"terminus":0,"mode":"bus","color":"#0059a9","colorDark":"#00294f","angle":-65.1,"snapDist":7,"label":1}},{"type":"Feature","geometry":{"type":"Point","coordinates":[19.582111,50.276164]},"properties":{"name":"Olkusz Rataja","lines":"SŁ","arr":["SŁ"],"terminus":0,"mode":"bus","color":"#0059a9","colorDark":"#00294f","angle":230.2,"snapDist":8,"label":1}},{"type":"Feature","geometry":{"type":"Point","coordinates":[19.584665,50.278709]},"properties":{"name":"Olkusz Rataja Szkoła","lines":"SŁ","arr":["SŁ"],"terminus":0,"mode":"bus","color":"#0059a9","colorDark":"#00294f","angle":113.3,"snapDist":6,"label":1}},{"type":"Feature","geometry":{"type":"Point","coordinates":[19.587934,50.278575]},"properties":{"name":"Olkusz Witosa","lines":"SŁ","arr":["SŁ"],"terminus":0,"mode":"bus","color":"#0059a9","colorDark":"#00294f","angle":216.8,"snapDist":7,"label":1}},{"type":"Feature","geometry":{"type":"Point","coordinates":[19.590143,50.275885]},"properties":{"name":"Olkusz Pakuska I","lines":"SŁ","arr":["SŁ"],"terminus":0,"mode":"bus","color":"#0059a9","colorDark":"#00294f","angle":333.7,"snapDist":4,"label":1}},{"type":"Feature","geometry":{"type":"Point","coordinates":[19.585726,50.274603]},"properties":{"name":"Olkusz Pakuska","lines":"SŁ","arr":["SŁ"],"terminus":0,"mode":"bus","color":"#0059a9","colorDark":"#00294f","angle":336.1,"snapDist":4,"label":1}},{"type":"Feature","geometry":{"type":"Point","coordinates":[19.585449,50.274525]},"properties":{"name":"Olkusz Pakuska","lines":"SŁ","arr":["SŁ"],"terminus":0,"mode":"bus","color":"#0059a9","colorDark":"#00294f","angle":156.1,"snapDist":9,"label":0}},{"type":"Feature","geometry":{"type":"Point","coordinates":[19.59076,50.27608]},"properties":{"name":"Olkusz Pakuska I","lines":"SŁ","arr":["SŁ"],"terminus":0,"mode":"bus","color":"#0059a9","colorDark":"#00294f","angle":153.7,"snapDist":5,"label":0}},{"type":"Feature","geometry":{"type":"Point","coordinates":[19.588066,50.278512]},"properties":{"name":"Olkusz Witosa","lines":"SŁ","arr":["SŁ"],"terminus":0,"mode":"bus","color":"#0059a9","colorDark":"#00294f","angle":36.8,"snapDist":6,"label":0}},{"type":"Feature","geometry":{"type":"Point","coordinates":[19.584617,50.278638]},"properties":{"name":"Olkusz Rataja Szkoła","lines":"SŁ","arr":["SŁ"],"terminus":0,"mode":"bus","color":"#0059a9","colorDark":"#00294f","angle":293.3,"snapDist":6,"label":0}},{"type":"Feature","geometry":{"type":"Point","coordinates":[19.5815,50.276632]},"properties":{"name":"Olkusz Rataja","lines":"SŁ","arr":["SŁ"],"terminus":0,"mode":"bus","color":"#0059a9","colorDark":"#00294f","angle":50.2,"snapDist":9,"label":0}},{"type":"Feature","geometry":{"type":"Point","coordinates":[19.581291,50.278842]},"properties":{"name":"Olkusz Kolberga","lines":"SŁ","arr":["SŁ"],"terminus":0,"mode":"bus","color":"#0059a9","colorDark":"#00294f","angle":-153.4,"snapDist":6,"label":0}},{"type":"Feature","geometry":{"type":"Point","coordinates":[19.579779,50.282042]},"properties":{"name":"Olkusz Miła","lines":"SŁ","arr":["SŁ"],"terminus":1,"mode":"bus","color":"#0059a9","colorDark":"#00294f","angle":104.1,"snapDist":7,"label":1}},{"type":"Feature","geometry":{"type":"Point","coordinates":[19.583598,50.284227]},"properties":{"name":"Olkusz Jasna I","lines":"SŁ","arr":["SŁ"],"terminus":0,"mode":"bus","color":"#0059a9","colorDark":"#00294f","angle":190,"snapDist":5,"label":1}},{"type":"Feature","geometry":{"type":"Point","coordinates":[19.684489,50.258272]},"properties":{"name":"Zadole Kosmolowskie Pętla","lines":"WK","arr":["WK"],"terminus":1,"mode":"bus","color":"#0059a9","colorDark":"#00294f","angle":8.6,"snapDist":2,"label":1}},{"type":"Feature","geometry":{"type":"Point","coordinates":[19.675917,50.259356]},"properties":{"name":"Zadole Kosmolowskie","lines":"WK","arr":["WK"],"terminus":0,"mode":"bus","color":"#0059a9","colorDark":"#00294f","angle":-94.7,"snapDist":8,"label":1}},{"type":"Feature","geometry":{"type":"Point","coordinates":[19.671339,50.260035]},"properties":{"name":"Zadole Kosmolowskie I","lines":"WK","arr":["WK"],"terminus":0,"mode":"bus","color":"#0059a9","colorDark":"#00294f","angle":14.8,"snapDist":4,"label":1}},{"type":"Feature","geometry":{"type":"Point","coordinates":[19.667329,50.270384]},"properties":{"name":"Kosmolów","lines":"WK","arr":["WK"],"terminus":0,"mode":"bus","color":"#0059a9","colorDark":"#00294f","angle":86.3,"snapDist":9,"label":1}},{"type":"Feature","geometry":{"type":"Point","coordinates":[19.663389,50.271469]},"properties":{"name":"Kosmolów III","lines":"WK","arr":["WK"],"terminus":0,"mode":"bus","color":"#0059a9","colorDark":"#00294f","angle":8.6,"snapDist":5,"label":1}},{"type":"Feature","geometry":{"type":"Point","coordinates":[19.656099,50.271648]},"properties":{"name":"Kosmolów Sklep","lines":"WK","arr":["WK"],"terminus":0,"mode":"bus","color":"#0059a9","colorDark":"#00294f","angle":359.9,"snapDist":3,"label":1}},{"type":"Feature","geometry":{"type":"Point","coordinates":[19.649148,50.271643]},"properties":{"name":"Kosmolów Szkoła","lines":"WK","arr":["WK"],"terminus":0,"mode":"bus","color":"#0059a9","colorDark":"#00294f","angle":359.9,"snapDist":5,"label":1}},{"type":"Feature","geometry":{"type":"Point","coordinates":[19.640843,50.271959]},"properties":{"name":"Kosmolów I","lines":"WK","arr":["WK"],"terminus":0,"mode":"bus","color":"#0059a9","colorDark":"#00294f","angle":8.4,"snapDist":7,"label":1}},{"type":"Feature","geometry":{"type":"Point","coordinates":[19.628965,50.273908]},"properties":{"name":"Wiśliczka","lines":"WK","arr":["WK"],"terminus":0,"mode":"bus","color":"#0059a9","colorDark":"#00294f","angle":8.3,"snapDist":9,"label":1}},{"type":"Feature","geometry":{"type":"Point","coordinates":[19.614289,50.267386]},"properties":{"name":"Sieniczno DW773","lines":"WK","arr":["WK"],"terminus":0,"mode":"bus","color":"#0059a9","colorDark":"#00294f","angle":350,"snapDist":5,"label":1}},{"type":"Feature","geometry":{"type":"Point","coordinates":[19.611535,50.26741]},"properties":{"name":"Sieniczno","lines":"WK","arr":["WK"],"terminus":0,"mode":"bus","color":"#0059a9","colorDark":"#00294f","angle":24.7,"snapDist":7,"label":1}},{"type":"Feature","geometry":{"type":"Point","coordinates":[19.606871,50.268677]},"properties":{"name":"Sieniczno Orzechówka","lines":"WK","arr":["WK"],"terminus":1,"mode":"bus","color":"#0059a9","colorDark":"#00294f","angle":86.4,"snapDist":5,"label":1}},{"type":"Feature","geometry":{"type":"Point","coordinates":[19.604605,50.271598]},"properties":{"name":"Sieniczno Jaworowa","lines":"WK","arr":["WK"],"terminus":0,"mode":"bus","color":"#0059a9","colorDark":"#00294f","angle":64.7,"snapDist":4,"label":1}},{"type":"Feature","geometry":{"type":"Point","coordinates":[19.605588,50.275204]},"properties":{"name":"Sieniczno Jaworowa skrzyż.","lines":"WK","arr":["WK"],"terminus":0,"mode":"bus","color":"#0059a9","colorDark":"#00294f","angle":84.2,"snapDist":6,"label":1}},{"type":"Feature","geometry":{"type":"Point","coordinates":[19.605491,50.277597]},"properties":{"name":"Olewin","lines":"WK","arr":["WK"],"terminus":0,"mode":"bus","color":"#0059a9","colorDark":"#00294f","angle":99.9,"snapDist":3,"label":1}},{"type":"Feature","geometry":{"type":"Point","coordinates":[19.60639,50.280587]},"properties":{"name":"Olewin Fabryka Domów","lines":"WK","arr":["WK"],"terminus":0,"mode":"bus","color":"#0059a9","colorDark":"#00294f","angle":111.6,"snapDist":4,"label":1}},{"type":"Feature","geometry":{"type":"Point","coordinates":[19.606364,50.280544]},"properties":{"name":"Olewin Fabryka Domów","lines":"WK","arr":["WK"],"terminus":0,"mode":"bus","color":"#0059a9","colorDark":"#00294f","angle":291.6,"snapDist":3,"label":0}},{"type":"Feature","geometry":{"type":"Point","coordinates":[19.605479,50.277556]},"properties":{"name":"Olewin","lines":"WK","arr":["WK"],"terminus":0,"mode":"bus","color":"#0059a9","colorDark":"#00294f","angle":279.9,"snapDist":3,"label":0}},{"type":"Feature","geometry":{"type":"Point","coordinates":[19.605599,50.275134]},"properties":{"name":"Sieniczno Jaworowa skrzyż.","lines":"WK","arr":["WK"],"terminus":0,"mode":"bus","color":"#0059a9","colorDark":"#00294f","angle":264.2,"snapDist":5,"label":0}},{"type":"Feature","geometry":{"type":"Point","coordinates":[19.604616,50.271583]},"properties":{"name":"Sieniczno Jaworowa","lines":"WK","arr":["WK"],"terminus":0,"mode":"bus","color":"#0059a9","colorDark":"#00294f","angle":244.7,"snapDist":7,"label":0}},{"type":"Feature","geometry":{"type":"Point","coordinates":[19.606722,50.26865]},"properties":{"name":"Sieniczno Orzechówka","lines":"WK","arr":["WK"],"terminus":0,"mode":"bus","color":"#0059a9","colorDark":"#00294f","angle":243.4,"snapDist":5,"label":0}},{"type":"Feature","geometry":{"type":"Point","coordinates":[19.609892,50.267743]},"properties":{"name":"Sieniczno","lines":"WK","arr":["WK"],"terminus":0,"mode":"bus","color":"#0059a9","colorDark":"#00294f","angle":194.6,"snapDist":8,"label":0}},{"type":"Feature","geometry":{"type":"Point","coordinates":[19.615224,50.267488]},"properties":{"name":"Sieniczno DW773","lines":"WK","arr":["WK"],"terminus":0,"mode":"bus","color":"#0059a9","colorDark":"#00294f","angle":170.3,"snapDist":8,"label":0}},{"type":"Feature","geometry":{"type":"Point","coordinates":[19.629144,50.273882]},"properties":{"name":"Wiśliczka","lines":"WK","arr":["WK"],"terminus":0,"mode":"bus","color":"#0059a9","colorDark":"#00294f","angle":199.5,"snapDist":6,"label":0}},{"type":"Feature","geometry":{"type":"Point","coordinates":[19.64147,50.271901]},"properties":{"name":"Kosmolów I","lines":"WK","arr":["WK"],"terminus":0,"mode":"bus","color":"#0059a9","colorDark":"#00294f","angle":188.1,"snapDist":6,"label":0}},{"type":"Feature","geometry":{"type":"Point","coordinates":[19.649926,50.271645]},"properties":{"name":"Kosmolów Szkoła","lines":"WK","arr":["WK"],"terminus":0,"mode":"bus","color":"#0059a9","colorDark":"#00294f","angle":180,"snapDist":7,"label":0}},{"type":"Feature","geometry":{"type":"Point","coordinates":[19.658212,50.271645]},"properties":{"name":"Kosmolów Sklep","lines":"WK","arr":["WK"],"terminus":0,"mode":"bus","color":"#0059a9","colorDark":"#00294f","angle":179.9,"snapDist":8,"label":0}},{"type":"Feature","geometry":{"type":"Point","coordinates":[19.664597,50.271348]},"properties":{"name":"Kosmolów III","lines":"WK","arr":["WK"],"terminus":0,"mode":"bus","color":"#0059a9","colorDark":"#00294f","angle":189.1,"snapDist":7,"label":0}},{"type":"Feature","geometry":{"type":"Point","coordinates":[19.667327,50.270409]},"properties":{"name":"Kosmolów","lines":"WK","arr":["WK"],"terminus":0,"mode":"bus","color":"#0059a9","colorDark":"#00294f","angle":266.3,"snapDist":10,"label":0}},{"type":"Feature","geometry":{"type":"Point","coordinates":[19.671479,50.260011]},"properties":{"name":"Zadole Kosmolowskie I","lines":"WK","arr":["WK"],"terminus":0,"mode":"bus","color":"#0059a9","colorDark":"#00294f","angle":194.8,"snapDist":6,"label":0}},{"type":"Feature","geometry":{"type":"Point","coordinates":[19.675995,50.259071]},"properties":{"name":"Zadole Kosmolowskie","lines":"WK","arr":["WK"],"terminus":0,"mode":"bus","color":"#0059a9","colorDark":"#00294f","angle":267.8,"snapDist":4,"label":0}},{"type":"Feature","geometry":{"type":"Point","coordinates":[19.594414,50.259751]},"properties":{"name":"Osiek Las","lines":"ZP, ZZ","arr":["ZP","ZZ"],"terminus":0,"mode":"bus","color":"#0059a9","colorDark":"#00294f","angle":225.5,"snapDist":6,"label":1}},{"type":"Feature","geometry":{"type":"Point","coordinates":[19.597316,50.257859]},"properties":{"name":"Osiek I","lines":"ZP, ZZ","arr":["ZP","ZZ"],"terminus":0,"mode":"bus","color":"#0059a9","colorDark":"#00294f","angle":225.6,"snapDist":9,"label":1}},{"type":"Feature","geometry":{"type":"Point","coordinates":[19.598777,50.252856]},"properties":{"name":"Osiek","lines":"ZP, ZZ","arr":["ZP","ZZ"],"terminus":0,"mode":"bus","color":"#0059a9","colorDark":"#00294f","angle":264.5,"snapDist":8,"label":1}},{"type":"Feature","geometry":{"type":"Point","coordinates":[19.599137,50.250005]},"properties":{"name":"Osiek II","lines":"ZP, ZZ","arr":["ZP","ZZ"],"terminus":0,"mode":"bus","color":"#0059a9","colorDark":"#00294f","angle":265.2,"snapDist":7,"label":1}},{"type":"Feature","geometry":{"type":"Point","coordinates":[19.599858,50.244137]},"properties":{"name":"Osiek Szkoła (wiata)","lines":"ZP, ZZ","arr":["ZP","ZZ"],"terminus":0,"mode":"bus","color":"#0059a9","colorDark":"#00294f","angle":264.5,"snapDist":12,"label":1}},{"type":"Feature","geometry":{"type":"Point","coordinates":[19.607414,50.243923]},"properties":{"name":"Zimnodół","lines":"ZP, ZZ","arr":["ZP","ZZ"],"terminus":0,"mode":"bus","color":"#0059a9","colorDark":"#00294f","angle":170.4,"snapDist":15,"label":1}},{"type":"Feature","geometry":{"type":"Point","coordinates":[19.612323,50.245282]},"properties":{"name":"Zimnodół I","lines":"ZP, ZZ","arr":["ZP","ZZ"],"terminus":0,"mode":"bus","color":"#0059a9","colorDark":"#00294f","angle":153.7,"snapDist":18,"label":1}},{"type":"Feature","geometry":{"type":"Point","coordinates":[19.620147,50.247759]},"properties":{"name":"Zimnodół II","lines":"ZP, ZZ","arr":["ZP","ZZ"],"terminus":0,"mode":"bus","color":"#0059a9","colorDark":"#00294f","angle":153.4,"snapDist":10,"label":1}},{"type":"Feature","geometry":{"type":"Point","coordinates":[19.623606,50.248854]},"properties":{"name":"Zimnodół III","lines":"ZP, ZZ","arr":["ZP","ZZ"],"terminus":0,"mode":"bus","color":"#0059a9","colorDark":"#00294f","angle":153.7,"snapDist":22,"label":1}},{"type":"Feature","geometry":{"type":"Point","coordinates":[19.650064,50.247707]},"properties":{"name":"Zederman III","lines":"ZP, ZZ","arr":["ZP","ZZ"],"terminus":0,"mode":"bus","color":"#0059a9","colorDark":"#00294f","angle":175.7,"snapDist":14,"label":1}},{"type":"Feature","geometry":{"type":"Point","coordinates":[19.657398,50.24732]},"properties":{"name":"Zederman Remiza","lines":"ZP, ZZ","arr":["ZP","ZZ"],"terminus":0,"mode":"bus","color":"#0059a9","colorDark":"#00294f","angle":187.2,"snapDist":6,"label":1}},{"type":"Feature","geometry":{"type":"Point","coordinates":[19.664408,50.246836]},"properties":{"name":"Zederman Szkoła","lines":"ZP, ZZ","arr":["ZP","ZZ"],"terminus":0,"mode":"bus","color":"#0059a9","colorDark":"#00294f","angle":186,"snapDist":5,"label":1}},{"type":"Feature","geometry":{"type":"Point","coordinates":[19.668381,50.246576]},"properties":{"name":"Zederman Kiosk","lines":"ZP, ZZ","arr":["ZP","ZZ"],"terminus":0,"mode":"bus","color":"#0059a9","colorDark":"#00294f","angle":186.2,"snapDist":12,"label":1}},{"type":"Feature","geometry":{"type":"Point","coordinates":[19.657925,50.251269]},"properties":{"name":"Zederman I \"Pasieka\"","lines":"ZP, ZZ","arr":["ZP","ZZ"],"terminus":0,"mode":"bus","color":"#0059a9","colorDark":"#00294f","angle":22.9,"snapDist":8,"label":1}},{"type":"Feature","geometry":{"type":"Point","coordinates":[19.644934,50.254784]},"properties":{"name":"Kogutek Zadole Kosmolowskie","lines":"ZP, ZZ","arr":["ZP","ZZ"],"terminus":1,"mode":"bus","color":"#0059a9","colorDark":"#00294f","angle":22.9,"snapDist":4,"label":1}},{"type":"Feature","geometry":{"type":"Point","coordinates":[19.658669,50.251069]},"properties":{"name":"Zederman I \"Pasieka\"","lines":"ZP, ZZ","arr":["ZP","ZZ"],"terminus":0,"mode":"bus","color":"#0059a9","colorDark":"#00294f","angle":202.9,"snapDist":6,"label":0}},{"type":"Feature","geometry":{"type":"Point","coordinates":[19.66814,50.246593]},"properties":{"name":"Zederman Kiosk","lines":"ZP, ZZ","arr":["ZP","ZZ"],"terminus":0,"mode":"bus","color":"#0059a9","colorDark":"#00294f","angle":6.2,"snapDist":6,"label":0}},{"type":"Feature","geometry":{"type":"Point","coordinates":[19.664295,50.246844]},"properties":{"name":"Zederman Szkoła","lines":"ZP, ZZ","arr":["ZP","ZZ"],"terminus":0,"mode":"bus","color":"#0059a9","colorDark":"#00294f","angle":6,"snapDist":2,"label":0}},{"type":"Feature","geometry":{"type":"Point","coordinates":[19.65732,50.247326]},"properties":{"name":"Zederman Remiza","lines":"ZP, ZZ","arr":["ZP","ZZ"],"terminus":0,"mode":"bus","color":"#0059a9","colorDark":"#00294f","angle":7.2,"snapDist":2,"label":0}},{"type":"Feature","geometry":{"type":"Point","coordinates":[19.649836,50.247692]},"properties":{"name":"Zederman III","lines":"ZP, ZZ","arr":["ZP","ZZ"],"terminus":0,"mode":"bus","color":"#0059a9","colorDark":"#00294f","angle":352.2,"snapDist":8,"label":0}},{"type":"Feature","geometry":{"type":"Point","coordinates":[19.623635,50.248863]},"properties":{"name":"Zimnodół III","lines":"ZP, ZZ","arr":["ZP","ZZ"],"terminus":0,"mode":"bus","color":"#0059a9","colorDark":"#00294f","angle":333.7,"snapDist":3,"label":0}},{"type":"Feature","geometry":{"type":"Point","coordinates":[19.619968,50.247702]},"properties":{"name":"Zimnodół II","lines":"ZP, ZZ","arr":["ZP","ZZ"],"terminus":0,"mode":"bus","color":"#0059a9","colorDark":"#00294f","angle":333.4,"snapDist":4,"label":0}},{"type":"Feature","geometry":{"type":"Point","coordinates":[19.612131,50.245222]},"properties":{"name":"Zimnodół I","lines":"ZP, ZZ","arr":["ZP","ZZ"],"terminus":0,"mode":"bus","color":"#0059a9","colorDark":"#00294f","angle":333.7,"snapDist":10,"label":0}},{"type":"Feature","geometry":{"type":"Point","coordinates":[19.607167,50.243899]},"properties":{"name":"Zimnodół","lines":"ZP, ZZ","arr":["ZP","ZZ"],"terminus":0,"mode":"bus","color":"#0059a9","colorDark":"#00294f","angle":352.3,"snapDist":9,"label":0}},{"type":"Feature","geometry":{"type":"Point","coordinates":[19.600939,50.243597]},"properties":{"name":"Osiek Remiza n/ż","lines":"ZP, ZZ","arr":["ZP","ZZ"],"terminus":0,"mode":"bus","color":"#0059a9","colorDark":"#00294f","angle":355.6,"snapDist":7,"label":1}},{"type":"Feature","geometry":{"type":"Point","coordinates":[19.600434,50.239909]},"properties":{"name":"Osiek Sklep","lines":"ZP, ZZ","arr":["ZP","ZZ"],"terminus":0,"mode":"bus","color":"#0059a9","colorDark":"#00294f","angle":265.3,"snapDist":9,"label":1}},{"type":"Feature","geometry":{"type":"Point","coordinates":[19.600895,50.236219]},"properties":{"name":"Osiek III","lines":"ZP, ZZ","arr":["ZP","ZZ"],"terminus":0,"mode":"bus","color":"#0059a9","colorDark":"#00294f","angle":265.2,"snapDist":8,"label":1}},{"type":"Feature","geometry":{"type":"Point","coordinates":[19.601435,50.232421]},"properties":{"name":"Osiek IV","lines":"ZP, ZZ","arr":["ZP","ZZ"],"terminus":0,"mode":"bus","color":"#0059a9","colorDark":"#00294f","angle":266.1,"snapDist":8,"label":1}},{"type":"Feature","geometry":{"type":"Point","coordinates":[19.601868,50.228885]},"properties":{"name":"Osiek V","lines":"ZP, ZZ","arr":["ZP","ZZ"],"terminus":0,"mode":"bus","color":"#0059a9","colorDark":"#00294f","angle":265.7,"snapDist":2,"label":1}},{"type":"Feature","geometry":{"type":"Point","coordinates":[19.602251,50.225826]},"properties":{"name":"Osiek ul. Leśna","lines":"ZP, ZZ","arr":["ZP","ZZ"],"terminus":0,"mode":"bus","color":"#0059a9","colorDark":"#00294f","angle":264.3,"snapDist":2,"label":1}},{"type":"Feature","geometry":{"type":"Point","coordinates":[19.602726,50.221926]},"properties":{"name":"Osiek Leśniczówka","lines":"ZP, ZZ","arr":["ZP","ZZ"],"terminus":0,"mode":"bus","color":"#0059a9","colorDark":"#00294f","angle":87.7,"snapDist":4,"label":1}},{"type":"Feature","geometry":{"type":"Point","coordinates":[19.602994,50.219934]},"properties":{"name":"Osiek Pętla","lines":"ZP, ZZ","arr":["ZP","ZZ"],"terminus":0,"mode":"bus","color":"#0059a9","colorDark":"#00294f","angle":258.3,"snapDist":6,"label":1}},{"type":"Feature","geometry":{"type":"Point","coordinates":[19.602729,50.221892]},"properties":{"name":"Osiek Leśniczówka","lines":"ZP, ZZ","arr":["ZP","ZZ"],"terminus":0,"mode":"bus","color":"#0059a9","colorDark":"#00294f","angle":267.7,"snapDist":3,"label":0}},{"type":"Feature","geometry":{"type":"Point","coordinates":[19.602332,50.22523]},"properties":{"name":"Osiek ul. Leśna","lines":"ZP, ZZ","arr":["ZP","ZZ"],"terminus":0,"mode":"bus","color":"#0059a9","colorDark":"#00294f","angle":85.6,"snapDist":6,"label":0}},{"type":"Feature","geometry":{"type":"Point","coordinates":[19.601828,50.229226]},"properties":{"name":"Osiek V","lines":"ZP, ZZ","arr":["ZP","ZZ"],"terminus":0,"mode":"bus","color":"#0059a9","colorDark":"#00294f","angle":85.7,"snapDist":3,"label":0}},{"type":"Feature","geometry":{"type":"Point","coordinates":[19.601389,50.232791]},"properties":{"name":"Osiek IV","lines":"ZP, ZZ","arr":["ZP","ZZ"],"terminus":0,"mode":"bus","color":"#0059a9","colorDark":"#00294f","angle":84.6,"snapDist":14,"label":0}},{"type":"Feature","geometry":{"type":"Point","coordinates":[19.600884,50.236303]},"properties":{"name":"Osiek III","lines":"ZP, ZZ","arr":["ZP","ZZ"],"terminus":0,"mode":"bus","color":"#0059a9","colorDark":"#00294f","angle":85.2,"snapDist":17,"label":0}},{"type":"Feature","geometry":{"type":"Point","coordinates":[19.600417,50.240042]},"properties":{"name":"Osiek Sklep","lines":"ZP, ZZ","arr":["ZP","ZZ"],"terminus":0,"mode":"bus","color":"#0059a9","colorDark":"#00294f","angle":85.3,"snapDist":17,"label":0}},{"type":"Feature","geometry":{"type":"Point","coordinates":[19.600005,50.243218]},"properties":{"name":"Osiek Szkoła","lines":"ZP, ZZ","arr":["ZP","ZZ"],"terminus":0,"mode":"bus","color":"#0059a9","colorDark":"#00294f","angle":84.4,"snapDist":12,"label":1}},{"type":"Feature","geometry":{"type":"Point","coordinates":[19.599714,50.245188]},"properties":{"name":"Osiek Kościół","lines":"ZP, ZZ","arr":["ZP","ZZ"],"terminus":0,"mode":"bus","color":"#0059a9","colorDark":"#00294f","angle":85.4,"snapDist":13,"label":1}},{"type":"Feature","geometry":{"type":"Point","coordinates":[19.599133,50.250031]},"properties":{"name":"Osiek II","lines":"ZP, ZZ","arr":["ZP","ZZ"],"terminus":0,"mode":"bus","color":"#0059a9","colorDark":"#00294f","angle":85.2,"snapDist":8,"label":0}},{"type":"Feature","geometry":{"type":"Point","coordinates":[19.598737,50.25312]},"properties":{"name":"Osiek","lines":"ZP, ZZ","arr":["ZP","ZZ"],"terminus":0,"mode":"bus","color":"#0059a9","colorDark":"#00294f","angle":84.5,"snapDist":1,"label":0}},{"type":"Feature","geometry":{"type":"Point","coordinates":[19.597336,50.257846]},"properties":{"name":"Osiek I","lines":"ZP, ZZ","arr":["ZP","ZZ"],"terminus":0,"mode":"bus","color":"#0059a9","colorDark":"#00294f","angle":45.6,"snapDist":5,"label":0}},{"type":"Feature","geometry":{"type":"Point","coordinates":[19.594031,50.26]},"properties":{"name":"Osiek Las","lines":"ZP, ZZ","arr":["ZP","ZZ"],"terminus":0,"mode":"bus","color":"#0059a9","colorDark":"#00294f","angle":45.5,"snapDist":5,"label":0}},{"type":"Feature","geometry":{"type":"Point","coordinates":[19.627991,50.247245]},"properties":{"name":"Zimnodół Skrzyż.","lines":"ZZ","arr":["ZZ"],"terminus":0,"mode":"bus","color":"#0059a9","colorDark":"#00294f","angle":232.2,"snapDist":14,"label":1}},{"type":"Feature","geometry":{"type":"Point","coordinates":[19.635876,50.235051]},"properties":{"name":"Zimnodół Las","lines":"ZZ","arr":["ZZ"],"terminus":0,"mode":"bus","color":"#0059a9","colorDark":"#00294f","angle":343.8,"snapDist":1,"label":1}},{"type":"Feature","geometry":{"type":"Point","coordinates":[19.638901,50.228725]},"properties":{"name":"Zawada I","lines":"ZZ","arr":["ZZ"],"terminus":0,"mode":"bus","color":"#0059a9","colorDark":"#00294f","angle":173.2,"snapDist":7,"label":1}},{"type":"Feature","geometry":{"type":"Point","coordinates":[19.640004,50.225288]},"properties":{"name":"Zawada OSP","lines":"ZZ","arr":["ZZ"],"terminus":0,"mode":"bus","color":"#0059a9","colorDark":"#00294f","angle":260.2,"snapDist":16,"label":1}},{"type":"Feature","geometry":{"type":"Point","coordinates":[19.640711,50.2227]},"properties":{"name":"Zawada II Sklep","lines":"ZZ","arr":["ZZ"],"terminus":0,"mode":"bus","color":"#0059a9","colorDark":"#00294f","angle":260.3,"snapDist":16,"label":1}},{"type":"Feature","geometry":{"type":"Point","coordinates":[19.637252,50.217884]},"properties":{"name":"Zawada Pętla","lines":"ZZ","arr":["ZZ"],"terminus":1,"mode":"bus","color":"#0059a9","colorDark":"#00294f","angle":314.7,"snapDist":2,"label":1}},{"type":"Feature","geometry":{"type":"Point","coordinates":[19.640714,50.222685]},"properties":{"name":"Zawada II Sklep","lines":"ZZ","arr":["ZZ"],"terminus":0,"mode":"bus","color":"#0059a9","colorDark":"#00294f","angle":80.3,"snapDist":12,"label":0}},{"type":"Feature","geometry":{"type":"Point","coordinates":[19.640002,50.225296]},"properties":{"name":"Zawada OSP","lines":"ZZ","arr":["ZZ"],"terminus":0,"mode":"bus","color":"#0059a9","colorDark":"#00294f","angle":80.2,"snapDist":6,"label":0}},{"type":"Feature","geometry":{"type":"Point","coordinates":[19.639092,50.228723]},"properties":{"name":"Zawada I","lines":"ZZ","arr":["ZZ"],"terminus":0,"mode":"bus","color":"#0059a9","colorDark":"#00294f","angle":80.2,"snapDist":16,"label":0}},{"type":"Feature","geometry":{"type":"Point","coordinates":[19.636075,50.235106]},"properties":{"name":"Zimnodół Las","lines":"ZZ","arr":["ZZ"],"terminus":0,"mode":"bus","color":"#0059a9","colorDark":"#00294f","angle":72.3,"snapDist":7,"label":0}},{"type":"Feature","geometry":{"type":"Point","coordinates":[19.627996,50.247241]},"properties":{"name":"Zimnodół Skrzyż.","lines":"ZZ","arr":["ZZ"],"terminus":0,"mode":"bus","color":"#0059a9","colorDark":"#00294f","angle":52.2,"snapDist":7,"label":0}},{"type":"Feature","geometry":{"type":"Point","coordinates":[19.539891,50.241188]},"properties":{"name":"Żurada Pętla","lines":"Ż","arr":["Ż"],"terminus":1,"mode":"bus","color":"#0059a9","colorDark":"#00294f","angle":93.3,"snapDist":34,"label":1}},{"type":"Feature","geometry":{"type":"Point","coordinates":[19.540139,50.244002]},"properties":{"name":"Żurada V","lines":"Ż","arr":["Ż"],"terminus":0,"mode":"bus","color":"#0059a9","colorDark":"#00294f","angle":94.1,"snapDist":5,"label":1}},{"type":"Feature","geometry":{"type":"Point","coordinates":[19.540561,50.247557]},"properties":{"name":"Żurada IV","lines":"Ż","arr":["Ż"],"terminus":0,"mode":"bus","color":"#0059a9","colorDark":"#00294f","angle":94.3,"snapDist":5,"label":1}},{"type":"Feature","geometry":{"type":"Point","coordinates":[19.540974,50.251142]},"properties":{"name":"Żurada III","lines":"Ż","arr":["Ż"],"terminus":0,"mode":"bus","color":"#0059a9","colorDark":"#00294f","angle":94.2,"snapDist":10,"label":1}},{"type":"Feature","geometry":{"type":"Point","coordinates":[19.541241,50.253237]},"properties":{"name":"Żurada II","lines":"Ż","arr":["Ż"],"terminus":0,"mode":"bus","color":"#0059a9","colorDark":"#00294f","angle":94.7,"snapDist":6,"label":1}},{"type":"Feature","geometry":{"type":"Point","coordinates":[19.54215,50.254443]},"properties":{"name":"Żurada Szkoła","lines":"Ż","arr":["Ż"],"terminus":0,"mode":"bus","color":"#0059a9","colorDark":"#00294f","angle":185.6,"snapDist":5,"label":1}},{"type":"Feature","geometry":{"type":"Point","coordinates":[19.547462,50.254055]},"properties":{"name":"Żurada Remiza","lines":"Ż","arr":["Ż"],"terminus":0,"mode":"bus","color":"#0059a9","colorDark":"#00294f","angle":186.4,"snapDist":3,"label":1}},{"type":"Feature","geometry":{"type":"Point","coordinates":[19.555225,50.252765]},"properties":{"name":"Żurada Kolonia","lines":"Ż","arr":["Ż"],"terminus":0,"mode":"bus","color":"#0059a9","colorDark":"#00294f","angle":200.7,"snapDist":6,"label":1}},{"type":"Feature","geometry":{"type":"Point","coordinates":[19.541697,50.2573]},"properties":{"name":"Żurada I","lines":"Ż","arr":["Ż"],"terminus":0,"mode":"bus","color":"#0059a9","colorDark":"#00294f","angle":93.1,"snapDist":5,"label":1}},{"type":"Feature","geometry":{"type":"Point","coordinates":[19.548566,50.265999]},"properties":{"name":"Olkusz Czarnogórska III","lines":"Ż","arr":["Ż"],"terminus":0,"mode":"bus","color":"#0059a9","colorDark":"#00294f","angle":122.9,"snapDist":3,"label":1}},{"type":"Feature","geometry":{"type":"Point","coordinates":[19.549914,50.267324]},"properties":{"name":"Olkusz Czarnogórska II","lines":"Ż","arr":["Ż"],"terminus":0,"mode":"bus","color":"#0059a9","colorDark":"#00294f","angle":123.6,"snapDist":7,"label":1}},{"type":"Feature","geometry":{"type":"Point","coordinates":[19.554075,50.27126]},"properties":{"name":"Olkusz Czarnogórska I","lines":"Ż","arr":["Ż"],"terminus":0,"mode":"bus","color":"#0059a9","colorDark":"#00294f","angle":126.5,"snapDist":5,"label":1}},{"type":"Feature","geometry":{"type":"Point","coordinates":[19.554047,50.271236]},"properties":{"name":"Olkusz Czarnogórska I","lines":"Ż","arr":["Ż"],"terminus":0,"mode":"bus","color":"#0059a9","colorDark":"#00294f","angle":306.5,"snapDist":4,"label":0}},{"type":"Feature","geometry":{"type":"Point","coordinates":[19.549877,50.267289]},"properties":{"name":"Olkusz Czarnogórska II","lines":"Ż","arr":["Ż"],"terminus":0,"mode":"bus","color":"#0059a9","colorDark":"#00294f","angle":303.6,"snapDist":5,"label":0}},{"type":"Feature","geometry":{"type":"Point","coordinates":[19.548349,50.265785]},"properties":{"name":"Olkusz Czarnogórska III","lines":"Ż","arr":["Ż"],"terminus":0,"mode":"bus","color":"#0059a9","colorDark":"#00294f","angle":302.9,"snapDist":2,"label":0}},{"type":"Feature","geometry":{"type":"Point","coordinates":[19.541688,50.25721]},"properties":{"name":"Żurada I","lines":"Ż","arr":["Ż"],"terminus":0,"mode":"bus","color":"#0059a9","colorDark":"#00294f","angle":274,"snapDist":5,"label":0}},{"type":"Feature","geometry":{"type":"Point","coordinates":[19.541253,50.253327]},"properties":{"name":"Żurada II","lines":"Ż","arr":["Ż"],"terminus":0,"mode":"bus","color":"#0059a9","colorDark":"#00294f","angle":274.7,"snapDist":5,"label":0}},{"type":"Feature","geometry":{"type":"Point","coordinates":[19.540949,50.250928]},"properties":{"name":"Żurada III","lines":"Ż","arr":["Ż"],"terminus":0,"mode":"bus","color":"#0059a9","colorDark":"#00294f","angle":274.2,"snapDist":12,"label":0}},{"type":"Feature","geometry":{"type":"Point","coordinates":[19.540557,50.247523]},"properties":{"name":"Żurada IV","lines":"Ż","arr":["Ż"],"terminus":0,"mode":"bus","color":"#0059a9","colorDark":"#00294f","angle":274.3,"snapDist":4,"label":0}},{"type":"Feature","geometry":{"type":"Point","coordinates":[19.540145,50.244051]},"properties":{"name":"Żurada V","lines":"Ż","arr":["Ż"],"terminus":0,"mode":"bus","color":"#0059a9","colorDark":"#00294f","angle":274.1,"snapDist":4,"label":0}}]}