{"type":"FeatureCollection","features":[{"type":"Feature","geometry":{"type":"LineString","coordinates":[[19.555644,50.206897],[19.555663,50.206925],[19.555687,50.206959],[19.555866,50.207214],[19.556385,50.207975],[19.556468,50.208138],[19.556522,50.208314],[19.556557,50.208509],[19.556568,50.208619],[19.556568,50.208856],[19.556547,50.208998],[19.55654,50.209142],[19.556571,50.209395],[19.55658,50.20947],[19.556592,50.209859],[19.556604,50.210051],[19.556612,50.210242],[19.556637,50.210646],[19.55664,50.210686],[19.556654,50.211021]]},"properties":{"name":"Trzebińska"}},{"type":"Feature","geometry":{"type":"LineString","coordinates":[[19.556654,50.211021],[19.556699,50.211221],[19.55673,50.2114],[19.556867,50.211889],[19.55701,50.212273],[19.55715,50.212529],[19.557435,50.212959],[19.557531,50.213094],[19.557737,50.213366],[19.557759,50.213399],[19.557799,50.213452],[19.557972,50.213627],[19.558179,50.213807],[19.558249,50.213889],[19.558308,50.213959],[19.558349,50.214033],[19.558404,50.21417],[19.558428,50.214287],[19.558444,50.214662],[19.558434,50.214896],[19.558424,50.215056],[19.558391,50.215199],[19.558345,50.215306],[19.558299,50.215365],[19.558245,50.215417],[19.558155,50.21548],[19.557341,50.215861],[19.55713,50.215968],[19.55696,50.216076],[19.556615,50.216343],[19.556335,50.216615],[19.556274,50.216684],[19.556226,50.216771],[19.556202,50.21691],[19.556211,50.217061],[19.556221,50.217111],[19.556507,50.218612],[19.55659,50.219057],[19.556592,50.219067],[19.556673,50.219511],[19.556775,50.220063],[19.556814,50.220241],[19.556849,50.220489],[19.556868,50.220591],[19.556938,50.220949],[19.557058,50.221567],[19.557085,50.221687],[19.557115,50.221764],[19.55715,50.221863]]},"properties":{"name":"Galicyjska"}},{"type":"Feature","geometry":{"type":"LineString","coordinates":[[19.557294,50.222052],[19.557493,50.222245],[19.558042,50.222674],[19.558632,50.223158],[19.558881,50.223374],[19.559023,50.223498],[19.559108,50.223624],[19.559171,50.223721],[19.559193,50.223773]]},"properties":{"name":"Galicyjska"}},{"type":"Feature","geometry":{"type":"LineString","coordinates":[[19.557294,50.222052],[19.55724,50.221995],[19.55715,50.221863]]},"properties":{"name":"791"}},{"type":"Feature","geometry":{"type":"LineString","coordinates":[[19.559193,50.223773],[19.559211,50.223829],[19.559233,50.223919],[19.559223,50.224087],[19.559179,50.224222],[19.559151,50.224307],[19.55896,50.224885],[19.558796,50.225428],[19.55875,50.22566],[19.558687,50.226027],[19.558665,50.226158],[19.558629,50.22639],[19.558617,50.226575],[19.558618,50.226764],[19.558773,50.228844],[19.558762,50.228926],[19.55875,50.229007],[19.55873,50.229086],[19.558607,50.229487],[19.558465,50.229888],[19.558159,50.230685],[19.558101,50.231092],[19.558102,50.231676],[19.558128,50.231933],[19.558233,50.232329],[19.558391,50.232726],[19.558689,50.233391],[19.559002,50.234105],[19.55938,50.234933],[19.55975,50.235538],[19.560097,50.236146],[19.560774,50.237376],[19.560903,50.237635],[19.561076,50.238011],[19.56139,50.238864],[19.561545,50.239324],[19.561672,50.239784],[19.56172,50.240018],[19.561764,50.240577],[19.561794,50.241137],[19.561824,50.241699],[19.561806,50.242269],[19.561683,50.244435],[19.561318,50.249467],[19.561266,50.250174],[19.561243,50.250502],[19.561216,50.250879],[19.561205,50.25102],[19.561195,50.251163],[19.561187,50.251346],[19.561161,50.251702],[19.561142,50.251978],[19.561118,50.252315],[19.561056,50.253215],[19.561035,50.253557],[19.560822,50.256416],[19.56074,50.257773],[19.560666,50.258606],[19.560629,50.259179],[19.560612,50.259444],[19.560586,50.25982],[19.560622,50.259963],[19.560638,50.260042],[19.560646,50.260065]]},"properties":{"name":"791"}},{"type":"Feature","geometry":{"type":"LineString","coordinates":[[19.560493,50.260061],[19.560524,50.259961],[19.560586,50.25982]]},"properties":{"name":"791"}},{"type":"Feature","geometry":{"type":"LineString","coordinates":[[19.560016,50.358648],[19.559771,50.359032],[19.559449,50.359528],[19.558826,50.360493]]},"properties":{"name":"791"}},{"type":"Feature","geometry":{"type":"LineString","coordinates":[[19.561895,50.355607],[19.561721,50.355826]]},"properties":{"name":"791"}},{"type":"Feature","geometry":{"type":"LineString","coordinates":[[19.564176,50.307254],[19.563494,50.309029],[19.563419,50.309255],[19.563355,50.309489],[19.563337,50.309623],[19.563357,50.310214],[19.563496,50.312449],[19.563519,50.312865],[19.563484,50.313177],[19.563428,50.313366],[19.563342,50.313595],[19.562318,50.316311],[19.562121,50.316889]]},"properties":{"name":"791"}},{"type":"Feature","geometry":{"type":"LineString","coordinates":[[19.551012,50.377772],[19.55103,50.378119],[19.55101,50.378276],[19.550972,50.3784],[19.550878,50.378626],[19.550801,50.378787]]},"properties":{"name":"791"}},{"type":"Feature","geometry":{"type":"LineString","coordinates":[[19.55081,50.373646],[19.550764,50.372676],[19.550747,50.372292],[19.550741,50.37216],[19.550738,50.372037],[19.550742,50.371938],[19.550763,50.371828],[19.550797,50.371722],[19.550852,50.371632],[19.550938,50.371513],[19.551037,50.371398],[19.5512,50.371229],[19.551598,50.370822],[19.551838,50.370556],[19.55219,50.370125],[19.552323,50.369964],[19.552641,50.369532],[19.553136,50.368871]]},"properties":{"name":"791"}},{"type":"Feature","geometry":{"type":"LineString","coordinates":[[19.593888,50.270934],[19.593803,50.270826]]},"properties":{"name":"791"}},{"type":"Feature","geometry":{"type":"LineString","coordinates":[[19.560765,50.260142],[19.560927,50.260168],[19.5611,50.260196],[19.562171,50.260198],[19.563125,50.260196],[19.563299,50.260195],[19.563556,50.260195],[19.564402,50.260251],[19.565765,50.260329],[19.566408,50.260365],[19.566857,50.260391],[19.567289,50.260416],[19.567736,50.260444],[19.568509,50.260482],[19.568761,50.260494],[19.569821,50.260498],[19.570116,50.260499],[19.570947,50.2605],[19.571681,50.26051],[19.572058,50.260528],[19.57243,50.260565],[19.572712,50.260605],[19.57283,50.260628],[19.573209,50.260706],[19.573491,50.260778],[19.574001,50.26092],[19.574374,50.261041],[19.574693,50.261143],[19.575317,50.261333],[19.575864,50.261466],[19.575999,50.261497]]},"properties":{"name":"Jana Kochanowskiego"}},{"type":"Feature","geometry":{"type":"LineString","coordinates":[[19.574203,50.265948],[19.574262,50.265814],[19.574362,50.265562],[19.574389,50.265488],[19.574473,50.26529],[19.574495,50.265226],[19.574605,50.264948],[19.57466,50.264802],[19.574873,50.264301],[19.57539,50.263009],[19.575409,50.26296],[19.575441,50.262879],[19.57545,50.262857],[19.575469,50.262811],[19.575607,50.262466],[19.575657,50.262336],[19.575743,50.262116],[19.575777,50.26203],[19.575831,50.261905],[19.575897,50.261752],[19.575953,50.261615],[19.575999,50.261497],[19.576041,50.261391],[19.576244,50.260877],[19.576443,50.26039],[19.57654,50.26015],[19.576597,50.260011],[19.576663,50.259747],[19.576698,50.259513],[19.576707,50.259367],[19.576714,50.259174],[19.576728,50.258827],[19.576736,50.258599],[19.57674,50.258329]]},"properties":{"name":"Księdza Stanisława Gajewskiego"}},{"type":"Feature","geometry":{"type":"LineString","coordinates":[[19.574203,50.265948],[19.574157,50.266067],[19.574132,50.266131],[19.574026,50.266399],[19.573943,50.266602],[19.573699,50.267272],[19.573659,50.267382],[19.573638,50.26744],[19.573557,50.267671],[19.573554,50.267734],[19.57356,50.267885],[19.573634,50.268929],[19.573622,50.269031],[19.573597,50.2691],[19.573574,50.269186],[19.573509,50.269305],[19.573391,50.269513],[19.573316,50.269651],[19.573192,50.269843],[19.57312,50.269975],[19.573092,50.270019],[19.572997,50.27012]]},"properties":{"name":"Marcina Biema"}},{"type":"Feature","geometry":{"type":"LineString","coordinates":[[19.589507,50.271982],[19.589451,50.271877],[19.589404,50.271798],[19.589379,50.271756],[19.589177,50.271409],[19.588996,50.271098],[19.58893,50.271007],[19.588911,50.270982],[19.588799,50.270872],[19.588677,50.270784],[19.588535,50.270701],[19.588373,50.270622],[19.588191,50.270543],[19.587999,50.270488],[19.587821,50.270459],[19.587733,50.270453],[19.587451,50.270432],[19.587418,50.270432],[19.587103,50.270429],[19.585501,50.27047],[19.583706,50.270511],[19.583099,50.270519],[19.582645,50.270534],[19.582295,50.270509],[19.581863,50.270439],[19.581582,50.270363],[19.581388,50.270311],[19.580444,50.27004],[19.580296,50.269999],[19.579793,50.269858],[19.579525,50.26978],[19.579265,50.26971],[19.579208,50.269695],[19.57919,50.269691],[19.579105,50.269672],[19.579034,50.269657],[19.578923,50.269643],[19.578821,50.269633],[19.578587,50.269607],[19.578402,50.269605],[19.578197,50.269612],[19.577994,50.26963],[19.577772,50.269655],[19.577568,50.269682],[19.576135,50.269874],[19.575602,50.269949],[19.574938,50.270042],[19.5744,50.270117],[19.574199,50.270145],[19.573948,50.270174],[19.573769,50.270183],[19.573559,50.270172],[19.573318,50.270155],[19.573278,50.27015],[19.572997,50.27012],[19.572819,50.2701],[19.572739,50.270092],[19.571983,50.27001],[19.571688,50.269975],[19.571216,50.269918],[19.570605,50.269855],[19.569968,50.26979],[19.569846,50.269777],[19.569462,50.269748],[19.569137,50.269727],[19.568881,50.269713],[19.568543,50.269694],[19.56808,50.269672],[19.567901,50.269662],[19.567698,50.269651],[19.567056,50.269618],[19.566353,50.269603],[19.56605,50.269623],[19.565738,50.269697],[19.565405,50.269797],[19.564634,50.270069],[19.562922,50.270673],[19.561932,50.271021],[19.561624,50.271129],[19.561323,50.271232],[19.561287,50.271244],[19.561128,50.271291],[19.56085,50.271332]]},"properties":{"name":"Aleja 1000-lecia"}},{"type":"Feature","geometry":{"type":"LineString","coordinates":[[19.589703,50.272258],[19.589645,50.272198],[19.589579,50.27211],[19.589564,50.272082],[19.589507,50.271982]]},"properties":{"name":"Przemysłowa"}},{"type":"Feature","geometry":{"type":"LineString","coordinates":[[19.583695,50.274172],[19.583802,50.274077],[19.583845,50.274038],[19.583893,50.274],[19.584088,50.273846],[19.584174,50.27378],[19.584268,50.273713],[19.584365,50.273646],[19.584456,50.273585],[19.584522,50.273543],[19.584613,50.273486],[19.584715,50.273426],[19.584846,50.273352],[19.584976,50.273281],[19.585095,50.27322],[19.585229,50.273154],[19.585314,50.273115],[19.585429,50.273062],[19.585545,50.273011],[19.58567,50.272961],[19.585807,50.272905],[19.58601,50.272832],[19.586268,50.272744],[19.586538,50.272659],[19.586859,50.272576],[19.587184,50.272496],[19.588319,50.272245],[19.588632,50.272175],[19.589037,50.272084],[19.589179,50.272052],[19.589507,50.271982],[19.589726,50.271934],[19.591725,50.271495],[19.592176,50.271392],[19.593888,50.270934]]},"properties":{"name":"94;791"}},{"type":"Feature","geometry":{"type":"LineString","coordinates":[[19.557167,50.282918],[19.557582,50.282809],[19.557613,50.2828],[19.560355,50.28199],[19.562118,50.281494],[19.562374,50.281371],[19.563296,50.28118],[19.564751,50.280875],[19.565012,50.28082]]},"properties":{"name":"94;791"}},{"type":"Feature","geometry":{"type":"LineString","coordinates":[[19.583516,50.274146],[19.583699,50.273973],[19.583922,50.273781],[19.584075,50.273646],[19.584148,50.273588],[19.584214,50.273538],[19.584271,50.273497],[19.584408,50.273403],[19.584489,50.27335],[19.584574,50.273297],[19.584661,50.273245],[19.584735,50.273204],[19.584825,50.273153],[19.584927,50.2731],[19.585156,50.272992],[19.585408,50.272883],[19.58566,50.272784],[19.585892,50.272703],[19.586186,50.272615],[19.586475,50.272536],[19.586803,50.272462],[19.587122,50.272389],[19.587437,50.272318],[19.588533,50.27208],[19.589125,50.271949],[19.589265,50.271919],[19.589451,50.271877],[19.589739,50.271813],[19.589784,50.271803],[19.590215,50.271708],[19.590503,50.271647],[19.59154,50.271418],[19.592062,50.271297],[19.593445,50.270927],[19.593803,50.270826]]},"properties":{"name":"94;791"}},{"type":"Feature","geometry":{"type":"LineString","coordinates":[[19.583695,50.274172],[19.583516,50.274146],[19.583273,50.274113],[19.583211,50.274104],[19.583066,50.274091],[19.582986,50.274089],[19.582812,50.274093],[19.582755,50.274095],[19.582564,50.274104],[19.582321,50.274113],[19.581981,50.274127],[19.581849,50.274132],[19.581566,50.274142],[19.581424,50.274148],[19.581168,50.274156],[19.580966,50.274162],[19.58082,50.274168],[19.580496,50.274181],[19.580336,50.274186],[19.579968,50.274202],[19.57987,50.274204],[19.579048,50.274229],[19.578939,50.274237],[19.578888,50.274241],[19.578722,50.274266],[19.578626,50.274283],[19.578293,50.274353],[19.57804,50.274407],[19.577239,50.27458],[19.577162,50.274597],[19.575951,50.274821],[19.575788,50.274849],[19.57567,50.274864],[19.575606,50.274872],[19.575352,50.274913],[19.575136,50.274944],[19.57502,50.274954],[19.574611,50.274984],[19.574434,50.274997],[19.574055,50.275028],[19.573648,50.275055],[19.573548,50.275065],[19.573323,50.27508],[19.573237,50.275095],[19.573071,50.275149],[19.57213,50.275496],[19.57182,50.275616],[19.571648,50.275679],[19.571526,50.275718],[19.570352,50.276093],[19.570193,50.276124],[19.57002,50.276158],[19.5696,50.276201],[19.568875,50.27631],[19.568755,50.276329],[19.567988,50.276451],[19.567134,50.276587],[19.566735,50.276697],[19.566702,50.276709],[19.566594,50.276748],[19.566386,50.276822],[19.566157,50.276904],[19.566021,50.276953],[19.565806,50.27703],[19.565657,50.277083],[19.565491,50.277132],[19.565283,50.277193],[19.56489,50.277304],[19.564823,50.277321],[19.564507,50.27739],[19.56424,50.277448],[19.564071,50.277483],[19.563854,50.277526],[19.563771,50.277548],[19.563752,50.277552],[19.563515,50.277635],[19.563376,50.277695],[19.563132,50.2778],[19.56252,50.27807],[19.562346,50.278146]]},"properties":{"name":"Króla Kazimierza Wielkiego"}},{"type":"Feature","geometry":{"type":"LineString","coordinates":[[19.565012,50.28082],[19.564652,50.280695],[19.564288,50.280444],[19.564086,50.280286],[19.563938,50.280167],[19.563878,50.280123],[19.563746,50.280027],[19.563383,50.279743],[19.563294,50.279663],[19.563233,50.279597],[19.56315,50.279461],[19.562765,50.278836],[19.56271,50.278745],[19.562483,50.27837],[19.562415,50.278256],[19.562346,50.278146],[19.562283,50.27805],[19.561917,50.277524]]},"properties":{"name":"Tadeusza Kościuszki"}},{"type":"Feature","geometry":{"type":"LineString","coordinates":[[19.564751,50.280875],[19.564652,50.280695]]},"properties":{"name":"Tadeusza Kościuszki"}},{"type":"Feature","geometry":{"type":"LineString","coordinates":[[19.556998,50.282964],[19.556765,50.283023],[19.556631,50.283048],[19.556514,50.283071],[19.556334,50.283099],[19.555586,50.2832],[19.553831,50.283392],[19.552386,50.283547],[19.55147,50.283651],[19.551004,50.283703],[19.550807,50.283734],[19.550432,50.283791],[19.549393,50.284039],[19.549192,50.284105],[19.548561,50.284338],[19.54846,50.284389]]},"properties":{"name":"94"}},{"type":"Feature","geometry":{"type":"LineString","coordinates":[[19.548568,50.284469],[19.548344,50.284562],[19.548134,50.284657]]},"properties":{"name":"94"}},{"type":"Feature","geometry":{"type":"LineString","coordinates":[[19.54806,50.28457],[19.547934,50.28462],[19.547603,50.284796],[19.547056,50.285096],[19.546255,50.285534],[19.54461,50.28643],[19.543943,50.286783],[19.543716,50.286883],[19.543412,50.287011],[19.542999,50.287162],[19.542693,50.287262],[19.542489,50.287318],[19.542189,50.28739],[19.54189,50.287454],[19.541477,50.287528],[19.541143,50.287581],[19.540789,50.287619],[19.540411,50.287652],[19.54003,50.287659],[19.539686,50.287656],[19.539032,50.287642],[19.5386,50.287624],[19.538207,50.287602],[19.537178,50.28756],[19.535767,50.287499],[19.533705,50.287414],[19.53114,50.287304],[19.528712,50.287158],[19.527684,50.287105],[19.526337,50.287114],[19.524977,50.287046],[19.524506,50.287033],[19.524185,50.28703],[19.523839,50.287039],[19.523527,50.287056],[19.523046,50.287095],[19.522658,50.287148],[19.522242,50.287219],[19.521966,50.287274],[19.521629,50.287358],[19.521365,50.287427],[19.521148,50.287491],[19.520875,50.287573],[19.514478,50.289578],[19.511779,50.290425],[19.509043,50.291279],[19.503632,50.292979],[19.502948,50.293201],[19.502185,50.293464],[19.501369,50.293798],[19.501056,50.29394],[19.500792,50.294061],[19.500422,50.294248],[19.500144,50.294399],[19.499867,50.294553],[19.499616,50.294697],[19.499319,50.294886],[19.498391,50.295521],[19.497337,50.296256],[19.49453,50.298226],[19.49218,50.299869],[19.491693,50.300211],[19.490482,50.301065],[19.490171,50.301274],[19.489672,50.301627],[19.488128,50.302683],[19.487883,50.302841],[19.487666,50.302976],[19.4874,50.303136],[19.487132,50.303285],[19.486881,50.303423],[19.486615,50.303559],[19.486363,50.303682],[19.486091,50.303803],[19.48567,50.303979],[19.485222,50.304161],[19.484733,50.304339],[19.484399,50.304452],[19.484123,50.30454],[19.483798,50.30464],[19.483485,50.304727],[19.48291,50.304885],[19.482257,50.305056],[19.481102,50.305357],[19.480003,50.305643],[19.479675,50.30573],[19.479418,50.305793],[19.47897,50.305912],[19.478425,50.306052],[19.475981,50.306681],[19.475286,50.306862],[19.473572,50.307307],[19.473224,50.307397],[19.472745,50.307515],[19.472331,50.307603],[19.472067,50.307658],[19.471882,50.307692],[19.471755,50.307716],[19.47087,50.307859],[19.470682,50.307879],[19.47026,50.307916]]},"properties":{"name":"94"}},{"type":"Feature","geometry":{"type":"LineString","coordinates":[[19.527684,50.287105],[19.525107,50.286948],[19.524573,50.286924],[19.524193,50.286922],[19.523932,50.286924],[19.523502,50.286944],[19.523207,50.28697],[19.522873,50.287005],[19.522581,50.287044],[19.522297,50.287092],[19.52196,50.28716],[19.521662,50.28723],[19.521409,50.287296],[19.521113,50.287379],[19.520783,50.287477],[19.514347,50.289488],[19.511699,50.290322],[19.508965,50.291179],[19.505422,50.292294],[19.504453,50.2926],[19.503548,50.292885],[19.502862,50.293105],[19.502193,50.293335],[19.501767,50.293495],[19.501248,50.29371],[19.500685,50.293971],[19.500215,50.294211],[19.499891,50.294381],[19.499513,50.29459],[19.499194,50.294805],[19.498258,50.295447],[19.497736,50.295811],[19.49721,50.296177],[19.496297,50.29682],[19.494411,50.298147],[19.492981,50.299141],[19.492278,50.299637],[19.490431,50.300933],[19.490047,50.301203],[19.488618,50.302204],[19.488036,50.302597],[19.48769,50.302818],[19.487414,50.302985],[19.48694,50.303253],[19.486662,50.303401],[19.486414,50.303522],[19.485992,50.303714],[19.485559,50.303903],[19.485156,50.304063],[19.484688,50.304231],[19.484089,50.304432],[19.483465,50.304616],[19.482878,50.304777],[19.481131,50.305232],[19.480335,50.305436],[19.479647,50.305615],[19.479359,50.305686],[19.478624,50.305881],[19.478333,50.305958],[19.476361,50.306468],[19.47592,50.306584],[19.474662,50.306911],[19.473737,50.307148],[19.47311,50.307308],[19.472481,50.307455],[19.472002,50.307558],[19.471212,50.307692],[19.47083,50.307744],[19.470663,50.307766],[19.470517,50.307783]]},"properties":{"name":"94"}},{"type":"Feature","geometry":{"type":"LineString","coordinates":[[19.40675,50.300315],[19.408314,50.299941],[19.409341,50.299724],[19.40985,50.299636],[19.410434,50.299547],[19.410939,50.299488],[19.411362,50.299448],[19.411608,50.299429],[19.411964,50.2994],[19.412218,50.299384],[19.412489,50.299372],[19.412982,50.299357],[19.413366,50.299352],[19.413737,50.299356],[19.414208,50.299366]]},"properties":{"name":"94"}},{"type":"Feature","geometry":{"type":"LineString","coordinates":[[19.425638,50.299611],[19.427185,50.299542],[19.427915,50.299501],[19.428831,50.299449],[19.432337,50.299267],[19.433634,50.299194],[19.434269,50.299167],[19.434966,50.299156],[19.435802,50.299175],[19.436522,50.299219],[19.436881,50.299252],[19.43749,50.299316],[19.437979,50.299378],[19.438905,50.299524],[19.439095,50.29956],[19.43953,50.299648],[19.439785,50.299704],[19.440107,50.299785],[19.44077,50.299955],[19.441842,50.300279],[19.442616,50.300525],[19.443176,50.300698],[19.443333,50.300752],[19.443531,50.30082]]},"properties":{"name":"94"}},{"type":"Feature","geometry":{"type":"LineString","coordinates":[[19.436653,50.299112],[19.436902,50.299132],[19.437482,50.299193],[19.438074,50.299268],[19.438588,50.29935],[19.439051,50.299432],[19.439554,50.299534],[19.440191,50.299678],[19.440797,50.299841],[19.441161,50.29995],[19.4416,50.300079],[19.441998,50.300197],[19.443261,50.300605],[19.443466,50.300665],[19.443645,50.300724]]},"properties":{"name":"94"}},{"type":"Feature","geometry":{"type":"LineString","coordinates":[[19.4142,50.299477],[19.413763,50.299469],[19.413555,50.299469],[19.413277,50.299469],[19.412946,50.299475],[19.412581,50.29948],[19.412228,50.299495],[19.411917,50.299514],[19.411409,50.299554],[19.410933,50.299602],[19.410447,50.299659],[19.40993,50.299734],[19.409421,50.299823],[19.408952,50.299916],[19.408552,50.300003],[19.407077,50.30035],[19.405005,50.300848],[19.40362,50.301174],[19.402705,50.30139],[19.402312,50.301483],[19.401451,50.301691],[19.400654,50.301878]]},"properties":{"name":"94"}},{"type":"Feature","geometry":{"type":"LineString","coordinates":[[19.607014,50.268233],[19.606857,50.268265]]},"properties":{"name":"94"}},{"type":"Feature","geometry":{"type":"LineString","coordinates":[[19.669379,50.246707],[19.669137,50.246827],[19.669079,50.246853],[19.667768,50.247472],[19.666905,50.247914],[19.666728,50.248],[19.665687,50.248513],[19.665559,50.24857],[19.665238,50.248724],[19.663186,50.249715],[19.662398,50.250016],[19.661683,50.250253],[19.658913,50.251003],[19.658675,50.251067],[19.658353,50.251154],[19.657971,50.251257],[19.657751,50.251316],[19.657668,50.251339],[19.656766,50.251589],[19.655781,50.251862],[19.65513,50.252024],[19.65503,50.252051],[19.654892,50.252088],[19.654858,50.252097],[19.650874,50.253181],[19.647364,50.254128],[19.647241,50.254161],[19.646983,50.254231],[19.646817,50.254276],[19.646754,50.254293],[19.646277,50.254422],[19.645359,50.25467],[19.645197,50.254713],[19.644934,50.254784]]},"properties":{"name":"94"}},{"type":"Feature","geometry":{"type":"LineString","coordinates":[[19.499513,50.29459],[19.499461,50.294534],[19.499325,50.294401],[19.499225,50.294278],[19.49879,50.293823],[19.49866,50.293675],[19.498594,50.293582],[19.497397,50.293803],[19.496736,50.293919],[19.495098,50.294213],[19.490863,50.294983],[19.488474,50.295423],[19.487249,50.295648],[19.486246,50.295829],[19.486152,50.295846],[19.484349,50.296178],[19.483595,50.296317],[19.482845,50.296457],[19.481693,50.296671],[19.481458,50.296706],[19.481278,50.296732],[19.481179,50.296739],[19.481066,50.296747],[19.480921,50.296741],[19.480889,50.296739],[19.480763,50.296733],[19.480668,50.296714],[19.4805,50.296674],[19.480366,50.296629],[19.479467,50.296165],[19.479112,50.295976],[19.478423,50.295613],[19.478091,50.295457],[19.477678,50.295272],[19.477418,50.295157],[19.477091,50.295047],[19.476265,50.294766],[19.476194,50.294743],[19.476085,50.2947],[19.475593,50.294548],[19.475404,50.294501],[19.475147,50.294457],[19.474733,50.294401],[19.474373,50.294352],[19.474005,50.294321],[19.473754,50.294312],[19.473554,50.294319],[19.47336,50.294331],[19.472969,50.294376],[19.472187,50.294451],[19.471983,50.294474],[19.47171,50.294507],[19.471421,50.294552],[19.471183,50.294609],[19.470858,50.294702],[19.470792,50.294721],[19.469224,50.295173],[19.469174,50.295187],[19.468961,50.295246],[19.468501,50.295375],[19.467869,50.295561],[19.465638,50.296176],[19.465166,50.296312],[19.464842,50.296406],[19.46306,50.296924],[19.462926,50.296963],[19.462508,50.297084],[19.461674,50.29733],[19.461567,50.297362],[19.461414,50.297403],[19.459961,50.297828],[19.456334,50.298856],[19.455229,50.299196],[19.455017,50.299257],[19.454706,50.29935],[19.454476,50.299404],[19.4542,50.299456],[19.453686,50.299535],[19.450696,50.299857],[19.449487,50.299988],[19.448195,50.300142]]},"properties":{"name":"Główna"}},{"type":"Feature","geometry":{"type":"LineString","coordinates":[[19.463096,50.3155],[19.463052,50.315584],[19.462962,50.315748],[19.462914,50.315827],[19.46285,50.315987],[19.462816,50.316147],[19.462803,50.316198],[19.462743,50.316436],[19.462716,50.316544],[19.462639,50.316907],[19.462589,50.317099],[19.462549,50.317162],[19.462496,50.31721],[19.46242,50.31725],[19.462292,50.317299],[19.461166,50.317784],[19.460942,50.317853],[19.460822,50.31788],[19.460662,50.317906],[19.460531,50.317918]]},"properties":{"name":"Główna"}},{"type":"Feature","geometry":{"type":"LineString","coordinates":[[19.425638,50.299611],[19.425655,50.299792],[19.426972,50.29983],[19.428927,50.299883],[19.429978,50.299918],[19.436349,50.300083]]},"properties":{"name":"Główna"}},{"type":"Feature","geometry":{"type":"LineString","coordinates":[[19.588617,50.384597],[19.588539,50.384461],[19.587891,50.383324],[19.58767,50.382993],[19.587364,50.382632],[19.587355,50.382623],[19.586471,50.381676],[19.585877,50.380967],[19.585472,50.380492],[19.585421,50.38043],[19.583866,50.378569],[19.583216,50.377812],[19.583141,50.377725],[19.582157,50.376532],[19.581392,50.375613],[19.580846,50.374952],[19.580602,50.374657],[19.580305,50.374298],[19.579724,50.373595],[19.578428,50.37204]]},"properties":{"name":"Główna"}},{"type":"Feature","geometry":{"type":"LineString","coordinates":[[19.604452,50.354608],[19.604465,50.354549],[19.604482,50.354472],[19.604624,50.353832],[19.604762,50.353579],[19.605898,50.352356],[19.606582,50.3516],[19.606944,50.351047],[19.607186,50.350705],[19.607505,50.350371],[19.608097,50.349955],[19.609841,50.348719],[19.610207,50.348459],[19.610454,50.348313],[19.61103,50.34797],[19.611751,50.347458],[19.612364,50.347022],[19.612909,50.346476],[19.613068,50.346376],[19.614463,50.345724],[19.614555,50.345681]]},"properties":{"name":"Główna"}},{"type":"Feature","geometry":{"type":"LineString","coordinates":[[19.469286,50.287069],[19.46913,50.286444],[19.469107,50.286242],[19.469099,50.28602],[19.469097,50.285933],[19.469093,50.285794],[19.469101,50.285554],[19.46912,50.284997],[19.469122,50.284951],[19.469146,50.284339],[19.469162,50.283883],[19.469168,50.28357],[19.469173,50.283356],[19.469183,50.283158],[19.469198,50.282868],[19.469233,50.282206],[19.469285,50.281581],[19.469316,50.281456],[19.46937,50.281328],[19.469613,50.280911],[19.469634,50.280858],[19.469653,50.280791],[19.469667,50.280704],[19.469679,50.280634],[19.469683,50.280532],[19.469678,50.280487],[19.469668,50.280432],[19.469648,50.280378],[19.469519,50.280118],[19.469486,50.280038],[19.469477,50.280016],[19.469437,50.279873],[19.469427,50.279801],[19.469418,50.27966],[19.469434,50.279571],[19.469455,50.279489],[19.469516,50.279355],[19.469648,50.279085],[19.469717,50.278927],[19.469879,50.278456],[19.469891,50.278415],[19.469917,50.278322],[19.469975,50.278136],[19.470019,50.277998],[19.470062,50.277855],[19.470074,50.277719],[19.470066,50.277576],[19.470055,50.277515],[19.470034,50.277436],[19.470006,50.277373],[19.469982,50.277327],[19.469947,50.277262],[19.469863,50.27714],[19.46976,50.277005],[19.469737,50.276975],[19.469573,50.276755],[19.469444,50.276582],[19.469003,50.275992],[19.468481,50.275284],[19.467428,50.273843],[19.466974,50.273222],[19.466682,50.27282],[19.466386,50.272445],[19.465817,50.271693],[19.464492,50.269957],[19.464415,50.269855],[19.464131,50.269482],[19.463319,50.268414],[19.463213,50.268275],[19.463134,50.26817],[19.462951,50.267917],[19.46293,50.267888],[19.462837,50.26776],[19.462766,50.267599],[19.462713,50.267398],[19.462695,50.267299],[19.462685,50.267249],[19.462666,50.267098],[19.462663,50.267078],[19.462661,50.266998],[19.462671,50.266854],[19.462687,50.266637],[19.462711,50.266206],[19.462718,50.266079],[19.46274,50.265647],[19.462757,50.265393]]},"properties":{"name":"Kolejowa"}},{"type":"Feature","geometry":{"type":"LineString","coordinates":[[19.582505,50.335423],[19.582661,50.335412],[19.583452,50.335384],[19.586447,50.335314],[19.590921,50.335208],[19.594236,50.335129],[19.594553,50.33512],[19.595478,50.335095],[19.595723,50.335114],[19.596418,50.335226],[19.596595,50.335257],[19.600254,50.335882],[19.600406,50.335908],[19.600992,50.336012],[19.601608,50.336122],[19.603168,50.336433],[19.605152,50.336839],[19.609186,50.337672],[19.610009,50.337842],[19.6123,50.338302],[19.61248,50.338346],[19.612652,50.338397],[19.612822,50.338467],[19.61296,50.338528],[19.61322,50.338667],[19.613648,50.338892],[19.614498,50.339349],[19.614577,50.339392],[19.614802,50.339514],[19.615527,50.339899],[19.615787,50.340033],[19.615886,50.340084],[19.616559,50.340448],[19.61684,50.340601],[19.618809,50.34161],[19.618917,50.341662],[19.618829,50.341755],[19.618488,50.342644],[19.618419,50.342923],[19.617259,50.344356],[19.616779,50.344614],[19.615219,50.34535]]},"properties":{"name":"Kolejowa"}},{"type":"Feature","geometry":{"type":"LineString","coordinates":[[19.462757,50.265393],[19.46268,50.265273],[19.462654,50.265225],[19.462624,50.265166],[19.462544,50.264996],[19.462496,50.264938],[19.462421,50.26489],[19.462319,50.264849],[19.462219,50.264832],[19.462119,50.264822]]},"properties":{"name":"Niepodległości"}},{"type":"Feature","geometry":{"type":"LineString","coordinates":[[19.560625,50.260327],[19.560594,50.260442],[19.56054,50.260553],[19.560478,50.261487],[19.560475,50.261643],[19.560362,50.263194],[19.560319,50.263825],[19.560298,50.264111],[19.560261,50.264612],[19.560205,50.265294],[19.560191,50.265504],[19.560139,50.266198],[19.560009,50.267418],[19.559948,50.268018],[19.559911,50.268417],[19.559891,50.268546],[19.55986,50.268645],[19.55983,50.268724],[19.559766,50.268837],[19.559633,50.269038],[19.559385,50.269376],[19.558905,50.270025],[19.558854,50.270104],[19.558817,50.270181],[19.558782,50.270306],[19.558766,50.270419],[19.558753,50.270596],[19.558754,50.270662],[19.558773,50.270728],[19.558807,50.270789],[19.558852,50.270833],[19.558929,50.270871],[19.55901,50.270896],[19.559261,50.270937],[19.560505,50.271101],[19.56062,50.271124],[19.560661,50.271136],[19.560748,50.271191],[19.560797,50.271226],[19.560831,50.271267],[19.560847,50.271308],[19.56085,50.271332],[19.560853,50.271373],[19.560851,50.271428],[19.560845,50.27149],[19.560844,50.271553],[19.560854,50.271627],[19.560862,50.271653],[19.561024,50.272156],[19.561082,50.272381],[19.561172,50.272848],[19.561189,50.272971],[19.561296,50.273728],[19.561327,50.273981],[19.561343,50.27407],[19.561354,50.274133],[19.561774,50.277046],[19.561778,50.277076],[19.561783,50.277103],[19.5618,50.277187],[19.561812,50.277246],[19.561867,50.277421],[19.561917,50.277524]]},"properties":{"name":"29 Listopada"}},{"type":"Feature","geometry":{"type":"LineString","coordinates":[[19.56054,50.260553],[19.560497,50.26044],[19.560486,50.260349],[19.560483,50.260324]]},"properties":{"name":"29 Listopada"}},{"type":"Feature","geometry":{"type":"LineString","coordinates":[[19.491836,50.300517],[19.492668,50.301007],[19.493335,50.301394],[19.493444,50.301454],[19.493666,50.301582],[19.494006,50.301804],[19.494188,50.301944],[19.494315,50.30205],[19.494425,50.302169],[19.494662,50.30247],[19.494815,50.302658],[19.494968,50.302861],[19.495231,50.303207],[19.495313,50.303325],[19.495411,50.30345],[19.497354,50.305948]]},"properties":{"name":"Kluczewska"}},{"type":"Feature","geometry":{"type":"LineString","coordinates":[[19.487249,50.295648],[19.487323,50.295751],[19.487346,50.295779],[19.487747,50.296338],[19.487784,50.296392],[19.487865,50.2965],[19.488055,50.296774],[19.488851,50.297813],[19.489145,50.298187],[19.489508,50.298647],[19.489767,50.298976],[19.490049,50.299324],[19.490161,50.299457],[19.490248,50.299549],[19.49034,50.299617],[19.490425,50.29967],[19.490537,50.29974],[19.49071,50.299845],[19.491,50.300025],[19.491155,50.30012]]},"properties":{"name":"Kluczewska"}},{"type":"Feature","geometry":{"type":"LineString","coordinates":[[19.559134,50.381078],[19.55902,50.381052],[19.55885,50.381043],[19.556799,50.381061],[19.554562,50.381081],[19.554335,50.381059],[19.554254,50.381044],[19.554116,50.381012],[19.553888,50.380939],[19.553573,50.380839],[19.553383,50.380758],[19.553226,50.380668],[19.553128,50.380575],[19.553042,50.380471],[19.552838,50.380231],[19.552756,50.380112],[19.552414,50.379485],[19.552302,50.37935],[19.552217,50.37929],[19.550982,50.378868],[19.550801,50.378787]]},"properties":{"name":"Kluczewska"}},{"type":"Feature","geometry":{"type":"LineString","coordinates":[[19.512483,50.367557],[19.513872,50.36803],[19.514727,50.368321],[19.515513,50.368589],[19.51569,50.368652],[19.515849,50.368703],[19.515943,50.368682],[19.516045,50.368659],[19.516121,50.368642],[19.51631,50.368593],[19.516365,50.368577],[19.518115,50.368046],[19.519558,50.367613],[19.520228,50.367412],[19.521492,50.367051],[19.522356,50.366866],[19.522566,50.366828],[19.522879,50.366785],[19.523047,50.366762],[19.523346,50.366717],[19.523435,50.366705],[19.523582,50.366686],[19.5238,50.366661],[19.52426,50.366652],[19.524969,50.366684],[19.526183,50.366716],[19.526376,50.366721],[19.526521,50.366712],[19.526689,50.366687],[19.531228,50.365791],[19.531912,50.365656],[19.532228,50.365621],[19.532421,50.365625],[19.536505,50.366026],[19.537085,50.366083],[19.537275,50.3661],[19.5374,50.366106],[19.537576,50.366106],[19.537704,50.366095],[19.538232,50.366023],[19.541403,50.365484],[19.54369,50.365096],[19.544819,50.364904],[19.544938,50.364879],[19.545179,50.364813],[19.545336,50.364754],[19.546459,50.364331],[19.548246,50.363667],[19.553735,50.361656],[19.553912,50.361605],[19.554171,50.361554],[19.555035,50.36142],[19.555132,50.361401],[19.555276,50.361373],[19.555387,50.361351],[19.55575,50.361266],[19.558758,50.360516],[19.558826,50.360493]]},"properties":{"name":"Kluczewska"}},{"type":"Feature","geometry":{"type":"LineString","coordinates":[[19.497354,50.305948],[19.497575,50.306252],[19.497917,50.306662],[19.498067,50.306835],[19.49854,50.307347],[19.498791,50.307594]]},"properties":{"name":"Jurajska"}},{"type":"Feature","geometry":{"type":"LineString","coordinates":[[19.645741,50.377967],[19.645251,50.37803],[19.644879,50.378078],[19.644575,50.378114],[19.644104,50.378169],[19.643519,50.378166],[19.643307,50.378149],[19.643184,50.378133],[19.643061,50.378118],[19.642785,50.37806],[19.642517,50.377983],[19.640786,50.377154],[19.638737,50.376312],[19.638306,50.376143],[19.63814,50.376077],[19.637905,50.375947],[19.637823,50.375858],[19.637748,50.375776],[19.63757,50.375419],[19.637492,50.375216],[19.637421,50.37495],[19.637315,50.374672],[19.63722,50.374528],[19.637062,50.374378],[19.636747,50.37414],[19.635411,50.373328],[19.634981,50.373118],[19.633297,50.37251],[19.632966,50.37238],[19.631947,50.3719],[19.631802,50.371841],[19.631646,50.3718],[19.631452,50.371789],[19.631266,50.371785],[19.631086,50.37178],[19.630934,50.371761],[19.630845,50.371726],[19.630775,50.371678],[19.630695,50.371559],[19.630626,50.371451],[19.630548,50.371383],[19.630467,50.371356],[19.630358,50.371347],[19.630183,50.371366],[19.629942,50.371425],[19.629758,50.371493],[19.629625,50.371527],[19.629494,50.371548],[19.62929,50.37155],[19.628847,50.371525],[19.627604,50.371473],[19.627159,50.371424],[19.626612,50.371338],[19.626139,50.371257],[19.625926,50.371229],[19.625724,50.371213],[19.625541,50.371216],[19.625365,50.371227],[19.625194,50.371253],[19.624992,50.371294],[19.62384,50.371573],[19.623337,50.37169],[19.622326,50.371916],[19.622238,50.371934],[19.621334,50.372128],[19.620976,50.372163],[19.620731,50.372179],[19.620289,50.372206],[19.619992,50.372225],[19.61756,50.372223],[19.616578,50.372233],[19.616167,50.372244],[19.615758,50.372333],[19.615389,50.372454],[19.61463,50.372692],[19.613959,50.372897],[19.613537,50.372974],[19.613057,50.373042],[19.611321,50.373262],[19.610462,50.373352],[19.609626,50.373474],[19.60885,50.373639],[19.608234,50.373808]]},"properties":{"name":"Jurajska"}},{"type":"Feature","geometry":{"type":"LineString","coordinates":[[19.443282,50.277197],[19.44332,50.277274],[19.443479,50.277502],[19.443532,50.277587],[19.444021,50.278377],[19.444095,50.278498],[19.44428,50.278815],[19.444342,50.27891],[19.444386,50.278994],[19.444701,50.279513],[19.444926,50.279882],[19.444989,50.279985],[19.445198,50.280327],[19.445293,50.280483],[19.445431,50.280709],[19.44551,50.280837],[19.445758,50.281238],[19.44586,50.281404],[19.446091,50.281777],[19.446233,50.282013],[19.446463,50.282391],[19.446577,50.28258],[19.446623,50.282657],[19.446839,50.283013],[19.44698,50.283245],[19.447042,50.283348],[19.447238,50.283672],[19.447398,50.283934],[19.447716,50.284455],[19.447795,50.284582],[19.447993,50.284903],[19.44807,50.285027],[19.448395,50.285552],[19.448459,50.285658],[19.448768,50.286157],[19.448887,50.286349],[19.448988,50.286514],[19.449233,50.286915],[19.449346,50.287093],[19.449739,50.287715],[19.449857,50.287902],[19.450469,50.288915],[19.450569,50.289061],[19.450686,50.289214],[19.450713,50.289242],[19.450748,50.289268],[19.450796,50.289302],[19.450881,50.289347],[19.450982,50.289387],[19.451751,50.2896],[19.452689,50.289869]]},"properties":{"name":"Wodąca"}},{"type":"Feature","geometry":{"type":"LineString","coordinates":[[19.443282,50.277197],[19.442886,50.277338],[19.442298,50.277544],[19.439776,50.278401],[19.437159,50.279292],[19.435641,50.27982],[19.435358,50.279916],[19.435235,50.279961],[19.430187,50.281695],[19.429679,50.281868],[19.429207,50.282029],[19.427339,50.282663],[19.422433,50.284346],[19.422328,50.284382],[19.422199,50.284419],[19.422099,50.284446],[19.421969,50.284471],[19.42184,50.284494],[19.421468,50.284545],[19.416825,50.285227],[19.416792,50.285232],[19.416772,50.285235],[19.414448,50.285582],[19.410413,50.286254],[19.408553,50.286532],[19.407413,50.286724],[19.404224,50.287249],[19.403691,50.287337],[19.403662,50.287343],[19.403603,50.287368],[19.403572,50.287397],[19.403556,50.287429],[19.403554,50.287458],[19.403565,50.287504],[19.403594,50.287567],[19.404155,50.288516],[19.404752,50.2895],[19.404791,50.289602],[19.404809,50.28966],[19.404813,50.289734]]},"properties":{"name":"Sławkowska"}},{"type":"Feature","geometry":{"type":"LineString","coordinates":[[19.403603,50.287368],[19.403457,50.287354],[19.402925,50.287438]]},"properties":{"name":"Sławkowska"}},{"type":"Feature","geometry":{"type":"LineString","coordinates":[[19.402298,50.296903],[19.40229,50.296809],[19.402562,50.296521],[19.402835,50.29628],[19.402994,50.296106],[19.403355,50.295602],[19.403795,50.294971],[19.403893,50.294793],[19.404033,50.294508],[19.404096,50.294327],[19.404126,50.294211],[19.404152,50.294096],[19.40417,50.294003],[19.404177,50.293968],[19.404189,50.293907]]},"properties":{"name":"Sławkowska"}},{"type":"Feature","geometry":{"type":"LineString","coordinates":[[19.388599,50.297876],[19.388471,50.2978],[19.388424,50.297781],[19.388368,50.297773],[19.388313,50.297782],[19.388262,50.297801],[19.388155,50.297866],[19.388001,50.297964],[19.38784,50.298064],[19.387668,50.298176],[19.387472,50.298307],[19.387436,50.298338],[19.387438,50.298368],[19.387467,50.298425],[19.387503,50.298457],[19.387539,50.298483],[19.387586,50.298519],[19.387835,50.298669],[19.388072,50.298811],[19.388268,50.29892],[19.388329,50.298936],[19.388398,50.298943],[19.388462,50.29893],[19.388512,50.298902],[19.388716,50.298759],[19.388894,50.298631],[19.389164,50.29845],[19.389232,50.298394],[19.38926,50.298336],[19.389229,50.298283],[19.389156,50.298232],[19.389059,50.298168],[19.388955,50.2981],[19.388936,50.298089],[19.388682,50.297928],[19.388599,50.297876]]},"properties":{"name":"Rynek"}},{"type":"Feature","geometry":{"type":"LineString","coordinates":[[19.38926,50.298336],[19.38934,50.29834],[19.389412,50.298346],[19.389482,50.298356],[19.38952,50.298374],[19.389774,50.298522],[19.390033,50.298682],[19.390374,50.298895],[19.390672,50.299075],[19.390786,50.299141],[19.391002,50.299267],[19.391922,50.299875],[19.392022,50.29994],[19.392104,50.299993],[19.393091,50.300641],[19.393302,50.30076],[19.393499,50.30084],[19.393558,50.300865],[19.3936,50.300905]]},"properties":{"name":"Legionów Polskich"}},{"type":"Feature","geometry":{"type":"LineString","coordinates":[[19.574203,50.265948],[19.574441,50.265979],[19.575988,50.266161],[19.576089,50.266175],[19.576335,50.266203],[19.576758,50.266258],[19.577001,50.26629],[19.577242,50.266322],[19.57733,50.266334],[19.57746,50.266358],[19.577533,50.266375],[19.577621,50.266416],[19.577748,50.266479],[19.578427,50.266817],[19.579405,50.267317],[19.579477,50.267354],[19.579491,50.267361],[19.580246,50.267731],[19.580537,50.267888],[19.580655,50.267951]]},"properties":{"name":"Legionów Polskich"}},{"type":"Feature","geometry":{"type":"LineString","coordinates":[[19.3936,50.300905],[19.394155,50.300804],[19.394793,50.300685],[19.397327,50.300185],[19.397672,50.300115],[19.39799,50.300056],[19.398498,50.299984],[19.39896,50.299937],[19.399107,50.299926],[19.399423,50.299894],[19.399561,50.299881],[19.399776,50.29986],[19.400135,50.299831],[19.400494,50.299818],[19.401168,50.299788],[19.402203,50.299748],[19.403567,50.299678],[19.40497,50.299616],[19.405904,50.299578],[19.40592,50.299639],[19.405946,50.299739],[19.406004,50.300023]]},"properties":{"name":"Olkuska"}},{"type":"Feature","geometry":{"type":"LineString","coordinates":[[19.562121,50.316889],[19.561721,50.318015],[19.561167,50.319548],[19.561037,50.320105],[19.560771,50.321508],[19.560698,50.321923],[19.560721,50.322197],[19.560779,50.322455],[19.5609,50.322703],[19.561145,50.323164],[19.561272,50.323463],[19.561321,50.323657],[19.561383,50.324047],[19.561432,50.324439],[19.561466,50.324765],[19.561483,50.324935],[19.561507,50.325257],[19.561532,50.325556],[19.561543,50.325681],[19.561549,50.325826],[19.561543,50.325999],[19.561518,50.326178],[19.561502,50.326303],[19.561472,50.326424],[19.561439,50.326564],[19.561408,50.326673],[19.561323,50.326904],[19.56121,50.327141],[19.561155,50.327247],[19.561093,50.327354],[19.560955,50.327577],[19.56128,50.327665],[19.561323,50.32769],[19.561352,50.327738],[19.561357,50.327778],[19.561348,50.3278],[19.561294,50.327925],[19.561142,50.32828],[19.560955,50.328723],[19.560869,50.328918],[19.560794,50.32913],[19.560774,50.329246],[19.560778,50.329332],[19.56079,50.329378]]},"properties":{"name":"Olkuska"}},{"type":"Feature","geometry":{"type":"LineString","coordinates":[[19.64093,50.366897],[19.642876,50.371373],[19.642964,50.371564],[19.64308,50.371815],[19.643515,50.37287],[19.64385,50.373625],[19.645309,50.376957],[19.645355,50.377072],[19.645741,50.377967],[19.646017,50.378571],[19.64622,50.378948],[19.646563,50.379602],[19.646683,50.379805],[19.646803,50.380013],[19.646977,50.380331],[19.647076,50.380519],[19.647049,50.380706]]},"properties":{"name":"Olkuska"}},{"type":"Feature","geometry":{"type":"LineString","coordinates":[[19.607014,50.268233],[19.607155,50.26821],[19.607227,50.268195],[19.607623,50.268126],[19.609663,50.267781],[19.609994,50.267726],[19.61024,50.267685],[19.610639,50.267618],[19.610886,50.267573],[19.611079,50.267532],[19.611227,50.267497],[19.611298,50.267478],[19.61138,50.267457],[19.611501,50.26742],[19.611617,50.267386],[19.611782,50.267338],[19.611968,50.267285],[19.612222,50.267206],[19.612684,50.267061],[19.612873,50.267006]]},"properties":{"name":"Olkuska"}},{"type":"Feature","geometry":{"type":"LineString","coordinates":[[19.399561,50.299881],[19.399563,50.299846],[19.39952,50.299056],[19.399536,50.29898],[19.399569,50.298914],[19.399616,50.298843],[19.399652,50.298789],[19.39989,50.298608],[19.400016,50.298511],[19.400418,50.298193],[19.401349,50.297462],[19.4016,50.297279],[19.401792,50.297133],[19.401914,50.297058],[19.402009,50.297001],[19.402143,50.296957],[19.402301,50.296932],[19.402437,50.296916],[19.402475,50.296913],[19.402553,50.29691],[19.402805,50.296901],[19.402998,50.296909],[19.403181,50.296927],[19.404009,50.297016]]},"properties":{"name":"Walcownia"}},{"type":"Feature","geometry":{"type":"LineString","coordinates":[[19.563139,50.260397],[19.563125,50.260232],[19.563125,50.260196]]},"properties":{"name":"Zygmunta Krasińskiego"}},{"type":"Feature","geometry":{"type":"LineString","coordinates":[[19.480763,50.296733],[19.480746,50.296769],[19.480717,50.296826],[19.480678,50.296877],[19.480637,50.296933],[19.480593,50.296985],[19.480361,50.297226],[19.479854,50.297803],[19.479419,50.29829],[19.479244,50.298474],[19.478951,50.298805],[19.47872,50.299063],[19.478436,50.299377],[19.477927,50.29991],[19.477845,50.299993],[19.477434,50.300419],[19.476901,50.300983],[19.475727,50.302219],[19.474409,50.303607],[19.474386,50.303633],[19.474286,50.303743],[19.474241,50.303791],[19.473556,50.304511],[19.473443,50.30463],[19.473413,50.304661]]},"properties":{"name":"Laskowska"}},{"type":"Feature","geometry":{"type":"LineString","coordinates":[[19.477927,50.29991],[19.477986,50.299932],[19.478017,50.299952],[19.478041,50.299978],[19.478063,50.300007],[19.478079,50.300029],[19.478096,50.300066],[19.478118,50.300128],[19.478126,50.300148],[19.478186,50.300342],[19.478403,50.301132],[19.478567,50.301732],[19.478888,50.302872],[19.478958,50.303121],[19.479076,50.303542],[19.47922,50.304054],[19.47923,50.304088],[19.479249,50.304171],[19.479263,50.304228],[19.479604,50.305483],[19.479647,50.305615],[19.479675,50.30573]]},"properties":{"name":"Wyzwolenia"}},{"type":"Feature","geometry":{"type":"LineString","coordinates":[[19.463096,50.3155],[19.463292,50.315257],[19.463333,50.315207],[19.464239,50.314265],[19.464996,50.313476],[19.467158,50.311227],[19.468753,50.309603],[19.469932,50.308324],[19.470091,50.308153],[19.470121,50.30812],[19.470176,50.308057],[19.47026,50.307916]]},"properties":{"name":"Bolesławska"}},{"type":"Feature","geometry":{"type":"LineString","coordinates":[[19.473413,50.304661],[19.470665,50.307543],[19.470646,50.307562],[19.470597,50.307646],[19.470563,50.307723],[19.470517,50.307783]]},"properties":{"name":"Bolesławska"}},{"type":"Feature","geometry":{"type":"LineString","coordinates":[[19.560955,50.327577],[19.560813,50.327768],[19.560613,50.328017],[19.560513,50.32812],[19.560364,50.328268],[19.560204,50.328408],[19.559881,50.32868],[19.559521,50.328928],[19.559144,50.329156],[19.558926,50.329271],[19.558635,50.329413],[19.558195,50.329601],[19.55737,50.329927],[19.556755,50.330179],[19.556162,50.330404],[19.554888,50.330911],[19.554849,50.330925],[19.554807,50.330941],[19.554709,50.330981],[19.554696,50.330986],[19.554668,50.331002],[19.554648,50.331018],[19.554629,50.331048],[19.554627,50.331065],[19.55463,50.331084],[19.554732,50.331245],[19.554944,50.331581],[19.555029,50.331704],[19.555098,50.331806],[19.55552,50.332409],[19.555643,50.332584],[19.555865,50.332907],[19.5559,50.332956],[19.555936,50.333006],[19.556002,50.333082],[19.556036,50.333117],[19.556093,50.333163],[19.556163,50.333207],[19.556313,50.333281],[19.556451,50.333337],[19.556743,50.333443],[19.557102,50.33358],[19.557347,50.333671],[19.557522,50.33374],[19.558825,50.334238],[19.559224,50.334394],[19.559542,50.334518],[19.560056,50.334716],[19.560579,50.334917],[19.561093,50.335122],[19.561658,50.335357],[19.561944,50.335471],[19.562026,50.335514],[19.562189,50.335629],[19.562304,50.335707]]},"properties":{"name":"Bolesławska"}},{"type":"Feature","geometry":{"type":"LineString","coordinates":[[19.460942,50.317853],[19.460964,50.317896],[19.460968,50.317938],[19.460961,50.318019],[19.460919,50.318076],[19.460876,50.318108],[19.460789,50.318126],[19.460686,50.318104],[19.460611,50.318057],[19.460549,50.317975],[19.460531,50.317918]]},"properties":{"name":"Błędowska"}},{"type":"Feature","geometry":{"type":"LineString","coordinates":[[19.448195,50.300142],[19.447602,50.300213],[19.446808,50.300294],[19.446347,50.300317],[19.446007,50.300321],[19.445851,50.300321],[19.445365,50.300319],[19.444931,50.300303],[19.444801,50.300301]]},"properties":{"name":"Górna"}},{"type":"Feature","geometry":{"type":"LineString","coordinates":[[19.443645,50.300724],[19.443764,50.300617],[19.443826,50.300568],[19.443948,50.300481],[19.444067,50.300415],[19.444176,50.300373],[19.44426,50.30035],[19.44439,50.300333],[19.444614,50.30032],[19.444801,50.300301],[19.444597,50.30027],[19.444434,50.300264],[19.4443,50.300268],[19.444189,50.300281],[19.44407,50.300307],[19.443942,50.300348],[19.443829,50.300395],[19.443718,50.300456],[19.443587,50.300559],[19.443542,50.300597],[19.443466,50.300665]]},"properties":{"name":"Górna"}},{"type":"Feature","geometry":{"type":"LineString","coordinates":[[19.443531,50.30082],[19.443391,50.300931],[19.443212,50.301082],[19.443029,50.301222],[19.442761,50.301384]]},"properties":{"name":"Górna"}},{"type":"Feature","geometry":{"type":"LineString","coordinates":[[19.441727,50.302334],[19.442102,50.301977],[19.44236,50.301751],[19.442761,50.301384],[19.442998,50.301118],[19.443229,50.300876],[19.443333,50.300752]]},"properties":{"name":"Górna"}},{"type":"Feature","geometry":{"type":"LineString","coordinates":[[19.443982,50.305571],[19.442196,50.30577],[19.439991,50.306026],[19.438994,50.306155],[19.43855,50.306205],[19.438424,50.306218],[19.438339,50.306234],[19.437775,50.305849],[19.437565,50.305717],[19.437459,50.305659],[19.437378,50.305617],[19.437327,50.305589],[19.437285,50.305558],[19.437269,50.305525],[19.436719,50.30558],[19.435439,50.305652],[19.435082,50.305682],[19.434737,50.305721],[19.434569,50.305748],[19.434387,50.305785],[19.434185,50.305837],[19.434032,50.305881],[19.433808,50.305973],[19.433568,50.30609],[19.433278,50.306238],[19.432652,50.30655],[19.432413,50.306695],[19.43218,50.30686],[19.431986,50.307018],[19.431875,50.30711],[19.43173,50.307213],[19.431617,50.307279],[19.431513,50.307338],[19.431414,50.307385]]},"properties":{"name":"Górna"}},{"type":"Feature","geometry":{"type":"LineString","coordinates":[[19.619325,50.352913],[19.619211,50.352971],[19.618947,50.353108],[19.617832,50.352076],[19.616337,50.350695],[19.614507,50.348978],[19.613685,50.348207],[19.612364,50.347022]]},"properties":{"name":"Górna"}},{"type":"Feature","geometry":{"type":"LineString","coordinates":[[19.414208,50.299366],[19.4142,50.299477]]},"properties":{"name":"Krzykawa"}},{"type":"Feature","geometry":{"type":"LineString","coordinates":[[19.4142,50.299477],[19.414205,50.299554],[19.414208,50.299611],[19.41421,50.299632],[19.414223,50.299726],[19.414297,50.300472],[19.414345,50.300958],[19.414376,50.30113],[19.414393,50.301278],[19.41441,50.301414],[19.414461,50.301827],[19.414557,50.302608],[19.414585,50.302835],[19.414605,50.303022],[19.414634,50.303203],[19.414699,50.303392],[19.414824,50.303565],[19.415041,50.303839],[19.415633,50.304438],[19.416757,50.305589],[19.417592,50.306413],[19.417767,50.306582],[19.418312,50.307112],[19.418557,50.307394],[19.418654,50.307532],[19.41871,50.307634],[19.418787,50.307795],[19.418831,50.307973],[19.418857,50.308166],[19.41889,50.308363],[19.418881,50.308617],[19.41885,50.308968],[19.418797,50.309572],[19.418792,50.309912],[19.418796,50.31002],[19.418817,50.310075],[19.418839,50.31015],[19.418906,50.31027],[19.419006,50.310448],[19.419181,50.31074],[19.419322,50.310941],[19.419549,50.311247],[19.41964,50.311346],[19.419741,50.311403]]},"properties":{"name":"Nowa"}},{"type":"Feature","geometry":{"type":"LineString","coordinates":[[19.44392,50.270654],[19.443977,50.270654],[19.444083,50.270644],[19.444375,50.270582],[19.444623,50.270529],[19.445851,50.270267],[19.447299,50.269965],[19.447537,50.269925],[19.447759,50.269899],[19.448057,50.269877],[19.451009,50.269814],[19.451436,50.269798],[19.453219,50.269741],[19.455308,50.269677],[19.455412,50.269668],[19.45551,50.269648],[19.455729,50.269599],[19.457196,50.269174],[19.457428,50.269106],[19.457465,50.269095],[19.458243,50.268869],[19.460599,50.268184],[19.4616,50.267894],[19.461719,50.267861],[19.462302,50.267689],[19.462475,50.267639],[19.462584,50.267616],[19.462697,50.267602],[19.462766,50.267599]]},"properties":{"name":"Nowa"}},{"type":"Feature","geometry":{"type":"LineString","coordinates":[[19.56605,50.269623],[19.56601,50.269506],[19.565963,50.269336],[19.5659,50.269062],[19.565897,50.268919],[19.565901,50.268789],[19.565954,50.268614],[19.566003,50.268489],[19.566093,50.268341],[19.56619,50.268202],[19.566218,50.268175],[19.566375,50.268022],[19.566422,50.267985],[19.566582,50.267858],[19.566727,50.267749],[19.566869,50.267642],[19.566954,50.267577],[19.567007,50.267538],[19.567046,50.267508],[19.567115,50.267454],[19.567363,50.267261],[19.567381,50.267248],[19.567683,50.267014],[19.567967,50.266793],[19.568469,50.266416],[19.568788,50.266164],[19.568987,50.266017],[19.569132,50.265951],[19.569297,50.265919],[19.569882,50.26587],[19.570775,50.265803],[19.571571,50.265746],[19.572391,50.265678],[19.572598,50.265668],[19.572818,50.265668],[19.573189,50.265739],[19.573359,50.265772],[19.573498,50.265802],[19.573676,50.265841],[19.573789,50.265865],[19.573965,50.265898],[19.574059,50.265916],[19.574154,50.265939],[19.574203,50.265948]]},"properties":{"name":"Jana Pawła II"}},{"type":"Feature","geometry":{"type":"LineString","coordinates":[[19.567115,50.267454],[19.567019,50.267383],[19.56691,50.267183],[19.566822,50.26712],[19.566664,50.267164],[19.566629,50.267189],[19.566596,50.267214],[19.566563,50.267273],[19.566619,50.267321],[19.566779,50.267397],[19.5669,50.267473],[19.567007,50.267538]]},"properties":{"name":"Elizy Orzeszkowej"}},{"type":"Feature","geometry":{"type":"LineString","coordinates":[[19.401268,50.302462],[19.401361,50.302328],[19.40178,50.301766],[19.401811,50.301722],[19.401906,50.301578],[19.402011,50.301348],[19.402033,50.301289],[19.40207,50.301016],[19.402093,50.300852],[19.402154,50.300334],[19.402172,50.300143],[19.402192,50.299922],[19.402201,50.299793],[19.402203,50.299748]]},"properties":{"name":"Fabryczna"}},{"type":"Feature","geometry":{"type":"LineString","coordinates":[[19.398708,50.308328],[19.398707,50.30827],[19.398685,50.307977],[19.398686,50.3079],[19.398685,50.307722],[19.398667,50.307459],[19.398674,50.307398],[19.398704,50.307312],[19.398872,50.307096],[19.398953,50.307005],[19.398991,50.30691],[19.399078,50.306534],[19.399235,50.305841],[19.399249,50.305789],[19.399307,50.305574],[19.399317,50.305542],[19.399548,50.304895],[19.399845,50.304172],[19.399902,50.304049],[19.399973,50.303957],[19.400045,50.303883],[19.400265,50.303655],[19.400318,50.303606],[19.400813,50.303097],[19.400941,50.30296],[19.401016,50.302837],[19.401036,50.302789]]},"properties":{"name":"Fabryczna"}},{"type":"Feature","geometry":{"type":"LineString","coordinates":[[19.419741,50.311403],[19.419707,50.311424],[19.419643,50.311457],[19.419519,50.311507],[19.419162,50.311582],[19.417888,50.311792],[19.417523,50.311851],[19.416957,50.311958],[19.416711,50.312011],[19.416005,50.312177],[19.415966,50.312186],[19.415835,50.312216],[19.415661,50.31225],[19.415402,50.312298],[19.414691,50.312417],[19.414352,50.312467],[19.413977,50.312495],[19.41325,50.312567],[19.412785,50.312601],[19.412657,50.312607],[19.412461,50.312617],[19.412196,50.312645],[19.411819,50.3127],[19.410962,50.312782],[19.410532,50.312824],[19.410202,50.312887],[19.409683,50.313024],[19.407852,50.313569],[19.406752,50.313837],[19.405983,50.314021],[19.405721,50.314084],[19.405653,50.314101],[19.405432,50.314147]]},"properties":{"name":"Starowiejska"}},{"type":"Feature","geometry":{"type":"LineString","coordinates":[[19.539891,50.241188],[19.539944,50.241775],[19.540025,50.242661],[19.540031,50.242825],[19.54012,50.243835],[19.540145,50.244052],[19.540317,50.24546],[19.540677,50.248547],[19.540998,50.251355],[19.54132,50.253842],[19.541385,50.254488],[19.541417,50.254772],[19.54144,50.254938],[19.541693,50.257251],[19.541709,50.257444],[19.541889,50.259537],[19.541903,50.259764],[19.541915,50.260654],[19.541978,50.261005],[19.542194,50.262003],[19.542203,50.26223],[19.542184,50.26245],[19.54216,50.262553]]},"properties":{"name":"Starowiejska"}},{"type":"Feature","geometry":{"type":"LineString","coordinates":[[19.464492,50.269957],[19.464348,50.269997],[19.463273,50.270297],[19.46278,50.270431],[19.462313,50.270559],[19.46223,50.270581],[19.461994,50.270648],[19.461214,50.270869],[19.461122,50.270893],[19.460777,50.270996],[19.460274,50.271146],[19.460138,50.271187],[19.457755,50.271932],[19.457635,50.271969],[19.457485,50.272026],[19.457179,50.272168],[19.456745,50.27239],[19.456691,50.272417],[19.455103,50.273216]]},"properties":{"name":"Starczynowska"}},{"type":"Feature","geometry":{"type":"LineString","coordinates":[[19.563294,50.279663],[19.563081,50.279707],[19.56303,50.279718],[19.562389,50.279845],[19.562162,50.279891],[19.561996,50.279924],[19.561866,50.279949],[19.561828,50.279957],[19.561532,50.280013],[19.560754,50.280168],[19.560698,50.280178],[19.560639,50.280189],[19.560527,50.280211],[19.56045,50.280225],[19.559558,50.280394],[19.55949,50.280407],[19.559347,50.280435],[19.558606,50.280574],[19.558143,50.280658],[19.558022,50.280677],[19.557945,50.280662]]},"properties":{"name":"Górnicza"}},{"type":"Feature","geometry":{"type":"LineString","coordinates":[[19.556998,50.282964],[19.557085,50.282752],[19.557339,50.282349],[19.557454,50.282006],[19.557497,50.281878],[19.557546,50.281732],[19.557706,50.28132],[19.557798,50.281074],[19.557906,50.280762],[19.557925,50.280709],[19.557945,50.280662],[19.557977,50.280556],[19.55798,50.28049],[19.557966,50.280422],[19.557869,50.280179],[19.557751,50.279915],[19.557695,50.279791],[19.557682,50.279762],[19.557652,50.279687],[19.557634,50.279645],[19.55758,50.279511],[19.557519,50.279363],[19.55749,50.279293],[19.557347,50.278988],[19.557166,50.27859],[19.557106,50.278453],[19.55704,50.27831],[19.556946,50.278181]]},"properties":{"name":"Adama Mickiewicza"}},{"type":"Feature","geometry":{"type":"LineString","coordinates":[[19.55704,50.27831],[19.557234,50.278281],[19.557665,50.278238],[19.558421,50.278115],[19.558508,50.278101],[19.55868,50.278068],[19.559444,50.277941],[19.559552,50.277921],[19.559591,50.277913],[19.559788,50.277875],[19.560493,50.27776],[19.560662,50.277732],[19.561137,50.277653],[19.561179,50.277646],[19.561779,50.27755],[19.561917,50.277524],[19.562029,50.277508],[19.563346,50.277352],[19.563418,50.277344]]},"properties":{"name":"Szpitalna"}},{"type":"Feature","geometry":{"type":"LineString","coordinates":[[19.559591,50.277913],[19.559566,50.277783],[19.559555,50.277726],[19.55954,50.277591],[19.559533,50.27753],[19.559516,50.27727],[19.559513,50.277197],[19.559505,50.277115],[19.559492,50.277045],[19.559469,50.27697],[19.559405,50.276825],[19.559145,50.276375],[19.559109,50.276306],[19.559072,50.276238],[19.559038,50.276178],[19.559017,50.276141],[19.558932,50.276006],[19.558762,50.275746],[19.558596,50.275528],[19.55823,50.275078],[19.558134,50.274972],[19.557972,50.274823],[19.557954,50.274807],[19.557883,50.27477],[19.557635,50.27457],[19.557353,50.274316],[19.556201,50.273377],[19.55555,50.272854],[19.555519,50.272835],[19.555438,50.272785]]},"properties":{"name":"Żuradzka"}},{"type":"Feature","geometry":{"type":"LineString","coordinates":[[19.554399,50.27236],[19.55413,50.272245],[19.553882,50.272103],[19.552422,50.270954],[19.55167,50.27037],[19.550494,50.269441],[19.55027,50.269264],[19.549543,50.26869],[19.5489,50.268182],[19.548512,50.267875],[19.548225,50.267616],[19.548144,50.267543],[19.547969,50.267385],[19.547471,50.26688],[19.547159,50.26656],[19.547036,50.266446],[19.547004,50.266421],[19.546937,50.266371],[19.546904,50.266346],[19.546579,50.2662],[19.546483,50.266136],[19.5464,50.266095],[19.546313,50.266057],[19.546047,50.265938],[19.545983,50.26591],[19.545877,50.265856],[19.545797,50.265815],[19.545701,50.265773],[19.545587,50.265723],[19.545526,50.265701],[19.54543,50.265666],[19.545175,50.265573],[19.545062,50.26554],[19.544713,50.265447],[19.544529,50.26538],[19.544431,50.265337],[19.544353,50.265296],[19.544273,50.265247],[19.544205,50.265206],[19.544155,50.265178],[19.544099,50.265144],[19.544026,50.265099],[19.543989,50.26507],[19.543905,50.265004],[19.543765,50.264893],[19.543668,50.264793],[19.543428,50.264576],[19.543198,50.26433],[19.543126,50.264269],[19.54301,50.264179],[19.542946,50.264134],[19.54288,50.264093],[19.542713,50.263994],[19.542634,50.26394],[19.542522,50.263863],[19.542399,50.263758],[19.542279,50.263605],[19.542234,50.263502],[19.542218,50.263467],[19.542195,50.263318],[19.542191,50.263289],[19.542132,50.262874],[19.542085,50.262745],[19.542015,50.262674],[19.541917,50.262567]]},"properties":{"name":"Mazaniec"}},{"type":"Feature","geometry":{"type":"LineString","coordinates":[[19.510081,50.25307],[19.509349,50.253049],[19.506645,50.252954],[19.505235,50.252905],[19.501532,50.252775],[19.497645,50.252629],[19.497401,50.252622],[19.4945,50.252553],[19.494205,50.252559],[19.493865,50.252581],[19.493624,50.252607],[19.493304,50.252671],[19.493012,50.25277],[19.492869,50.252844],[19.492739,50.252923],[19.492622,50.253014],[19.4925,50.253116],[19.492415,50.253203],[19.492282,50.253366],[19.491647,50.254141],[19.49155,50.254235],[19.491496,50.254268],[19.487829,50.256669],[19.485424,50.258242],[19.482942,50.259865],[19.48262,50.260075],[19.480734,50.261302],[19.479011,50.262434],[19.478206,50.262953],[19.477766,50.263235],[19.477658,50.263307],[19.477615,50.26336]]},"properties":{"name":"Długa"}},{"type":"Feature","geometry":{"type":"LineString","coordinates":[[19.555591,50.314202],[19.555401,50.314065],[19.555113,50.313794],[19.554974,50.313661],[19.554519,50.313294],[19.553321,50.312267],[19.551138,50.310427],[19.550375,50.309773],[19.549989,50.309436],[19.549925,50.309379],[19.549353,50.308878],[19.548867,50.308538],[19.547867,50.307572],[19.547473,50.307198],[19.547367,50.307037],[19.547352,50.306989],[19.547339,50.306944],[19.547332,50.306624],[19.547375,50.306159],[19.547539,50.304423],[19.547783,50.302046],[19.547927,50.300531],[19.548011,50.299741],[19.548022,50.299639],[19.548104,50.298883],[19.548055,50.298679],[19.547799,50.298312],[19.547123,50.297442],[19.545688,50.295475],[19.54428,50.293613],[19.543521,50.292544],[19.542788,50.291634],[19.542742,50.291576],[19.542661,50.291471],[19.542578,50.291343],[19.54257,50.291269],[19.542589,50.291163],[19.542668,50.291009],[19.54389,50.289846],[19.54404,50.289713],[19.54475,50.289054],[19.545675,50.288196],[19.546135,50.28777],[19.546278,50.287582],[19.546341,50.287446],[19.546353,50.287376],[19.546435,50.286818],[19.546441,50.286729],[19.546462,50.286635],[19.546494,50.286552],[19.546624,50.286385],[19.546719,50.286303],[19.546859,50.286199],[19.548397,50.285323],[19.548597,50.285201],[19.548729,50.285129],[19.54889,50.285047],[19.548756,50.284977],[19.548525,50.284757],[19.548416,50.284696]]},"properties":{"name":"Długa"}},{"type":"Feature","geometry":{"type":"LineString","coordinates":[[19.588617,50.384597],[19.58888,50.385134],[19.589132,50.385673],[19.589284,50.3859],[19.589422,50.386056],[19.589827,50.38647],[19.590036,50.386674],[19.590384,50.387014],[19.590556,50.387224],[19.591056,50.3878],[19.591378,50.388166],[19.591685,50.388483],[19.592742,50.389336],[19.593124,50.389662],[19.593341,50.389879],[19.594209,50.390876],[19.594788,50.391519],[19.595031,50.391788],[19.595571,50.392407],[19.59595,50.392841],[19.59599,50.392887],[19.596582,50.393566],[19.597726,50.394857],[19.598852,50.396149],[19.598868,50.396166],[19.598937,50.396235],[19.5991,50.3964],[19.599392,50.396651],[19.59982,50.397038]]},"properties":{"name":"Długa"}},{"type":"Feature","geometry":{"type":"LineString","coordinates":[[19.530207,50.393834],[19.530051,50.393901],[19.529811,50.39403],[19.529577,50.394185],[19.52943,50.394319],[19.529303,50.394465],[19.529225,50.394585],[19.529152,50.39473],[19.529127,50.394885],[19.529051,50.39534],[19.528998,50.39591],[19.528983,50.396444],[19.529007,50.397054],[19.52908,50.397528],[19.529073,50.397616],[19.529045,50.397696],[19.52899,50.397796],[19.528585,50.398399],[19.528453,50.398582],[19.528239,50.398839],[19.52757,50.399521],[19.526887,50.400204],[19.526746,50.400389],[19.526666,50.400557],[19.526618,50.400694],[19.526609,50.400751]]},"properties":{"name":"Długa"}},{"type":"Feature","geometry":{"type":"LineString","coordinates":[[19.482409,50.266549],[19.482344,50.266426],[19.482192,50.26612],[19.482112,50.266057],[19.48202,50.266013],[19.481889,50.265989],[19.481836,50.265979],[19.480871,50.265914],[19.480678,50.26589],[19.480577,50.265865],[19.480418,50.265806],[19.478282,50.26471],[19.478172,50.264632],[19.478074,50.264555],[19.478001,50.26447],[19.477923,50.264353],[19.477856,50.264178],[19.47781,50.264007],[19.477723,50.263744],[19.477689,50.263573],[19.47766,50.263408],[19.477645,50.263376],[19.477615,50.26336]]},"properties":{"name":"Młyńska"}},{"type":"Feature","geometry":{"type":"LineString","coordinates":[[19.484072,50.266149],[19.483923,50.266146],[19.483847,50.266159],[19.483233,50.266311],[19.482409,50.266549],[19.482376,50.266556],[19.482338,50.266564],[19.482224,50.266591],[19.481836,50.266673],[19.481585,50.266725],[19.481159,50.266821],[19.48109,50.266836],[19.480937,50.266871],[19.480828,50.266895],[19.480764,50.266909],[19.480699,50.266912],[19.480549,50.266879],[19.479858,50.266546],[19.479329,50.266302],[19.478911,50.266102],[19.478726,50.26602],[19.478595,50.265985],[19.478503,50.265989],[19.478404,50.266004],[19.476098,50.266656],[19.474722,50.267046],[19.474331,50.267157],[19.474224,50.267187],[19.473561,50.267374],[19.472513,50.267671],[19.472378,50.26771],[19.470909,50.268132],[19.470772,50.268172],[19.467286,50.269168],[19.467228,50.269185],[19.465939,50.269552],[19.465467,50.269684],[19.464643,50.269915],[19.464492,50.269957]]},"properties":{"name":"Leśna"}},{"type":"Feature","geometry":{"type":"LineString","coordinates":[[19.592543,50.403903],[19.590955,50.403922],[19.590228,50.404017],[19.59013,50.404032],[19.589008,50.404199],[19.588673,50.404265],[19.588379,50.404361],[19.585778,50.405261],[19.585352,50.405437],[19.585089,50.40555],[19.584833,50.405629],[19.584532,50.405688],[19.583872,50.405713],[19.583612,50.405741],[19.583133,50.405824],[19.581227,50.406256],[19.580636,50.406381],[19.580327,50.406425],[19.58025,50.406441],[19.579943,50.40642],[19.579688,50.406374]]},"properties":{"name":"Leśna"}},{"type":"Feature","geometry":{"type":"LineString","coordinates":[[19.600462,50.208961],[19.600185,50.208363],[19.600085,50.208189],[19.599935,50.208011],[19.599803,50.207919],[19.599672,50.207887],[19.599475,50.207861],[19.598341,50.207707],[19.597964,50.20766],[19.597848,50.207638],[19.597726,50.207582],[19.59766,50.207541],[19.59715,50.207225],[19.596975,50.207172],[19.596784,50.207136],[19.596459,50.207102],[19.59572,50.207098],[19.595255,50.207117],[19.594684,50.207326],[19.594275,50.207509],[19.593952,50.207674],[19.593888,50.207693]]},"properties":{"name":"Leśna"}},{"type":"Feature","geometry":{"type":"LineString","coordinates":[[19.477615,50.26336],[19.477564,50.263366],[19.477534,50.263375],[19.477387,50.26347],[19.477242,50.263562],[19.477131,50.263613],[19.477056,50.263639],[19.476966,50.263663],[19.476844,50.263683],[19.47675,50.263688],[19.476627,50.263692],[19.476463,50.263686],[19.476246,50.263658],[19.475531,50.263547],[19.474528,50.263388],[19.474353,50.26336],[19.473957,50.263298],[19.473485,50.263224],[19.473205,50.26318],[19.473028,50.263152],[19.472792,50.263113],[19.472404,50.263067],[19.470802,50.262938],[19.47067,50.262927],[19.469976,50.262876],[19.469857,50.262872],[19.468931,50.262857],[19.468765,50.262856],[19.468474,50.262851],[19.467695,50.262842],[19.467142,50.262838],[19.466855,50.26284],[19.466685,50.262842],[19.463627,50.26288],[19.463367,50.262882],[19.46313,50.262883],[19.462185,50.262898],[19.461931,50.262904],[19.461109,50.262914],[19.460707,50.262919],[19.460509,50.262925],[19.460138,50.262929],[19.458956,50.262945],[19.458158,50.262961],[19.458002,50.262966],[19.457724,50.262969],[19.457227,50.26298],[19.456989,50.262984],[19.456721,50.262994],[19.456509,50.263002],[19.454079,50.263123],[19.452953,50.263182],[19.452643,50.263203],[19.452067,50.263251],[19.451883,50.263269],[19.451149,50.263357],[19.450935,50.263392],[19.449878,50.263588],[19.44864,50.263815],[19.448471,50.263843],[19.448206,50.263883],[19.448068,50.263893],[19.447904,50.263898],[19.447696,50.263893],[19.446944,50.263848],[19.446352,50.263811],[19.44593,50.263788],[19.445316,50.263748],[19.44446,50.263698],[19.444347,50.263692],[19.444266,50.263688],[19.444207,50.263686],[19.444112,50.263689],[19.444033,50.263695],[19.443928,50.263717],[19.443693,50.263804],[19.443632,50.263832],[19.443602,50.263854],[19.443579,50.263883],[19.443571,50.26391]]},"properties":{"name":"1 Maja"}},{"type":"Feature","geometry":{"type":"LineString","coordinates":[[19.443571,50.26391],[19.443447,50.263893],[19.443142,50.263713],[19.442488,50.263351],[19.44234,50.263238],[19.442206,50.26312],[19.442123,50.263022],[19.442036,50.262887],[19.441924,50.262681],[19.441827,50.262461],[19.441818,50.262418],[19.441791,50.262292],[19.441781,50.262197],[19.441774,50.262124],[19.44177,50.261843],[19.441808,50.261609],[19.441888,50.261274],[19.441886,50.26116],[19.441858,50.261094],[19.441776,50.26094],[19.441647,50.260704],[19.441487,50.260435],[19.441404,50.260327],[19.441311,50.260233],[19.44111,50.260083],[19.440895,50.259958],[19.440455,50.259689],[19.440345,50.259624],[19.44021,50.259541],[19.440102,50.259471],[19.440043,50.259432],[19.439866,50.259301],[19.439838,50.25928],[19.439559,50.259059],[19.439069,50.258589],[19.438892,50.258384],[19.438697,50.258102],[19.437867,50.256897],[19.437407,50.256223],[19.437374,50.256174],[19.437185,50.255891],[19.436711,50.255204],[19.435776,50.253839],[19.434835,50.252464],[19.434647,50.252246],[19.434344,50.251986],[19.433927,50.251745],[19.433346,50.251407],[19.433125,50.251259],[19.432926,50.251077],[19.432713,50.25084],[19.4325,50.250542],[19.43241,50.250219],[19.432396,50.249897],[19.432382,50.249612],[19.432338,50.248739],[19.432317,50.248495],[19.432274,50.248263],[19.431899,50.246611],[19.431856,50.246421],[19.431824,50.246264],[19.431484,50.244694],[19.431162,50.243239],[19.431096,50.243083],[19.431025,50.242916],[19.43085,50.242616],[19.430608,50.24235],[19.430302,50.242106]]},"properties":{"name":"Borowska"}},{"type":"Feature","geometry":{"type":"LineString","coordinates":[[19.430302,50.242106],[19.430269,50.24208],[19.42993,50.241838],[19.429602,50.241579],[19.429384,50.241387],[19.429218,50.241186],[19.429157,50.241103],[19.42909,50.24101],[19.428888,50.240667],[19.428758,50.240393],[19.428653,50.240163],[19.428562,50.239908],[19.428542,50.239849],[19.428474,50.239608],[19.428467,50.239567],[19.428458,50.239477],[19.42832,50.238674],[19.42824,50.238462],[19.428166,50.238219],[19.428165,50.238049],[19.428176,50.23789],[19.428179,50.237777],[19.428181,50.237687],[19.428187,50.237486],[19.428159,50.237335],[19.428113,50.237171],[19.4281,50.236968],[19.428116,50.23676],[19.428117,50.236595],[19.428061,50.236213],[19.428085,50.236118],[19.428266,50.235664],[19.428297,50.235545],[19.428293,50.235476],[19.428256,50.235293],[19.428122,50.235023],[19.427984,50.234816],[19.427825,50.234649],[19.427208,50.234094],[19.426843,50.233769],[19.426732,50.2337],[19.426443,50.233557]]},"properties":{"name":"Wiejska"}},{"type":"Feature","geometry":{"type":"LineString","coordinates":[[19.428061,50.236213],[19.427866,50.236213],[19.427513,50.236261],[19.427258,50.23629]]},"properties":{"name":"Wiejska"}},{"type":"Feature","geometry":{"type":"LineString","coordinates":[[19.5792,50.28026],[19.58158,50.27994]]},"properties":{"name":"Wiejska"}},{"type":"Feature","geometry":{"type":"LineString","coordinates":[[19.443571,50.26391],[19.443583,50.263954],[19.443606,50.263984],[19.443655,50.264019],[19.443911,50.264179],[19.443932,50.264192],[19.444166,50.264374],[19.44422,50.264416],[19.444513,50.264666],[19.444636,50.264788],[19.444756,50.264935],[19.444863,50.265089],[19.445127,50.265454],[19.445225,50.265588],[19.44534,50.265754],[19.445412,50.265857],[19.445437,50.265894],[19.445501,50.265985],[19.445541,50.266061],[19.445579,50.266137],[19.445593,50.266209],[19.445593,50.266262],[19.445575,50.266324],[19.445554,50.266382],[19.44547,50.266446],[19.445339,50.266512],[19.445203,50.266564],[19.44433,50.266876],[19.444169,50.266937],[19.443906,50.267044],[19.443797,50.267097],[19.443688,50.267168],[19.443653,50.267205],[19.443625,50.267249],[19.443598,50.267287],[19.443587,50.267348],[19.443593,50.267407],[19.443614,50.267495],[19.443716,50.26778],[19.443784,50.267924],[19.443949,50.268355],[19.444014,50.268549],[19.444035,50.268655],[19.444047,50.268794],[19.444034,50.269182],[19.443967,50.270109],[19.443936,50.270458],[19.44392,50.270654]]},"properties":{"name":"Eugeniusza Puza"}},{"type":"Feature","geometry":{"type":"LineString","coordinates":[[19.475126,50.233212],[19.474196,50.233424],[19.472635,50.233743],[19.471561,50.233979],[19.470993,50.234094],[19.470384,50.234221],[19.469934,50.234303],[19.46949,50.234428],[19.469378,50.234459],[19.469274,50.234496],[19.468705,50.234699],[19.467988,50.234943],[19.467822,50.235001],[19.467373,50.235178],[19.467067,50.235237],[19.466656,50.235363],[19.466419,50.235461],[19.465579,50.235812],[19.465239,50.235895],[19.465098,50.235883],[19.465043,50.235953],[19.464993,50.235988],[19.464862,50.236062],[19.46473,50.236156],[19.464549,50.236405],[19.464507,50.23645],[19.464361,50.236607],[19.464279,50.236688],[19.46392,50.23703],[19.463691,50.237182],[19.463513,50.237318],[19.463385,50.237453],[19.463345,50.237536],[19.46336,50.237725],[19.463463,50.237975],[19.46363,50.238282],[19.463833,50.23854],[19.464059,50.238746],[19.464292,50.23892],[19.46478,50.239258],[19.464913,50.239341],[19.465004,50.239446],[19.465132,50.239611],[19.465313,50.240019],[19.465746,50.241049],[19.465942,50.241472],[19.466055,50.241715],[19.466153,50.241898],[19.466281,50.242084],[19.466371,50.242202],[19.466474,50.24229],[19.466589,50.242391],[19.46668,50.24247],[19.467339,50.243022],[19.468194,50.243753],[19.468346,50.243883],[19.468417,50.243951],[19.468622,50.244137],[19.468708,50.244215],[19.468755,50.244261],[19.468806,50.244306],[19.468987,50.244469],[19.469078,50.244557],[19.469224,50.244694],[19.469679,50.245137],[19.470054,50.245525],[19.47045,50.245835],[19.470913,50.246167],[19.471222,50.246405],[19.471239,50.246428],[19.471346,50.246576],[19.471465,50.246886],[19.471667,50.247505],[19.471719,50.247723],[19.471766,50.247887],[19.471801,50.248005],[19.47194,50.248441],[19.472022,50.248667],[19.47237,50.249775],[19.472447,50.250144],[19.472487,50.250343],[19.472457,50.250578],[19.472435,50.25073],[19.472354,50.251032],[19.47219,50.251485],[19.471974,50.252151],[19.471773,50.252768],[19.471648,50.253137],[19.471449,50.253743],[19.471133,50.254704],[19.470972,50.255195],[19.470922,50.255348],[19.470883,50.255449],[19.470858,50.255503],[19.470826,50.255552],[19.470791,50.255597],[19.470725,50.25566],[19.47066,50.255705],[19.470581,50.255754],[19.470483,50.255805],[19.470405,50.25583],[19.470315,50.255852],[19.470209,50.255872],[19.46978,50.255928],[19.469467,50.255961],[19.468922,50.256024],[19.468394,50.25608],[19.467643,50.256159],[19.466215,50.256307],[19.465856,50.256347],[19.465298,50.256423],[19.463815,50.256642],[19.462105,50.256893],[19.461839,50.256931],[19.461549,50.256963],[19.46018,50.257071],[19.459053,50.257164],[19.458461,50.257212],[19.458051,50.257241],[19.457806,50.257263],[19.457535,50.257287],[19.457362,50.257307],[19.457001,50.257357],[19.456953,50.257364]]},"properties":{"name":"Ogrodowa"}},{"type":"Feature","geometry":{"type":"LineString","coordinates":[[19.456953,50.257364],[19.456968,50.257401],[19.457045,50.257575],[19.457199,50.258369],[19.457332,50.259034],[19.457359,50.259178],[19.457397,50.259509],[19.457435,50.259722],[19.457466,50.259903],[19.457478,50.25996],[19.457488,50.259989],[19.457665,50.260187],[19.457775,50.26027],[19.457888,50.26037],[19.457938,50.260413],[19.458099,50.260543],[19.45819,50.260606],[19.45828,50.260656],[19.458312,50.260669],[19.458448,50.260723],[19.458983,50.260895],[19.459568,50.261093],[19.460177,50.261285],[19.460388,50.26134],[19.46054,50.261376],[19.460811,50.261418],[19.460948,50.261441],[19.461198,50.261475],[19.461455,50.261512],[19.462596,50.261678],[19.462894,50.261722]]},"properties":{"name":"Mostowa"}},{"type":"Feature","geometry":{"type":"LineString","coordinates":[[19.462894,50.261722],[19.46287,50.261795],[19.46287,50.261829],[19.462897,50.261906],[19.4633,50.262748],[19.463367,50.262882]]},"properties":{"name":"Pocztowa"}},{"type":"Feature","geometry":{"type":"LineString","coordinates":[[19.562595,50.335748],[19.562738,50.335701],[19.562964,50.335627],[19.563022,50.335613],[19.563092,50.335603],[19.56318,50.335591],[19.56331,50.335581],[19.563447,50.33558],[19.563514,50.335579],[19.563825,50.33557],[19.564148,50.335567],[19.564482,50.335575],[19.56471,50.33559],[19.564925,50.33561],[19.56511,50.335629],[19.565732,50.335708],[19.566042,50.335746],[19.566797,50.335836],[19.567099,50.335877],[19.567299,50.335908],[19.567596,50.335958],[19.56787,50.336012],[19.568338,50.336119],[19.56884,50.336244],[19.569846,50.336511],[19.570065,50.336566],[19.570351,50.336626],[19.570638,50.336681],[19.570941,50.336721],[19.571177,50.336745],[19.571421,50.336768],[19.57171,50.336785],[19.571919,50.336792],[19.57215,50.336794],[19.572303,50.33679],[19.572448,50.336779],[19.572651,50.33675],[19.572838,50.33672],[19.573459,50.336619],[19.573646,50.336596],[19.573777,50.336586],[19.573969,50.336577],[19.574113,50.336574],[19.57429,50.336578],[19.574497,50.336591],[19.575209,50.336655],[19.575421,50.33667],[19.575667,50.336678],[19.575901,50.336678],[19.576093,50.336672],[19.576378,50.336649],[19.576712,50.336618],[19.577085,50.336569],[19.577428,50.336517],[19.577674,50.336474],[19.578332,50.33633],[19.580584,50.335793],[19.580954,50.335697],[19.581154,50.335651],[19.581336,50.335618],[19.581751,50.335541],[19.582154,50.33547],[19.582505,50.335423]]},"properties":{"name":"Rabsztyńska"}},{"type":"Feature","geometry":{"type":"LineString","coordinates":[[19.569352,50.284157],[19.569619,50.284351],[19.569707,50.284414],[19.569941,50.284585],[19.570556,50.285042],[19.57084,50.28525],[19.571629,50.285833],[19.57288,50.286767]]},"properties":{"name":"Rabsztyńska"}},{"type":"Feature","geometry":{"type":"LineString","coordinates":[[19.63483,50.355317],[19.635957,50.355978],[19.636237,50.356142],[19.638512,50.35751],[19.639127,50.357881],[19.640212,50.358519],[19.640657,50.35878],[19.641878,50.35951],[19.642188,50.35971],[19.642352,50.359828],[19.642503,50.359987],[19.642567,50.360118],[19.642599,50.360212],[19.642603,50.36025],[19.642606,50.360295],[19.642601,50.360396],[19.642578,50.360504],[19.642512,50.360712],[19.641817,50.362405],[19.641111,50.364139],[19.640869,50.364714],[19.640786,50.364927],[19.640688,50.365182],[19.640636,50.36539],[19.640599,50.365701],[19.640594,50.365919],[19.640633,50.366146],[19.64073,50.366439],[19.64091,50.36685],[19.64093,50.366897]]},"properties":{"name":"Świętokrzyska"}},{"type":"Feature","geometry":{"type":"LineString","coordinates":[[19.563515,50.277635],[19.563477,50.277532],[19.563418,50.277344]]},"properties":{"name":"Świętokrzyska"}},{"type":"Feature","geometry":{"type":"LineString","coordinates":[[19.647049,50.380706],[19.646823,50.380683],[19.646453,50.380698],[19.646279,50.380729],[19.645997,50.380784],[19.645562,50.380867],[19.644997,50.381002],[19.644892,50.381084],[19.644483,50.38132],[19.64423,50.381494],[19.643888,50.381729],[19.643549,50.381966],[19.642933,50.382366],[19.642673,50.382526],[19.642658,50.382608],[19.642701,50.382853],[19.642697,50.383001],[19.642635,50.383122],[19.642416,50.383387],[19.642238,50.383683],[19.642097,50.384076],[19.641933,50.384747],[19.641747,50.385493],[19.641745,50.385543],[19.641742,50.385593],[19.641803,50.385804],[19.641879,50.385896],[19.641968,50.385974]]},"properties":{"name":"Legionów"}},{"type":"Feature","geometry":{"type":"LineString","coordinates":[[19.641968,50.385974],[19.642044,50.386011],[19.642176,50.38606],[19.642274,50.386089],[19.642367,50.386116],[19.642545,50.386157],[19.642689,50.386187],[19.642948,50.386252],[19.643292,50.386329],[19.643558,50.386389],[19.644467,50.386595],[19.644667,50.386646],[19.644871,50.386736],[19.645008,50.386806],[19.645138,50.386888],[19.645242,50.387012],[19.645331,50.387147],[19.645395,50.387358],[19.645417,50.387532],[19.645432,50.38763],[19.645448,50.38784],[19.645548,50.389073],[19.645567,50.389223],[19.645645,50.389815],[19.645618,50.390287],[19.645596,50.390432],[19.645546,50.390769],[19.645479,50.391181],[19.645337,50.391451],[19.645127,50.391685],[19.644808,50.39197],[19.644498,50.392301],[19.644351,50.392619],[19.644257,50.393149],[19.644123,50.393787],[19.644118,50.393812],[19.643973,50.393788],[19.643691,50.393727],[19.642607,50.393532],[19.642035,50.39343],[19.641498,50.393353],[19.641317,50.393343],[19.640986,50.393328],[19.640918,50.393332],[19.64072,50.393341],[19.638956,50.393486],[19.638434,50.393521],[19.637906,50.393577],[19.637584,50.393639],[19.637416,50.393675]]},"properties":{"name":"Zawadka"}},{"type":"Feature","geometry":{"type":"LineString","coordinates":[[19.637416,50.393675],[19.636885,50.393816],[19.636035,50.394025],[19.635093,50.39421],[19.633833,50.39444],[19.633682,50.394442],[19.633529,50.394416],[19.632567,50.394136],[19.631611,50.393813],[19.631428,50.393788],[19.631337,50.393747],[19.6312,50.393557],[19.630666,50.392615],[19.629803,50.392038],[19.629701,50.391882],[19.629705,50.391796],[19.630012,50.391318],[19.630286,50.390891],[19.630357,50.390815],[19.630497,50.390713],[19.630934,50.390545],[19.631492,50.390406],[19.634581,50.38981],[19.635026,50.389728],[19.635365,50.38968],[19.637422,50.389551],[19.639329,50.389426],[19.639994,50.389488]]},"properties":{"name":"Porucznika Stanisława Paderewskiego"}},{"type":"Feature","geometry":{"type":"LineString","coordinates":[[19.639994,50.389488],[19.640112,50.389503],[19.640474,50.38956],[19.640866,50.389541],[19.641072,50.389413],[19.641059,50.38912],[19.641023,50.388796],[19.64106,50.388663],[19.641135,50.388541],[19.641631,50.387985],[19.641688,50.38781],[19.641853,50.387573],[19.641884,50.387452],[19.641895,50.387299],[19.641908,50.386124],[19.641968,50.385974]]},"properties":{"name":"1113K"}},{"type":"Feature","geometry":{"type":"LineString","coordinates":[[19.603777,50.37528],[19.602626,50.375482],[19.595267,50.376686],[19.59415,50.376908],[19.593598,50.377036],[19.588795,50.378985],[19.588164,50.379238],[19.587633,50.379472],[19.587085,50.379727],[19.586205,50.380135],[19.585818,50.380312],[19.585576,50.380438],[19.585472,50.380492]]},"properties":{"name":"Cieślińska"}},{"type":"Feature","geometry":{"type":"LineString","coordinates":[[19.530207,50.393834],[19.531001,50.393557],[19.531128,50.393517],[19.531273,50.393494],[19.531408,50.393478],[19.5317,50.393479],[19.53236,50.393479],[19.532513,50.393477],[19.533238,50.393479],[19.533795,50.393499],[19.535111,50.393568],[19.536439,50.39363],[19.536865,50.393651],[19.538463,50.393726],[19.539545,50.39378],[19.540212,50.393811],[19.540313,50.393813]]},"properties":{"name":"Prosta"}},{"type":"Feature","geometry":{"type":"LineString","coordinates":[[19.544444,50.393963],[19.544308,50.393993],[19.544169,50.394017],[19.543925,50.394041],[19.543703,50.394049],[19.543488,50.394043],[19.54039,50.393819],[19.540313,50.393813]]},"properties":{"name":"Wschodnia"}},{"type":"Feature","geometry":{"type":"LineString","coordinates":[[19.562374,50.38961],[19.562354,50.389615],[19.560896,50.389926],[19.559569,50.390188],[19.558381,50.390456],[19.557143,50.390756],[19.551257,50.392237],[19.551134,50.39227],[19.548033,50.393061],[19.546949,50.393331],[19.546619,50.393413],[19.545021,50.393822],[19.544444,50.393963]]},"properties":{"name":"Rodacka"}},{"type":"Feature","geometry":{"type":"LineString","coordinates":[[19.574691,50.387193],[19.579901,50.386212],[19.581454,50.38591],[19.58296,50.38558],[19.583733,50.38543],[19.584854,50.385231],[19.586597,50.38493],[19.587388,50.384804],[19.587539,50.384791],[19.58847,50.384628],[19.588617,50.384597]]},"properties":{"name":"Rodacka"}},{"type":"Feature","geometry":{"type":"LineString","coordinates":[[19.560896,50.389926],[19.56068,50.389492],[19.560611,50.389345],[19.560579,50.389173],[19.560564,50.389037],[19.560525,50.388696],[19.560509,50.387628],[19.560519,50.38749],[19.560526,50.387356],[19.560562,50.387182],[19.560711,50.386617],[19.560823,50.38641],[19.560851,50.386333],[19.56086,50.386285],[19.560863,50.386221],[19.560875,50.385897],[19.560858,50.385529],[19.560814,50.385387],[19.560634,50.384816],[19.560299,50.384032],[19.560024,50.383241],[19.559597,50.382132],[19.559212,50.381156],[19.559134,50.381078]]},"properties":{"name":"Dolna"}},{"type":"Feature","geometry":{"type":"LineString","coordinates":[[19.614555,50.345681],[19.617385,50.348266],[19.618549,50.349322],[19.61905,50.349776],[19.619401,50.350121],[19.619523,50.350283],[19.619342,50.352387],[19.619333,50.352775],[19.619325,50.352913]]},"properties":{"name":"Dolna"}},{"type":"Feature","geometry":{"type":"LineString","coordinates":[[19.525417,50.371174],[19.527193,50.371392],[19.529222,50.371637],[19.529624,50.371698],[19.529938,50.371761],[19.530141,50.371807],[19.530527,50.371922],[19.532649,50.372619],[19.532676,50.372629],[19.538115,50.37458],[19.538164,50.374597],[19.541283,50.375727],[19.541635,50.375853],[19.541828,50.375904],[19.54198,50.375923],[19.54227,50.375933],[19.545379,50.375994],[19.545444,50.375996],[19.545963,50.376011],[19.546206,50.376023],[19.546429,50.376047],[19.5466,50.376089],[19.54674,50.37615],[19.546973,50.376268],[19.547432,50.376576],[19.547486,50.376614],[19.548781,50.377541],[19.549151,50.377792],[19.549897,50.378254],[19.550643,50.3787],[19.550801,50.378787]]},"properties":{"name":"Ogodzieniecka"}},{"type":"Feature","geometry":{"type":"LineString","coordinates":[[19.515849,50.368703],[19.515951,50.368741],[19.517118,50.369138],[19.517572,50.369293],[19.518136,50.369489],[19.518234,50.369529],[19.51835,50.369573],[19.518438,50.369618],[19.518549,50.369679],[19.51877,50.369802],[19.519271,50.370065],[19.519551,50.370189],[19.519906,50.370327],[19.520526,50.370545],[19.520667,50.370589],[19.520764,50.37061],[19.5209,50.370632],[19.521462,50.370701],[19.523192,50.370887],[19.523681,50.370945],[19.524495,50.371046],[19.525417,50.371174]]},"properties":{"name":"Ogrodzieniecka"}},{"type":"Feature","geometry":{"type":"LineString","coordinates":[[19.512483,50.367557],[19.511996,50.367389],[19.511738,50.367315],[19.511541,50.367263],[19.51127,50.367253],[19.51081,50.367253],[19.510452,50.367262]]},"properties":{"name":"Plac Partyzantów"}},{"type":"Feature","geometry":{"type":"LineString","coordinates":[[19.510452,50.367262],[19.510359,50.367264],[19.510256,50.367266],[19.508906,50.367284],[19.508566,50.367245],[19.508292,50.367184],[19.50728,50.36682],[19.507191,50.366795],[19.507012,50.366747],[19.506791,50.366706],[19.504094,50.366305],[19.50159,50.365964],[19.5005,50.365805],[19.49782,50.365412],[19.497569,50.365376],[19.496081,50.365138],[19.49514,50.364984],[19.494808,50.364923],[19.494547,50.364875],[19.4944,50.364849],[19.49423,50.364807],[19.494037,50.364751],[19.493888,50.364701],[19.493738,50.364651],[19.493613,50.364603],[19.4935,50.364549],[19.493258,50.364396],[19.491848,50.363369],[19.491682,50.363269],[19.49149,50.363175],[19.491276,50.363075],[19.491085,50.362996],[19.490902,50.362919],[19.488328,50.36189],[19.487832,50.361683],[19.487586,50.361568],[19.487233,50.36139],[19.487012,50.361237],[19.486806,50.361075],[19.486629,50.360915],[19.485646,50.35995],[19.485425,50.359715],[19.485209,50.359511],[19.485109,50.359427],[19.485002,50.359331],[19.484857,50.359232],[19.484689,50.359135],[19.484542,50.359058],[19.484319,50.358956],[19.484043,50.358853],[19.483461,50.358694],[19.483137,50.358597],[19.482968,50.358536],[19.482813,50.358468],[19.48098,50.357665],[19.480412,50.357359]]},"properties":{"name":"Hutnicza"}},{"type":"Feature","geometry":{"type":"LineString","coordinates":[[19.480412,50.357359],[19.480036,50.357187],[19.479791,50.357052],[19.479505,50.356857],[19.479321,50.356713],[19.479137,50.356527],[19.479051,50.356446],[19.478919,50.35631],[19.478796,50.356167],[19.478687,50.356026],[19.478584,50.355858],[19.47851,50.355711],[19.47836,50.355418],[19.477815,50.354421],[19.477467,50.353836],[19.476536,50.352293],[19.476481,50.352189]]},"properties":{"name":"Kuźnica Błędowska"}},{"type":"Feature","geometry":{"type":"LineString","coordinates":[[19.560016,50.358648],[19.560216,50.35831],[19.560981,50.356933],[19.561051,50.356809],[19.561281,50.35645],[19.561326,50.356386],[19.561362,50.356335],[19.561721,50.355826]]},"properties":{"name":"Zawierciańska"}},{"type":"Feature","geometry":{"type":"LineString","coordinates":[[19.561895,50.355607],[19.562142,50.355234],[19.562174,50.355181],[19.562251,50.355054],[19.562279,50.35499],[19.562303,50.354929],[19.562322,50.354855],[19.562339,50.354768],[19.56236,50.35461],[19.562389,50.354275],[19.562436,50.353906],[19.562484,50.353428],[19.562497,50.353272],[19.562508,50.353155],[19.562544,50.352664],[19.562546,50.35243],[19.562551,50.351997],[19.562558,50.351748],[19.562563,50.350658],[19.562561,50.350556],[19.56256,50.350427],[19.562557,50.350267],[19.562561,50.350086],[19.562559,50.34996],[19.562558,50.349888],[19.562551,50.349529],[19.562548,50.349386],[19.56254,50.34885],[19.562543,50.348175],[19.562544,50.348089],[19.562545,50.347764],[19.562543,50.347714],[19.562541,50.347633],[19.562536,50.347386],[19.562538,50.347294],[19.562542,50.34716],[19.562541,50.347049],[19.562541,50.346995],[19.562537,50.346297],[19.562534,50.345915],[19.562516,50.344804],[19.562499,50.343837],[19.562454,50.342637],[19.562418,50.341957],[19.562411,50.341871],[19.562399,50.341699],[19.562355,50.341224],[19.562318,50.340774],[19.562265,50.340375],[19.562191,50.33981],[19.562088,50.338874],[19.562076,50.338709],[19.562066,50.338545],[19.562065,50.337989],[19.562072,50.337689],[19.562073,50.33768],[19.562076,50.33758],[19.562076,50.337187],[19.562078,50.337052],[19.562083,50.336894],[19.562085,50.336675],[19.562093,50.336584],[19.562097,50.33645],[19.562111,50.336368],[19.562131,50.336306],[19.56216,50.336238],[19.56228,50.336028],[19.562344,50.335926]]},"properties":{"name":"Zawierciańska"}},{"type":"Feature","geometry":{"type":"LineString","coordinates":[[19.55081,50.373646],[19.550849,50.374416],[19.551012,50.377772]]},"properties":{"name":"Zawierciańska"}},{"type":"Feature","geometry":{"type":"LineString","coordinates":[[19.558826,50.360493],[19.557801,50.362108],[19.557495,50.362569],[19.557185,50.363022],[19.556874,50.363476],[19.55649,50.364046],[19.556214,50.36443],[19.555854,50.364965],[19.555682,50.365206],[19.555506,50.365478],[19.555138,50.366114],[19.554596,50.366892],[19.553735,50.368069],[19.553136,50.368871]]},"properties":{"name":"Zawierciańska"}},{"type":"Feature","geometry":{"type":"LineString","coordinates":[[19.564176,50.307254],[19.564209,50.307169],[19.564478,50.30647],[19.564541,50.306275],[19.564591,50.306045],[19.564623,50.305746],[19.56462,50.305467],[19.564531,50.305132],[19.564373,50.304775],[19.564181,50.30448],[19.563577,50.303735],[19.563103,50.303128],[19.56291,50.302817],[19.562767,50.302486],[19.562724,50.302222],[19.56273,50.301945],[19.5628,50.301715],[19.562986,50.301087],[19.563005,50.300734],[19.562941,50.300404],[19.5628,50.300056],[19.562611,50.299705],[19.562392,50.29936],[19.56159,50.29839],[19.561064,50.297746],[19.560766,50.297369],[19.560492,50.29693],[19.559512,50.295243],[19.559457,50.295118],[19.559415,50.295024],[19.559328,50.294783],[19.559283,50.294485],[19.559306,50.293485],[19.559283,50.293175],[19.559042,50.292006],[19.558945,50.291684],[19.558882,50.291405],[19.558855,50.291114],[19.558847,50.291014],[19.558831,50.290873],[19.558814,50.290753],[19.558786,50.290627],[19.558373,50.289453],[19.558154,50.288835],[19.55806,50.288609],[19.557947,50.288367],[19.557184,50.286999],[19.55687,50.286399],[19.556795,50.286254],[19.556701,50.286084],[19.556644,50.285925],[19.556616,50.285769],[19.55661,50.285629],[19.556765,50.284356],[19.556783,50.28421],[19.556813,50.284034],[19.556859,50.283805],[19.55692,50.283591],[19.556922,50.283351],[19.556928,50.283249],[19.556934,50.283179],[19.556956,50.283086]]},"properties":{"name":"20 Straconych"}},{"type":"Feature","geometry":{"type":"LineString","coordinates":[[19.557122,50.283047],[19.557062,50.283237],[19.556958,50.283477],[19.55692,50.283591]]},"properties":{"name":"20 Straconych"}},{"type":"Feature","geometry":{"type":"LineString","coordinates":[[19.604452,50.354608],[19.604439,50.354672],[19.604422,50.354753],[19.604408,50.354815],[19.60435,50.355102],[19.603633,50.358408],[19.603297,50.359862],[19.602934,50.360859],[19.602809,50.361146]]},"properties":{"name":"Powstania Styczniowego"}},{"type":"Feature","geometry":{"type":"LineString","coordinates":[[19.602629,50.361121],[19.602809,50.361146]]},"properties":{"name":"Plażowa"}},{"type":"Feature","geometry":{"type":"LineString","coordinates":[[19.593742,50.298024],[19.593514,50.297982],[19.593486,50.297978],[19.593307,50.297945],[19.592191,50.297743],[19.591127,50.297553],[19.588952,50.29717],[19.588775,50.297141],[19.588164,50.297035],[19.587506,50.296916],[19.586975,50.296819],[19.58686,50.296797],[19.586769,50.296779],[19.586553,50.29673],[19.586443,50.296702],[19.586268,50.296654],[19.586104,50.296606],[19.585977,50.296563],[19.585748,50.296469],[19.585655,50.296426],[19.585542,50.296369],[19.585446,50.296318],[19.585376,50.296277],[19.585247,50.296195],[19.584872,50.295912],[19.584539,50.295659],[19.5844,50.295551],[19.584294,50.295466],[19.58427,50.295447],[19.58402,50.295252],[19.583749,50.295049],[19.583685,50.294999],[19.583567,50.294905],[19.583485,50.294841],[19.582853,50.294342],[19.582816,50.294313],[19.582179,50.293809],[19.58209,50.293739],[19.581744,50.293466],[19.581329,50.293142],[19.581236,50.293069],[19.578765,50.291137],[19.578068,50.290613],[19.577974,50.290543],[19.577792,50.290404],[19.577579,50.290242],[19.577506,50.290188],[19.577431,50.290132],[19.577283,50.290017],[19.577204,50.289959],[19.577035,50.289836],[19.576474,50.289416],[19.576113,50.289152],[19.575691,50.288843],[19.575474,50.288685],[19.575443,50.288662],[19.575061,50.28838],[19.57475,50.28815],[19.574617,50.288052],[19.573805,50.287457],[19.573042,50.286873],[19.57288,50.286767]]},"properties":{"name":"Sikorka"}},{"type":"Feature","geometry":{"type":"LineString","coordinates":[[19.57288,50.286767],[19.572798,50.286796],[19.57257,50.28691],[19.5716,50.28756],[19.57113,50.28781],[19.57075,50.28797]]},"properties":{"name":"Jasna"}},{"type":"Feature","geometry":{"type":"LineString","coordinates":[[19.581129,50.284809],[19.581269,50.284768],[19.581532,50.284668],[19.58187,50.28453],[19.58242,50.28438],[19.58286,50.28431],[19.58366,50.28422],[19.5851,50.28425],[19.58779,50.28427]]},"properties":{"name":"Jasna"}},{"type":"Feature","geometry":{"type":"LineString","coordinates":[[19.57075,50.28797],[19.57077,50.28864],[19.57085,50.289],[19.57118,50.28984],[19.571252,50.289942],[19.5713,50.29001],[19.57156,50.29026],[19.571754,50.290426],[19.57232,50.29091],[19.57258,50.29122],[19.572609,50.291262],[19.57293,50.29172],[19.57313,50.29214],[19.57332,50.29238],[19.57343,50.29251],[19.573702,50.292756],[19.57374,50.29279],[19.57385,50.29292],[19.57388,50.29312],[19.57372,50.29481],[19.573747,50.295058],[19.573803,50.29523],[19.57402,50.295712],[19.574037,50.295756],[19.574072,50.29585],[19.574113,50.296031],[19.574213,50.296978],[19.574368,50.298435],[19.574661,50.300204],[19.574697,50.300425],[19.5748,50.301045],[19.574872,50.301484],[19.574949,50.301723],[19.574972,50.301775],[19.574994,50.301822],[19.57692,50.30412],[19.577212,50.304366],[19.577284,50.304432]]},"properties":{"name":"Podgrabie"}},{"type":"Feature","geometry":{"type":"LineString","coordinates":[[19.574691,50.387193],[19.570726,50.38796],[19.568231,50.388442],[19.567298,50.388619],[19.56586,50.388903],[19.562374,50.38961]]},"properties":{"name":"Kwaśniowska"}},{"type":"Feature","geometry":{"type":"LineString","coordinates":[[19.593888,50.270934],[19.593999,50.271081],[19.594228,50.271426],[19.594453,50.271715],[19.594625,50.271959],[19.595152,50.272692],[19.595257,50.272834],[19.595548,50.273205],[19.595969,50.273707],[19.596707,50.274391],[19.596941,50.274619],[19.597003,50.274679],[19.597124,50.27479],[19.59853,50.276068],[19.598615,50.276149],[19.59928,50.2768],[19.599848,50.277607],[19.601009,50.279256],[19.601044,50.2793],[19.601081,50.279353],[19.601688,50.280232],[19.60221,50.280987],[19.602946,50.282012],[19.603232,50.282508],[19.60333,50.282667]]},"properties":{"name":"Zagaje"}},{"type":"Feature","geometry":{"type":"LineString","coordinates":[[19.60333,50.282667],[19.603484,50.283004],[19.603719,50.283697],[19.603796,50.283985],[19.603877,50.284438],[19.603993,50.285624],[19.604136,50.28635],[19.604321,50.286958],[19.604521,50.287435],[19.604844,50.288061],[19.604993,50.288289],[19.605094,50.288444],[19.60578,50.289305],[19.606286,50.289927],[19.606971,50.290774],[19.60737,50.29126],[19.607733,50.291758],[19.608036,50.292232],[19.608308,50.292717],[19.608574,50.293291],[19.60886,50.293976],[19.608989,50.29452],[19.60908,50.294952],[19.6091,50.29505],[19.609153,50.295455],[19.609217,50.29611],[19.609201,50.296566],[19.609162,50.297035],[19.609058,50.297712],[19.609032,50.29782],[19.608892,50.298393],[19.608645,50.299125],[19.608174,50.300119],[19.607721,50.300936],[19.607284,50.301768],[19.606657,50.302952],[19.605905,50.304342],[19.605458,50.305185],[19.605301,50.305484],[19.605143,50.305772],[19.605002,50.306076],[19.604913,50.306329],[19.604845,50.306593],[19.604815,50.306882],[19.604819,50.307143],[19.604833,50.307303],[19.60485,50.307444],[19.6049,50.307694]]},"properties":{"name":"783"}},{"type":"Feature","geometry":{"type":"LineString","coordinates":[[19.605081,50.308061],[19.605061,50.308032],[19.605035,50.307993],[19.60498,50.307849],[19.6049,50.307694],[19.604902,50.307853],[19.604928,50.308002],[19.604923,50.308041],[19.604913,50.308083]]},"properties":{"name":"783"}},{"type":"Feature","geometry":{"type":"LineString","coordinates":[[19.605206,50.308342],[19.605202,50.308392],[19.60521,50.308438],[19.605259,50.30854],[19.605305,50.308626],[19.605317,50.308709]]},"properties":{"name":"783"}},{"type":"Feature","geometry":{"type":"LineString","coordinates":[[19.648677,50.336784],[19.648483,50.336788],[19.648182,50.336785],[19.647862,50.336772],[19.647438,50.33673],[19.647172,50.336694],[19.646669,50.336612],[19.646083,50.336499],[19.645882,50.336461],[19.645363,50.336352],[19.644902,50.336231],[19.644662,50.336162],[19.644462,50.336093],[19.644131,50.335975],[19.643597,50.335769],[19.643223,50.335624],[19.643038,50.335554],[19.642671,50.335411],[19.642384,50.335302],[19.641367,50.334915],[19.641278,50.334881],[19.64101,50.334777],[19.640315,50.334506],[19.6388,50.333917],[19.638208,50.333687],[19.63803,50.333618],[19.637237,50.333303],[19.63674,50.333072],[19.636542,50.332935],[19.63637,50.33279],[19.635061,50.331764],[19.631408,50.328868],[19.630757,50.328368],[19.630346,50.328067],[19.630199,50.32798],[19.630043,50.327899],[19.629638,50.327684],[19.628002,50.326858],[19.62755,50.326597],[19.627152,50.326325],[19.62665,50.325922],[19.625893,50.325152],[19.62552,50.324802],[19.624981,50.324414],[19.62398,50.323693],[19.621037,50.321638],[19.61923,50.320343],[19.615025,50.316935],[19.614854,50.316802],[19.614426,50.316459],[19.614026,50.316134],[19.613396,50.315627],[19.611055,50.313725],[19.610944,50.313637],[19.607218,50.31062],[19.606609,50.310126],[19.606258,50.309828],[19.606098,50.309693],[19.60586,50.309462],[19.605579,50.309121],[19.605468,50.308968],[19.605334,50.308735],[19.605317,50.308709],[19.60526,50.308656],[19.605246,50.308642],[19.605181,50.308548],[19.605123,50.308453],[19.605087,50.308415],[19.605032,50.30838]]},"properties":{"name":"783"}},{"type":"Feature","geometry":{"type":"LineString","coordinates":[[19.59287,50.204831],[19.593221,50.204904],[19.593594,50.205],[19.593868,50.205095],[19.59416,50.205195],[19.594513,50.205308],[19.594821,50.205406],[19.594875,50.205424],[19.595481,50.205625],[19.595865,50.205719],[19.596487,50.205883],[19.597234,50.206164],[19.597616,50.206306],[19.597782,50.206364],[19.598088,50.206422],[19.598385,50.20644],[19.599066,50.206464],[19.599326,50.206473],[19.599518,50.206479],[19.599877,50.206501],[19.600627,50.206532],[19.600783,50.206539],[19.601108,50.206553],[19.601459,50.206568],[19.601881,50.206587],[19.602521,50.206619],[19.60276,50.20665],[19.602903,50.206676]]},"properties":{"name":"Chrzanowska"}},{"type":"Feature","geometry":{"type":"LineString","coordinates":[[19.602903,50.206676],[19.603029,50.206693],[19.603175,50.206723],[19.603691,50.20691],[19.603952,50.207015],[19.604222,50.207132],[19.604505,50.207361],[19.604678,50.207491],[19.604968,50.207599],[19.605674,50.207798],[19.605985,50.207886],[19.606054,50.207906],[19.606361,50.207985],[19.60658,50.208021],[19.606761,50.208051],[19.607386,50.208104],[19.608181,50.208172],[19.608794,50.208224],[19.609795,50.208334],[19.610133,50.208398],[19.610627,50.208579],[19.610843,50.208643],[19.610944,50.20867],[19.611076,50.208695],[19.61119,50.20871],[19.611273,50.208714],[19.61139,50.208706],[19.611514,50.208685],[19.611707,50.208641],[19.611883,50.208598],[19.612089,50.208536],[19.612119,50.208528],[19.612461,50.20843],[19.612811,50.208326],[19.612933,50.208292],[19.613179,50.208217],[19.613553,50.208113],[19.613788,50.208069],[19.61401,50.208043],[19.615526,50.207915],[19.617383,50.207729],[19.61806,50.207654],[19.618215,50.207637],[19.621304,50.207176],[19.621595,50.207137],[19.621712,50.207121],[19.623461,50.206924],[19.624266,50.206803],[19.624687,50.206739],[19.625133,50.206668],[19.625497,50.206612],[19.626114,50.206524],[19.627875,50.206315],[19.628136,50.206274],[19.628292,50.206268],[19.62879,50.206291],[19.628907,50.206293],[19.629311,50.206294],[19.632373,50.206148],[19.633487,50.206058],[19.633887,50.206014],[19.634265,50.205971],[19.634651,50.205928],[19.634992,50.205903],[19.635411,50.205854],[19.63574,50.205773],[19.635798,50.205756]]},"properties":{"name":"Krakowska"}},{"type":"Feature","geometry":{"type":"LineString","coordinates":[[19.574001,50.26092],[19.573918,50.261041],[19.573903,50.261064],[19.573875,50.261097],[19.57384,50.261127],[19.573777,50.261181],[19.573723,50.26123],[19.57369,50.261286],[19.573678,50.261336],[19.573713,50.261989],[19.573716,50.26206],[19.573715,50.262189],[19.573697,50.262245],[19.573656,50.262346],[19.573597,50.262497],[19.573512,50.262698],[19.573451,50.262843],[19.573267,50.263274],[19.573216,50.26338],[19.573186,50.263522],[19.573188,50.263667],[19.573233,50.264052],[19.573261,50.264469],[19.573266,50.264535],[19.573272,50.264616],[19.573273,50.264636],[19.573276,50.264698],[19.573284,50.264789],[19.573298,50.265031],[19.573314,50.265216],[19.573359,50.265772]]},"properties":{"name":"Sosnowa"}},{"type":"Feature","geometry":{"type":"LineString","coordinates":[[19.579525,50.26978],[19.579557,50.269735],[19.579665,50.269534],[19.579676,50.269515],[19.579957,50.26902],[19.580218,50.268562],[19.580397,50.268248],[19.580455,50.268145],[19.580517,50.268061],[19.580655,50.267951]]},"properties":{"name":"Osiecka"}},{"type":"Feature","geometry":{"type":"LineString","coordinates":[[19.585581,50.26511],[19.586003,50.2649]]},"properties":{"name":"Osiecka"}},{"type":"Feature","geometry":{"type":"LineString","coordinates":[[19.593789,50.260157],[19.591327,50.261553],[19.589743,50.262625],[19.588734,50.263295],[19.588304,50.26357],[19.588134,50.263678],[19.586923,50.264365],[19.586243,50.264748],[19.586003,50.2649],[19.585655,50.265172]]},"properties":{"name":"Osiecka"}},{"type":"Feature","geometry":{"type":"LineString","coordinates":[[19.552334,50.27877],[19.552621,50.278734],[19.55341,50.278631],[19.553879,50.27857],[19.554056,50.278548],[19.555097,50.278416],[19.555285,50.278392],[19.555904,50.278312],[19.556716,50.278212],[19.556946,50.278181]]},"properties":{"name":"Jana Kantego"}},{"type":"Feature","geometry":{"type":"LineString","coordinates":[[19.552972,50.280249],[19.552769,50.27975],[19.55273,50.279663],[19.55249,50.27913],[19.552467,50.279054],[19.552379,50.278902],[19.552334,50.27877]]},"properties":{"name":"Budowlanych"}},{"type":"Feature","geometry":{"type":"LineString","coordinates":[[19.550751,50.280522],[19.550797,50.280547],[19.550963,50.280638],[19.551147,50.28072],[19.551418,50.280722],[19.552091,50.280727],[19.552209,50.280716],[19.552291,50.280679],[19.552366,50.280636],[19.552799,50.280291],[19.552879,50.280263],[19.552972,50.280249]]},"properties":{"name":"Kolorowa"}},{"type":"Feature","geometry":{"type":"LineString","coordinates":[[19.550751,50.280522],[19.550471,50.280735],[19.549418,50.281532],[19.54923,50.281688],[19.547758,50.282773],[19.54673,50.283533]]},"properties":{"name":"Powstańców Śląskich"}},{"type":"Feature","geometry":{"type":"LineString","coordinates":[[19.548142,50.284409],[19.547856,50.284259],[19.547384,50.284026],[19.547307,50.283977],[19.547216,50.283909]]},"properties":{"name":"Kruszcowa"}},{"type":"Feature","geometry":{"type":"LineString","coordinates":[[19.547211,50.283906],[19.54673,50.283533]]},"properties":{"name":"Kruszcowa"}},{"type":"Feature","geometry":{"type":"LineString","coordinates":[[19.537178,50.28756],[19.537179,50.287482],[19.537165,50.287235],[19.537131,50.286418],[19.537107,50.285501]]},"properties":{"name":"Wspólna"}},{"type":"Feature","geometry":{"type":"LineString","coordinates":[[19.58829,50.28293],[19.58748,50.28262],[19.58714,50.28254],[19.58561,50.2824],[19.58477,50.28226],[19.58398,50.2821],[19.58309,50.28186],[19.58185,50.28153],[19.581726,50.281503],[19.58111,50.28137],[19.57946,50.2811]]},"properties":{"name":"Nowowiejska"}},{"type":"Feature","geometry":{"type":"LineString","coordinates":[[19.578718,50.278552],[19.57868,50.27862],[19.57874,50.27886],[19.578868,50.279248],[19.578895,50.279332],[19.5792,50.28026],[19.57946,50.2811],[19.57974,50.281943]]},"properties":{"name":"Księdza Kardynała Stefana Wyszyńskiego"}},{"type":"Feature","geometry":{"type":"LineString","coordinates":[[19.578718,50.278552],[19.57884,50.27855],[19.578926,50.278541],[19.579,50.27852],[19.579095,50.278479],[19.579292,50.278334],[19.579393,50.278252],[19.579639,50.278051],[19.579862,50.277873],[19.580037,50.27774],[19.58085,50.27713],[19.582453,50.275902],[19.582516,50.275873],[19.582593,50.275852],[19.582661,50.275848],[19.58273,50.275856],[19.583025,50.276001],[19.583279,50.276127],[19.583384,50.276183],[19.58347,50.276248],[19.583538,50.276343],[19.583631,50.27652],[19.583703,50.276668],[19.58371,50.276682],[19.583772,50.276901],[19.583806,50.27708],[19.583812,50.277122],[19.583816,50.277162],[19.583874,50.277531],[19.583896,50.277623],[19.583951,50.27771],[19.583981,50.277751],[19.584354,50.278248],[19.584924,50.279093],[19.585264,50.279382],[19.585436,50.279529],[19.585453,50.279543],[19.585567,50.279639],[19.585687,50.279739]]},"properties":{"name":"Macieja Rataja"}},{"type":"Feature","geometry":{"type":"LineString","coordinates":[[19.579862,50.277873],[19.580038,50.277968],[19.580273,50.278094],[19.58079,50.27837],[19.5809,50.27848],[19.580921,50.278509],[19.581188,50.278875],[19.58131,50.2791],[19.581402,50.279386],[19.58158,50.27994]]},"properties":{"name":"Oskara Kolberga"}},{"type":"Feature","geometry":{"type":"LineString","coordinates":[[19.590848,50.276113],[19.590896,50.276172],[19.590922,50.276252],[19.590924,50.27635],[19.590891,50.276642],[19.590862,50.276899],[19.590798,50.277044],[19.590683,50.277176],[19.59066,50.277204],[19.59037,50.27737],[19.58987,50.277629],[19.589606,50.277756],[19.589423,50.277846],[19.588834,50.278137],[19.58832,50.27839],[19.58763,50.27872],[19.586462,50.279347],[19.585947,50.279608],[19.585687,50.279739]]},"properties":{"name":"Wincentego Witosa"}},{"type":"Feature","geometry":{"type":"LineString","coordinates":[[19.590848,50.276113],[19.59078,50.276086],[19.590237,50.275915],[19.589768,50.275767],[19.58758,50.275127],[19.585205,50.274456],[19.584413,50.274285],[19.584334,50.274273],[19.584078,50.274232],[19.583973,50.274217],[19.583926,50.274208],[19.583695,50.274172]]},"properties":{"name":"Pakuska"}},{"type":"Feature","geometry":{"type":"LineString","coordinates":[[19.584354,50.278248],[19.584041,50.278393],[19.583575,50.278704],[19.583404,50.278751],[19.582368,50.278797],[19.58219,50.2788],[19.581967,50.278702],[19.581894,50.278671],[19.581856,50.27867],[19.581788,50.278683],[19.581188,50.278875]]},"properties":{"name":"Piotra Ściegiennego"}},{"type":"Feature","geometry":{"type":"LineString","coordinates":[[19.57974,50.281943],[19.579811,50.282122]]},"properties":{"name":"Miła"}},{"type":"Feature","geometry":{"type":"LineString","coordinates":[[19.579811,50.282122],[19.579922,50.282445],[19.580106,50.28286],[19.580179,50.28303],[19.580447,50.283599],[19.581129,50.284809]]},"properties":{"name":"Księdza Prałata Henryka Januchty"}},{"type":"Feature","geometry":{"type":"LineString","coordinates":[[19.684174,50.258146],[19.683963,50.258161],[19.683876,50.258163],[19.683594,50.258171],[19.683057,50.258186],[19.682962,50.258188],[19.682418,50.258203],[19.682139,50.258248],[19.681336,50.25838],[19.680719,50.258481],[19.680492,50.258518],[19.680159,50.258572],[19.680013,50.258596],[19.679792,50.258632],[19.679285,50.258715],[19.678966,50.25876],[19.678665,50.258806],[19.678479,50.258834],[19.678376,50.258851],[19.678271,50.258869],[19.677723,50.258961],[19.677658,50.258971],[19.677045,50.259074],[19.676892,50.2591],[19.676793,50.259116],[19.67637,50.259187],[19.676029,50.259244],[19.675984,50.259251],[19.675929,50.259261],[19.675487,50.259335],[19.675335,50.25936],[19.675193,50.259384],[19.675019,50.259408],[19.674916,50.25943],[19.67456,50.25949],[19.674455,50.259508],[19.674239,50.259544],[19.67413,50.259563],[19.67384,50.259612],[19.673444,50.259679],[19.672806,50.259787],[19.672654,50.259813],[19.672581,50.259825],[19.672384,50.259858],[19.672195,50.25989],[19.672119,50.259903],[19.671567,50.259996],[19.671488,50.26001],[19.669283,50.260382],[19.668833,50.260474],[19.668682,50.260537],[19.668599,50.260649],[19.66858,50.260775],[19.668498,50.261417],[19.668235,50.263444],[19.667853,50.266238],[19.667392,50.269766],[19.667269,50.270981],[19.667275,50.271077]]},"properties":{"name":"Zadole Kosmolowskie"}},{"type":"Feature","geometry":{"type":"LineString","coordinates":[[19.667275,50.271077],[19.665349,50.271271],[19.66456,50.271352],[19.66373,50.271435],[19.663425,50.271466],[19.663271,50.271481],[19.662153,50.271594],[19.661855,50.271622],[19.661571,50.27164],[19.661384,50.271646],[19.661218,50.271648],[19.66057,50.271647]]},"properties":{"name":"773"}},{"type":"Feature","geometry":{"type":"LineString","coordinates":[[19.66057,50.271647],[19.657835,50.271644],[19.657614,50.271644],[19.657061,50.271648],[19.656953,50.271648],[19.656771,50.271647],[19.656189,50.271648],[19.655134,50.271648],[19.654659,50.271647],[19.654105,50.271647],[19.649933,50.271645],[19.649862,50.271645],[19.649597,50.271643],[19.649555,50.271643],[19.649355,50.271643],[19.649253,50.271643],[19.648923,50.271643],[19.648811,50.271643],[19.644679,50.271641],[19.644427,50.271645],[19.644278,50.271651],[19.643934,50.271677],[19.641338,50.271913],[19.641097,50.271935],[19.640826,50.271961],[19.640805,50.271963],[19.640545,50.271988],[19.639805,50.272058],[19.639558,50.272078],[19.639339,50.272079],[19.639219,50.272071],[19.639116,50.272059],[19.638973,50.272036],[19.638802,50.271996],[19.638106,50.271803],[19.637841,50.27173],[19.637542,50.271649],[19.637345,50.271601],[19.637156,50.271566],[19.636938,50.271537],[19.636756,50.271522],[19.636518,50.271509],[19.63558,50.27148],[19.635203,50.271466],[19.634548,50.271429],[19.632711,50.271306],[19.631061,50.271193],[19.629453,50.271083],[19.629083,50.271041],[19.628903,50.271007],[19.62874,50.270973],[19.628477,50.270902],[19.627316,50.270545],[19.627033,50.27046],[19.626221,50.270207],[19.625744,50.270058],[19.625452,50.269969],[19.625102,50.269863],[19.624861,50.269789],[19.624658,50.269715],[19.624438,50.269617],[19.624328,50.269559],[19.624213,50.269491],[19.624053,50.269388],[19.623961,50.269329],[19.623092,50.26877],[19.62285,50.268621],[19.622695,50.268536],[19.62254,50.268463],[19.622385,50.268403],[19.622213,50.268342],[19.622107,50.26831],[19.622035,50.268288],[19.621867,50.268245],[19.621629,50.2682],[19.621372,50.26816],[19.619352,50.26794],[19.618421,50.267839],[19.618214,50.267816],[19.61747,50.267734],[19.616812,50.267662],[19.615132,50.267478],[19.614755,50.267437],[19.614632,50.267424],[19.614525,50.267412],[19.614301,50.267387],[19.613126,50.267256]]},"properties":{"name":"Ojcowska"}},{"type":"Feature","geometry":{"type":"LineString","coordinates":[[19.612222,50.267206],[19.612354,50.267215],[19.612747,50.267243],[19.612974,50.267259],[19.613126,50.267256],[19.613043,50.267215],[19.612996,50.267186],[19.612961,50.267147],[19.612873,50.267006]]},"properties":{"name":"Ojcowska"}},{"type":"Feature","geometry":{"type":"LineString","coordinates":[[19.606871,50.268678],[19.606883,50.268557],[19.606905,50.268417],[19.606901,50.268387],[19.606894,50.268337],[19.606857,50.268265]]},"properties":{"name":"Orzechówka"}},{"type":"Feature","geometry":{"type":"LineString","coordinates":[[19.606905,50.268417],[19.606655,50.268736],[19.606025,50.269638],[19.605174,50.270828],[19.60425,50.272078],[19.603787,50.272705],[19.602424,50.274565]]},"properties":{"name":"Jaworowa"}},{"type":"Feature","geometry":{"type":"LineString","coordinates":[[19.606508,50.282829],[19.606031,50.282877],[19.604425,50.282674],[19.60415,50.282641],[19.603889,50.282624],[19.603647,50.282625],[19.60333,50.282667]]},"properties":{"name":"Olewin"}},{"type":"Feature","geometry":{"type":"LineString","coordinates":[[19.593803,50.270826],[19.593692,50.270671],[19.593441,50.270333],[19.59324,50.270128],[19.592931,50.269822],[19.592588,50.269555],[19.592271,50.269351],[19.591703,50.269074],[19.590723,50.268583],[19.590145,50.268275],[19.588959,50.267643],[19.588873,50.267597],[19.587661,50.266788],[19.586723,50.266092],[19.585899,50.265382],[19.585655,50.265172],[19.585581,50.26511],[19.585535,50.26507],[19.585474,50.265017],[19.584896,50.264519],[19.584838,50.264469],[19.584443,50.264128],[19.584272,50.263999],[19.584014,50.263803],[19.583639,50.263561],[19.583428,50.263432],[19.582848,50.263116],[19.582154,50.262813],[19.581599,50.26261],[19.581125,50.26247],[19.580575,50.262336],[19.579803,50.262186],[19.579059,50.262062],[19.578511,50.261964],[19.578175,50.26191],[19.578053,50.261889],[19.577955,50.261872],[19.577399,50.261773],[19.576599,50.261626],[19.575999,50.261497]]},"properties":{"name":"Jerzego Stamirowskiego"}},{"type":"Feature","geometry":{"type":"LineString","coordinates":[[19.608121,50.24402],[19.607881,50.243985],[19.607602,50.243943],[19.607292,50.24391],[19.607103,50.243893],[19.607096,50.243893],[19.607034,50.243889],[19.606421,50.243851],[19.605831,50.243833],[19.604174,50.243757],[19.600276,50.243564],[19.600065,50.243564],[19.600023,50.243569],[19.599987,50.243578]]},"properties":{"name":"Zimnodolska"}},{"type":"Feature","geometry":{"type":"LineString","coordinates":[[19.541385,50.254488],[19.541876,50.25446],[19.542868,50.254398],[19.543116,50.254378],[19.543966,50.254301],[19.545444,50.254192],[19.546845,50.254099],[19.548727,50.253965],[19.550881,50.253802],[19.551529,50.253748],[19.551827,50.253707],[19.552239,50.253619],[19.553077,50.253405],[19.553879,50.253167],[19.554591,50.252918],[19.555287,50.25275],[19.555874,50.252584],[19.557201,50.252188],[19.56048,50.251232],[19.561156,50.251035],[19.561205,50.25102]]},"properties":{"name":"Słoneczna"}},{"type":"Feature","geometry":{"type":"LineString","coordinates":[[19.545062,50.26554],[19.545388,50.265482],[19.546218,50.265435],[19.547046,50.265392],[19.547907,50.265349]]},"properties":{"name":"Kamyk"}},{"type":"Feature","geometry":{"type":"LineString","coordinates":[[19.547907,50.265349],[19.548658,50.266089],[19.549249,50.266684],[19.550024,50.26743],[19.550932,50.268308],[19.551473,50.268846],[19.551686,50.269051],[19.55216,50.26951],[19.553481,50.270747],[19.554274,50.271431],[19.554768,50.271814],[19.554872,50.27191],[19.555002,50.272083],[19.555106,50.272253],[19.555128,50.272295]]},"properties":{"name":"Czarnogórska"}}]}